<?xml version="1.0"?>
<EATimeSeriesDataExchangeFormat xmlns="http://www.environment-agency.gov.uk/XMLSchemas/EATimeSeriesDataExchangeFormat" 
	xmlns:md="http://www.environment-agency.gov.uk/XMLSchemas/EAMetadataFormat"
	xmlns:xsi="http://www.w3.org/2001/XMLSchema-instance" 
  	xsi:schemaLocation="http://www.environment-agency.gov.uk/XMLSchemas/EATimeSeriesDataExchangeFormat EATimeSeriesDataExchangeFormat.xsd">
	<md:Publisher>Environment Agency</md:Publisher>
	<md:Source>Anglian Telemetry</md:Source>
	<md:Description>Class A Data</md:Description>
	<md:Creator>X-TEL 2.2</md:Creator>
 	<md:Date>2016-02-09</md:Date>
 	<md:Time>13:40:00</md:Time>
 	<md:Identifier>Anglian Interface Server</md:Identifier><Station
		stationReference="E72224"
		stationName="Newlyn"
		region="Anglian"
                latitude="50.103"
                longitude="-5.543">
 		<SetofValues
			parameter="Water Level"
			qualifier="Tidal Level"
			dataType="Mean"
			period="15 min"
			pointReference="E72224"
			characteristic="Measured"
			units="m"
			startDate="2016-02-09" 
			startTime="13:30:00" 
			endDate="2016-02-09" 
			endTime="13:30:00"
			productRef="S"><Value date="2016-02-09" time="13:30:00" >1.849</Value></SetofValues>
	</Station><Station
		stationReference="E74024"
		stationName="Millport"
		region="Anglian"
                latitude="55.74981"
                longitude="-4.90633">
 		<SetofValues
			parameter="Water Level"
			qualifier="Tidal Level"
			dataType="Mean"
			period="15 min"
			pointReference="E74024"
			characteristic="Measured"
			units="m"
			startDate="2016-02-09" 
			startTime="13:30:00" 
			endDate="2016-02-09" 
			endTime="13:30:00"
			productRef="W"><Value date="2016-02-09" time="13:30:00" >3.702</Value></SetofValues>
	</Station><Station
		stationReference="E72639"
		stationName="Avonmouth Portbury"
		region="Anglian"
                latitude="51.5"
                longitude="-2.72847">
 		<SetofValues
			parameter="Water Level"
			qualifier="Tidal Level"
			dataType="Mean"
			period="15 min"
			pointReference="E72639"
			characteristic="Measured"
			units="mAOD"
			startDate="2016-02-09" 
			startTime="13:30:00" 
			endDate="2016-02-09" 
			endTime="13:30:00"
			productRef="S"><Value date="2016-02-09" time="13:30:00" >-4.237</Value></SetofValues>
	</Station><Station
		stationReference="E73739"
		stationName="Portpatrick"
		region="Anglian"
                latitude="54.84256"
                longitude="-5.12003">
 		<SetofValues
			parameter="Water Level"
			qualifier="Tidal Level"
			dataType="Mean"
			period="15 min"
			pointReference="E73739"
			characteristic="Measured"
			units="mAOD"
			startDate="2016-02-09" 
			startTime="13:30:00" 
			endDate="2016-02-09" 
			endTime="13:30:00"
			productRef="W"><Value date="2016-02-09" time="13:30:00" >1.971</Value></SetofValues>
	</Station><Station
		stationReference="E72439"
		stationName="Ilfracombe"
		region="Anglian"
                latitude="51.21114"
                longitude="-4.11239">
 		<SetofValues
			parameter="Water Level"
			qualifier="Tidal Level"
			dataType="Mean"
			period="15 min"
			pointReference="E72439"
			characteristic="Measured"
			units="mAOD"
			startDate="2016-02-09" 
			startTime="13:30:00" 
			endDate="2016-02-09" 
			endTime="13:30:00"
			productRef="S"><Value date="2016-02-09" time="13:30:00" >-3.622</Value></SetofValues>
	</Station><Station
		stationReference="E70624"
		stationName="Wick"
		region="Anglian"
                latitude="58.44097"
                longitude="-3.08631">
 		<SetofValues
			parameter="Water Level"
			qualifier="Tidal Level"
			dataType="Mean"
			period="15 min"
			pointReference="E70624"
			characteristic="Measured"
			units="m"
			startDate="2016-02-09" 
			startTime="13:30:00" 
			endDate="2016-02-09" 
			endTime="13:30:00"
			productRef="E"><Value date="2016-02-09" time="13:30:00" >3.253</Value></SetofValues>
	</Station><Station
		stationReference="E72824"
		stationName="Newport"
		region="Anglian"
                latitude="51.55"
                longitude="-2.98744">
 		<SetofValues
			parameter="Water Level"
			qualifier="Tidal Level"
			dataType="Mean"
			period="15 min"
			pointReference="E72824"
			characteristic="Measured"
			units="m"
			startDate="2016-02-09" 
			startTime="13:30:00" 
			endDate="2016-02-09" 
			endTime="13:30:00"
			productRef="W"><Value date="2016-02-09" time="13:30:00" >1.596</Value></SetofValues>
	</Station><Station
		stationReference="E73439"
		stationName="Heysham"
		region="Anglian"
                latitude="54.03183"
                longitude="-2.92025">
 		<SetofValues
			parameter="Water Level"
			qualifier="Tidal Level"
			dataType="Mean"
			period="15 min"
			pointReference="E73439"
			characteristic="Measured"
			units="mAOD"
			startDate="2016-02-09" 
			startTime="13:30:00" 
			endDate="2016-02-09" 
			endTime="13:30:00"
			productRef="W"><Value date="2016-02-09" time="13:30:00" >3.250</Value></SetofValues>
	</Station><Station
		stationReference="E70124"
		stationName="Liverpool"
		region="Anglian"
                latitude="53.44969"
                longitude="-3.018">
 		<SetofValues
			parameter="Water Level"
			qualifier="Tidal Level"
			dataType="Mean"
			period="15 min"
			pointReference="E70124"
			characteristic="Measured"
			units="m"
			startDate="2016-02-09" 
			startTime="13:30:00" 
			endDate="2016-02-09" 
			endTime="13:30:00"
			productRef="W"><Value date="2016-02-09" time="13:30:00" >7.920</Value></SetofValues>
	</Station><Station
		stationReference="E70524"
		stationName="Holyhead"
		region="Anglian"
                latitude="53.31394"
                longitude="-4.62044">
 		<SetofValues
			parameter="Water Level"
			qualifier="Tidal Level"
			dataType="Mean"
			period="15 min"
			pointReference="E70524"
			characteristic="Measured"
			units="m"
			startDate="2016-02-09" 
			startTime="13:30:00" 
			endDate="2016-02-09" 
			endTime="13:30:00"
			productRef="W"><Value date="2016-02-09" time="13:30:00" >3.784</Value></SetofValues>
	</Station><Station
		stationReference="E72839"
		stationName="Newport"
		region="Anglian"
                latitude="51.55"
                longitude="-2.98744">
 		<SetofValues
			parameter="Water Level"
			qualifier="Tidal Level"
			dataType="Mean"
			period="15 min"
			pointReference="E72839"
			characteristic="Measured"
			units="mAOD"
			startDate="2016-02-09" 
			startTime="13:30:00" 
			endDate="2016-02-09" 
			endTime="13:30:00"
			productRef="W"><Value date="2016-02-09" time="13:30:00" >-4.214</Value></SetofValues>
	</Station><Station
		stationReference="E74424"
		stationName="Lerwick"
		region="Anglian"
                latitude="60.15403"
                longitude="-1.14031">
 		<SetofValues
			parameter="Water Level"
			qualifier="Tidal Level"
			dataType="Mean"
			period="15 min"
			pointReference="E74424"
			characteristic="Measured"
			units="m"
			startDate="2016-02-09" 
			startTime="13:30:00" 
			endDate="2016-02-09" 
			endTime="13:30:00"
			productRef="NW"><Value date="2016-02-09" time="13:30:00" >2.003</Value></SetofValues>
	</Station><Station
		stationReference="E70939"
		stationName="North Shields"
		region="Anglian"
                latitude="55.00744"
                longitude="-1.43978">
 		<SetofValues
			parameter="Water Level"
			qualifier="Tidal Level"
			dataType="Mean"
			period="15 min"
			pointReference="E70939"
			characteristic="Measured"
			units="mAOD"
			startDate="2016-02-09" 
			startTime="13:30:00" 
			endDate="2016-02-09" 
			endTime="13:30:00"
			productRef="E"><Value date="2016-02-09" time="13:30:00" >1.487</Value></SetofValues>
	</Station><Station
		stationReference="E73924"
		stationName="Portrush"
		region="Anglian"
                latitude="55.20678"
                longitude="-6.65683">
 		<SetofValues
			parameter="Water Level"
			qualifier="Tidal Level"
			dataType="Mean"
			period="15 min"
			pointReference="E73924"
			characteristic="Measured"
			units="m"
			startDate="2016-02-09" 
			startTime="13:30:00" 
			endDate="2016-02-09" 
			endTime="13:30:00"
			productRef="NW"><Value date="2016-02-09" time="13:30:00" >0.588</Value></SetofValues>
	</Station><Station
		stationReference="E73939"
		stationName="Portrush"
		region="Anglian"
                latitude="55.20678"
                longitude="-6.65683">
 		<SetofValues
			parameter="Water Level"
			qualifier="Tidal Level"
			dataType="Mean"
			period="15 min"
			pointReference="E73939"
			characteristic="Measured"
			units="mAOD"
			startDate="2016-02-09" 
			startTime="13:30:00" 
			endDate="2016-02-09" 
			endTime="13:30:00"
			productRef="NW"><Value date="2016-02-09" time="13:30:00" >-0.652</Value></SetofValues>
	</Station><Station
		stationReference="E73824"
		stationName="Bangor"
		region="Anglian"
                latitude="54.66475"
                longitude="-5.66947">
 		<SetofValues
			parameter="Water Level"
			qualifier="Tidal Level"
			dataType="Mean"
			period="15 min"
			pointReference="E73824"
			characteristic="Measured"
			units="m"
			startDate="2016-02-09" 
			startTime="13:30:00" 
			endDate="2016-02-09" 
			endTime="13:30:00"
			productRef="NW"><Value date="2016-02-09" time="13:30:00" >3.082</Value></SetofValues>
	</Station><Station
		stationReference="E73839"
		stationName="Bangor"
		region="Anglian"
                latitude="54.66475"
                longitude="-5.66947">
 		<SetofValues
			parameter="Water Level"
			qualifier="Tidal Level"
			dataType="Mean"
			period="15 min"
			pointReference="E73839"
			characteristic="Measured"
			units="mAOD"
			startDate="2016-02-09" 
			startTime="13:30:00" 
			endDate="2016-02-09" 
			endTime="13:30:00"
			productRef="NW"><Value date="2016-02-09" time="13:30:00" >1.072</Value></SetofValues>
	</Station><Station
		stationReference="E71924"
		stationName="Bournemouth"
		region="Anglian"
                latitude="50.71433"
                longitude="-1.87486">
 		<SetofValues
			parameter="Water Level"
			qualifier="Tidal Level"
			dataType="Mean"
			period="15 min"
			pointReference="E71924"
			characteristic="Measured"
			units="m"
			startDate="2016-02-09" 
			startTime="13:30:00" 
			endDate="2016-02-09" 
			endTime="13:30:00"
			productRef="S"><Value date="2016-02-09" time="13:30:00" >2.100</Value></SetofValues>
	</Station><Station
		stationReference="E71939"
		stationName="Bournemouth"
		region="Anglian"
                latitude="50.71433"
                longitude="-1.87486">
 		<SetofValues
			parameter="Water Level"
			qualifier="Tidal Level"
			dataType="Mean"
			period="15 min"
			pointReference="E71939"
			characteristic="Measured"
			units="mAOD"
			startDate="2016-02-09" 
			startTime="13:30:00" 
			endDate="2016-02-09" 
			endTime="13:30:00"
			productRef="S"><Value date="2016-02-09" time="13:30:00" >0.700</Value></SetofValues>
	</Station><Station
		stationReference="E72424"
		stationName="Ilfracombe"
		region="Anglian"
                latitude="51.21114"
                longitude="-4.11239">
 		<SetofValues
			parameter="Water Level"
			qualifier="Tidal Level"
			dataType="Mean"
			period="15 min"
			pointReference="E72424"
			characteristic="Measured"
			units="m"
			startDate="2016-02-09" 
			startTime="13:30:00" 
			endDate="2016-02-09" 
			endTime="13:30:00"
			productRef="S"><Value date="2016-02-09" time="13:30:00" >1.178</Value></SetofValues>
	</Station><Station
		stationReference="E70224"
		stationName="Jersey"
		region="Anglian"
                latitude="49.18333"
                longitude="-2.11667">
 		<SetofValues
			parameter="Water Level"
			qualifier="Tidal Level"
			dataType="Mean"
			period="15 min"
			pointReference="E70224"
			characteristic="Measured"
			units="m"
			startDate="2016-02-09" 
			startTime="13:30:00" 
			endDate="2016-02-09" 
			endTime="13:30:00"
			productRef="S"><Value date="2016-02-09" time="13:30:00" >1.335</Value></SetofValues>
	</Station><Station
		stationReference="E70239"
		stationName="Jersey"
		region="Anglian"
                latitude="49.18333"
                longitude="-2.11667">
 		<SetofValues
			parameter="Water Level"
			qualifier="Tidal Level"
			dataType="Mean"
			period="15 min"
			pointReference="E70239"
			characteristic="Measured"
			units="mAOD"
			startDate="2016-02-09" 
			startTime="13:30:00" 
			endDate="2016-02-09" 
			endTime="13:30:00"
			productRef="S"><Value date="2016-02-09" time="13:30:00" >-4.545</Value></SetofValues>
	</Station><Station
		stationReference="E70324"
		stationName="Kinlochbervie"
		region="Anglian"
                latitude="58.45661"
                longitude="-5.05008">
 		<SetofValues
			parameter="Water Level"
			qualifier="Tidal Level"
			dataType="Mean"
			period="15 min"
			pointReference="E70324"
			characteristic="Measured"
			units="m"
			startDate="2016-02-09" 
			startTime="13:30:00" 
			endDate="2016-02-09" 
			endTime="13:30:00"
			productRef="E"><Value date="2016-02-09" time="13:30:00" >0.720</Value></SetofValues>
	</Station><Station
		stationReference="E70339"
		stationName="Kinlochbervie"
		region="Anglian"
                latitude="58.45661"
                longitude="-5.05008">
 		<SetofValues
			parameter="Water Level"
			qualifier="Tidal Level"
			dataType="Mean"
			period="15 min"
			pointReference="E70339"
			characteristic="Measured"
			units="mAOD"
			startDate="2016-02-09" 
			startTime="13:30:00" 
			endDate="2016-02-09" 
			endTime="13:30:00"
			productRef="E"><Value date="2016-02-09" time="13:30:00" >-1.780</Value></SetofValues>
	</Station><Station
		stationReference="E70824"
		stationName="Leith"
		region="Anglian"
                latitude="55.98983"
                longitude="-3.18169">
 		<SetofValues
			parameter="Water Level"
			qualifier="Tidal Level"
			dataType="Mean"
			period="15 min"
			pointReference="E70824"
			characteristic="Measured"
			units="m"
			startDate="2016-02-09" 
			startTime="13:30:00" 
			endDate="2016-02-09" 
			endTime="13:30:00"
			productRef="E"><Value date="2016-02-09" time="13:30:00" >5.621</Value></SetofValues>
	</Station><Station
		stationReference="E70839"
		stationName="Leith"
		region="Anglian"
                latitude="55.98983"
                longitude="-3.18169">
 		<SetofValues
			parameter="Water Level"
			qualifier="Tidal Level"
			dataType="Mean"
			period="15 min"
			pointReference="E70839"
			characteristic="Measured"
			units="mAOD"
			startDate="2016-02-09" 
			startTime="13:30:00" 
			endDate="2016-02-09" 
			endTime="13:30:00"
			productRef="E"><Value date="2016-02-09" time="13:30:00" >2.721</Value></SetofValues>
	</Station><Station
		stationReference="E74324"
		stationName="Stornoway"
		region="Anglian"
                latitude="58.20781"
                longitude="-6.38897">
 		<SetofValues
			parameter="Water Level"
			qualifier="Tidal Level"
			dataType="Mean"
			period="15 min"
			pointReference="E74324"
			characteristic="Measured"
			units="m"
			startDate="2016-02-09" 
			startTime="13:30:00" 
			endDate="2016-02-09" 
			endTime="13:30:00"
			productRef="E"><Value date="2016-02-09" time="13:30:00" >0.773</Value></SetofValues>
	</Station><Station
		stationReference="E74339"
		stationName="Stornoway"
		region="Anglian"
                latitude="58.20781"
                longitude="-6.38897">
 		<SetofValues
			parameter="Water Level"
			qualifier="Tidal Level"
			dataType="Mean"
			period="15 min"
			pointReference="E74339"
			characteristic="Measured"
			units="mAOD"
			startDate="2016-02-09" 
			startTime="13:30:00" 
			endDate="2016-02-09" 
			endTime="13:30:00"
			productRef="E"><Value date="2016-02-09" time="13:30:00" >-1.937</Value></SetofValues>
	</Station><Station
		stationReference="E70424"
		stationName="Ullapool"
		region="Anglian"
                latitude="57.89525"
                longitude="-5.15789">
 		<SetofValues
			parameter="Water Level"
			qualifier="Tidal Level"
			dataType="Mean"
			period="15 min"
			pointReference="E70424"
			characteristic="Measured"
			units="m"
			startDate="2016-02-09" 
			startTime="13:30:00" 
			endDate="2016-02-09" 
			endTime="13:30:00"
			productRef="NW"><Value date="2016-02-09" time="13:30:00" >0.755</Value></SetofValues>
	</Station><Station
		stationReference="E70439"
		stationName="Ullapool"
		region="Anglian"
                latitude="57.89525"
                longitude="-5.15789">
 		<SetofValues
			parameter="Water Level"
			qualifier="Tidal Level"
			dataType="Mean"
			period="15 min"
			pointReference="E70439"
			characteristic="Measured"
			units="mAOD"
			startDate="2016-02-09" 
			startTime="13:30:00" 
			endDate="2016-02-09" 
			endTime="13:30:00"
			productRef="NW"><Value date="2016-02-09" time="13:30:00" >-1.995</Value></SetofValues>
	</Station><Station
		stationReference="E72024"
		stationName="Weymouth"
		region="Anglian"
                latitude="50.6085"
                longitude="-2.44794">
 		<SetofValues
			parameter="Water Level"
			qualifier="Tidal Level"
			dataType="Mean"
			period="15 min"
			pointReference="E72024"
			characteristic="Measured"
			units="m"
			startDate="2016-02-09" 
			startTime="13:30:00" 
			endDate="2016-02-09" 
			endTime="13:30:00"
			productRef="S"><Value date="2016-02-09" time="13:30:00" >0.712</Value></SetofValues>
	</Station><Station
		stationReference="E72039"
		stationName="Weymouth"
		region="Anglian"
                latitude="50.6085"
                longitude="-2.44794">
 		<SetofValues
			parameter="Water Level"
			qualifier="Tidal Level"
			dataType="Mean"
			period="15 min"
			pointReference="E72039"
			characteristic="Measured"
			units="mAOD"
			startDate="2016-02-09" 
			startTime="13:30:00" 
			endDate="2016-02-09" 
			endTime="13:30:00"
			productRef="S"><Value date="2016-02-09" time="13:30:00" >-0.218</Value></SetofValues>
	</Station><Station
		stationReference="E73624"
		stationName="Workington"
		region="Anglian"
                latitude="54.65072"
                longitude="-3.56717">
 		<SetofValues
			parameter="Water Level"
			qualifier="Tidal Level"
			dataType="Mean"
			period="15 min"
			pointReference="E73624"
			characteristic="Measured"
			units="m"
			startDate="2016-02-09" 
			startTime="13:30:00" 
			endDate="2016-02-09" 
			endTime="13:30:00"
			productRef="W"><Value date="2016-02-09" time="13:30:00" >7.541</Value></SetofValues>
	</Station><Station
		stationReference="E73639"
		stationName="Workington"
		region="Anglian"
                latitude="54.65072"
                longitude="-3.56717">
 		<SetofValues
			parameter="Water Level"
			qualifier="Tidal Level"
			dataType="Mean"
			period="15 min"
			pointReference="E73639"
			characteristic="Measured"
			units="mAOD"
			startDate="2016-02-09" 
			startTime="13:30:00" 
			endDate="2016-02-09" 
			endTime="13:30:00"
			productRef="W"><Value date="2016-02-09" time="13:30:00" >3.341</Value></SetofValues>
	</Station><Station
		stationReference="E73524"
		stationName="Port Erin"
		region="Anglian"
                latitude="54.08539"
                longitude="-4.76806">
 		<SetofValues
			parameter="Water Level"
			qualifier="Tidal Level"
			dataType="Mean"
			period="15 min"
			pointReference="E73524"
			characteristic="Measured"
			units="m"
			startDate="2016-02-09" 
			startTime="13:30:00" 
			endDate="2016-02-09" 
			endTime="13:30:00"
			productRef="NW"><Value date="2016-02-09" time="13:30:00" >4.714</Value></SetofValues>
	</Station><Station
		stationReference="E73539"
		stationName="Port Erin"
		region="Anglian"
                latitude="54.08539"
                longitude="-4.76806">
 		<SetofValues
			parameter="Water Level"
			qualifier="Tidal Level"
			dataType="Mean"
			period="15 min"
			pointReference="E73539"
			characteristic="Measured"
			units="mAOD"
			startDate="2016-02-09" 
			startTime="13:30:00" 
			endDate="2016-02-09" 
			endTime="13:30:00"
			productRef="NW"><Value date="2016-02-09" time="13:30:00" >1.964</Value></SetofValues>
	</Station><Station
		stationReference="E72124"
		stationName="Plymouth"
		region="Anglian"
                latitude="50.36839"
                longitude="-4.18525">
 		<SetofValues
			parameter="Water Level"
			qualifier="Tidal Level"
			dataType="Mean"
			period="15 min"
			pointReference="E72124"
			characteristic="Measured"
			units="m"
			startDate="2016-02-09" 
			startTime="13:30:00" 
			endDate="2016-02-09" 
			endTime="13:30:00"
			productRef="S"><Value date="2016-02-09" time="13:30:00" >1.350</Value></SetofValues>
	</Station><Station
		stationReference="E72139"
		stationName="Plymouth"
		region="Anglian"
                latitude="50.36839"
                longitude="-4.18525">
 		<SetofValues
			parameter="Water Level"
			qualifier="Tidal Level"
			dataType="Mean"
			period="15 min"
			pointReference="E72139"
			characteristic="Measured"
			units="mAOD"
			startDate="2016-02-09" 
			startTime="13:30:00" 
			endDate="2016-02-09" 
			endTime="13:30:00"
			productRef="S"><Value date="2016-02-09" time="13:30:00" >-1.870</Value></SetofValues>
	</Station><Station
		stationReference="E72239"
		stationName="Newlyn"
		region="Anglian"
                latitude="50.103"
                longitude="-5.543">
 		<SetofValues
			parameter="Water Level"
			qualifier="Tidal Level"
			dataType="Mean"
			period="15 min"
			pointReference="E72239"
			characteristic="Measured"
			units="mAOD"
			startDate="2016-02-09" 
			startTime="13:30:00" 
			endDate="2016-02-09" 
			endTime="13:30:00"
			productRef="S"><Value date="2016-02-09" time="13:30:00" >-1.201</Value></SetofValues>
	</Station><Station
		stationReference="E72524"
		stationName="Hinkley Point"
		region="Anglian"
                latitude="51.211"
                longitude="-3.131">
 		<SetofValues
			parameter="Water Level"
			qualifier="Tidal Level"
			dataType="Mean"
			period="15 min"
			pointReference="E72524"
			characteristic="Measured"
			units="m"
			startDate="2016-02-09" 
			startTime="12:30:00" 
			endDate="2016-02-09" 
			endTime="13:30:00"
			productRef="S"><Value date="2016-02-09" time="12:30:00" >1.809</Value><Value date="2016-02-09" time="12:45:00" >1.484</Value><Value date="2016-02-09" time="13:00:00" >1.214</Value><Value date="2016-02-09" time="13:15:00" >0.986</Value><Value date="2016-02-09" time="13:30:00" >0.853</Value></SetofValues>
	</Station><Station
		stationReference="E72539"
		stationName="Hinkley Point"
		region="Anglian"
                latitude="51.211"
                longitude="-3.131">
 		<SetofValues
			parameter="Water Level"
			qualifier="Tidal Level"
			dataType="Mean"
			period="15 min"
			pointReference="E72539"
			characteristic="Measured"
			units="mAOD"
			startDate="2016-02-09" 
			startTime="12:30:00" 
			endDate="2016-02-09" 
			endTime="13:30:00"
			productRef="S"><Value date="2016-02-09" time="12:30:00" >-4.091</Value><Value date="2016-02-09" time="12:45:00" >-4.416</Value><Value date="2016-02-09" time="13:00:00" >-4.686</Value><Value date="2016-02-09" time="13:15:00" >-4.914</Value><Value date="2016-02-09" time="13:30:00" >-5.047</Value></SetofValues>
	</Station><Station
		stationReference="E73024"
		stationName="Milford Haven"
		region="Anglian"
                latitude="51.70739"
                longitude="-5.05153">
 		<SetofValues
			parameter="Water Level"
			qualifier="Tidal Level"
			dataType="Mean"
			period="15 min"
			pointReference="E73024"
			characteristic="Measured"
			units="m"
			startDate="2016-02-09" 
			startTime="13:30:00" 
			endDate="2016-02-09" 
			endTime="13:30:00"
			productRef="W"><Value date="2016-02-09" time="13:30:00" >0.828</Value></SetofValues>
	</Station><Station
		stationReference="E73039"
		stationName="Milford Haven"
		region="Anglian"
                latitude="51.70739"
                longitude="-5.05153">
 		<SetofValues
			parameter="Water Level"
			qualifier="Tidal Level"
			dataType="Mean"
			period="15 min"
			pointReference="E73039"
			characteristic="Measured"
			units="mAOD"
			startDate="2016-02-09" 
			startTime="13:30:00" 
			endDate="2016-02-09" 
			endTime="13:30:00"
			productRef="W"><Value date="2016-02-09" time="13:30:00" >-2.882</Value></SetofValues>
	</Station><Station
		stationReference="E73124"
		stationName="Fishguard"
		region="Anglian"
                latitude="52.01322"
                longitude="-4.98375">
 		<SetofValues
			parameter="Water Level"
			qualifier="Tidal Level"
			dataType="Mean"
			period="15 min"
			pointReference="E73124"
			characteristic="Measured"
			units="m"
			startDate="2016-02-09" 
			startTime="13:30:00" 
			endDate="2016-02-09" 
			endTime="13:30:00"
			productRef="W"><Value date="2016-02-09" time="13:30:00" >1.044</Value></SetofValues>
	</Station><Station
		stationReference="E73139"
		stationName="Fishguard"
		region="Anglian"
                latitude="52.01322"
                longitude="-4.98375">
 		<SetofValues
			parameter="Water Level"
			qualifier="Tidal Level"
			dataType="Mean"
			period="15 min"
			pointReference="E73139"
			characteristic="Measured"
			units="mAOD"
			startDate="2016-02-09" 
			startTime="13:30:00" 
			endDate="2016-02-09" 
			endTime="13:30:00"
			productRef="W"><Value date="2016-02-09" time="13:30:00" >-1.396</Value></SetofValues>
	</Station><Station
		stationReference="E73224"
		stationName="Barmouth"
		region="Anglian"
                latitude="52.71933"
                longitude="-4.04503">
 		<SetofValues
			parameter="Water Level"
			qualifier="Tidal Level"
			dataType="Mean"
			period="15 min"
			pointReference="E73224"
			characteristic="Measured"
			units="m"
			startDate="2016-02-09" 
			startTime="13:30:00" 
			endDate="2016-02-09" 
			endTime="13:30:00"
			productRef="W"><Value date="2016-02-09" time="13:30:00" >1.806</Value></SetofValues>
	</Station><Station
		stationReference="E73239"
		stationName="Barmouth"
		region="Anglian"
                latitude="52.71933"
                longitude="-4.04503">
 		<SetofValues
			parameter="Water Level"
			qualifier="Tidal Level"
			dataType="Mean"
			period="15 min"
			pointReference="E73239"
			characteristic="Measured"
			units="mAOD"
			startDate="2016-02-09" 
			startTime="13:30:00" 
			endDate="2016-02-09" 
			endTime="13:30:00"
			productRef="W"><Value date="2016-02-09" time="13:30:00" >-0.634</Value></SetofValues>
	</Station><Station
		stationReference="E73324"
		stationName="Llandudno"
		region="Anglian"
                latitude="53.33167"
                longitude="-3.82522">
 		<SetofValues
			parameter="Water Level"
			qualifier="Tidal Level"
			dataType="Mean"
			period="15 min"
			pointReference="E73324"
			characteristic="Measured"
			units="m"
			startDate="2016-02-09" 
			startTime="13:30:00" 
			endDate="2016-02-09" 
			endTime="13:30:00"
			productRef="W"><Value date="2016-02-09" time="13:30:00" >5.871</Value></SetofValues>
	</Station><Station
		stationReference="E73339"
		stationName="Llandudno"
		region="Anglian"
                latitude="53.33167"
                longitude="-3.82522">
 		<SetofValues
			parameter="Water Level"
			qualifier="Tidal Level"
			dataType="Mean"
			period="15 min"
			pointReference="E73339"
			characteristic="Measured"
			units="mAOD"
			startDate="2016-02-09" 
			startTime="13:30:00" 
			endDate="2016-02-09" 
			endTime="13:30:00"
			productRef="W"><Value date="2016-02-09" time="13:30:00" >2.021</Value></SetofValues>
	</Station><Station
		stationReference="E73424"
		stationName="Heysham"
		region="Anglian"
                latitude="54.03183"
                longitude="-2.92025">
 		<SetofValues
			parameter="Water Level"
			qualifier="Tidal Level"
			dataType="Mean"
			period="15 min"
			pointReference="E73424"
			characteristic="Measured"
			units="m"
			startDate="2016-02-09" 
			startTime="13:30:00" 
			endDate="2016-02-09" 
			endTime="13:30:00"
			productRef="W"><Value date="2016-02-09" time="13:30:00" >8.150</Value></SetofValues>
	</Station><Station
		stationReference="E73724"
		stationName="Portpatrick"
		region="Anglian"
                latitude="54.84256"
                longitude="-5.12003">
 		<SetofValues
			parameter="Water Level"
			qualifier="Tidal Level"
			dataType="Mean"
			period="15 min"
			pointReference="E73724"
			characteristic="Measured"
			units="m"
			startDate="2016-02-09" 
			startTime="13:30:00" 
			endDate="2016-02-09" 
			endTime="13:30:00"
			productRef="W"><Value date="2016-02-09" time="13:30:00" >3.771</Value></SetofValues>
	</Station><Station
		stationReference="E74039"
		stationName="Millport"
		region="Anglian"
                latitude="55.74981"
                longitude="-4.90633">
 		<SetofValues
			parameter="Water Level"
			qualifier="Tidal Level"
			dataType="Mean"
			period="15 min"
			pointReference="E74039"
			characteristic="Measured"
			units="mAOD"
			startDate="2016-02-09" 
			startTime="13:30:00" 
			endDate="2016-02-09" 
			endTime="13:30:00"
			productRef="W"><Value date="2016-02-09" time="13:30:00" >2.082</Value></SetofValues>
	</Station><Station
		stationReference="E74224"
		stationName="Tobermory"
		region="Anglian"
                latitude="56.62311"
                longitude="-6.06422">
 		<SetofValues
			parameter="Water Level"
			qualifier="Tidal Level"
			dataType="Mean"
			period="15 min"
			pointReference="E74224"
			characteristic="Measured"
			units="m"
			startDate="2016-02-09" 
			startTime="13:30:00" 
			endDate="2016-02-09" 
			endTime="13:30:00"
			productRef="NW"><Value date="2016-02-09" time="13:30:00" >0.974</Value></SetofValues>
	</Station><Station
		stationReference="E74239"
		stationName="Tobermory"
		region="Anglian"
                latitude="56.62311"
                longitude="-6.06422">
 		<SetofValues
			parameter="Water Level"
			qualifier="Tidal Level"
			dataType="Mean"
			period="15 min"
			pointReference="E74239"
			characteristic="Measured"
			units="mAOD"
			startDate="2016-02-09" 
			startTime="13:30:00" 
			endDate="2016-02-09" 
			endTime="13:30:00"
			productRef="NW"><Value date="2016-02-09" time="13:30:00" >-1.416</Value></SetofValues>
	</Station><Station
		stationReference="E74439"
		stationName="Lerwick"
		region="Anglian"
                latitude="60.15403"
                longitude="-1.14031">
 		<SetofValues
			parameter="Water Level"
			qualifier="Tidal Level"
			dataType="Mean"
			period="15 min"
			pointReference="E74439"
			characteristic="Measured"
			units="mAOD"
			startDate="2016-02-09" 
			startTime="13:30:00" 
			endDate="2016-02-09" 
			endTime="13:30:00"
			productRef="NW"><Value date="2016-02-09" time="13:30:00" >0.783</Value></SetofValues>
	</Station><Station
		stationReference="E71224"
		stationName="Cromer"
		region="Anglian"
                latitude="52.93436"
                longitude="1.30164">
 		<SetofValues
			parameter="Water Level"
			qualifier="Tidal Level"
			dataType="Mean"
			period="15 min"
			pointReference="E71224"
			characteristic="Measured"
			units="m"
			startDate="2016-02-09" 
			startTime="13:30:00" 
			endDate="2016-02-09" 
			endTime="13:30:00"
			productRef="E"><Value date="2016-02-09" time="13:30:00" >1.098</Value></SetofValues>
	</Station><Station
		stationReference="E71239"
		stationName="Cromer"
		region="Anglian"
                latitude="52.93436"
                longitude="1.30164">
 		<SetofValues
			parameter="Water Level"
			qualifier="Tidal Level"
			dataType="Mean"
			period="15 min"
			pointReference="E71239"
			characteristic="Measured"
			units="mAOD"
			startDate="2016-02-09" 
			startTime="13:30:00" 
			endDate="2016-02-09" 
			endTime="13:30:00"
			productRef="E"><Value date="2016-02-09" time="13:30:00" >-1.652</Value></SetofValues>
	</Station><Station
		stationReference="E70539"
		stationName="Holyhead"
		region="Anglian"
                latitude="53.31394"
                longitude="-4.62044">
 		<SetofValues
			parameter="Water Level"
			qualifier="Tidal Level"
			dataType="Mean"
			period="15 min"
			pointReference="E70539"
			characteristic="Measured"
			units="mAOD"
			startDate="2016-02-09" 
			startTime="13:30:00" 
			endDate="2016-02-09" 
			endTime="13:30:00"
			productRef="W"><Value date="2016-02-09" time="13:30:00" >0.734</Value></SetofValues>
	</Station><Station
		stationReference="E71124"
		stationName="Immingham"
		region="Anglian"
                latitude="53.63022"
                longitude="-0.18742">
 		<SetofValues
			parameter="Water Level"
			qualifier="Tidal Level"
			dataType="Mean"
			period="15 min"
			pointReference="E71124"
			characteristic="Measured"
			units="m"
			startDate="2016-02-09" 
			startTime="13:30:00" 
			endDate="2016-02-09" 
			endTime="13:30:00"
			productRef="E"><Value date="2016-02-09" time="13:30:00" >1.786</Value></SetofValues>
	</Station><Station
		stationReference="E71139"
		stationName="Immingham"
		region="Anglian"
                latitude="53.63022"
                longitude="-0.18742">
 		<SetofValues
			parameter="Water Level"
			qualifier="Tidal Level"
			dataType="Mean"
			period="15 min"
			pointReference="E71139"
			characteristic="Measured"
			units="mAOD"
			startDate="2016-02-09" 
			startTime="13:30:00" 
			endDate="2016-02-09" 
			endTime="13:30:00"
			productRef="E"><Value date="2016-02-09" time="13:30:00" >-2.114</Value></SetofValues>
	</Station><Station
		stationReference="E70139"
		stationName="Liverpool"
		region="Anglian"
                latitude="53.44969"
                longitude="-3.018">
 		<SetofValues
			parameter="Water Level"
			qualifier="Tidal Level"
			dataType="Mean"
			period="15 min"
			pointReference="E70139"
			characteristic="Measured"
			units="mAOD"
			startDate="2016-02-09" 
			startTime="13:30:00" 
			endDate="2016-02-09" 
			endTime="13:30:00"
			productRef="W"><Value date="2016-02-09" time="13:30:00" >2.990</Value></SetofValues>
	</Station><Station
		stationReference="E70024"
		stationName="Lowestoft"
		region="Anglian"
                latitude="52.47311"
                longitude="1.75011">
 		<SetofValues
			parameter="Water Level"
			qualifier="Tidal Level"
			dataType="Mean"
			period="15 min"
			pointReference="E70024"
			characteristic="Measured"
			units="m"
			startDate="2016-02-09" 
			startTime="13:30:00" 
			endDate="2016-02-09" 
			endTime="13:30:00"
			productRef="E"><Value date="2016-02-09" time="13:30:00" >1.632</Value></SetofValues>
	</Station><Station
		stationReference="E70039"
		stationName="Lowestoft"
		region="Anglian"
                latitude="52.47311"
                longitude="1.75011">
 		<SetofValues
			parameter="Water Level"
			qualifier="Tidal Level"
			dataType="Mean"
			period="15 min"
			pointReference="E70039"
			characteristic="Measured"
			units="mAOD"
			startDate="2016-02-09" 
			startTime="13:30:00" 
			endDate="2016-02-09" 
			endTime="13:30:00"
			productRef="E"><Value date="2016-02-09" time="13:30:00" >0.132</Value></SetofValues>
	</Station><Station
		stationReference="E70739"
		stationName="Aberdeen"
		region="Anglian"
                latitude="57.14406"
                longitude="-2.07736">
 		<SetofValues
			parameter="Water Level"
			qualifier="Tidal Level"
			dataType="Mean"
			period="15 min"
			pointReference="E70739"
			characteristic="Measured"
			units="mAOD"
			startDate="2016-02-09" 
			startTime="13:30:00" 
			endDate="2016-02-09" 
			endTime="13:30:00"
			productRef="E"><Value date="2016-02-09" time="13:30:00" >2.574</Value></SetofValues>
	</Station><Station
		stationReference="E72624"
		stationName="Avonmouth Portbury"
		region="Anglian"
                latitude="51.5"
                longitude="-2.72847">
 		<SetofValues
			parameter="Water Level"
			qualifier="Tidal Level"
			dataType="Mean"
			period="15 min"
			pointReference="E72624"
			characteristic="Measured"
			units="m"
			startDate="2016-02-09" 
			startTime="13:30:00" 
			endDate="2016-02-09" 
			endTime="13:30:00"
			productRef="S"><Value date="2016-02-09" time="13:30:00" >2.263</Value></SetofValues>
	</Station><Station
		stationReference="E71624"
		stationName="Dover"
		region="Anglian"
                latitude="51.11439"
                longitude="1.32267">
 		<SetofValues
			parameter="Water Level"
			qualifier="Tidal Level"
			dataType="Mean"
			period="15 min"
			pointReference="E71624"
			characteristic="Measured"
			units="m"
			startDate="2016-02-09" 
			startTime="13:30:00" 
			endDate="2016-02-09" 
			endTime="13:30:00"
			productRef="E"><Value date="2016-02-09" time="13:30:00" >6.132</Value></SetofValues>
	</Station><Station
		stationReference="E71639"
		stationName="Dover"
		region="Anglian"
                latitude="51.11439"
                longitude="1.32267">
 		<SetofValues
			parameter="Water Level"
			qualifier="Tidal Level"
			dataType="Mean"
			period="15 min"
			pointReference="E71639"
			characteristic="Measured"
			units="mAOD"
			startDate="2016-02-09" 
			startTime="13:30:00" 
			endDate="2016-02-09" 
			endTime="13:30:00"
			productRef="E"><Value date="2016-02-09" time="13:30:00" >2.462</Value></SetofValues>
	</Station><Station
		stationReference="E71424"
		stationName="Harwich"
		region="Anglian"
                latitude="51.948"
                longitude="1.29214">
 		<SetofValues
			parameter="Water Level"
			qualifier="Tidal Level"
			dataType="Mean"
			period="15 min"
			pointReference="E71424"
			characteristic="Measured"
			units="m"
			startDate="2016-02-09" 
			startTime="13:30:00" 
			endDate="2016-02-09" 
			endTime="13:30:00"
			productRef="E"><Value date="2016-02-09" time="13:30:00" >3.486</Value></SetofValues>
	</Station><Station
		stationReference="E71439"
		stationName="Harwich"
		region="Anglian"
                latitude="51.948"
                longitude="1.29214">
 		<SetofValues
			parameter="Water Level"
			qualifier="Tidal Level"
			dataType="Mean"
			period="15 min"
			pointReference="E71439"
			characteristic="Measured"
			units="mAOD"
			startDate="2016-02-09" 
			startTime="13:30:00" 
			endDate="2016-02-09" 
			endTime="13:30:00"
			productRef="E"><Value date="2016-02-09" time="13:30:00" >1.466</Value></SetofValues>
	</Station><Station
		stationReference="E71724"
		stationName="Newhaven"
		region="Anglian"
                latitude="50.78178"
                longitude="0.05703">
 		<SetofValues
			parameter="Water Level"
			qualifier="Tidal Level"
			dataType="Mean"
			period="15 min"
			pointReference="E71724"
			characteristic="Measured"
			units="m"
			startDate="2016-02-09" 
			startTime="13:30:00" 
			endDate="2016-02-09" 
			endTime="13:30:00"
			productRef="S"><Value date="2016-02-09" time="13:30:00" >5.879</Value></SetofValues>
	</Station><Station
		stationReference="E71739"
		stationName="Newhaven"
		region="Anglian"
                latitude="50.78178"
                longitude="0.05703">
 		<SetofValues
			parameter="Water Level"
			qualifier="Tidal Level"
			dataType="Mean"
			period="15 min"
			pointReference="E71739"
			characteristic="Measured"
			units="mAOD"
			startDate="2016-02-09" 
			startTime="13:30:00" 
			endDate="2016-02-09" 
			endTime="13:30:00"
			productRef="S"><Value date="2016-02-09" time="13:30:00" >2.359</Value></SetofValues>
	</Station><Station
		stationReference="E70924"
		stationName="North Shields"
		region="Anglian"
                latitude="55.00744"
                longitude="-1.43978">
 		<SetofValues
			parameter="Water Level"
			qualifier="Tidal Level"
			dataType="Mean"
			period="15 min"
			pointReference="E70924"
			characteristic="Measured"
			units="m"
			startDate="2016-02-09" 
			startTime="13:30:00" 
			endDate="2016-02-09" 
			endTime="13:30:00"
			productRef="E"><Value date="2016-02-09" time="13:30:00" >4.087</Value></SetofValues>
	</Station><Station
		stationReference="E71024"
		stationName="Whitby"
		region="Anglian"
                latitude="54.49"
                longitude="-0.61461">
 		<SetofValues
			parameter="Water Level"
			qualifier="Tidal Level"
			dataType="Mean"
			period="15 min"
			pointReference="E71024"
			characteristic="Measured"
			units="m"
			startDate="2016-02-09" 
			startTime="13:30:00" 
			endDate="2016-02-09" 
			endTime="13:30:00"
			productRef="E"><Value date="2016-02-09" time="13:30:00" >4.030</Value></SetofValues>
	</Station><Station
		stationReference="E71039"
		stationName="Whitby"
		region="Anglian"
                latitude="54.49"
                longitude="-0.61461">
 		<SetofValues
			parameter="Water Level"
			qualifier="Tidal Level"
			dataType="Mean"
			period="15 min"
			pointReference="E71039"
			characteristic="Measured"
			units="mAOD"
			startDate="2016-02-09" 
			startTime="13:30:00" 
			endDate="2016-02-09" 
			endTime="13:30:00"
			productRef="E"><Value date="2016-02-09" time="13:30:00" >1.030</Value></SetofValues>
	</Station><Station
		stationReference="E70639"
		stationName="Wick"
		region="Anglian"
                latitude="58.44097"
                longitude="-3.08631">
 		<SetofValues
			parameter="Water Level"
			qualifier="Tidal Level"
			dataType="Mean"
			period="15 min"
			pointReference="E70639"
			characteristic="Measured"
			units="mAOD"
			startDate="2016-02-09" 
			startTime="13:30:00" 
			endDate="2016-02-09" 
			endTime="13:30:00"
			productRef="E"><Value date="2016-02-09" time="13:30:00" >1.543</Value></SetofValues>
	</Station><Station
		stationReference="E70724"
		stationName="Aberdeen"
		region="Anglian"
                latitude="57.14406"
                longitude="-2.07736">
 		<SetofValues
			parameter="Water Level"
			qualifier="Tidal Level"
			dataType="Mean"
			period="15 min"
			pointReference="E70724"
			characteristic="Measured"
			units="m"
			startDate="2016-02-09" 
			startTime="13:30:00" 
			endDate="2016-02-09" 
			endTime="13:30:00"
			productRef="E"><Value date="2016-02-09" time="13:30:00" >4.824</Value></SetofValues>
	</Station><Station
		stationReference="E71524"
		stationName="Sheerness"
		region="Anglian"
                latitude="51.44564"
                longitude="0.74344">
 		<SetofValues
			parameter="Water Level"
			qualifier="Tidal Level"
			dataType="Mean"
			period="15 min"
			pointReference="E71524"
			characteristic="Measured"
			units="m"
			startDate="2016-02-09" 
			startTime="13:30:00" 
			endDate="2016-02-09" 
			endTime="13:30:00"
			productRef="E"><Value date="2016-02-09" time="13:30:00" >6.107</Value></SetofValues>
	</Station><Station
		stationReference="E71539"
		stationName="Sheerness"
		region="Anglian"
                latitude="51.44564"
                longitude="0.74344">
 		<SetofValues
			parameter="Water Level"
			qualifier="Tidal Level"
			dataType="Mean"
			period="15 min"
			pointReference="E71539"
			characteristic="Measured"
			units="mAOD"
			startDate="2016-02-09" 
			startTime="13:30:00" 
			endDate="2016-02-09" 
			endTime="13:30:00"
			productRef="E"><Value date="2016-02-09" time="13:30:00" >3.207</Value></SetofValues>
	</Station><Station
		stationReference="E71839"
		stationName="Portsmouth"
		region="Anglian"
                latitude="50.80228"
                longitude="-1.11117">
 		<SetofValues
			parameter="Water Level"
			qualifier="Tidal Level"
			dataType="Mean"
			period="15 min"
			pointReference="E71839"
			characteristic="Measured"
			units="mAOD"
			startDate="2016-02-09" 
			startTime="13:30:00" 
			endDate="2016-02-09" 
			endTime="13:30:00"
			productRef="S"><Value date="2016-02-09" time="13:30:00" >2.140</Value></SetofValues>
	</Station><Station
		stationReference="E71824"
		stationName="Portsmouth"
		region="Anglian"
                latitude="50.80228"
                longitude="-1.11117">
 		<SetofValues
			parameter="Water Level"
			qualifier="Tidal Level"
			dataType="Mean"
			period="15 min"
			pointReference="E71824"
			characteristic="Measured"
			units="m"
			startDate="2016-02-09" 
			startTime="13:30:00" 
			endDate="2016-02-09" 
			endTime="13:30:00"
			productRef="S"><Value date="2016-02-09" time="13:30:00" >4.870</Value></SetofValues>
	</Station></EATimeSeriesDataExchangeFormat>