<?xml version="1.0"?>
<EATimeSeriesDataExchangeFormat xmlns="http://www.environment-agency.gov.uk/XMLSchemas/EATimeSeriesDataExchangeFormat" 
	xmlns:md="http://www.environment-agency.gov.uk/XMLSchemas/EAMetadataFormat"
	xmlns:xsi="http://www.w3.org/2001/XMLSchema-instance" 
  	xsi:schemaLocation="http://www.environment-agency.gov.uk/XMLSchemas/EATimeSeriesDataExchangeFormat EATimeSeriesDataExchangeFormat.xsd">
	<md:Publisher>Environment Agency</md:Publisher>
	<md:Source>Anglian Telemetry</md:Source>
	<md:Description>Class A Data</md:Description>
	<md:Creator>X-TEL 2.2</md:Creator>
 	<md:Date>2016-02-09</md:Date>
 	<md:Time>16:25:01</md:Time>
 	<md:Identifier>Anglian Interface Server</md:Identifier><Station
		stationReference="E72224"
		stationName="Newlyn"
		region="Anglian"
                latitude="50.103"
                longitude="-5.543">
 		<SetofValues
			parameter="Water Level"
			qualifier="Tidal Level"
			dataType="Mean"
			period="15 min"
			pointReference="E72224"
			characteristic="Measured"
			units="m"
			startDate="2016-02-09" 
			startTime="16:15:00" 
			endDate="2016-02-09" 
			endTime="16:15:00"
			productRef="S"><Value date="2016-02-09" time="16:15:00" >5.365</Value></SetofValues>
	</Station><Station
		stationReference="E74024"
		stationName="Millport"
		region="Anglian"
                latitude="55.74981"
                longitude="-4.90633">
 		<SetofValues
			parameter="Water Level"
			qualifier="Tidal Level"
			dataType="Mean"
			period="15 min"
			pointReference="E74024"
			characteristic="Measured"
			units="m"
			startDate="2016-02-09" 
			startTime="16:15:00" 
			endDate="2016-02-09" 
			endTime="16:15:00"
			productRef="W"><Value date="2016-02-09" time="16:15:00" >1.711</Value></SetofValues>
	</Station><Station
		stationReference="E72639"
		stationName="Avonmouth Portbury"
		region="Anglian"
                latitude="51.5"
                longitude="-2.72847">
 		<SetofValues
			parameter="Water Level"
			qualifier="Tidal Level"
			dataType="Mean"
			period="15 min"
			pointReference="E72639"
			characteristic="Measured"
			units="mAOD"
			startDate="2016-02-09" 
			startTime="16:15:00" 
			endDate="2016-02-09" 
			endTime="16:15:00"
			productRef="S"><Value date="2016-02-09" time="16:15:00" >-1.827</Value></SetofValues>
	</Station><Station
		stationReference="E73739"
		stationName="Portpatrick"
		region="Anglian"
                latitude="54.84256"
                longitude="-5.12003">
 		<SetofValues
			parameter="Water Level"
			qualifier="Tidal Level"
			dataType="Mean"
			period="15 min"
			pointReference="E73739"
			characteristic="Measured"
			units="mAOD"
			startDate="2016-02-09" 
			startTime="16:15:00" 
			endDate="2016-02-09" 
			endTime="16:15:00"
			productRef="W"><Value date="2016-02-09" time="16:15:00" >-0.437</Value></SetofValues>
	</Station><Station
		stationReference="E72439"
		stationName="Ilfracombe"
		region="Anglian"
                latitude="51.21114"
                longitude="-4.11239">
 		<SetofValues
			parameter="Water Level"
			qualifier="Tidal Level"
			dataType="Mean"
			period="15 min"
			pointReference="E72439"
			characteristic="Measured"
			units="mAOD"
			startDate="2016-02-09" 
			startTime="16:15:00" 
			endDate="2016-02-09" 
			endTime="16:15:00"
			productRef="S"><Value date="2016-02-09" time="16:15:00" >1.444</Value></SetofValues>
	</Station><Station
		stationReference="E70624"
		stationName="Wick"
		region="Anglian"
                latitude="58.44097"
                longitude="-3.08631">
 		<SetofValues
			parameter="Water Level"
			qualifier="Tidal Level"
			dataType="Mean"
			period="15 min"
			pointReference="E70624"
			characteristic="Measured"
			units="m"
			startDate="2016-02-09" 
			startTime="16:15:00" 
			endDate="2016-02-09" 
			endTime="16:15:00"
			productRef="E"><Value date="2016-02-09" time="16:15:00" >1.225</Value></SetofValues>
	</Station><Station
		stationReference="E72824"
		stationName="Newport"
		region="Anglian"
                latitude="51.55"
                longitude="-2.98744">
 		<SetofValues
			parameter="Water Level"
			qualifier="Tidal Level"
			dataType="Mean"
			period="15 min"
			pointReference="E72824"
			characteristic="Measured"
			units="m"
			startDate="2016-02-09" 
			startTime="16:15:00" 
			endDate="2016-02-09" 
			endTime="16:15:00"
			productRef="W"><Value date="2016-02-09" time="16:15:00" >4.382</Value></SetofValues>
	</Station><Station
		stationReference="E73439"
		stationName="Heysham"
		region="Anglian"
                latitude="54.03183"
                longitude="-2.92025">
 		<SetofValues
			parameter="Water Level"
			qualifier="Tidal Level"
			dataType="Mean"
			period="15 min"
			pointReference="E73439"
			characteristic="Measured"
			units="mAOD"
			startDate="2016-02-09" 
			startTime="16:15:00" 
			endDate="2016-02-09" 
			endTime="16:15:00"
			productRef="W"><Value date="2016-02-09" time="16:15:00" >-2.169</Value></SetofValues>
	</Station><Station
		stationReference="E70124"
		stationName="Liverpool"
		region="Anglian"
                latitude="53.44969"
                longitude="-3.018">
 		<SetofValues
			parameter="Water Level"
			qualifier="Tidal Level"
			dataType="Mean"
			period="15 min"
			pointReference="E70124"
			characteristic="Measured"
			units="m"
			startDate="2016-02-09" 
			startTime="16:00:00" 
			endDate="2016-02-09" 
			endTime="16:15:00"
			productRef="W"><Value date="2016-02-09" time="16:00:00" >3.493</Value><Value date="2016-02-09" time="16:15:00" >3.178</Value></SetofValues>
	</Station><Station
		stationReference="E70524"
		stationName="Holyhead"
		region="Anglian"
                latitude="53.31394"
                longitude="-4.62044">
 		<SetofValues
			parameter="Water Level"
			qualifier="Tidal Level"
			dataType="Mean"
			period="15 min"
			pointReference="E70524"
			characteristic="Measured"
			units="m"
			startDate="2016-02-09" 
			startTime="16:15:00" 
			endDate="2016-02-09" 
			endTime="16:15:00"
			productRef="W"><Value date="2016-02-09" time="16:15:00" >0.800</Value></SetofValues>
	</Station><Station
		stationReference="E72939"
		stationName="Mumbles"
		region="Anglian"
                latitude="51.57"
                longitude="-3.97544">
 		<SetofValues
			parameter="Water Level"
			qualifier="Tidal Level"
			dataType="Mean"
			period="15 min"
			pointReference="E72939"
			characteristic="Measured"
			units="mAOD"
			startDate="2016-02-09" 
			startTime="12:00:00" 
			endDate="2016-02-09" 
			endTime="16:00:00"
			productRef="W"><Value date="2016-02-09" time="12:00:00" >-3.518</Value><Value date="2016-02-09" time="12:15:00" >-3.717</Value><Value date="2016-02-09" time="12:30:00" >-3.861</Value><Value date="2016-02-09" time="12:45:00" >-3.951</Value><Value date="2016-02-09" time="13:00:00" >-3.946</Value><Value date="2016-02-09" time="13:15:00" >-3.917</Value><Value date="2016-02-09" time="13:30:00" >-3.797</Value><Value date="2016-02-09" time="13:45:00" >-3.633</Value><Value date="2016-02-09" time="14:00:00" >-3.379</Value><Value date="2016-02-09" time="14:15:00" >-3.100</Value><Value date="2016-02-09" time="14:30:00" >-2.760</Value><Value date="2016-02-09" time="14:45:00" >-2.423</Value><Value date="2016-02-09" time="15:00:00" >-1.990</Value><Value date="2016-02-09" time="15:15:00" >-1.447</Value><Value date="2016-02-09" time="15:30:00" >-0.895</Value><Value date="2016-02-09" time="15:45:00" >-0.303</Value><Value date="2016-02-09" time="16:00:00" >0.304</Value></SetofValues>
	</Station><Station
		stationReference="E72839"
		stationName="Newport"
		region="Anglian"
                latitude="51.55"
                longitude="-2.98744">
 		<SetofValues
			parameter="Water Level"
			qualifier="Tidal Level"
			dataType="Mean"
			period="15 min"
			pointReference="E72839"
			characteristic="Measured"
			units="mAOD"
			startDate="2016-02-09" 
			startTime="16:15:00" 
			endDate="2016-02-09" 
			endTime="16:15:00"
			productRef="W"><Value date="2016-02-09" time="16:15:00" >-1.428</Value></SetofValues>
	</Station><Station
		stationReference="E74424"
		stationName="Lerwick"
		region="Anglian"
                latitude="60.15403"
                longitude="-1.14031">
 		<SetofValues
			parameter="Water Level"
			qualifier="Tidal Level"
			dataType="Mean"
			period="15 min"
			pointReference="E74424"
			characteristic="Measured"
			units="m"
			startDate="2016-02-09" 
			startTime="16:15:00" 
			endDate="2016-02-09" 
			endTime="16:15:00"
			productRef="NW"><Value date="2016-02-09" time="16:15:00" >0.759</Value></SetofValues>
	</Station><Station
		stationReference="E70939"
		stationName="North Shields"
		region="Anglian"
                latitude="55.00744"
                longitude="-1.43978">
 		<SetofValues
			parameter="Water Level"
			qualifier="Tidal Level"
			dataType="Mean"
			period="15 min"
			pointReference="E70939"
			characteristic="Measured"
			units="mAOD"
			startDate="2016-02-09" 
			startTime="16:15:00" 
			endDate="2016-02-09" 
			endTime="16:15:00"
			productRef="E"><Value date="2016-02-09" time="16:15:00" >2.922</Value></SetofValues>
	</Station><Station
		stationReference="E73924"
		stationName="Portrush"
		region="Anglian"
                latitude="55.20678"
                longitude="-6.65683">
 		<SetofValues
			parameter="Water Level"
			qualifier="Tidal Level"
			dataType="Mean"
			period="15 min"
			pointReference="E73924"
			characteristic="Measured"
			units="m"
			startDate="2016-02-09" 
			startTime="16:15:00" 
			endDate="2016-02-09" 
			endTime="16:15:00"
			productRef="NW"><Value date="2016-02-09" time="16:15:00" >1.218</Value></SetofValues>
	</Station><Station
		stationReference="E73939"
		stationName="Portrush"
		region="Anglian"
                latitude="55.20678"
                longitude="-6.65683">
 		<SetofValues
			parameter="Water Level"
			qualifier="Tidal Level"
			dataType="Mean"
			period="15 min"
			pointReference="E73939"
			characteristic="Measured"
			units="mAOD"
			startDate="2016-02-09" 
			startTime="16:15:00" 
			endDate="2016-02-09" 
			endTime="16:15:00"
			productRef="NW"><Value date="2016-02-09" time="16:15:00" >-0.022</Value></SetofValues>
	</Station><Station
		stationReference="E73824"
		stationName="Bangor"
		region="Anglian"
                latitude="54.66475"
                longitude="-5.66947">
 		<SetofValues
			parameter="Water Level"
			qualifier="Tidal Level"
			dataType="Mean"
			period="15 min"
			pointReference="E73824"
			characteristic="Measured"
			units="m"
			startDate="2016-02-09" 
			startTime="16:15:00" 
			endDate="2016-02-09" 
			endTime="16:15:00"
			productRef="NW"><Value date="2016-02-09" time="16:15:00" >1.045</Value></SetofValues>
	</Station><Station
		stationReference="E73839"
		stationName="Bangor"
		region="Anglian"
                latitude="54.66475"
                longitude="-5.66947">
 		<SetofValues
			parameter="Water Level"
			qualifier="Tidal Level"
			dataType="Mean"
			period="15 min"
			pointReference="E73839"
			characteristic="Measured"
			units="mAOD"
			startDate="2016-02-09" 
			startTime="16:15:00" 
			endDate="2016-02-09" 
			endTime="16:15:00"
			productRef="NW"><Value date="2016-02-09" time="16:15:00" >-0.965</Value></SetofValues>
	</Station><Station
		stationReference="E71924"
		stationName="Bournemouth"
		region="Anglian"
                latitude="50.71433"
                longitude="-1.87486">
 		<SetofValues
			parameter="Water Level"
			qualifier="Tidal Level"
			dataType="Mean"
			period="15 min"
			pointReference="E71924"
			characteristic="Measured"
			units="m"
			startDate="2016-02-09" 
			startTime="16:15:00" 
			endDate="2016-02-09" 
			endTime="16:15:00"
			productRef="S"><Value date="2016-02-09" time="16:15:00" >0.622</Value></SetofValues>
	</Station><Station
		stationReference="E71939"
		stationName="Bournemouth"
		region="Anglian"
                latitude="50.71433"
                longitude="-1.87486">
 		<SetofValues
			parameter="Water Level"
			qualifier="Tidal Level"
			dataType="Mean"
			period="15 min"
			pointReference="E71939"
			characteristic="Measured"
			units="mAOD"
			startDate="2016-02-09" 
			startTime="16:15:00" 
			endDate="2016-02-09" 
			endTime="16:15:00"
			productRef="S"><Value date="2016-02-09" time="16:15:00" >-0.778</Value></SetofValues>
	</Station><Station
		stationReference="E72424"
		stationName="Ilfracombe"
		region="Anglian"
                latitude="51.21114"
                longitude="-4.11239">
 		<SetofValues
			parameter="Water Level"
			qualifier="Tidal Level"
			dataType="Mean"
			period="15 min"
			pointReference="E72424"
			characteristic="Measured"
			units="m"
			startDate="2016-02-09" 
			startTime="16:15:00" 
			endDate="2016-02-09" 
			endTime="16:15:00"
			productRef="S"><Value date="2016-02-09" time="16:15:00" >6.244</Value></SetofValues>
	</Station><Station
		stationReference="E70224"
		stationName="Jersey"
		region="Anglian"
                latitude="49.18333"
                longitude="-2.11667">
 		<SetofValues
			parameter="Water Level"
			qualifier="Tidal Level"
			dataType="Mean"
			period="15 min"
			pointReference="E70224"
			characteristic="Measured"
			units="m"
			startDate="2016-02-09" 
			startTime="16:15:00" 
			endDate="2016-02-09" 
			endTime="16:15:00"
			productRef="S"><Value date="2016-02-09" time="16:15:00" >5.575</Value></SetofValues>
	</Station><Station
		stationReference="E70239"
		stationName="Jersey"
		region="Anglian"
                latitude="49.18333"
                longitude="-2.11667">
 		<SetofValues
			parameter="Water Level"
			qualifier="Tidal Level"
			dataType="Mean"
			period="15 min"
			pointReference="E70239"
			characteristic="Measured"
			units="mAOD"
			startDate="2016-02-09" 
			startTime="16:15:00" 
			endDate="2016-02-09" 
			endTime="16:15:00"
			productRef="S"><Value date="2016-02-09" time="16:15:00" >-0.305</Value></SetofValues>
	</Station><Station
		stationReference="E70324"
		stationName="Kinlochbervie"
		region="Anglian"
                latitude="58.45661"
                longitude="-5.05008">
 		<SetofValues
			parameter="Water Level"
			qualifier="Tidal Level"
			dataType="Mean"
			period="15 min"
			pointReference="E70324"
			characteristic="Measured"
			units="m"
			startDate="2016-02-09" 
			startTime="16:15:00" 
			endDate="2016-02-09" 
			endTime="16:15:00"
			productRef="E"><Value date="2016-02-09" time="16:15:00" >1.949</Value></SetofValues>
	</Station><Station
		stationReference="E70339"
		stationName="Kinlochbervie"
		region="Anglian"
                latitude="58.45661"
                longitude="-5.05008">
 		<SetofValues
			parameter="Water Level"
			qualifier="Tidal Level"
			dataType="Mean"
			period="15 min"
			pointReference="E70339"
			characteristic="Measured"
			units="mAOD"
			startDate="2016-02-09" 
			startTime="16:15:00" 
			endDate="2016-02-09" 
			endTime="16:15:00"
			productRef="E"><Value date="2016-02-09" time="16:15:00" >-0.551</Value></SetofValues>
	</Station><Station
		stationReference="E70824"
		stationName="Leith"
		region="Anglian"
                latitude="55.98983"
                longitude="-3.18169">
 		<SetofValues
			parameter="Water Level"
			qualifier="Tidal Level"
			dataType="Mean"
			period="15 min"
			pointReference="E70824"
			characteristic="Measured"
			units="m"
			startDate="2016-02-09" 
			startTime="16:15:00" 
			endDate="2016-02-09" 
			endTime="16:15:00"
			productRef="E"><Value date="2016-02-09" time="16:15:00" >5.474</Value></SetofValues>
	</Station><Station
		stationReference="E70839"
		stationName="Leith"
		region="Anglian"
                latitude="55.98983"
                longitude="-3.18169">
 		<SetofValues
			parameter="Water Level"
			qualifier="Tidal Level"
			dataType="Mean"
			period="15 min"
			pointReference="E70839"
			characteristic="Measured"
			units="mAOD"
			startDate="2016-02-09" 
			startTime="16:15:00" 
			endDate="2016-02-09" 
			endTime="16:15:00"
			productRef="E"><Value date="2016-02-09" time="16:15:00" >2.574</Value></SetofValues>
	</Station><Station
		stationReference="E74324"
		stationName="Stornoway"
		region="Anglian"
                latitude="58.20781"
                longitude="-6.38897">
 		<SetofValues
			parameter="Water Level"
			qualifier="Tidal Level"
			dataType="Mean"
			period="15 min"
			pointReference="E74324"
			characteristic="Measured"
			units="m"
			startDate="2016-02-09" 
			startTime="16:15:00" 
			endDate="2016-02-09" 
			endTime="16:15:00"
			productRef="E"><Value date="2016-02-09" time="16:15:00" >2.477</Value></SetofValues>
	</Station><Station
		stationReference="E74339"
		stationName="Stornoway"
		region="Anglian"
                latitude="58.20781"
                longitude="-6.38897">
 		<SetofValues
			parameter="Water Level"
			qualifier="Tidal Level"
			dataType="Mean"
			period="15 min"
			pointReference="E74339"
			characteristic="Measured"
			units="mAOD"
			startDate="2016-02-09" 
			startTime="16:15:00" 
			endDate="2016-02-09" 
			endTime="16:15:00"
			productRef="E"><Value date="2016-02-09" time="16:15:00" >-0.233</Value></SetofValues>
	</Station><Station
		stationReference="E70424"
		stationName="Ullapool"
		region="Anglian"
                latitude="57.89525"
                longitude="-5.15789">
 		<SetofValues
			parameter="Water Level"
			qualifier="Tidal Level"
			dataType="Mean"
			period="15 min"
			pointReference="E70424"
			characteristic="Measured"
			units="m"
			startDate="2016-02-09" 
			startTime="16:15:00" 
			endDate="2016-02-09" 
			endTime="16:15:00"
			productRef="NW"><Value date="2016-02-09" time="16:15:00" >2.439</Value></SetofValues>
	</Station><Station
		stationReference="E70439"
		stationName="Ullapool"
		region="Anglian"
                latitude="57.89525"
                longitude="-5.15789">
 		<SetofValues
			parameter="Water Level"
			qualifier="Tidal Level"
			dataType="Mean"
			period="15 min"
			pointReference="E70439"
			characteristic="Measured"
			units="mAOD"
			startDate="2016-02-09" 
			startTime="16:15:00" 
			endDate="2016-02-09" 
			endTime="16:15:00"
			productRef="NW"><Value date="2016-02-09" time="16:15:00" >-0.311</Value></SetofValues>
	</Station><Station
		stationReference="E72024"
		stationName="Weymouth"
		region="Anglian"
                latitude="50.6085"
                longitude="-2.44794">
 		<SetofValues
			parameter="Water Level"
			qualifier="Tidal Level"
			dataType="Mean"
			period="15 min"
			pointReference="E72024"
			characteristic="Measured"
			units="m"
			startDate="2016-02-09" 
			startTime="16:15:00" 
			endDate="2016-02-09" 
			endTime="16:15:00"
			productRef="S"><Value date="2016-02-09" time="16:15:00" >0.563</Value></SetofValues>
	</Station><Station
		stationReference="E72039"
		stationName="Weymouth"
		region="Anglian"
                latitude="50.6085"
                longitude="-2.44794">
 		<SetofValues
			parameter="Water Level"
			qualifier="Tidal Level"
			dataType="Mean"
			period="15 min"
			pointReference="E72039"
			characteristic="Measured"
			units="mAOD"
			startDate="2016-02-09" 
			startTime="16:15:00" 
			endDate="2016-02-09" 
			endTime="16:15:00"
			productRef="S"><Value date="2016-02-09" time="16:15:00" >-0.367</Value></SetofValues>
	</Station><Station
		stationReference="E73624"
		stationName="Workington"
		region="Anglian"
                latitude="54.65072"
                longitude="-3.56717">
 		<SetofValues
			parameter="Water Level"
			qualifier="Tidal Level"
			dataType="Mean"
			period="15 min"
			pointReference="E73624"
			characteristic="Measured"
			units="m"
			startDate="2016-02-09" 
			startTime="16:15:00" 
			endDate="2016-02-09" 
			endTime="16:15:00"
			productRef="W"><Value date="2016-02-09" time="16:15:00" >2.833</Value></SetofValues>
	</Station><Station
		stationReference="E73639"
		stationName="Workington"
		region="Anglian"
                latitude="54.65072"
                longitude="-3.56717">
 		<SetofValues
			parameter="Water Level"
			qualifier="Tidal Level"
			dataType="Mean"
			period="15 min"
			pointReference="E73639"
			characteristic="Measured"
			units="mAOD"
			startDate="2016-02-09" 
			startTime="16:15:00" 
			endDate="2016-02-09" 
			endTime="16:15:00"
			productRef="W"><Value date="2016-02-09" time="16:15:00" >-1.367</Value></SetofValues>
	</Station><Station
		stationReference="E73524"
		stationName="Port Erin"
		region="Anglian"
                latitude="54.08539"
                longitude="-4.76806">
 		<SetofValues
			parameter="Water Level"
			qualifier="Tidal Level"
			dataType="Mean"
			period="15 min"
			pointReference="E73524"
			characteristic="Measured"
			units="m"
			startDate="2016-02-09" 
			startTime="16:15:00" 
			endDate="2016-02-09" 
			endTime="16:15:00"
			productRef="NW"><Value date="2016-02-09" time="16:15:00" >1.314</Value></SetofValues>
	</Station><Station
		stationReference="E73539"
		stationName="Port Erin"
		region="Anglian"
                latitude="54.08539"
                longitude="-4.76806">
 		<SetofValues
			parameter="Water Level"
			qualifier="Tidal Level"
			dataType="Mean"
			period="15 min"
			pointReference="E73539"
			characteristic="Measured"
			units="mAOD"
			startDate="2016-02-09" 
			startTime="16:15:00" 
			endDate="2016-02-09" 
			endTime="16:15:00"
			productRef="NW"><Value date="2016-02-09" time="16:15:00" >-1.436</Value></SetofValues>
	</Station><Station
		stationReference="E72124"
		stationName="Plymouth"
		region="Anglian"
                latitude="50.36839"
                longitude="-4.18525">
 		<SetofValues
			parameter="Water Level"
			qualifier="Tidal Level"
			dataType="Mean"
			period="15 min"
			pointReference="E72124"
			characteristic="Measured"
			units="m"
			startDate="2016-02-09" 
			startTime="16:15:00" 
			endDate="2016-02-09" 
			endTime="16:15:00"
			productRef="S"><Value date="2016-02-09" time="16:15:00" >4.645</Value></SetofValues>
	</Station><Station
		stationReference="E72139"
		stationName="Plymouth"
		region="Anglian"
                latitude="50.36839"
                longitude="-4.18525">
 		<SetofValues
			parameter="Water Level"
			qualifier="Tidal Level"
			dataType="Mean"
			period="15 min"
			pointReference="E72139"
			characteristic="Measured"
			units="mAOD"
			startDate="2016-02-09" 
			startTime="16:15:00" 
			endDate="2016-02-09" 
			endTime="16:15:00"
			productRef="S"><Value date="2016-02-09" time="16:15:00" >1.425</Value></SetofValues>
	</Station><Station
		stationReference="E72239"
		stationName="Newlyn"
		region="Anglian"
                latitude="50.103"
                longitude="-5.543">
 		<SetofValues
			parameter="Water Level"
			qualifier="Tidal Level"
			dataType="Mean"
			period="15 min"
			pointReference="E72239"
			characteristic="Measured"
			units="mAOD"
			startDate="2016-02-09" 
			startTime="16:15:00" 
			endDate="2016-02-09" 
			endTime="16:15:00"
			productRef="S"><Value date="2016-02-09" time="16:15:00" >2.315</Value></SetofValues>
	</Station><Station
		stationReference="E72924"
		stationName="Mumbles"
		region="Anglian"
                latitude="51.57"
                longitude="-3.97544">
 		<SetofValues
			parameter="Water Level"
			qualifier="Tidal Level"
			dataType="Mean"
			period="15 min"
			pointReference="E72924"
			characteristic="Measured"
			units="m"
			startDate="2016-02-09" 
			startTime="12:00:00" 
			endDate="2016-02-09" 
			endTime="16:00:00"
			productRef="W"><Value date="2016-02-09" time="12:00:00" >1.482</Value><Value date="2016-02-09" time="12:15:00" >1.283</Value><Value date="2016-02-09" time="12:30:00" >1.139</Value><Value date="2016-02-09" time="12:45:00" >1.049</Value><Value date="2016-02-09" time="13:00:00" >1.054</Value><Value date="2016-02-09" time="13:15:00" >1.083</Value><Value date="2016-02-09" time="13:30:00" >1.203</Value><Value date="2016-02-09" time="13:45:00" >1.367</Value><Value date="2016-02-09" time="14:00:00" >1.621</Value><Value date="2016-02-09" time="14:15:00" >1.900</Value><Value date="2016-02-09" time="14:30:00" >2.240</Value><Value date="2016-02-09" time="14:45:00" >2.577</Value><Value date="2016-02-09" time="15:00:00" >3.010</Value><Value date="2016-02-09" time="15:15:00" >3.553</Value><Value date="2016-02-09" time="15:30:00" >4.105</Value><Value date="2016-02-09" time="15:45:00" >4.697</Value><Value date="2016-02-09" time="16:00:00" >5.304</Value></SetofValues>
	</Station><Station
		stationReference="E73024"
		stationName="Milford Haven"
		region="Anglian"
                latitude="51.70739"
                longitude="-5.05153">
 		<SetofValues
			parameter="Water Level"
			qualifier="Tidal Level"
			dataType="Mean"
			period="15 min"
			pointReference="E73024"
			characteristic="Measured"
			units="m"
			startDate="2016-02-09" 
			startTime="16:15:00" 
			endDate="2016-02-09" 
			endTime="16:15:00"
			productRef="W"><Value date="2016-02-09" time="16:15:00" >4.319</Value></SetofValues>
	</Station><Station
		stationReference="E73039"
		stationName="Milford Haven"
		region="Anglian"
                latitude="51.70739"
                longitude="-5.05153">
 		<SetofValues
			parameter="Water Level"
			qualifier="Tidal Level"
			dataType="Mean"
			period="15 min"
			pointReference="E73039"
			characteristic="Measured"
			units="mAOD"
			startDate="2016-02-09" 
			startTime="16:15:00" 
			endDate="2016-02-09" 
			endTime="16:15:00"
			productRef="W"><Value date="2016-02-09" time="16:15:00" >0.609</Value></SetofValues>
	</Station><Station
		stationReference="E73124"
		stationName="Fishguard"
		region="Anglian"
                latitude="52.01322"
                longitude="-4.98375">
 		<SetofValues
			parameter="Water Level"
			qualifier="Tidal Level"
			dataType="Mean"
			period="15 min"
			pointReference="E73124"
			characteristic="Measured"
			units="m"
			startDate="2016-02-09" 
			startTime="16:15:00" 
			endDate="2016-02-09" 
			endTime="16:15:00"
			productRef="W"><Value date="2016-02-09" time="16:15:00" >1.650</Value></SetofValues>
	</Station><Station
		stationReference="E73139"
		stationName="Fishguard"
		region="Anglian"
                latitude="52.01322"
                longitude="-4.98375">
 		<SetofValues
			parameter="Water Level"
			qualifier="Tidal Level"
			dataType="Mean"
			period="15 min"
			pointReference="E73139"
			characteristic="Measured"
			units="mAOD"
			startDate="2016-02-09" 
			startTime="16:15:00" 
			endDate="2016-02-09" 
			endTime="16:15:00"
			productRef="W"><Value date="2016-02-09" time="16:15:00" >-0.790</Value></SetofValues>
	</Station><Station
		stationReference="E73224"
		stationName="Barmouth"
		region="Anglian"
                latitude="52.71933"
                longitude="-4.04503">
 		<SetofValues
			parameter="Water Level"
			qualifier="Tidal Level"
			dataType="Mean"
			period="15 min"
			pointReference="E73224"
			characteristic="Measured"
			units="m"
			startDate="2016-02-09" 
			startTime="16:15:00" 
			endDate="2016-02-09" 
			endTime="16:15:00"
			productRef="W"><Value date="2016-02-09" time="16:15:00" >1.015</Value></SetofValues>
	</Station><Station
		stationReference="E73239"
		stationName="Barmouth"
		region="Anglian"
                latitude="52.71933"
                longitude="-4.04503">
 		<SetofValues
			parameter="Water Level"
			qualifier="Tidal Level"
			dataType="Mean"
			period="15 min"
			pointReference="E73239"
			characteristic="Measured"
			units="mAOD"
			startDate="2016-02-09" 
			startTime="16:15:00" 
			endDate="2016-02-09" 
			endTime="16:15:00"
			productRef="W"><Value date="2016-02-09" time="16:15:00" >-1.425</Value></SetofValues>
	</Station><Station
		stationReference="E73324"
		stationName="Llandudno"
		region="Anglian"
                latitude="53.33167"
                longitude="-3.82522">
 		<SetofValues
			parameter="Water Level"
			qualifier="Tidal Level"
			dataType="Mean"
			period="15 min"
			pointReference="E73324"
			characteristic="Measured"
			units="m"
			startDate="2016-02-09" 
			startTime="16:15:00" 
			endDate="2016-02-09" 
			endTime="16:15:00"
			productRef="W"><Value date="2016-02-09" time="16:15:00" >1.337</Value></SetofValues>
	</Station><Station
		stationReference="E73339"
		stationName="Llandudno"
		region="Anglian"
                latitude="53.33167"
                longitude="-3.82522">
 		<SetofValues
			parameter="Water Level"
			qualifier="Tidal Level"
			dataType="Mean"
			period="15 min"
			pointReference="E73339"
			characteristic="Measured"
			units="mAOD"
			startDate="2016-02-09" 
			startTime="16:15:00" 
			endDate="2016-02-09" 
			endTime="16:15:00"
			productRef="W"><Value date="2016-02-09" time="16:15:00" >-2.513</Value></SetofValues>
	</Station><Station
		stationReference="E73424"
		stationName="Heysham"
		region="Anglian"
                latitude="54.03183"
                longitude="-2.92025">
 		<SetofValues
			parameter="Water Level"
			qualifier="Tidal Level"
			dataType="Mean"
			period="15 min"
			pointReference="E73424"
			characteristic="Measured"
			units="m"
			startDate="2016-02-09" 
			startTime="16:15:00" 
			endDate="2016-02-09" 
			endTime="16:15:00"
			productRef="W"><Value date="2016-02-09" time="16:15:00" >2.731</Value></SetofValues>
	</Station><Station
		stationReference="E73724"
		stationName="Portpatrick"
		region="Anglian"
                latitude="54.84256"
                longitude="-5.12003">
 		<SetofValues
			parameter="Water Level"
			qualifier="Tidal Level"
			dataType="Mean"
			period="15 min"
			pointReference="E73724"
			characteristic="Measured"
			units="m"
			startDate="2016-02-09" 
			startTime="16:15:00" 
			endDate="2016-02-09" 
			endTime="16:15:00"
			productRef="W"><Value date="2016-02-09" time="16:15:00" >1.363</Value></SetofValues>
	</Station><Station
		stationReference="E74039"
		stationName="Millport"
		region="Anglian"
                latitude="55.74981"
                longitude="-4.90633">
 		<SetofValues
			parameter="Water Level"
			qualifier="Tidal Level"
			dataType="Mean"
			period="15 min"
			pointReference="E74039"
			characteristic="Measured"
			units="mAOD"
			startDate="2016-02-09" 
			startTime="16:15:00" 
			endDate="2016-02-09" 
			endTime="16:15:00"
			productRef="W"><Value date="2016-02-09" time="16:15:00" >0.091</Value></SetofValues>
	</Station><Station
		stationReference="E74224"
		stationName="Tobermory"
		region="Anglian"
                latitude="56.62311"
                longitude="-6.06422">
 		<SetofValues
			parameter="Water Level"
			qualifier="Tidal Level"
			dataType="Mean"
			period="15 min"
			pointReference="E74224"
			characteristic="Measured"
			units="m"
			startDate="2016-02-09" 
			startTime="16:15:00" 
			endDate="2016-02-09" 
			endTime="16:15:00"
			productRef="NW"><Value date="2016-02-09" time="16:15:00" >3.387</Value></SetofValues>
	</Station><Station
		stationReference="E74239"
		stationName="Tobermory"
		region="Anglian"
                latitude="56.62311"
                longitude="-6.06422">
 		<SetofValues
			parameter="Water Level"
			qualifier="Tidal Level"
			dataType="Mean"
			period="15 min"
			pointReference="E74239"
			characteristic="Measured"
			units="mAOD"
			startDate="2016-02-09" 
			startTime="16:15:00" 
			endDate="2016-02-09" 
			endTime="16:15:00"
			productRef="NW"><Value date="2016-02-09" time="16:15:00" >0.997</Value></SetofValues>
	</Station><Station
		stationReference="E74439"
		stationName="Lerwick"
		region="Anglian"
                latitude="60.15403"
                longitude="-1.14031">
 		<SetofValues
			parameter="Water Level"
			qualifier="Tidal Level"
			dataType="Mean"
			period="15 min"
			pointReference="E74439"
			characteristic="Measured"
			units="mAOD"
			startDate="2016-02-09" 
			startTime="16:15:00" 
			endDate="2016-02-09" 
			endTime="16:15:00"
			productRef="NW"><Value date="2016-02-09" time="16:15:00" >-0.461</Value></SetofValues>
	</Station><Station
		stationReference="E71224"
		stationName="Cromer"
		region="Anglian"
                latitude="52.93436"
                longitude="1.30164">
 		<SetofValues
			parameter="Water Level"
			qualifier="Tidal Level"
			dataType="Mean"
			period="15 min"
			pointReference="E71224"
			characteristic="Measured"
			units="m"
			startDate="2016-02-09" 
			startTime="16:15:00" 
			endDate="2016-02-09" 
			endTime="16:15:00"
			productRef="E"><Value date="2016-02-09" time="16:15:00" >3.267</Value></SetofValues>
	</Station><Station
		stationReference="E71239"
		stationName="Cromer"
		region="Anglian"
                latitude="52.93436"
                longitude="1.30164">
 		<SetofValues
			parameter="Water Level"
			qualifier="Tidal Level"
			dataType="Mean"
			period="15 min"
			pointReference="E71239"
			characteristic="Measured"
			units="mAOD"
			startDate="2016-02-09" 
			startTime="16:15:00" 
			endDate="2016-02-09" 
			endTime="16:15:00"
			productRef="E"><Value date="2016-02-09" time="16:15:00" >0.517</Value></SetofValues>
	</Station><Station
		stationReference="E70539"
		stationName="Holyhead"
		region="Anglian"
                latitude="53.31394"
                longitude="-4.62044">
 		<SetofValues
			parameter="Water Level"
			qualifier="Tidal Level"
			dataType="Mean"
			period="15 min"
			pointReference="E70539"
			characteristic="Measured"
			units="mAOD"
			startDate="2016-02-09" 
			startTime="16:15:00" 
			endDate="2016-02-09" 
			endTime="16:15:00"
			productRef="W"><Value date="2016-02-09" time="16:15:00" >-2.250</Value></SetofValues>
	</Station><Station
		stationReference="E71124"
		stationName="Immingham"
		region="Anglian"
                latitude="53.63022"
                longitude="-0.18742">
 		<SetofValues
			parameter="Water Level"
			qualifier="Tidal Level"
			dataType="Mean"
			period="15 min"
			pointReference="E71124"
			characteristic="Measured"
			units="m"
			startDate="2016-02-09" 
			startTime="16:15:00" 
			endDate="2016-02-09" 
			endTime="16:15:00"
			productRef="E"><Value date="2016-02-09" time="16:15:00" >5.770</Value></SetofValues>
	</Station><Station
		stationReference="E71139"
		stationName="Immingham"
		region="Anglian"
                latitude="53.63022"
                longitude="-0.18742">
 		<SetofValues
			parameter="Water Level"
			qualifier="Tidal Level"
			dataType="Mean"
			period="15 min"
			pointReference="E71139"
			characteristic="Measured"
			units="mAOD"
			startDate="2016-02-09" 
			startTime="16:15:00" 
			endDate="2016-02-09" 
			endTime="16:15:00"
			productRef="E"><Value date="2016-02-09" time="16:15:00" >1.870</Value></SetofValues>
	</Station><Station
		stationReference="E70139"
		stationName="Liverpool"
		region="Anglian"
                latitude="53.44969"
                longitude="-3.018">
 		<SetofValues
			parameter="Water Level"
			qualifier="Tidal Level"
			dataType="Mean"
			period="15 min"
			pointReference="E70139"
			characteristic="Measured"
			units="mAOD"
			startDate="2016-02-09" 
			startTime="16:00:00" 
			endDate="2016-02-09" 
			endTime="16:15:00"
			productRef="W"><Value date="2016-02-09" time="16:00:00" >-1.437</Value><Value date="2016-02-09" time="16:15:00" >-1.752</Value></SetofValues>
	</Station><Station
		stationReference="E70024"
		stationName="Lowestoft"
		region="Anglian"
                latitude="52.47311"
                longitude="1.75011">
 		<SetofValues
			parameter="Water Level"
			qualifier="Tidal Level"
			dataType="Mean"
			period="15 min"
			pointReference="E70024"
			characteristic="Measured"
			units="m"
			startDate="2016-02-09" 
			startTime="16:15:00" 
			endDate="2016-02-09" 
			endTime="16:15:00"
			productRef="E"><Value date="2016-02-09" time="16:15:00" >0.944</Value></SetofValues>
	</Station><Station
		stationReference="E70039"
		stationName="Lowestoft"
		region="Anglian"
                latitude="52.47311"
                longitude="1.75011">
 		<SetofValues
			parameter="Water Level"
			qualifier="Tidal Level"
			dataType="Mean"
			period="15 min"
			pointReference="E70039"
			characteristic="Measured"
			units="mAOD"
			startDate="2016-02-09" 
			startTime="16:15:00" 
			endDate="2016-02-09" 
			endTime="16:15:00"
			productRef="E"><Value date="2016-02-09" time="16:15:00" >-0.556</Value></SetofValues>
	</Station><Station
		stationReference="E70739"
		stationName="Aberdeen"
		region="Anglian"
                latitude="57.14406"
                longitude="-2.07736">
 		<SetofValues
			parameter="Water Level"
			qualifier="Tidal Level"
			dataType="Mean"
			period="15 min"
			pointReference="E70739"
			characteristic="Measured"
			units="mAOD"
			startDate="2016-02-09" 
			startTime="16:15:00" 
			endDate="2016-02-09" 
			endTime="16:15:00"
			productRef="E"><Value date="2016-02-09" time="16:15:00" >1.184</Value></SetofValues>
	</Station><Station
		stationReference="E72624"
		stationName="Avonmouth Portbury"
		region="Anglian"
                latitude="51.5"
                longitude="-2.72847">
 		<SetofValues
			parameter="Water Level"
			qualifier="Tidal Level"
			dataType="Mean"
			period="15 min"
			pointReference="E72624"
			characteristic="Measured"
			units="m"
			startDate="2016-02-09" 
			startTime="16:15:00" 
			endDate="2016-02-09" 
			endTime="16:15:00"
			productRef="S"><Value date="2016-02-09" time="16:15:00" >4.673</Value></SetofValues>
	</Station><Station
		stationReference="E71624"
		stationName="Dover"
		region="Anglian"
                latitude="51.11439"
                longitude="1.32267">
 		<SetofValues
			parameter="Water Level"
			qualifier="Tidal Level"
			dataType="Mean"
			period="15 min"
			pointReference="E71624"
			characteristic="Measured"
			units="m"
			startDate="2016-02-09" 
			startTime="16:00:00" 
			endDate="2016-02-09" 
			endTime="16:15:00"
			productRef="E"><Value date="2016-02-09" time="16:00:00" >3.129</Value><Value date="2016-02-09" time="16:15:00" >2.826</Value></SetofValues>
	</Station><Station
		stationReference="E71639"
		stationName="Dover"
		region="Anglian"
                latitude="51.11439"
                longitude="1.32267">
 		<SetofValues
			parameter="Water Level"
			qualifier="Tidal Level"
			dataType="Mean"
			period="15 min"
			pointReference="E71639"
			characteristic="Measured"
			units="mAOD"
			startDate="2016-02-09" 
			startTime="16:00:00" 
			endDate="2016-02-09" 
			endTime="16:15:00"
			productRef="E"><Value date="2016-02-09" time="16:00:00" >-0.541</Value><Value date="2016-02-09" time="16:15:00" >-0.844</Value></SetofValues>
	</Station><Station
		stationReference="E71424"
		stationName="Harwich"
		region="Anglian"
                latitude="51.948"
                longitude="1.29214">
 		<SetofValues
			parameter="Water Level"
			qualifier="Tidal Level"
			dataType="Mean"
			period="15 min"
			pointReference="E71424"
			characteristic="Measured"
			units="m"
			startDate="2016-02-09" 
			startTime="16:15:00" 
			endDate="2016-02-09" 
			endTime="16:15:00"
			productRef="E"><Value date="2016-02-09" time="16:15:00" >1.456</Value></SetofValues>
	</Station><Station
		stationReference="E71439"
		stationName="Harwich"
		region="Anglian"
                latitude="51.948"
                longitude="1.29214">
 		<SetofValues
			parameter="Water Level"
			qualifier="Tidal Level"
			dataType="Mean"
			period="15 min"
			pointReference="E71439"
			characteristic="Measured"
			units="mAOD"
			startDate="2016-02-09" 
			startTime="16:15:00" 
			endDate="2016-02-09" 
			endTime="16:15:00"
			productRef="E"><Value date="2016-02-09" time="16:15:00" >-0.564</Value></SetofValues>
	</Station><Station
		stationReference="E71724"
		stationName="Newhaven"
		region="Anglian"
                latitude="50.78178"
                longitude="0.05703">
 		<SetofValues
			parameter="Water Level"
			qualifier="Tidal Level"
			dataType="Mean"
			period="15 min"
			pointReference="E71724"
			characteristic="Measured"
			units="m"
			startDate="2016-02-09" 
			startTime="16:15:00" 
			endDate="2016-02-09" 
			endTime="16:15:00"
			productRef="S"><Value date="2016-02-09" time="16:15:00" >2.080</Value></SetofValues>
	</Station><Station
		stationReference="E71739"
		stationName="Newhaven"
		region="Anglian"
                latitude="50.78178"
                longitude="0.05703">
 		<SetofValues
			parameter="Water Level"
			qualifier="Tidal Level"
			dataType="Mean"
			period="15 min"
			pointReference="E71739"
			characteristic="Measured"
			units="mAOD"
			startDate="2016-02-09" 
			startTime="16:15:00" 
			endDate="2016-02-09" 
			endTime="16:15:00"
			productRef="S"><Value date="2016-02-09" time="16:15:00" >-1.440</Value></SetofValues>
	</Station><Station
		stationReference="E70924"
		stationName="North Shields"
		region="Anglian"
                latitude="55.00744"
                longitude="-1.43978">
 		<SetofValues
			parameter="Water Level"
			qualifier="Tidal Level"
			dataType="Mean"
			period="15 min"
			pointReference="E70924"
			characteristic="Measured"
			units="m"
			startDate="2016-02-09" 
			startTime="16:15:00" 
			endDate="2016-02-09" 
			endTime="16:15:00"
			productRef="E"><Value date="2016-02-09" time="16:15:00" >5.522</Value></SetofValues>
	</Station><Station
		stationReference="E71024"
		stationName="Whitby"
		region="Anglian"
                latitude="54.49"
                longitude="-0.61461">
 		<SetofValues
			parameter="Water Level"
			qualifier="Tidal Level"
			dataType="Mean"
			period="15 min"
			pointReference="E71024"
			characteristic="Measured"
			units="m"
			startDate="2016-02-09" 
			startTime="16:15:00" 
			endDate="2016-02-09" 
			endTime="16:15:00"
			productRef="E"><Value date="2016-02-09" time="16:15:00" >6.163</Value></SetofValues>
	</Station><Station
		stationReference="E71039"
		stationName="Whitby"
		region="Anglian"
                latitude="54.49"
                longitude="-0.61461">
 		<SetofValues
			parameter="Water Level"
			qualifier="Tidal Level"
			dataType="Mean"
			period="15 min"
			pointReference="E71039"
			characteristic="Measured"
			units="mAOD"
			startDate="2016-02-09" 
			startTime="16:15:00" 
			endDate="2016-02-09" 
			endTime="16:15:00"
			productRef="E"><Value date="2016-02-09" time="16:15:00" >3.163</Value></SetofValues>
	</Station><Station
		stationReference="E70639"
		stationName="Wick"
		region="Anglian"
                latitude="58.44097"
                longitude="-3.08631">
 		<SetofValues
			parameter="Water Level"
			qualifier="Tidal Level"
			dataType="Mean"
			period="15 min"
			pointReference="E70639"
			characteristic="Measured"
			units="mAOD"
			startDate="2016-02-09" 
			startTime="16:15:00" 
			endDate="2016-02-09" 
			endTime="16:15:00"
			productRef="E"><Value date="2016-02-09" time="16:15:00" >-0.485</Value></SetofValues>
	</Station><Station
		stationReference="E70724"
		stationName="Aberdeen"
		region="Anglian"
                latitude="57.14406"
                longitude="-2.07736">
 		<SetofValues
			parameter="Water Level"
			qualifier="Tidal Level"
			dataType="Mean"
			period="15 min"
			pointReference="E70724"
			characteristic="Measured"
			units="m"
			startDate="2016-02-09" 
			startTime="16:15:00" 
			endDate="2016-02-09" 
			endTime="16:15:00"
			productRef="E"><Value date="2016-02-09" time="16:15:00" >3.434</Value></SetofValues>
	</Station><Station
		stationReference="E71524"
		stationName="Sheerness"
		region="Anglian"
                latitude="51.44564"
                longitude="0.74344">
 		<SetofValues
			parameter="Water Level"
			qualifier="Tidal Level"
			dataType="Mean"
			period="15 min"
			pointReference="E71524"
			characteristic="Measured"
			units="m"
			startDate="2016-02-09" 
			startTime="16:15:00" 
			endDate="2016-02-09" 
			endTime="16:15:00"
			productRef="E"><Value date="2016-02-09" time="16:15:00" >2.784</Value></SetofValues>
	</Station><Station
		stationReference="E71539"
		stationName="Sheerness"
		region="Anglian"
                latitude="51.44564"
                longitude="0.74344">
 		<SetofValues
			parameter="Water Level"
			qualifier="Tidal Level"
			dataType="Mean"
			period="15 min"
			pointReference="E71539"
			characteristic="Measured"
			units="mAOD"
			startDate="2016-02-09" 
			startTime="16:15:00" 
			endDate="2016-02-09" 
			endTime="16:15:00"
			productRef="E"><Value date="2016-02-09" time="16:15:00" >-0.116</Value></SetofValues>
	</Station><Station
		stationReference="E71839"
		stationName="Portsmouth"
		region="Anglian"
                latitude="50.80228"
                longitude="-1.11117">
 		<SetofValues
			parameter="Water Level"
			qualifier="Tidal Level"
			dataType="Mean"
			period="15 min"
			pointReference="E71839"
			characteristic="Measured"
			units="mAOD"
			startDate="2016-02-09" 
			startTime="16:15:00" 
			endDate="2016-02-09" 
			endTime="16:15:00"
			productRef="S"><Value date="2016-02-09" time="16:15:00" >-1.172</Value></SetofValues>
	</Station><Station
		stationReference="E71824"
		stationName="Portsmouth"
		region="Anglian"
                latitude="50.80228"
                longitude="-1.11117">
 		<SetofValues
			parameter="Water Level"
			qualifier="Tidal Level"
			dataType="Mean"
			period="15 min"
			pointReference="E71824"
			characteristic="Measured"
			units="m"
			startDate="2016-02-09" 
			startTime="16:15:00" 
			endDate="2016-02-09" 
			endTime="16:15:00"
			productRef="S"><Value date="2016-02-09" time="16:15:00" >1.558</Value></SetofValues>
	</Station></EATimeSeriesDataExchangeFormat>