<?xml version="1.0"?>
<EATimeSeriesDataExchangeFormat xmlns="http://www.environment-agency.gov.uk/XMLSchemas/EATimeSeriesDataExchangeFormat" 
	xmlns:md="http://www.environment-agency.gov.uk/XMLSchemas/EAMetadataFormat"
	xmlns:xsi="http://www.w3.org/2001/XMLSchema-instance" 
  	xsi:schemaLocation="http://www.environment-agency.gov.uk/XMLSchemas/EATimeSeriesDataExchangeFormat EATimeSeriesDataExchangeFormat.xsd">
	<md:Publisher>Environment Agency</md:Publisher>
	<md:Source>Anglian Telemetry</md:Source>
	<md:Description>Telemetry Data</md:Description>
	<md:Creator>X-TEL 2.2</md:Creator>
 	<md:Date>2016-02-12</md:Date>
 	<md:Time>11:09:00</md:Time>
 	<md:Identifier>Anglian Interface Server</md:Identifier><Station
		stationReference="E1997"
		stationName="ORTON SLUICE AUTOMATION"
		region="Anglian"
		ngr="TL1660097200">
 		<SetofValues
			parameter="Water Level"
			qualifier="Stage"
			dataType="Instantaneous"
			period="15 min"
			pointReference="E1997"
			characteristic="Measured"
			units="mAOD"
			startDate="2016-02-12" 
			startTime="08:45:00" 
			endDate="2016-02-12" 
			endTime="11:00:00"><Value date="2016-02-12" time="08:45:00" >3.205</Value><Value date="2016-02-12" time="09:00:00" >3.197</Value><Value date="2016-02-12" time="09:15:00" >3.181</Value><Value date="2016-02-12" time="09:30:00" >3.142</Value><Value date="2016-02-12" time="09:45:00" >3.115</Value><Value date="2016-02-12" time="10:00:00" >3.104</Value><Value date="2016-02-12" time="10:15:00" >3.104</Value><Value date="2016-02-12" time="10:30:00" >3.123</Value><Value date="2016-02-12" time="10:45:00" >3.173</Value><Value date="2016-02-12" time="11:00:00" >3.272</Value></SetofValues>
	</Station><Station
		stationReference="E1996"
		stationName="ORTON SLUICE AUTOMATION"
		region="Anglian"
		ngr="TL1660097200">
 		<SetofValues
			parameter="Water Level"
			qualifier="Stage"
			dataType="Instantaneous"
			period="15 min"
			pointReference="E1996"
			characteristic="Measured"
			units="mAOD"
			startDate="2016-02-12" 
			startTime="08:45:00" 
			endDate="2016-02-12" 
			endTime="11:00:00"><Value date="2016-02-12" time="08:45:00" >4.389</Value><Value date="2016-02-12" time="09:00:00" >4.389</Value><Value date="2016-02-12" time="09:15:00" >4.388</Value><Value date="2016-02-12" time="09:30:00" >4.418</Value><Value date="2016-02-12" time="09:45:00" >4.416</Value><Value date="2016-02-12" time="10:00:00" >4.413</Value><Value date="2016-02-12" time="10:15:00" >4.421</Value><Value date="2016-02-12" time="10:30:00" >4.424</Value><Value date="2016-02-12" time="10:45:00" >4.422</Value><Value date="2016-02-12" time="11:00:00" >4.415</Value></SetofValues>
	</Station><Station
		stationReference="E71339"
		stationName="UKCMF WASH PILE TS"
		region="Anglian"
		ngr="TF4939533238">
 		<SetofValues
			parameter="Water Level"
			qualifier="Tidal Level"
			dataType="Mean"
			period="15 min"
			pointReference="E71339"
			characteristic="Measured"
			units="mAOD"
			startDate="2016-02-12" 
			startTime="11:00:00" 
			endDate="2016-02-12" 
			endTime="11:00:00"><Value date="2016-02-12" time="11:00:00" >1.790</Value></SetofValues>
	</Station><Station
		stationReference="E5755"
		stationName="ElementNotMappedToAnOutstation"
		region="Anglian"
		ngr="TG2198042530">
 		<SetofValues
			parameter="Water Level"
			qualifier="Tidal Level"
			dataType="Instantaneous"
			period="15 min"
			pointReference="E5755"
			characteristic="Measured"
			units="mAOD"
			startDate="2016-02-12" 
			startTime="11:00:00" 
			endDate="2016-02-12" 
			endTime="11:00:00"><Value date="2016-02-12" time="11:00:00" >1.370</Value></SetofValues>
	</Station><Station
		stationReference="E5733"
		stationName="ElementNotMappedToAnOutstation"
		region="Anglian"
		ngr="TE57">
 		<SetofValues
			parameter="Rainfall"
			qualifier="Tipping Bucket Raingauge"
			dataType="Total"
			period="1 h"
			pointReference="E5733"
			characteristic="Measured"
			units="mm"
			startDate="2016-02-12" 
			startTime="11:00:00" 
			endDate="2016-02-12" 
			endTime="11:00:00"><Value date="2016-02-12" time="11:00:00" >0.000</Value></SetofValues>
	</Station><Station
		stationReference="E5731"
		stationName="ElementNotMappedToAnOutstation"
		region="Anglian"
		ngr="TE57">
 		<SetofValues
			parameter="Rainfall"
			qualifier="Tipping Bucket Raingauge"
			dataType="Total"
			period="1 h"
			pointReference="E5731"
			characteristic="Measured"
			units="mm"
			startDate="2016-02-12" 
			startTime="11:00:00" 
			endDate="2016-02-12" 
			endTime="11:00:00"><Value date="2016-02-12" time="11:00:00" >0.000</Value></SetofValues>
	</Station><Station
		stationReference="E5723"
		stationName="ElementNotMappedToAnOutstation"
		region="Anglian"
		ngr="TE57">
 		<SetofValues
			parameter="Rainfall"
			qualifier="Tipping Bucket Raingauge"
			dataType="Total"
			period="1 h"
			pointReference="E5723"
			characteristic="Measured"
			units="mm"
			startDate="2016-02-12" 
			startTime="11:00:00" 
			endDate="2016-02-12" 
			endTime="11:00:00"><Value date="2016-02-12" time="11:00:00" >0.000</Value></SetofValues>
	</Station><Station
		stationReference="E5722"
		stationName="ElementNotMappedToAnOutstation"
		region="Anglian"
		ngr="TE57">
 		<SetofValues
			parameter="Rainfall"
			qualifier="Tipping Bucket Raingauge"
			dataType="Total"
			period="1 h"
			pointReference="E5722"
			characteristic="Measured"
			units="mm"
			startDate="2016-02-12" 
			startTime="11:00:00" 
			endDate="2016-02-12" 
			endTime="11:00:00"><Value date="2016-02-12" time="11:00:00" >0.000</Value></SetofValues>
	</Station><Station
		stationReference="E5727"
		stationName="ElementNotMappedToAnOutstation"
		region="Anglian"
		ngr="TE57">
 		<SetofValues
			parameter="Rainfall"
			qualifier="Tipping Bucket Raingauge"
			dataType="Total"
			period="1 h"
			pointReference="E5727"
			characteristic="Measured"
			units="mm"
			startDate="2016-02-12" 
			startTime="11:00:00" 
			endDate="2016-02-12" 
			endTime="11:00:00"><Value date="2016-02-12" time="11:00:00" >0.000</Value></SetofValues>
	</Station><Station
		stationReference="E5728"
		stationName="ElementNotMappedToAnOutstation"
		region="Anglian"
		ngr="TE57">
 		<SetofValues
			parameter="Rainfall"
			qualifier="Tipping Bucket Raingauge"
			dataType="Total"
			period="1 h"
			pointReference="E5728"
			characteristic="Measured"
			units="mm"
			startDate="2016-02-12" 
			startTime="11:00:00" 
			endDate="2016-02-12" 
			endTime="11:00:00"><Value date="2016-02-12" time="11:00:00" >0.000</Value></SetofValues>
	</Station><Station
		stationReference="E5734"
		stationName="ElementNotMappedToAnOutstation"
		region="Anglian"
		ngr="TE57">
 		<SetofValues
			parameter="Rainfall"
			qualifier="Tipping Bucket Raingauge"
			dataType="Total"
			period="1 h"
			pointReference="E5734"
			characteristic="Measured"
			units="mm"
			startDate="2016-02-12" 
			startTime="11:00:00" 
			endDate="2016-02-12" 
			endTime="11:00:00"><Value date="2016-02-12" time="11:00:00" >0.000</Value></SetofValues>
	</Station><Station
		stationReference="E5721"
		stationName="ElementNotMappedToAnOutstation"
		region="Anglian"
		ngr="TE57">
 		<SetofValues
			parameter="Rainfall"
			qualifier="Tipping Bucket Raingauge"
			dataType="Total"
			period="1 h"
			pointReference="E5721"
			characteristic="Measured"
			units="mm"
			startDate="2016-02-12" 
			startTime="11:00:00" 
			endDate="2016-02-12" 
			endTime="11:00:00"><Value date="2016-02-12" time="11:00:00" >0.000</Value></SetofValues>
	</Station><Station
		stationReference="E5724"
		stationName="ElementNotMappedToAnOutstation"
		region="Anglian"
		ngr="TE57">
 		<SetofValues
			parameter="Rainfall"
			qualifier="Tipping Bucket Raingauge"
			dataType="Total"
			period="1 h"
			pointReference="E5724"
			characteristic="Measured"
			units="mm"
			startDate="2016-02-12" 
			startTime="11:00:00" 
			endDate="2016-02-12" 
			endTime="11:00:00"><Value date="2016-02-12" time="11:00:00" >0.000</Value></SetofValues>
	</Station><Station
		stationReference="E5732"
		stationName="ElementNotMappedToAnOutstation"
		region="Anglian"
		ngr="TE57">
 		<SetofValues
			parameter="Rainfall"
			qualifier="Tipping Bucket Raingauge"
			dataType="Total"
			period="1 h"
			pointReference="E5732"
			characteristic="Measured"
			units="mm"
			startDate="2016-02-12" 
			startTime="11:00:00" 
			endDate="2016-02-12" 
			endTime="11:00:00"><Value date="2016-02-12" time="11:00:00" >0.000</Value></SetofValues>
	</Station><Station
		stationReference="E5729"
		stationName="ElementNotMappedToAnOutstation"
		region="Anglian"
		ngr="TE57">
 		<SetofValues
			parameter="Rainfall"
			qualifier="Tipping Bucket Raingauge"
			dataType="Total"
			period="1 h"
			pointReference="E5729"
			characteristic="Measured"
			units="mm"
			startDate="2016-02-12" 
			startTime="11:00:00" 
			endDate="2016-02-12" 
			endTime="11:00:00"><Value date="2016-02-12" time="11:00:00" >0.000</Value></SetofValues>
	</Station></EATimeSeriesDataExchangeFormat>