<?xml version="1.0"?>
<EATimeSeriesDataExchangeFormat xmlns="http://www.environment-agency.gov.uk/XMLSchemas/EATimeSeriesDataExchangeFormat" 
	xmlns:md="http://www.environment-agency.gov.uk/XMLSchemas/EAMetadataFormat"
	xmlns:xsi="http://www.w3.org/2001/XMLSchema-instance" 
  	xsi:schemaLocation="http://www.environment-agency.gov.uk/XMLSchemas/EATimeSeriesDataExchangeFormat EATimeSeriesDataExchangeFormat.xsd">
	<md:Publisher>Environment Agency</md:Publisher>
	<md:Source>Anglian Telemetry</md:Source>
	<md:Description>Telemetry Data</md:Description>
	<md:Creator>X-TEL 2.2</md:Creator>
 	<md:Date>2016-02-12</md:Date>
 	<md:Time>15:39:06</md:Time>
 	<md:Identifier>Anglian Interface Server</md:Identifier><Station
		stationReference="E2158"
		stationName="RASE SOUTH BRANCH FSR MKT RASEN"
		region="Anglian"
		ngr="TF1270088307">
 		<SetofValues
			parameter="Water Level"
			qualifier="Downstream Stage"
			dataType="Instantaneous"
			period="15 min"
			pointReference="E2158"
			characteristic="Measured"
			units="mAOD"
			startDate="2016-02-12" 
			startTime="04:45:00" 
			endDate="2016-02-12" 
			endTime="15:30:00"><Value date="2016-02-12" time="04:45:00" >26.202</Value><Value date="2016-02-12" time="05:00:00" >26.205</Value><Value date="2016-02-12" time="05:15:00" >26.207</Value><Value date="2016-02-12" time="05:30:00" >26.206</Value><Value date="2016-02-12" time="05:45:00" >26.202</Value><Value date="2016-02-12" time="06:00:00" >26.204</Value><Value date="2016-02-12" time="06:15:00" >26.202</Value><Value date="2016-02-12" time="06:30:00" >26.201</Value><Value date="2016-02-12" time="06:45:00" >26.201</Value><Value date="2016-02-12" time="07:00:00" >26.203</Value><Value date="2016-02-12" time="07:15:00" >26.204</Value><Value date="2016-02-12" time="07:30:00" >26.199</Value><Value date="2016-02-12" time="07:45:00" >26.201</Value><Value date="2016-02-12" time="08:00:00" >26.202</Value><Value date="2016-02-12" time="08:15:00" >26.197</Value><Value date="2016-02-12" time="08:30:00" >26.202</Value><Value date="2016-02-12" time="08:45:00" >26.204</Value><Value date="2016-02-12" time="09:00:00" >26.202</Value><Value date="2016-02-12" time="09:15:00" >26.200</Value><Value date="2016-02-12" time="09:30:00" >26.202</Value><Value date="2016-02-12" time="09:45:00" >26.207</Value><Value date="2016-02-12" time="10:00:00" >26.196</Value><Value date="2016-02-12" time="10:15:00" >26.192</Value><Value date="2016-02-12" time="10:30:00" >26.197</Value><Value date="2016-02-12" time="10:45:00" >26.190</Value><Value date="2016-02-12" time="11:00:00" >26.190</Value><Value date="2016-02-12" time="11:15:00" >26.194</Value><Value date="2016-02-12" time="11:30:00" >26.194</Value><Value date="2016-02-12" time="11:45:00" >26.193</Value><Value date="2016-02-12" time="12:00:00" >26.193</Value><Value date="2016-02-12" time="12:15:00" >26.194</Value><Value date="2016-02-12" time="12:30:00" >26.187</Value><Value date="2016-02-12" time="12:45:00" >26.190</Value><Value date="2016-02-12" time="13:00:00" >26.187</Value><Value date="2016-02-12" time="13:15:00" >26.182</Value><Value date="2016-02-12" time="13:30:00" >26.179</Value><Value date="2016-02-12" time="13:45:00" >26.180</Value><Value date="2016-02-12" time="14:00:00" >26.179</Value><Value date="2016-02-12" time="14:15:00" >26.180</Value><Value date="2016-02-12" time="14:30:00" >26.175</Value><Value date="2016-02-12" time="14:45:00" >26.180</Value><Value date="2016-02-12" time="15:00:00" >26.182</Value><Value date="2016-02-12" time="15:15:00" >26.181</Value><Value date="2016-02-12" time="15:30:00" >26.183</Value></SetofValues>
	</Station><Station
		stationReference="E2154"
		stationName="RASE SOUTH BRANCH FSR MKT RASEN"
		region="Anglian"
		ngr="TF1270088307">
 		<SetofValues
			parameter="Water Level"
			qualifier="Stage"
			dataType="Instantaneous"
			period="15 min"
			pointReference="E2154"
			characteristic="Measured"
			units="mAOD"
			startDate="2016-02-12" 
			startTime="04:45:00" 
			endDate="2016-02-12" 
			endTime="15:30:00"><Value date="2016-02-12" time="04:45:00" >26.567</Value><Value date="2016-02-12" time="05:00:00" >26.564</Value><Value date="2016-02-12" time="05:15:00" >26.568</Value><Value date="2016-02-12" time="05:30:00" >26.567</Value><Value date="2016-02-12" time="05:45:00" >26.564</Value><Value date="2016-02-12" time="06:00:00" >26.567</Value><Value date="2016-02-12" time="06:15:00" >26.561</Value><Value date="2016-02-12" time="06:30:00" >26.561</Value><Value date="2016-02-12" time="06:45:00" >26.559</Value><Value date="2016-02-12" time="07:00:00" >26.561</Value><Value date="2016-02-12" time="07:15:00" >26.558</Value><Value date="2016-02-12" time="07:30:00" >26.561</Value><Value date="2016-02-12" time="07:45:00" >26.558</Value><Value date="2016-02-12" time="08:00:00" >26.561</Value><Value date="2016-02-12" time="08:15:00" >26.558</Value><Value date="2016-02-12" time="08:30:00" >26.559</Value><Value date="2016-02-12" time="08:45:00" >26.558</Value><Value date="2016-02-12" time="09:00:00" >26.553</Value><Value date="2016-02-12" time="09:15:00" >26.555</Value><Value date="2016-02-12" time="09:30:00" >26.553</Value><Value date="2016-02-12" time="09:45:00" >26.546</Value><Value date="2016-02-12" time="10:00:00" >26.531</Value><Value date="2016-02-12" time="10:15:00" >26.532</Value><Value date="2016-02-12" time="10:30:00" >26.538</Value><Value date="2016-02-12" time="10:45:00" >26.534</Value><Value date="2016-02-12" time="11:00:00" >26.537</Value><Value date="2016-02-12" time="11:15:00" >26.542</Value><Value date="2016-02-12" time="11:30:00" >26.538</Value><Value date="2016-02-12" time="11:45:00" >26.529</Value><Value date="2016-02-12" time="12:00:00" >26.532</Value><Value date="2016-02-12" time="12:15:00" >26.531</Value><Value date="2016-02-12" time="12:30:00" >26.532</Value><Value date="2016-02-12" time="12:45:00" >26.525</Value><Value date="2016-02-12" time="13:00:00" >26.522</Value><Value date="2016-02-12" time="13:15:00" >26.528</Value><Value date="2016-02-12" time="13:30:00" >26.523</Value><Value date="2016-02-12" time="13:45:00" >26.526</Value><Value date="2016-02-12" time="14:00:00" >26.525</Value><Value date="2016-02-12" time="14:15:00" >26.531</Value><Value date="2016-02-12" time="14:30:00" >26.526</Value><Value date="2016-02-12" time="14:45:00" >26.528</Value><Value date="2016-02-12" time="15:00:00" >26.528</Value><Value date="2016-02-12" time="15:15:00" >26.529</Value><Value date="2016-02-12" time="15:30:00" >26.487</Value></SetofValues>
	</Station><Station
		stationReference="E71339"
		stationName="UKCMF WASH PILE TS"
		region="Anglian"
		ngr="TF4939533238">
 		<SetofValues
			parameter="Water Level"
			qualifier="Tidal Level"
			dataType="Mean"
			period="15 min"
			pointReference="E71339"
			characteristic="Measured"
			units="mAOD"
			startDate="2016-02-12" 
			startTime="15:30:00" 
			endDate="2016-02-12" 
			endTime="15:30:00"><Value date="2016-02-12" time="15:30:00" >-2.748</Value></SetofValues>
	</Station><Station
		stationReference="E2162"
		stationName="RASE SOUTH BRANCH FSR MKT RASEN"
		region="Anglian"
		ngr="TF1270088307">
 		<SetofValues
			parameter="Water Level"
			qualifier="Reservoir Level"
			dataType="Instantaneous"
			period="15 min"
			pointReference="E2162"
			characteristic="Measured"
			units="m"
			startDate="2016-02-12" 
			startTime="04:45:00" 
			endDate="2016-02-12" 
			endTime="15:30:00"><Value date="2016-02-12" time="04:45:00" >-1.633</Value><Value date="2016-02-12" time="05:00:00" >-1.636</Value><Value date="2016-02-12" time="05:15:00" >-1.632</Value><Value date="2016-02-12" time="05:30:00" >-1.633</Value><Value date="2016-02-12" time="05:45:00" >-1.636</Value><Value date="2016-02-12" time="06:00:00" >-1.633</Value><Value date="2016-02-12" time="06:15:00" >-1.639</Value><Value date="2016-02-12" time="06:30:00" >-1.639</Value><Value date="2016-02-12" time="06:45:00" >-1.641</Value><Value date="2016-02-12" time="07:00:00" >-1.639</Value><Value date="2016-02-12" time="07:15:00" >-1.642</Value><Value date="2016-02-12" time="07:30:00" >-1.639</Value><Value date="2016-02-12" time="07:45:00" >-1.642</Value><Value date="2016-02-12" time="08:00:00" >-1.639</Value><Value date="2016-02-12" time="08:15:00" >-1.642</Value><Value date="2016-02-12" time="08:30:00" >-1.641</Value><Value date="2016-02-12" time="08:45:00" >-1.642</Value><Value date="2016-02-12" time="09:00:00" >-1.647</Value><Value date="2016-02-12" time="09:15:00" >-1.645</Value><Value date="2016-02-12" time="09:30:00" >-1.647</Value><Value date="2016-02-12" time="09:45:00" >-1.654</Value><Value date="2016-02-12" time="10:00:00" >-1.669</Value><Value date="2016-02-12" time="10:15:00" >-1.668</Value><Value date="2016-02-12" time="10:30:00" >-1.662</Value><Value date="2016-02-12" time="10:45:00" >-1.666</Value><Value date="2016-02-12" time="11:00:00" >-1.663</Value><Value date="2016-02-12" time="11:15:00" >-1.659</Value><Value date="2016-02-12" time="11:30:00" >-1.662</Value><Value date="2016-02-12" time="11:45:00" >-1.671</Value><Value date="2016-02-12" time="12:00:00" >-1.668</Value><Value date="2016-02-12" time="12:15:00" >-1.669</Value><Value date="2016-02-12" time="12:30:00" >-1.668</Value><Value date="2016-02-12" time="12:45:00" >-1.675</Value><Value date="2016-02-12" time="13:00:00" >-1.678</Value><Value date="2016-02-12" time="13:15:00" >-1.672</Value><Value date="2016-02-12" time="13:30:00" >-1.677</Value><Value date="2016-02-12" time="13:45:00" >-1.674</Value><Value date="2016-02-12" time="14:00:00" >-1.675</Value><Value date="2016-02-12" time="14:15:00" >-1.669</Value><Value date="2016-02-12" time="14:30:00" >-1.674</Value><Value date="2016-02-12" time="14:45:00" >-1.672</Value><Value date="2016-02-12" time="15:00:00" >-1.672</Value><Value date="2016-02-12" time="15:15:00" >-1.671</Value><Value date="2016-02-12" time="15:30:00" >-1.713</Value></SetofValues>
	</Station><Station
		stationReference="E5755"
		stationName="ElementNotMappedToAnOutstation"
		region="Anglian"
		ngr="TG2198042530">
 		<SetofValues
			parameter="Water Level"
			qualifier="Tidal Level"
			dataType="Instantaneous"
			period="15 min"
			pointReference="E5755"
			characteristic="Measured"
			units="mAOD"
			startDate="2016-02-12" 
			startTime="15:30:00" 
			endDate="2016-02-12" 
			endTime="15:30:00"><Value date="2016-02-12" time="15:30:00" >-1.970</Value></SetofValues>
	</Station></EATimeSeriesDataExchangeFormat>