<?xml version="1.0"?>
<EATimeSeriesDataExchangeFormat xmlns="http://www.environment-agency.gov.uk/XMLSchemas/EATimeSeriesDataExchangeFormat" 
	xmlns:md="http://www.environment-agency.gov.uk/XMLSchemas/EAMetadataFormat"
	xmlns:xsi="http://www.w3.org/2001/XMLSchema-instance" 
  	xsi:schemaLocation="http://www.environment-agency.gov.uk/XMLSchemas/EATimeSeriesDataExchangeFormat EATimeSeriesDataExchangeFormat.xsd">
	<md:Publisher>Environment Agency</md:Publisher>
	<md:Source>Anglian Telemetry</md:Source>
	<md:Description>Telemetry Data</md:Description>
	<md:Creator>X-TEL 2.2</md:Creator>
 	<md:Date>2016-02-12</md:Date>
 	<md:Time>13:51:00</md:Time>
 	<md:Identifier>Anglian Interface Server</md:Identifier><Station
		stationReference="E1382"
		stationName="LOWER RINGSTEAD SLUICE AUTOMATION"
		region="Anglian"
		ngr="SP9736375210">
 		<SetofValues
			parameter="Water Level"
			qualifier="Stage"
			dataType="Instantaneous"
			period="15 min"
			pointReference="E1382"
			characteristic="Measured"
			units="mAOD"
			startDate="2016-02-12" 
			startTime="06:15:00" 
			endDate="2016-02-12" 
			endTime="07:45:00"><Value date="2016-02-12" time="06:15:00" >32.032</Value><Value date="2016-02-12" time="06:30:00" >32.033</Value><Value date="2016-02-12" time="06:45:00" >32.033</Value><Value date="2016-02-12" time="07:00:00" >32.035</Value><Value date="2016-02-12" time="07:15:00" >32.036</Value><Value date="2016-02-12" time="07:30:00" >32.036</Value><Value date="2016-02-12" time="07:45:00" >32.036</Value></SetofValues>
	</Station><Station
		stationReference="E1367"
		stationName="ElementNotMappedToAnOutstation"
		region="Anglian"
		ngr="SP7615059900">
 		<SetofValues
			parameter="Water Level"
			qualifier="Stage"
			dataType="Instantaneous"
			period="15 min"
			pointReference="E1367"
			characteristic="Measured"
			units="mAOD"
			startDate="2016-02-12" 
			startTime="05:30:00" 
			endDate="2016-02-12" 
			endTime="05:30:00"><Value date="2016-02-12" time="05:30:00" >57.199</Value></SetofValues>
	</Station><Station
		stationReference="E1997"
		stationName="ORTON SLUICE AUTOMATION"
		region="Anglian"
		ngr="TL1660097200">
 		<SetofValues
			parameter="Water Level"
			qualifier="Stage"
			dataType="Instantaneous"
			period="15 min"
			pointReference="E1997"
			characteristic="Measured"
			units="mAOD"
			startDate="2016-02-12" 
			startTime="13:45:00" 
			endDate="2016-02-12" 
			endTime="13:45:00"><Value date="2016-02-12" time="13:45:00" >3.373</Value></SetofValues>
	</Station><Station
		stationReference="E1298"
		stationName="WATER NEWTON SLUICE"
		region="Anglian"
		ngr="TL1090097400">
 		<SetofValues
			parameter="Water Level"
			qualifier="Stage"
			dataType="Instantaneous"
			period="15 min"
			pointReference="E1298"
			characteristic="Measured"
			units="mAOD"
			startDate="2016-02-12" 
			startTime="06:15:00" 
			endDate="2016-02-12" 
			endTime="13:45:00"><Value date="2016-02-12" time="06:15:00" >8.239</Value><Value date="2016-02-12" time="06:30:00" >8.241</Value><Value date="2016-02-12" time="06:45:00" >8.240</Value><Value date="2016-02-12" time="07:00:00" >8.242</Value><Value date="2016-02-12" time="07:15:00" >8.244</Value><Value date="2016-02-12" time="07:30:00" >8.245</Value><Value date="2016-02-12" time="07:45:00" >8.246</Value><Value date="2016-02-12" time="08:00:00" >8.246</Value><Value date="2016-02-12" time="08:15:00" >8.249</Value><Value date="2016-02-12" time="08:30:00" >8.250</Value><Value date="2016-02-12" time="08:45:00" >8.252</Value><Value date="2016-02-12" time="09:00:00" >8.252</Value><Value date="2016-02-12" time="09:15:00" >8.253</Value><Value date="2016-02-12" time="09:30:00" >8.254</Value><Value date="2016-02-12" time="09:45:00" >8.255</Value><Value date="2016-02-12" time="10:00:00" >8.256</Value><Value date="2016-02-12" time="10:15:00" >8.256</Value><Value date="2016-02-12" time="10:30:00" >8.230</Value><Value date="2016-02-12" time="10:45:00" >8.222</Value><Value date="2016-02-12" time="11:00:00" >8.251</Value><Value date="2016-02-12" time="11:15:00" >8.243</Value><Value date="2016-02-12" time="11:30:00" >8.236</Value><Value date="2016-02-12" time="11:45:00" >8.232</Value><Value date="2016-02-12" time="12:00:00" >8.235</Value><Value date="2016-02-12" time="12:15:00" >8.224</Value><Value date="2016-02-12" time="12:30:00" >8.245</Value><Value date="2016-02-12" time="12:45:00" >8.237</Value><Value date="2016-02-12" time="13:00:00" >8.234</Value><Value date="2016-02-12" time="13:15:00" >8.238</Value><Value date="2016-02-12" time="13:30:00" >8.237</Value><Value date="2016-02-12" time="13:45:00" >8.240</Value></SetofValues>
	</Station><Station
		stationReference="E1293"
		stationName="SOUTH BRIDGE GS NORTHAMPTON"
		region="Anglian"
		ngr="SP7541059770">
 		<SetofValues
			parameter="Flow"
			qualifier="Stage"
			dataType="Instantaneous"
			period="15 min"
			pointReference="E1293"
			characteristic="Measured"
			units="m3/s"
			startDate="2016-02-12" 
			startTime="10:15:00" 
			endDate="2016-02-12" 
			endTime="10:30:00"><Value date="2016-02-12" time="10:15:00" >5.200</Value><Value date="2016-02-12" time="10:30:00" >5.220</Value></SetofValues>
	</Station><Station
		stationReference="E2105"
		stationName="WANSFORD GS"
		region="Anglian"
		ngr="TL0820099700">
 		<SetofValues
			parameter="Water Level"
			qualifier="Stage"
			dataType="Instantaneous"
			period="15 min"
			pointReference="E2105"
			characteristic="Measured"
			units="mAOD"
			startDate="2016-02-12" 
			startTime="09:30:00" 
			endDate="2016-02-12" 
			endTime="09:30:00"><Value date="2016-02-12" time="09:30:00" >8.451</Value></SetofValues>
	</Station><Station
		stationReference="E2062"
		stationName="ISLIP LOCK SLUICE"
		region="Anglian"
		ngr="SP9910079200">
 		<SetofValues
			parameter="Water Level"
			qualifier="Stage"
			dataType="Instantaneous"
			period="15 min"
			pointReference="E2062"
			characteristic="Measured"
			units="mAOD"
			startDate="2016-02-12" 
			startTime="06:15:00" 
			endDate="2016-02-12" 
			endTime="13:45:00"><Value date="2016-02-12" time="06:15:00" >27.316</Value><Value date="2016-02-12" time="06:30:00" >27.327</Value><Value date="2016-02-12" time="06:45:00" >27.313</Value><Value date="2016-02-12" time="07:00:00" >27.314</Value><Value date="2016-02-12" time="07:15:00" >27.324</Value><Value date="2016-02-12" time="07:30:00" >27.320</Value><Value date="2016-02-12" time="07:45:00" >27.324</Value><Value date="2016-02-12" time="08:00:00" >27.322</Value><Value date="2016-02-12" time="08:15:00" >27.314</Value><Value date="2016-02-12" time="08:30:00" >27.309</Value><Value date="2016-02-12" time="08:45:00" >27.315</Value><Value date="2016-02-12" time="09:00:00" >27.301</Value><Value date="2016-02-12" time="09:15:00" >27.293</Value><Value date="2016-02-12" time="09:30:00" >27.286</Value><Value date="2016-02-12" time="09:45:00" >27.275</Value><Value date="2016-02-12" time="10:00:00" >27.259</Value><Value date="2016-02-12" time="10:15:00" >27.270</Value><Value date="2016-02-12" time="10:30:00" >27.259</Value><Value date="2016-02-12" time="10:45:00" >27.248</Value><Value date="2016-02-12" time="11:00:00" >27.239</Value><Value date="2016-02-12" time="11:15:00" >27.251</Value><Value date="2016-02-12" time="11:30:00" >27.239</Value><Value date="2016-02-12" time="11:45:00" >27.245</Value><Value date="2016-02-12" time="12:00:00" >27.233</Value><Value date="2016-02-12" time="12:15:00" >27.237</Value><Value date="2016-02-12" time="12:30:00" >27.233</Value><Value date="2016-02-12" time="12:45:00" >27.238</Value><Value date="2016-02-12" time="13:00:00" >27.201</Value><Value date="2016-02-12" time="13:15:00" >27.165</Value><Value date="2016-02-12" time="13:30:00" >27.159</Value><Value date="2016-02-12" time="13:45:00" >27.211</Value></SetofValues>
	</Station><Station
		stationReference="E2125"
		stationName="LILFORD GS"
		region="Anglian"
		ngr="TL0255383848">
 		<SetofValues
			parameter="Water Level"
			qualifier="Stage"
			dataType="Instantaneous"
			period="15 min"
			pointReference="E2125"
			characteristic="Measured"
			units="mAOD"
			startDate="2016-02-12" 
			startTime="06:15:00" 
			endDate="2016-02-12" 
			endTime="13:45:00"><Value date="2016-02-12" time="06:15:00" >22.318</Value><Value date="2016-02-12" time="06:30:00" >22.316</Value><Value date="2016-02-12" time="06:45:00" >22.314</Value><Value date="2016-02-12" time="07:00:00" >22.316</Value><Value date="2016-02-12" time="07:15:00" >22.316</Value><Value date="2016-02-12" time="07:30:00" >22.316</Value><Value date="2016-02-12" time="07:45:00" >22.316</Value><Value date="2016-02-12" time="08:00:00" >22.318</Value><Value date="2016-02-12" time="08:15:00" >22.319</Value><Value date="2016-02-12" time="08:30:00" >22.320</Value><Value date="2016-02-12" time="08:45:00" >22.321</Value><Value date="2016-02-12" time="09:00:00" >22.322</Value><Value date="2016-02-12" time="09:15:00" >22.324</Value><Value date="2016-02-12" time="09:30:00" >22.329</Value><Value date="2016-02-12" time="09:45:00" >22.333</Value><Value date="2016-02-12" time="10:00:00" >22.338</Value><Value date="2016-02-12" time="10:15:00" >22.315</Value><Value date="2016-02-12" time="10:30:00" >22.268</Value><Value date="2016-02-12" time="10:45:00" >22.263</Value><Value date="2016-02-12" time="11:00:00" >22.272</Value><Value date="2016-02-12" time="11:15:00" >22.298</Value><Value date="2016-02-12" time="11:30:00" >22.318</Value><Value date="2016-02-12" time="11:45:00" >22.330</Value><Value date="2016-02-12" time="12:00:00" >22.340</Value><Value date="2016-02-12" time="12:15:00" >22.348</Value><Value date="2016-02-12" time="12:30:00" >22.354</Value><Value date="2016-02-12" time="12:45:00" >22.359</Value><Value date="2016-02-12" time="13:00:00" >22.363</Value><Value date="2016-02-12" time="13:15:00" >22.367</Value><Value date="2016-02-12" time="13:30:00" >22.370</Value><Value date="2016-02-12" time="13:45:00" >22.371</Value></SetofValues>
	</Station><Station
		stationReference="E1996"
		stationName="ORTON SLUICE AUTOMATION"
		region="Anglian"
		ngr="TL1660097200">
 		<SetofValues
			parameter="Water Level"
			qualifier="Stage"
			dataType="Instantaneous"
			period="15 min"
			pointReference="E1996"
			characteristic="Measured"
			units="mAOD"
			startDate="2016-02-12" 
			startTime="13:45:00" 
			endDate="2016-02-12" 
			endTime="13:45:00"><Value date="2016-02-12" time="13:45:00" >4.391</Value></SetofValues>
	</Station><Station
		stationReference="E1413"
		stationName="ElementNotMappedToAnOutstation"
		region="Anglian"
		ngr="SP7620059900">
 		<SetofValues
			parameter="Water Level"
			qualifier="Stage"
			dataType="Instantaneous"
			period="15 min"
			pointReference="E1413"
			characteristic="Measured"
			units="mAOD"
			startDate="2016-02-12" 
			startTime="05:30:00" 
			endDate="2016-02-12" 
			endTime="06:00:00"><Value date="2016-02-12" time="05:30:00" >57.204</Value><Value date="2016-02-12" time="05:45:00" >57.204</Value><Value date="2016-02-12" time="06:00:00" >57.203</Value></SetofValues>
	</Station><Station
		stationReference="E42124"
		stationName="SOUTH BRIDGE GS NORTHAMPTON"
		region="Anglian"
		ngr="SP7540059700">
 		<SetofValues
			parameter="Water Level"
			qualifier="Stage"
			dataType="Instantaneous"
			period="15 min"
			pointReference="E42124"
			characteristic="Measured"
			units="mAOD"
			startDate="2016-02-12" 
			startTime="10:15:00" 
			endDate="2016-02-12" 
			endTime="10:45:00"><Value date="2016-02-12" time="10:15:00" >57.149</Value><Value date="2016-02-12" time="10:30:00" >57.148</Value><Value date="2016-02-12" time="10:45:00" >57.148</Value></SetofValues>
	</Station><Station
		stationReference="E6120"
		stationName="NORTHAMPTON WASHLANDS AUTO"
		region="Anglian"
		ngr="SP7930060600">
 		<SetofValues
			parameter="Water Level"
			qualifier="Stage"
			dataType="Instantaneous"
			period="15 min"
			pointReference="E6120"
			characteristic="Measured"
			units="mAOD"
			startDate="2016-02-12" 
			startTime="13:05:00" 
			endDate="2016-02-12" 
			endTime="13:50:00"><Value date="2016-02-12" time="13:05:00" >53.368</Value><Value date="2016-02-12" time="13:10:00" >53.368</Value><Value date="2016-02-12" time="13:15:00" >53.369</Value><Value date="2016-02-12" time="13:20:00" >53.370</Value><Value date="2016-02-12" time="13:25:00" >53.371</Value><Value date="2016-02-12" time="13:30:00" >53.371</Value><Value date="2016-02-12" time="13:35:00" >53.372</Value><Value date="2016-02-12" time="13:40:00" >53.372</Value><Value date="2016-02-12" time="13:45:00" >53.373</Value><Value date="2016-02-12" time="13:50:00" >53.373</Value></SetofValues>
	</Station><Station
		stationReference="E2721"
		stationName="HARDWATER MILL SLUICE GREAT DODDINGTON"
		region="Anglian"
		ngr="SP8760063700">
 		<SetofValues
			parameter="Water Level"
			qualifier="Stage"
			dataType="Instantaneous"
			period="15 min"
			pointReference="E2721"
			characteristic="Measured"
			units="mAOD"
			startDate="2016-02-12" 
			startTime="11:30:00" 
			endDate="2016-02-12" 
			endTime="13:45:00"><Value date="2016-02-12" time="11:30:00" >44.713</Value><Value date="2016-02-12" time="11:45:00" >44.663</Value><Value date="2016-02-12" time="12:00:00" >44.635</Value><Value date="2016-02-12" time="12:15:00" >44.614</Value><Value date="2016-02-12" time="12:30:00" >44.600</Value><Value date="2016-02-12" time="12:45:00" >44.587</Value><Value date="2016-02-12" time="13:00:00" >44.577</Value><Value date="2016-02-12" time="13:15:00" >44.571</Value><Value date="2016-02-12" time="13:30:00" >44.564</Value><Value date="2016-02-12" time="13:45:00" >44.565</Value></SetofValues>
	</Station><Station
		stationReference="E2061"
		stationName="ISLIP LOCK SLUICE"
		region="Anglian"
		ngr="SP9910079200">
 		<SetofValues
			parameter="Water Level"
			qualifier="Stage"
			dataType="Instantaneous"
			period="15 min"
			pointReference="E2061"
			characteristic="Measured"
			units="mAOD"
			startDate="2016-02-12" 
			startTime="06:15:00" 
			endDate="2016-02-12" 
			endTime="13:45:00"><Value date="2016-02-12" time="06:15:00" >28.417</Value><Value date="2016-02-12" time="06:30:00" >28.409</Value><Value date="2016-02-12" time="06:45:00" >28.400</Value><Value date="2016-02-12" time="07:00:00" >28.398</Value><Value date="2016-02-12" time="07:15:00" >28.396</Value><Value date="2016-02-12" time="07:30:00" >28.392</Value><Value date="2016-02-12" time="07:45:00" >28.386</Value><Value date="2016-02-12" time="08:00:00" >28.392</Value><Value date="2016-02-12" time="08:15:00" >28.390</Value><Value date="2016-02-12" time="08:30:00" >28.390</Value><Value date="2016-02-12" time="08:45:00" >28.387</Value><Value date="2016-02-12" time="09:00:00" >28.390</Value><Value date="2016-02-12" time="09:15:00" >28.388</Value><Value date="2016-02-12" time="09:30:00" >28.382</Value><Value date="2016-02-12" time="09:45:00" >28.384</Value><Value date="2016-02-12" time="10:00:00" >28.381</Value><Value date="2016-02-12" time="10:15:00" >28.376</Value><Value date="2016-02-12" time="10:30:00" >28.377</Value><Value date="2016-02-12" time="10:45:00" >28.370</Value><Value date="2016-02-12" time="11:00:00" >28.371</Value><Value date="2016-02-12" time="11:15:00" >28.369</Value><Value date="2016-02-12" time="11:30:00" >28.368</Value><Value date="2016-02-12" time="11:45:00" >28.366</Value><Value date="2016-02-12" time="12:00:00" >28.367</Value><Value date="2016-02-12" time="12:15:00" >28.364</Value><Value date="2016-02-12" time="12:30:00" >28.362</Value><Value date="2016-02-12" time="12:45:00" >28.364</Value><Value date="2016-02-12" time="13:00:00" >28.393</Value><Value date="2016-02-12" time="13:15:00" >28.438</Value><Value date="2016-02-12" time="13:30:00" >28.462</Value><Value date="2016-02-12" time="13:45:00" >28.439</Value></SetofValues>
	</Station><Station
		stationReference="E21788"
		stationName="HAMERTON GS"
		region="Anglian"
		ngr="TL1360079700">
 		<SetofValues
			parameter="Water Level"
			qualifier="Stage"
			dataType="Instantaneous"
			period="15 min"
			pointReference="E21788"
			characteristic="Measured"
			units="mAOD"
			startDate="2016-02-12" 
			startTime="06:45:00" 
			endDate="2016-02-12" 
			endTime="13:45:00"><Value date="2016-02-12" time="06:45:00" >25.921</Value><Value date="2016-02-12" time="07:00:00" >25.921</Value><Value date="2016-02-12" time="07:15:00" >25.921</Value><Value date="2016-02-12" time="07:30:00" >25.921</Value><Value date="2016-02-12" time="07:45:00" >25.921</Value><Value date="2016-02-12" time="08:00:00" >25.921</Value><Value date="2016-02-12" time="08:15:00" >25.922</Value><Value date="2016-02-12" time="08:30:00" >25.922</Value><Value date="2016-02-12" time="08:45:00" >25.922</Value><Value date="2016-02-12" time="09:00:00" >25.923</Value><Value date="2016-02-12" time="09:15:00" >25.923</Value><Value date="2016-02-12" time="09:30:00" >25.923</Value><Value date="2016-02-12" time="09:45:00" >25.924</Value><Value date="2016-02-12" time="10:00:00" >25.924</Value><Value date="2016-02-12" time="10:15:00" >25.924</Value><Value date="2016-02-12" time="10:30:00" >25.924</Value><Value date="2016-02-12" time="10:45:00" >25.925</Value><Value date="2016-02-12" time="11:00:00" >25.925</Value><Value date="2016-02-12" time="11:15:00" >25.925</Value><Value date="2016-02-12" time="11:30:00" >25.925</Value><Value date="2016-02-12" time="11:45:00" >25.925</Value><Value date="2016-02-12" time="12:00:00" >25.925</Value><Value date="2016-02-12" time="12:15:00" >25.926</Value><Value date="2016-02-12" time="12:30:00" >25.926</Value><Value date="2016-02-12" time="12:45:00" >25.927</Value><Value date="2016-02-12" time="13:00:00" >25.927</Value><Value date="2016-02-12" time="13:15:00" >25.927</Value><Value date="2016-02-12" time="13:30:00" >25.927</Value><Value date="2016-02-12" time="13:45:00" >25.927</Value></SetofValues>
	</Station><Station
		stationReference="E1048"
		stationName="ElementNotMappedToAnOutstation"
		region="Anglian"
		ngr="TL0533949550">
 		<SetofValues
			parameter="Water Level"
			qualifier="Stage"
			dataType="Instantaneous"
			period="15 min"
			pointReference="E1048"
			characteristic="Measured"
			units="mAOD"
			startDate="2016-02-12" 
			startTime="07:15:00" 
			endDate="2016-02-12" 
			endTime="10:00:00"><Value date="2016-02-12" time="07:15:00" >55.988</Value><Value date="2016-02-12" time="07:30:00" >55.988</Value><Value date="2016-02-12" time="07:45:00" >55.988</Value><Value date="2016-02-12" time="08:00:00" >55.987</Value><Value date="2016-02-12" time="08:15:00" >55.988</Value><Value date="2016-02-12" time="08:30:00" >55.988</Value><Value date="2016-02-12" time="08:45:00" >55.988</Value><Value date="2016-02-12" time="09:00:00" >55.987</Value><Value date="2016-02-12" time="09:15:00" >55.986</Value><Value date="2016-02-12" time="09:30:00" >55.986</Value><Value date="2016-02-12" time="09:45:00" >55.986</Value><Value date="2016-02-12" time="10:00:00" >55.986</Value></SetofValues>
	</Station><Station
		stationReference="E1363"
		stationName="ElementNotMappedToAnOutstation"
		region="Anglian"
		ngr="SP7751059557">
 		<SetofValues
			parameter="Water Level"
			qualifier="Stage"
			dataType="Instantaneous"
			period="15 min"
			pointReference="E1363"
			characteristic="Measured"
			units="mAOD"
			startDate="2016-02-12" 
			startTime="07:15:00" 
			endDate="2016-02-12" 
			endTime="10:15:00"><Value date="2016-02-12" time="07:15:00" >55.994</Value><Value date="2016-02-12" time="07:30:00" >55.994</Value><Value date="2016-02-12" time="07:45:00" >55.993</Value><Value date="2016-02-12" time="08:00:00" >55.993</Value><Value date="2016-02-12" time="08:15:00" >55.994</Value><Value date="2016-02-12" time="08:30:00" >55.994</Value><Value date="2016-02-12" time="08:45:00" >55.994</Value><Value date="2016-02-12" time="09:00:00" >55.993</Value><Value date="2016-02-12" time="09:15:00" >55.993</Value><Value date="2016-02-12" time="09:30:00" >55.993</Value><Value date="2016-02-12" time="09:45:00" >55.993</Value><Value date="2016-02-12" time="10:00:00" >55.993</Value><Value date="2016-02-12" time="10:15:00" >55.993</Value></SetofValues>
	</Station><Station
		stationReference="E6106"
		stationName="NORTHAMPTON WASHLANDS AUTO"
		region="Anglian"
		ngr="SP7914060460">
 		<SetofValues
			parameter="Water Level"
			qualifier="Stage"
			dataType="Instantaneous"
			period="15 min"
			pointReference="E6106"
			characteristic="Measured"
			units="mAOD"
			startDate="2016-02-12" 
			startTime="13:05:00" 
			endDate="2016-02-12" 
			endTime="13:50:00"><Value date="2016-02-12" time="13:05:00" >52.514</Value><Value date="2016-02-12" time="13:10:00" >52.510</Value><Value date="2016-02-12" time="13:15:00" >52.511</Value><Value date="2016-02-12" time="13:20:00" >52.513</Value><Value date="2016-02-12" time="13:25:00" >52.507</Value><Value date="2016-02-12" time="13:30:00" >52.510</Value><Value date="2016-02-12" time="13:35:00" >52.511</Value><Value date="2016-02-12" time="13:40:00" >52.511</Value><Value date="2016-02-12" time="13:45:00" >52.510</Value><Value date="2016-02-12" time="13:50:00" >52.505</Value></SetofValues>
	</Station><Station
		stationReference="E6135"
		stationName="NORTHAMPTON WASHLANDS AUTO"
		region="Anglian"
		ngr="SP7930060600">
 		<SetofValues
			parameter="Water Level"
			qualifier="Stage"
			dataType="Instantaneous"
			period="15 min"
			pointReference="E6135"
			characteristic="Measured"
			units="mAOD"
			startDate="2016-02-12" 
			startTime="13:15:00" 
			endDate="2016-02-12" 
			endTime="13:45:00"><Value date="2016-02-12" time="13:15:00" >52.518</Value><Value date="2016-02-12" time="13:30:00" >52.516</Value><Value date="2016-02-12" time="13:45:00" >52.519</Value></SetofValues>
	</Station><Station
		stationReference="E2119"
		stationName="COGENHOE LOCK SLUICE"
		region="Anglian"
		ngr="SP8320061300">
 		<SetofValues
			parameter="Water Level"
			qualifier="Stage"
			dataType="Instantaneous"
			period="15 min"
			pointReference="E2119"
			characteristic="Measured"
			units="mAOD"
			startDate="2016-02-12" 
			startTime="06:15:00" 
			endDate="2016-02-12" 
			endTime="13:45:00"><Value date="2016-02-12" time="06:15:00" >49.852</Value><Value date="2016-02-12" time="06:30:00" >49.851</Value><Value date="2016-02-12" time="06:45:00" >49.850</Value><Value date="2016-02-12" time="07:00:00" >49.848</Value><Value date="2016-02-12" time="07:15:00" >49.845</Value><Value date="2016-02-12" time="07:30:00" >49.846</Value><Value date="2016-02-12" time="07:45:00" >49.845</Value><Value date="2016-02-12" time="08:00:00" >49.845</Value><Value date="2016-02-12" time="08:15:00" >49.845</Value><Value date="2016-02-12" time="08:30:00" >49.845</Value><Value date="2016-02-12" time="08:45:00" >49.845</Value><Value date="2016-02-12" time="09:00:00" >49.848</Value><Value date="2016-02-12" time="09:15:00" >49.847</Value><Value date="2016-02-12" time="09:30:00" >49.849</Value><Value date="2016-02-12" time="09:45:00" >49.853</Value><Value date="2016-02-12" time="10:00:00" >49.859</Value><Value date="2016-02-12" time="10:15:00" >49.863</Value><Value date="2016-02-12" time="10:30:00" >49.866</Value><Value date="2016-02-12" time="10:45:00" >49.871</Value><Value date="2016-02-12" time="11:00:00" >49.873</Value><Value date="2016-02-12" time="11:15:00" >49.875</Value><Value date="2016-02-12" time="11:30:00" >49.876</Value><Value date="2016-02-12" time="11:45:00" >49.877</Value><Value date="2016-02-12" time="12:00:00" >49.875</Value><Value date="2016-02-12" time="12:15:00" >49.870</Value><Value date="2016-02-12" time="12:30:00" >49.865</Value><Value date="2016-02-12" time="12:45:00" >49.861</Value><Value date="2016-02-12" time="13:00:00" >49.857</Value><Value date="2016-02-12" time="13:15:00" >49.852</Value><Value date="2016-02-12" time="13:30:00" >49.849</Value><Value date="2016-02-12" time="13:45:00" >49.847</Value></SetofValues>
	</Station><Station
		stationReference="E1052"
		stationName="SOUTH BRIDGE GS NORTHAMPTON"
		region="Anglian"
		ngr="SP7541059770">
 		<SetofValues
			parameter="Water Level"
			qualifier="Stage"
			dataType="Instantaneous"
			period="15 min"
			pointReference="E1052"
			characteristic="Measured"
			units="m"
			startDate="2016-02-12" 
			startTime="10:15:00" 
			endDate="2016-02-12" 
			endTime="12:15:00"><Value date="2016-02-12" time="10:15:00" >57.161</Value><Value date="2016-02-12" time="10:30:00" >57.160</Value><Value date="2016-02-12" time="10:45:00" >57.159</Value><Value date="2016-02-12" time="11:00:00" >57.158</Value><Value date="2016-02-12" time="11:15:00" >57.159</Value><Value date="2016-02-12" time="11:30:00" >57.158</Value><Value date="2016-02-12" time="11:45:00" >57.158</Value><Value date="2016-02-12" time="12:00:00" >57.158</Value><Value date="2016-02-12" time="12:15:00" >57.156</Value></SetofValues>
	</Station><Station
		stationReference="E4453"
		stationName="LOWER RINGSTEAD SLUICE AUTOMATION"
		region="Anglian"
		ngr="SP9730075200">
 		<SetofValues
			parameter="Water Level"
			qualifier="Stage"
			dataType="Instantaneous"
			period="15 min"
			pointReference="E4453"
			characteristic="Measured"
			units="mAOD"
			startDate="2016-02-12" 
			startTime="06:15:00" 
			endDate="2016-02-12" 
			endTime="13:45:00"><Value date="2016-02-12" time="06:15:00" >32.023</Value><Value date="2016-02-12" time="06:30:00" >32.034</Value><Value date="2016-02-12" time="06:45:00" >32.023</Value><Value date="2016-02-12" time="07:00:00" >32.037</Value><Value date="2016-02-12" time="07:15:00" >32.024</Value><Value date="2016-02-12" time="07:30:00" >32.025</Value><Value date="2016-02-12" time="07:45:00" >32.026</Value><Value date="2016-02-12" time="08:00:00" >32.025</Value><Value date="2016-02-12" time="08:15:00" >32.027</Value><Value date="2016-02-12" time="08:30:00" >32.040</Value><Value date="2016-02-12" time="08:45:00" >32.027</Value><Value date="2016-02-12" time="09:00:00" >32.027</Value><Value date="2016-02-12" time="09:15:00" >32.041</Value><Value date="2016-02-12" time="09:30:00" >32.027</Value><Value date="2016-02-12" time="09:45:00" >32.041</Value><Value date="2016-02-12" time="10:00:00" >32.030</Value><Value date="2016-02-12" time="10:15:00" >32.029</Value><Value date="2016-02-12" time="10:30:00" >32.029</Value><Value date="2016-02-12" time="10:45:00" >32.030</Value><Value date="2016-02-12" time="11:00:00" >32.031</Value><Value date="2016-02-12" time="11:15:00" >32.031</Value><Value date="2016-02-12" time="11:30:00" >32.043</Value><Value date="2016-02-12" time="11:45:00" >32.031</Value><Value date="2016-02-12" time="12:00:00" >32.031</Value><Value date="2016-02-12" time="12:15:00" >32.031</Value><Value date="2016-02-12" time="12:30:00" >32.042</Value><Value date="2016-02-12" time="12:45:00" >32.031</Value><Value date="2016-02-12" time="13:00:00" >32.044</Value><Value date="2016-02-12" time="13:15:00" >32.030</Value><Value date="2016-02-12" time="13:30:00" >32.032</Value><Value date="2016-02-12" time="13:45:00" >32.028</Value></SetofValues>
	</Station></EATimeSeriesDataExchangeFormat>