<?xml version="1.0"?>
<EATimeSeriesDataExchangeFormat xmlns="http://www.environment-agency.gov.uk/XMLSchemas/EATimeSeriesDataExchangeFormat" 
	xmlns:md="http://www.environment-agency.gov.uk/XMLSchemas/EAMetadataFormat"
	xmlns:xsi="http://www.w3.org/2001/XMLSchema-instance" 
  	xsi:schemaLocation="http://www.environment-agency.gov.uk/XMLSchemas/EATimeSeriesDataExchangeFormat EATimeSeriesDataExchangeFormat.xsd">
	<md:Publisher>Environment Agency</md:Publisher>
	<md:Source>Anglian Telemetry</md:Source>
	<md:Description>Telemetry Data</md:Description>
	<md:Creator>X-TEL 2.2</md:Creator>
 	<md:Date>2016-02-12</md:Date>
 	<md:Time>15:42:00</md:Time>
 	<md:Identifier>Anglian Interface Server</md:Identifier><Station
		stationReference="E1997"
		stationName="ORTON SLUICE AUTOMATION"
		region="Anglian"
		ngr="TL1660097200">
 		<SetofValues
			parameter="Water Level"
			qualifier="Stage"
			dataType="Instantaneous"
			period="15 min"
			pointReference="E1997"
			characteristic="Measured"
			units="mAOD"
			startDate="2016-02-12" 
			startTime="14:00:00" 
			endDate="2016-02-12" 
			endTime="15:30:00"><Value date="2016-02-12" time="14:00:00" >3.358</Value><Value date="2016-02-12" time="14:15:00" >3.346</Value><Value date="2016-02-12" time="14:30:00" >3.330</Value><Value date="2016-02-12" time="14:45:00" >3.275</Value><Value date="2016-02-12" time="15:00:00" >3.252</Value><Value date="2016-02-12" time="15:15:00" >3.236</Value><Value date="2016-02-12" time="15:30:00" >3.220</Value></SetofValues>
	</Station><Station
		stationReference="E1996"
		stationName="ORTON SLUICE AUTOMATION"
		region="Anglian"
		ngr="TL1660097200">
 		<SetofValues
			parameter="Water Level"
			qualifier="Stage"
			dataType="Instantaneous"
			period="15 min"
			pointReference="E1996"
			characteristic="Measured"
			units="mAOD"
			startDate="2016-02-12" 
			startTime="14:00:00" 
			endDate="2016-02-12" 
			endTime="15:30:00"><Value date="2016-02-12" time="14:00:00" >4.384</Value><Value date="2016-02-12" time="14:15:00" >4.378</Value><Value date="2016-02-12" time="14:30:00" >4.371</Value><Value date="2016-02-12" time="14:45:00" >4.404</Value><Value date="2016-02-12" time="15:00:00" >4.393</Value><Value date="2016-02-12" time="15:15:00" >4.390</Value><Value date="2016-02-12" time="15:30:00" >4.395</Value></SetofValues>
	</Station><Station
		stationReference="E22561"
		stationName="ElementNotMappedToAnOutstation"
		region="Anglian"
		ngr="SP9401625958">
 		<SetofValues
			parameter="Flow"
			qualifier="Stage"
			dataType="Instantaneous"
			period="15 min"
			pointReference="E22561"
			characteristic="Measured"
			units="m3/s"
			startDate="2016-02-12" 
			startTime="15:40:00" 
			endDate="2016-02-12" 
			endTime="15:40:00"><Value date="2016-02-12" time="15:40:00" >1.303</Value></SetofValues>
	</Station></EATimeSeriesDataExchangeFormat>