<?xml version="1.0"?>
<EATimeSeriesDataExchangeFormat xmlns="http://www.environment-agency.gov.uk/XMLSchemas/EATimeSeriesDataExchangeFormat" 
	xmlns:md="http://www.environment-agency.gov.uk/XMLSchemas/EAMetadataFormat"
	xmlns:xsi="http://www.w3.org/2001/XMLSchema-instance" 
  	xsi:schemaLocation="http://www.environment-agency.gov.uk/XMLSchemas/EATimeSeriesDataExchangeFormat EATimeSeriesDataExchangeFormat.xsd">
	<md:Publisher>Environment Agency</md:Publisher>
	<md:Source>Anglian Telemetry</md:Source>
	<md:Description>Telemetry Data</md:Description>
	<md:Creator>X-TEL 2.2</md:Creator>
 	<md:Date>2016-02-12</md:Date>
 	<md:Time>10:30:09</md:Time>
 	<md:Identifier>Anglian Interface Server</md:Identifier><Station
		stationReference="E23141"
		stationName="EARL SOHAM RRB"
		region="Anglian"
		ngr="TM2330062800">
 		<SetofValues
			parameter="Rainfall"
			qualifier="Tipping Bucket Raingauge"
			dataType="Total"
			period="15 min"
			pointReference="E23141"
			characteristic="Measured"
			units="mm"
			startDate="2016-02-12" 
			startTime="09:15:00" 
			endDate="2016-02-12" 
			endTime="10:15:00"><Value date="2016-02-12" time="09:15:00" >0.000</Value><Value date="2016-02-12" time="09:30:00" >0.000</Value><Value date="2016-02-12" time="09:45:00" >0.000</Value><Value date="2016-02-12" time="10:00:00" >0.800</Value><Value date="2016-02-12" time="10:15:00" >0.000</Value></SetofValues>
	</Station><Station
		stationReference="E24238"
		stationName="BRAMPTON RAINGAUGE"
		region="Anglian"
		ngr="TL2230070900">
 		<SetofValues
			parameter="Rainfall"
			qualifier="Tipping Bucket Raingauge"
			dataType="Total"
			period="15 min"
			pointReference="E24238"
			characteristic="Measured"
			units="mm"
			startDate="2016-02-12" 
			startTime="10:15:00" 
			endDate="2016-02-12" 
			endTime="10:15:00"><Value date="2016-02-12" time="10:15:00" >0.000</Value></SetofValues>
	</Station><Station
		stationReference="E24187"
		stationName="EARL SOHAM RRB"
		region="Anglian"
		ngr="TM2330062800">
 		<SetofValues
			parameter="Rainfall"
			qualifier="Tipping Bucket Raingauge"
			dataType="Total"
			period="15 min"
			pointReference="E24187"
			characteristic="Measured"
			units="mm"
			startDate="2016-02-12" 
			startTime="09:15:00" 
			endDate="2016-02-12" 
			endTime="10:15:00"><Value date="2016-02-12" time="09:15:00" >0.000</Value><Value date="2016-02-12" time="09:30:00" >0.400</Value><Value date="2016-02-12" time="09:45:00" >1.120</Value><Value date="2016-02-12" time="10:00:00" >0.000</Value><Value date="2016-02-12" time="10:15:00" >0.000</Value></SetofValues>
	</Station><Station
		stationReference="E23135"
		stationName="EARL SOHAM RRB"
		region="Anglian"
		ngr="TM2330062800">
 		<SetofValues
			parameter="Water Level"
			qualifier="Groundwater"
			dataType="Instantaneous"
			period="15 min"
			pointReference="E23135"
			characteristic="Measured"
			units="m"
			startDate="2016-02-12" 
			startTime="09:15:00" 
			endDate="2016-02-12" 
			endTime="10:15:00"><Value date="2016-02-12" time="09:15:00" >0.000</Value><Value date="2016-02-12" time="09:30:00" >-0.010</Value><Value date="2016-02-12" time="09:45:00" >-0.010</Value><Value date="2016-02-12" time="10:00:00" >-0.010</Value><Value date="2016-02-12" time="10:15:00" >0.000</Value></SetofValues>
	</Station></EATimeSeriesDataExchangeFormat>