<?xml version="1.0"?>
<EATimeSeriesDataExchangeFormat xmlns="http://www.environment-agency.gov.uk/XMLSchemas/EATimeSeriesDataExchangeFormat" 
	xmlns:md="http://www.environment-agency.gov.uk/XMLSchemas/EAMetadataFormat"
	xmlns:xsi="http://www.w3.org/2001/XMLSchema-instance" 
  	xsi:schemaLocation="http://www.environment-agency.gov.uk/XMLSchemas/EATimeSeriesDataExchangeFormat EATimeSeriesDataExchangeFormat.xsd">
	<md:Publisher>Environment Agency</md:Publisher>
	<md:Source>Anglian Telemetry</md:Source>
	<md:Description>Telemetry Data</md:Description>
	<md:Creator>X-TEL 2.2</md:Creator>
 	<md:Date>2016-02-12</md:Date>
 	<md:Time>14:48:01</md:Time>
 	<md:Identifier>Anglian Interface Server</md:Identifier><Station
		stationReference="E21187"
		stationName="LEIGHTON BUZZARD GS"
		region="Anglian"
		ngr="SP9170024000">
 		<SetofValues
			parameter="Water Level"
			qualifier="Stage"
			dataType="Instantaneous"
			period="15 min"
			pointReference="E21187"
			characteristic="Measured"
			units="m"
			startDate="2016-02-12" 
			startTime="14:30:00" 
			endDate="2016-02-12" 
			endTime="14:45:00"><Value date="2016-02-12" time="14:30:00" >0.197</Value><Value date="2016-02-12" time="14:45:00" >0.197</Value></SetofValues>
	</Station><Station
		stationReference="E21188"
		stationName="LEIGHTON BUZZARD GS"
		region="Anglian"
		ngr="SP9169224079">
 		<SetofValues
			parameter="Flow"
			qualifier="Stage"
			dataType="Instantaneous"
			period="15 min"
			pointReference="E21188"
			characteristic="Measured"
			units="m3/s"
			startDate="2016-02-12" 
			startTime="14:30:00" 
			endDate="2016-02-12" 
			endTime="14:45:00"><Value date="2016-02-12" time="14:30:00" >1.044</Value><Value date="2016-02-12" time="14:45:00" >1.044</Value></SetofValues>
	</Station><Station
		stationReference="E21341"
		stationName="WELNEY CAUSEWAY GS"
		region="Anglian"
		ngr="TL5290093800">
 		<SetofValues
			parameter="Water Level"
			qualifier="Stage"
			dataType="Instantaneous"
			period="15 min"
			pointReference="E21341"
			characteristic="Measured"
			units="m"
			startDate="2016-02-12" 
			startTime="09:00:00" 
			endDate="2016-02-12" 
			endTime="14:45:00"><Value date="2016-02-12" time="09:00:00" >1.872</Value><Value date="2016-02-12" time="09:15:00" >1.877</Value><Value date="2016-02-12" time="09:30:00" >1.875</Value><Value date="2016-02-12" time="09:45:00" >1.877</Value><Value date="2016-02-12" time="10:00:00" >1.885</Value><Value date="2016-02-12" time="10:15:00" >1.889</Value><Value date="2016-02-12" time="10:30:00" >1.893</Value><Value date="2016-02-12" time="10:45:00" >1.892</Value><Value date="2016-02-12" time="11:00:00" >1.903</Value><Value date="2016-02-12" time="11:15:00" >1.907</Value><Value date="2016-02-12" time="11:30:00" >1.911</Value><Value date="2016-02-12" time="11:45:00" >1.913</Value><Value date="2016-02-12" time="12:00:00" >1.918</Value><Value date="2016-02-12" time="12:15:00" >1.924</Value><Value date="2016-02-12" time="12:30:00" >1.922</Value><Value date="2016-02-12" time="12:45:00" >1.924</Value><Value date="2016-02-12" time="13:00:00" >1.924</Value><Value date="2016-02-12" time="13:15:00" >1.925</Value><Value date="2016-02-12" time="13:30:00" >1.932</Value><Value date="2016-02-12" time="13:45:00" >1.934</Value><Value date="2016-02-12" time="14:00:00" >1.939</Value><Value date="2016-02-12" time="14:15:00" >1.934</Value><Value date="2016-02-12" time="14:30:00" >1.935</Value><Value date="2016-02-12" time="14:45:00" >1.932</Value></SetofValues>
	</Station><Station
		stationReference="E24267"
		stationName="ST IVES SLUICE"
		region="Anglian"
		ngr="TL3140070500">
 		<SetofValues
			parameter="Water Level"
			qualifier="Stage"
			dataType="Instantaneous"
			period="15 min"
			pointReference="E24267"
			characteristic="Measured"
			units="m"
			startDate="2016-02-12" 
			startTime="05:15:00" 
			endDate="2016-02-12" 
			endTime="14:45:00"><Value date="2016-02-12" time="05:15:00" >5.137</Value><Value date="2016-02-12" time="05:30:00" >5.134</Value><Value date="2016-02-12" time="05:45:00" >5.133</Value><Value date="2016-02-12" time="06:00:00" >5.132</Value><Value date="2016-02-12" time="06:15:00" >5.129</Value><Value date="2016-02-12" time="06:30:00" >5.132</Value><Value date="2016-02-12" time="06:45:00" >5.135</Value><Value date="2016-02-12" time="07:00:00" >5.141</Value><Value date="2016-02-12" time="07:15:00" >5.147</Value><Value date="2016-02-12" time="07:30:00" >5.145</Value><Value date="2016-02-12" time="07:45:00" >5.144</Value><Value date="2016-02-12" time="08:00:00" >5.148</Value><Value date="2016-02-12" time="08:15:00" >5.138</Value><Value date="2016-02-12" time="08:30:00" >5.128</Value><Value date="2016-02-12" time="08:45:00" >5.134</Value><Value date="2016-02-12" time="09:00:00" >5.138</Value><Value date="2016-02-12" time="09:15:00" >5.140</Value><Value date="2016-02-12" time="09:30:00" >5.139</Value><Value date="2016-02-12" time="09:45:00" >5.139</Value><Value date="2016-02-12" time="10:00:00" >5.141</Value><Value date="2016-02-12" time="10:15:00" >5.137</Value><Value date="2016-02-12" time="10:30:00" >5.137</Value><Value date="2016-02-12" time="10:45:00" >5.138</Value><Value date="2016-02-12" time="11:00:00" >5.137</Value><Value date="2016-02-12" time="11:15:00" >5.137</Value><Value date="2016-02-12" time="11:30:00" >5.137</Value><Value date="2016-02-12" time="11:45:00" >5.132</Value><Value date="2016-02-12" time="12:00:00" >5.131</Value><Value date="2016-02-12" time="12:15:00" >5.144</Value><Value date="2016-02-12" time="12:30:00" >5.148</Value><Value date="2016-02-12" time="12:45:00" >5.147</Value><Value date="2016-02-12" time="13:00:00" >5.150</Value><Value date="2016-02-12" time="13:15:00" >5.153</Value><Value date="2016-02-12" time="13:30:00" >5.148</Value><Value date="2016-02-12" time="13:45:00" >5.137</Value><Value date="2016-02-12" time="14:00:00" >5.134</Value><Value date="2016-02-12" time="14:15:00" >5.132</Value><Value date="2016-02-12" time="14:30:00" >5.131</Value><Value date="2016-02-12" time="14:45:00" >5.141</Value></SetofValues>
	</Station><Station
		stationReference="E22300"
		stationName="CLIPSTONE BROOK GS LEIGHTON BUZZARD"
		region="Anglian"
		ngr="SP9401625958">
 		<SetofValues
			parameter="Flow"
			qualifier="Stage"
			dataType="Instantaneous"
			period="15 min"
			pointReference="E22300"
			characteristic="Measured"
			units="m3/s"
			startDate="2016-02-12" 
			startTime="14:30:00" 
			endDate="2016-02-12" 
			endTime="14:45:00"><Value date="2016-02-12" time="14:30:00" >0.262</Value><Value date="2016-02-12" time="14:45:00" >0.262</Value></SetofValues>
	</Station><Station
		stationReference="E21747"
		stationName="EARITH SLUICE AUTOMATION"
		region="Anglian"
		ngr="TL3880074800">
 		<SetofValues
			parameter="Water Level"
			qualifier="Stage"
			dataType="Instantaneous"
			period="15 min"
			pointReference="E21747"
			characteristic="Measured"
			units="mAOD"
			startDate="2016-02-12" 
			startTime="14:30:00" 
			endDate="2016-02-12" 
			endTime="14:45:00"><Value date="2016-02-12" time="14:30:00" >3.118</Value><Value date="2016-02-12" time="14:45:00" >3.105</Value></SetofValues>
	</Station><Station
		stationReference="E21987"
		stationName="CLIPSTONE BROOK GS LEIGHTON BUZZARD"
		region="Anglian"
		ngr="SP9400025900">
 		<SetofValues
			parameter="Water Level"
			qualifier="Stage"
			dataType="Instantaneous"
			period="15 min"
			pointReference="E21987"
			characteristic="Measured"
			units="m"
			startDate="2016-02-12" 
			startTime="14:30:00" 
			endDate="2016-02-12" 
			endTime="14:45:00"><Value date="2016-02-12" time="14:30:00" >0.186</Value><Value date="2016-02-12" time="14:45:00" >0.186</Value></SetofValues>
	</Station></EATimeSeriesDataExchangeFormat>