<?xml version="1.0"?>
<EATimeSeriesDataExchangeFormat xmlns="http://www.environment-agency.gov.uk/XMLSchemas/EATimeSeriesDataExchangeFormat" 
	xmlns:md="http://www.environment-agency.gov.uk/XMLSchemas/EAMetadataFormat"
	xmlns:xsi="http://www.w3.org/2001/XMLSchema-instance" 
  	xsi:schemaLocation="http://www.environment-agency.gov.uk/XMLSchemas/EATimeSeriesDataExchangeFormat EATimeSeriesDataExchangeFormat.xsd">
	<md:Publisher>Environment Agency</md:Publisher>
	<md:Source>Anglian Telemetry</md:Source>
	<md:Description>Telemetry Data</md:Description>
	<md:Creator>X-TEL 2.2</md:Creator>
 	<md:Date>2016-02-12</md:Date>
 	<md:Time>13:15:10</md:Time>
 	<md:Identifier>Anglian Interface Server</md:Identifier><Station
		stationReference="E44566"
		stationName="CARDINGTON SLALOM GSM"
		region="Anglian"
		ngr="TL0763548722">
 		<SetofValues
			parameter="Water Level"
			qualifier="Stage"
			dataType="Instantaneous"
			period="15 min"
			pointReference="E44566"
			characteristic="Measured"
			units="mAOD"
			startDate="2016-02-12" 
			startTime="12:30:00" 
			endDate="2016-02-12" 
			endTime="13:00:00"><Value date="2016-02-12" time="12:30:00" >23.880</Value><Value date="2016-02-12" time="12:45:00" >23.882</Value><Value date="2016-02-12" time="13:00:00" >23.861</Value></SetofValues>
	</Station></EATimeSeriesDataExchangeFormat>