<?xml version="1.0"?>
<EATimeSeriesDataExchangeFormat xmlns="http://www.environment-agency.gov.uk/XMLSchemas/EATimeSeriesDataExchangeFormat" 
	xmlns:md="http://www.environment-agency.gov.uk/XMLSchemas/EAMetadataFormat"
	xmlns:xsi="http://www.w3.org/2001/XMLSchema-instance" 
  	xsi:schemaLocation="http://www.environment-agency.gov.uk/XMLSchemas/EATimeSeriesDataExchangeFormat EATimeSeriesDataExchangeFormat.xsd">
	<md:Publisher>Environment Agency</md:Publisher>
	<md:Source>Anglian Telemetry</md:Source>
	<md:Description>Telemetry Data</md:Description>
	<md:Creator>X-TEL 2.2</md:Creator>
 	<md:Date>2016-02-12</md:Date>
 	<md:Time>15:12:05</md:Time>
 	<md:Identifier>Anglian Interface Server</md:Identifier><Station
		stationReference="E1442"
		stationName="FERRIBY SLUICE AUTOMATION"
		region="Anglian"
		ngr="SE9750021100">
 		<SetofValues
			parameter="Water Level"
			qualifier="Tidal Level"
			dataType="Instantaneous"
			period="15 min"
			pointReference="E1442"
			characteristic="Measured"
			units="mAOD"
			startDate="2016-02-12" 
			startTime="12:00:00" 
			endDate="2016-02-12" 
			endTime="15:00:00"><Value date="2016-02-12" time="12:00:00" >0.996</Value><Value date="2016-02-12" time="12:15:00" >0.705</Value><Value date="2016-02-12" time="12:30:00" >0.382</Value><Value date="2016-02-12" time="12:45:00" >0.073</Value><Value date="2016-02-12" time="13:00:00" >-0.227</Value><Value date="2016-02-12" time="13:15:00" >-0.501</Value><Value date="2016-02-12" time="13:30:00" >-0.768</Value><Value date="2016-02-12" time="13:45:00" >-1.005</Value><Value date="2016-02-12" time="14:00:00" >-1.192</Value><Value date="2016-02-12" time="14:15:00" >-1.417</Value><Value date="2016-02-12" time="14:30:00" >-1.609</Value><Value date="2016-02-12" time="14:45:00" >-1.757</Value><Value date="2016-02-12" time="15:00:00" >-1.879</Value></SetofValues>
	</Station><Station
		stationReference="E22561"
		stationName="ElementNotMappedToAnOutstation"
		region="Anglian"
		ngr="SP9401625958">
 		<SetofValues
			parameter="Flow"
			qualifier="Stage"
			dataType="Instantaneous"
			period="15 min"
			pointReference="E22561"
			characteristic="Measured"
			units="m3/s"
			startDate="2016-02-12" 
			startTime="15:10:00" 
			endDate="2016-02-12" 
			endTime="15:10:00"><Value date="2016-02-12" time="15:10:00" >1.306</Value></SetofValues>
	</Station><Station
		stationReference="E2143"
		stationName="RASE NORTH BRANCH FSR MKT RASEN"
		region="Anglian"
		ngr="TF1136589327">
 		<SetofValues
			parameter="Water Level"
			qualifier="Stage"
			dataType="Instantaneous"
			period="15 min"
			pointReference="E2143"
			characteristic="Measured"
			units="mAOD"
			startDate="2016-02-12" 
			startTime="04:45:00" 
			endDate="2016-02-12" 
			endTime="15:00:00"><Value date="2016-02-12" time="04:45:00" >24.849</Value><Value date="2016-02-12" time="05:00:00" >24.848</Value><Value date="2016-02-12" time="05:15:00" >24.846</Value><Value date="2016-02-12" time="05:30:00" >24.848</Value><Value date="2016-02-12" time="05:45:00" >24.850</Value><Value date="2016-02-12" time="06:00:00" >24.850</Value><Value date="2016-02-12" time="06:15:00" >24.848</Value><Value date="2016-02-12" time="06:30:00" >24.850</Value><Value date="2016-02-12" time="06:45:00" >24.848</Value><Value date="2016-02-12" time="07:00:00" >24.848</Value><Value date="2016-02-12" time="07:15:00" >24.841</Value><Value date="2016-02-12" time="07:30:00" >24.846</Value><Value date="2016-02-12" time="07:45:00" >24.848</Value><Value date="2016-02-12" time="08:00:00" >24.848</Value><Value date="2016-02-12" time="08:15:00" >24.842</Value><Value date="2016-02-12" time="08:30:00" >24.846</Value><Value date="2016-02-12" time="08:45:00" >24.846</Value><Value date="2016-02-12" time="09:00:00" >24.844</Value><Value date="2016-02-12" time="09:15:00" >24.843</Value><Value date="2016-02-12" time="09:30:00" >24.841</Value><Value date="2016-02-12" time="09:45:00" >24.838</Value><Value date="2016-02-12" time="10:00:00" >24.834</Value><Value date="2016-02-12" time="10:15:00" >24.829</Value><Value date="2016-02-12" time="10:30:00" >24.830</Value><Value date="2016-02-12" time="10:45:00" >24.830</Value><Value date="2016-02-12" time="11:00:00" >24.835</Value><Value date="2016-02-12" time="11:15:00" >24.834</Value><Value date="2016-02-12" time="11:30:00" >24.830</Value><Value date="2016-02-12" time="11:45:00" >24.834</Value><Value date="2016-02-12" time="12:00:00" >24.832</Value><Value date="2016-02-12" time="12:15:00" >24.830</Value><Value date="2016-02-12" time="12:30:00" >24.830</Value><Value date="2016-02-12" time="12:45:00" >24.831</Value><Value date="2016-02-12" time="13:00:00" >24.830</Value><Value date="2016-02-12" time="13:15:00" >24.828</Value><Value date="2016-02-12" time="13:30:00" >24.829</Value><Value date="2016-02-12" time="13:45:00" >24.823</Value><Value date="2016-02-12" time="14:00:00" >24.830</Value><Value date="2016-02-12" time="14:15:00" >24.829</Value><Value date="2016-02-12" time="14:30:00" >24.830</Value><Value date="2016-02-12" time="14:45:00" >24.834</Value><Value date="2016-02-12" time="15:00:00" >24.834</Value></SetofValues>
	</Station><Station
		stationReference="E2151"
		stationName="RASE NORTH BRANCH FSR MKT RASEN"
		region="Anglian"
		ngr="TF1136589327">
 		<SetofValues
			parameter="Water Level"
			qualifier="Reservoir Level"
			dataType="Instantaneous"
			period="15 min"
			pointReference="E2151"
			characteristic="Measured"
			units="m"
			startDate="2016-02-12" 
			startTime="04:45:00" 
			endDate="2016-02-12" 
			endTime="15:00:00"><Value date="2016-02-12" time="04:45:00" >-0.151</Value><Value date="2016-02-12" time="05:00:00" >-0.152</Value><Value date="2016-02-12" time="05:15:00" >-0.154</Value><Value date="2016-02-12" time="05:30:00" >-0.152</Value><Value date="2016-02-12" time="05:45:00" >-0.150</Value><Value date="2016-02-12" time="06:00:00" >-0.150</Value><Value date="2016-02-12" time="06:15:00" >-0.152</Value><Value date="2016-02-12" time="06:30:00" >-0.150</Value><Value date="2016-02-12" time="06:45:00" >-0.152</Value><Value date="2016-02-12" time="07:00:00" >-0.152</Value><Value date="2016-02-12" time="07:15:00" >-0.159</Value><Value date="2016-02-12" time="07:30:00" >-0.154</Value><Value date="2016-02-12" time="07:45:00" >-0.152</Value><Value date="2016-02-12" time="08:00:00" >-0.152</Value><Value date="2016-02-12" time="08:15:00" >-0.158</Value><Value date="2016-02-12" time="08:30:00" >-0.154</Value><Value date="2016-02-12" time="08:45:00" >-0.154</Value><Value date="2016-02-12" time="09:00:00" >-0.156</Value><Value date="2016-02-12" time="09:15:00" >-0.157</Value><Value date="2016-02-12" time="09:30:00" >-0.159</Value><Value date="2016-02-12" time="09:45:00" >-0.162</Value><Value date="2016-02-12" time="10:00:00" >-0.166</Value><Value date="2016-02-12" time="10:15:00" >-0.171</Value><Value date="2016-02-12" time="10:30:00" >-0.170</Value><Value date="2016-02-12" time="10:45:00" >-0.170</Value><Value date="2016-02-12" time="11:00:00" >-0.165</Value><Value date="2016-02-12" time="11:15:00" >-0.166</Value><Value date="2016-02-12" time="11:30:00" >-0.170</Value><Value date="2016-02-12" time="11:45:00" >-0.166</Value><Value date="2016-02-12" time="12:00:00" >-0.168</Value><Value date="2016-02-12" time="12:15:00" >-0.170</Value><Value date="2016-02-12" time="12:30:00" >-0.170</Value><Value date="2016-02-12" time="12:45:00" >-0.169</Value><Value date="2016-02-12" time="13:00:00" >-0.170</Value><Value date="2016-02-12" time="13:15:00" >-0.172</Value><Value date="2016-02-12" time="13:30:00" >-0.171</Value><Value date="2016-02-12" time="13:45:00" >-0.177</Value><Value date="2016-02-12" time="14:00:00" >-0.170</Value><Value date="2016-02-12" time="14:15:00" >-0.171</Value><Value date="2016-02-12" time="14:30:00" >-0.170</Value><Value date="2016-02-12" time="14:45:00" >-0.166</Value><Value date="2016-02-12" time="15:00:00" >-0.166</Value></SetofValues>
	</Station></EATimeSeriesDataExchangeFormat>