<?xml version="1.0"?>
<EATimeSeriesDataExchangeFormat xmlns="http://www.environment-agency.gov.uk/XMLSchemas/EATimeSeriesDataExchangeFormat" 
	xmlns:md="http://www.environment-agency.gov.uk/XMLSchemas/EAMetadataFormat"
	xmlns:xsi="http://www.w3.org/2001/XMLSchema-instance" 
  	xsi:schemaLocation="http://www.environment-agency.gov.uk/XMLSchemas/EATimeSeriesDataExchangeFormat EATimeSeriesDataExchangeFormat.xsd">
	<md:Publisher>Environment Agency</md:Publisher>
	<md:Source>Anglian Telemetry</md:Source>
	<md:Description>Telemetry Data</md:Description>
	<md:Creator>X-TEL 2.2</md:Creator>
 	<md:Date>2016-02-12</md:Date>
 	<md:Time>14:42:03</md:Time>
 	<md:Identifier>Anglian Interface Server</md:Identifier><Station
		stationReference="E23527"
		stationName="ELY RIVER GS"
		region="Anglian"
		ngr="TL5600080400">
 		<SetofValues
			parameter="Water Level"
			qualifier="Stage"
			dataType="Instantaneous"
			period="15 min"
			pointReference="E23527"
			characteristic="Measured"
			units="m"
			startDate="2016-02-12" 
			startTime="13:30:00" 
			endDate="2016-02-12" 
			endTime="14:30:00"><Value date="2016-02-12" time="13:30:00" >1.588</Value><Value date="2016-02-12" time="13:45:00" >1.587</Value><Value date="2016-02-12" time="14:00:00" >1.591</Value><Value date="2016-02-12" time="14:15:00" >1.592</Value><Value date="2016-02-12" time="14:30:00" >1.604</Value></SetofValues>
	</Station><Station
		stationReference="E24102"
		stationName="BOTTISHAM SLUICE AUTOMATION"
		region="Anglian"
		ngr="TL5080065700">
 		<SetofValues
			parameter="Water Level"
			qualifier="Stage"
			dataType="Instantaneous"
			period="15 min"
			pointReference="E24102"
			characteristic="Measured"
			units="m"
			startDate="2016-02-12" 
			startTime="13:30:00" 
			endDate="2016-02-12" 
			endTime="14:30:00"><Value date="2016-02-12" time="13:30:00" >2.600</Value><Value date="2016-02-12" time="13:45:00" >2.591</Value><Value date="2016-02-12" time="14:00:00" >2.592</Value><Value date="2016-02-12" time="14:15:00" >2.592</Value><Value date="2016-02-12" time="14:30:00" >2.594</Value></SetofValues>
	</Station><Station
		stationReference="E22561"
		stationName="ElementNotMappedToAnOutstation"
		region="Anglian"
		ngr="SP9401625958">
 		<SetofValues
			parameter="Flow"
			qualifier="Stage"
			dataType="Instantaneous"
			period="15 min"
			pointReference="E22561"
			characteristic="Measured"
			units="m3/s"
			startDate="2016-02-12" 
			startTime="14:40:00" 
			endDate="2016-02-12" 
			endTime="14:40:00"><Value date="2016-02-12" time="14:40:00" >1.306</Value></SetofValues>
	</Station></EATimeSeriesDataExchangeFormat>