<?xml version="1.0"?>
<EATimeSeriesDataExchangeFormat xmlns="http://www.environment-agency.gov.uk/XMLSchemas/EATimeSeriesDataExchangeFormat" 
	xmlns:md="http://www.environment-agency.gov.uk/XMLSchemas/EAMetadataFormat"
	xmlns:xsi="http://www.w3.org/2001/XMLSchema-instance" 
  	xsi:schemaLocation="http://www.environment-agency.gov.uk/XMLSchemas/EATimeSeriesDataExchangeFormat EATimeSeriesDataExchangeFormat.xsd">
	<md:Publisher>Environment Agency</md:Publisher>
	<md:Source>Anglian Telemetry</md:Source>
	<md:Description>Telemetry Data</md:Description>
	<md:Creator>X-TEL 2.2</md:Creator>
 	<md:Date>2016-02-12</md:Date>
 	<md:Time>11:54:04</md:Time>
 	<md:Identifier>Anglian Interface Server</md:Identifier><Station
		stationReference="E21325"
		stationName="OLNEY SLUICE GS"
		region="Anglian"
		ngr="SP8850050700">
 		<SetofValues
			parameter="Water Level"
			qualifier="Stage"
			dataType="Instantaneous"
			period="15 min"
			pointReference="E21325"
			characteristic="Measured"
			units="mAOD"
			startDate="2016-02-12" 
			startTime="06:15:00" 
			endDate="2016-02-12" 
			endTime="11:45:00"><Value date="2016-02-12" time="06:15:00" >48.408</Value><Value date="2016-02-12" time="06:30:00" >48.408</Value><Value date="2016-02-12" time="06:45:00" >48.407</Value><Value date="2016-02-12" time="07:00:00" >48.407</Value><Value date="2016-02-12" time="07:15:00" >48.406</Value><Value date="2016-02-12" time="07:30:00" >48.406</Value><Value date="2016-02-12" time="07:45:00" >48.405</Value><Value date="2016-02-12" time="08:00:00" >48.406</Value><Value date="2016-02-12" time="08:15:00" >48.407</Value><Value date="2016-02-12" time="08:30:00" >48.407</Value><Value date="2016-02-12" time="08:45:00" >48.405</Value><Value date="2016-02-12" time="09:00:00" >48.405</Value><Value date="2016-02-12" time="09:15:00" >48.406</Value><Value date="2016-02-12" time="09:30:00" >48.407</Value><Value date="2016-02-12" time="09:45:00" >48.406</Value><Value date="2016-02-12" time="10:00:00" >48.407</Value><Value date="2016-02-12" time="10:15:00" >48.405</Value><Value date="2016-02-12" time="10:30:00" >48.406</Value><Value date="2016-02-12" time="10:45:00" >48.403</Value><Value date="2016-02-12" time="11:00:00" >48.403</Value><Value date="2016-02-12" time="11:15:00" >48.405</Value><Value date="2016-02-12" time="11:30:00" >48.408</Value><Value date="2016-02-12" time="11:45:00" >48.409</Value></SetofValues>
	</Station><Station
		stationReference="E71339"
		stationName="UKCMF WASH PILE TS"
		region="Anglian"
		ngr="TF4939533238">
 		<SetofValues
			parameter="Water Level"
			qualifier="Tidal Level"
			dataType="Mean"
			period="15 min"
			pointReference="E71339"
			characteristic="Measured"
			units="mAOD"
			startDate="2016-02-12" 
			startTime="11:45:00" 
			endDate="2016-02-12" 
			endTime="11:45:00"><Value date="2016-02-12" time="11:45:00" >0.682</Value></SetofValues>
	</Station><Station
		stationReference="E5755"
		stationName="ElementNotMappedToAnOutstation"
		region="Anglian"
		ngr="TG2198042530">
 		<SetofValues
			parameter="Water Level"
			qualifier="Tidal Level"
			dataType="Instantaneous"
			period="15 min"
			pointReference="E5755"
			characteristic="Measured"
			units="mAOD"
			startDate="2016-02-12" 
			startTime="11:45:00" 
			endDate="2016-02-12" 
			endTime="11:45:00"><Value date="2016-02-12" time="11:45:00" >0.761</Value></SetofValues>
	</Station></EATimeSeriesDataExchangeFormat>