<?xml version="1.0"?>
<EATimeSeriesDataExchangeFormat xmlns="http://www.environment-agency.gov.uk/XMLSchemas/EATimeSeriesDataExchangeFormat" 
	xmlns:md="http://www.environment-agency.gov.uk/XMLSchemas/EAMetadataFormat"
	xmlns:xsi="http://www.w3.org/2001/XMLSchema-instance" 
  	xsi:schemaLocation="http://www.environment-agency.gov.uk/XMLSchemas/EATimeSeriesDataExchangeFormat EATimeSeriesDataExchangeFormat.xsd">
	<md:Publisher>Environment Agency</md:Publisher>
	<md:Source>Anglian Telemetry</md:Source>
	<md:Description>Telemetry Data</md:Description>
	<md:Creator>X-TEL 2.2</md:Creator>
 	<md:Date>2016-02-12</md:Date>
 	<md:Time>13:27:06</md:Time>
 	<md:Identifier>Anglian Interface Server</md:Identifier><Station
		stationReference="E1152"
		stationName="GOXHILL OUTFALL SLUICE"
		region="Anglian"
		ngr="TA1200025500">
 		<SetofValues
			parameter="Water Level"
			qualifier="Tidal Level"
			dataType="Instantaneous"
			period="15 min"
			pointReference="E1152"
			characteristic="Measured"
			units="mAOD"
			startDate="2016-02-12" 
			startTime="12:45:00" 
			endDate="2016-02-12" 
			endTime="13:15:00"><Value date="2016-02-12" time="12:45:00" >2.968</Value><Value date="2016-02-12" time="13:00:00" >2.968</Value><Value date="2016-02-12" time="13:15:00" >2.968</Value></SetofValues>
	</Station></EATimeSeriesDataExchangeFormat>