<?xml version="1.0"?>
<EATimeSeriesDataExchangeFormat xmlns="http://www.environment-agency.gov.uk/XMLSchemas/EATimeSeriesDataExchangeFormat" 
	xmlns:md="http://www.environment-agency.gov.uk/XMLSchemas/EAMetadataFormat"
	xmlns:xsi="http://www.w3.org/2001/XMLSchema-instance" 
  	xsi:schemaLocation="http://www.environment-agency.gov.uk/XMLSchemas/EATimeSeriesDataExchangeFormat EATimeSeriesDataExchangeFormat.xsd">
	<md:Publisher>Environment Agency</md:Publisher>
	<md:Source>Anglian Telemetry</md:Source>
	<md:Description>Telemetry Data</md:Description>
	<md:Creator>X-TEL 2.2</md:Creator>
 	<md:Date>2016-02-12</md:Date>
 	<md:Time>14:27:08</md:Time>
 	<md:Identifier>Anglian Interface Server</md:Identifier><Station
		stationReference="E21747"
		stationName="EARITH SLUICE AUTOMATION"
		region="Anglian"
		ngr="TL3880074800">
 		<SetofValues
			parameter="Water Level"
			qualifier="Stage"
			dataType="Instantaneous"
			period="15 min"
			pointReference="E21747"
			characteristic="Measured"
			units="mAOD"
			startDate="2016-02-12" 
			startTime="11:00:00" 
			endDate="2016-02-12" 
			endTime="14:15:00"><Value date="2016-02-12" time="11:00:00" >3.225</Value><Value date="2016-02-12" time="11:15:00" >3.247</Value><Value date="2016-02-12" time="11:30:00" >3.259</Value><Value date="2016-02-12" time="11:45:00" >3.270</Value><Value date="2016-02-12" time="12:00:00" >3.276</Value><Value date="2016-02-12" time="12:15:00" >3.268</Value><Value date="2016-02-12" time="12:30:00" >3.257</Value><Value date="2016-02-12" time="12:45:00" >3.243</Value><Value date="2016-02-12" time="13:00:00" >3.221</Value><Value date="2016-02-12" time="13:15:00" >3.198</Value><Value date="2016-02-12" time="13:30:00" >3.178</Value><Value date="2016-02-12" time="13:45:00" >3.160</Value><Value date="2016-02-12" time="14:00:00" >3.145</Value><Value date="2016-02-12" time="14:15:00" >3.128</Value></SetofValues>
	</Station></EATimeSeriesDataExchangeFormat>