<?xml version="1.0"?>
<EATimeSeriesDataExchangeFormat xmlns="http://www.environment-agency.gov.uk/XMLSchemas/EATimeSeriesDataExchangeFormat" 
	xmlns:md="http://www.environment-agency.gov.uk/XMLSchemas/EAMetadataFormat"
	xmlns:xsi="http://www.w3.org/2001/XMLSchema-instance" 
  	xsi:schemaLocation="http://www.environment-agency.gov.uk/XMLSchemas/EATimeSeriesDataExchangeFormat EATimeSeriesDataExchangeFormat.xsd">
	<md:Publisher>Environment Agency</md:Publisher>
	<md:Source>Anglian Telemetry</md:Source>
	<md:Description>Telemetry Data</md:Description>
	<md:Creator>X-TEL 2.2</md:Creator>
 	<md:Date>2016-02-12</md:Date>
 	<md:Time>10:48:01</md:Time>
 	<md:Identifier>Anglian Interface Server</md:Identifier><Station
		stationReference="E21187"
		stationName="LEIGHTON BUZZARD GS"
		region="Anglian"
		ngr="SP9170024000">
 		<SetofValues
			parameter="Water Level"
			qualifier="Stage"
			dataType="Instantaneous"
			period="15 min"
			pointReference="E21187"
			characteristic="Measured"
			units="m"
			startDate="2016-02-12" 
			startTime="10:30:00" 
			endDate="2016-02-12" 
			endTime="10:45:00"><Value date="2016-02-12" time="10:30:00" >0.198</Value><Value date="2016-02-12" time="10:45:00" >0.198</Value></SetofValues>
	</Station><Station
		stationReference="E21188"
		stationName="LEIGHTON BUZZARD GS"
		region="Anglian"
		ngr="SP9169224079">
 		<SetofValues
			parameter="Flow"
			qualifier="Stage"
			dataType="Instantaneous"
			period="15 min"
			pointReference="E21188"
			characteristic="Measured"
			units="m3/s"
			startDate="2016-02-12" 
			startTime="10:30:00" 
			endDate="2016-02-12" 
			endTime="10:45:00"><Value date="2016-02-12" time="10:30:00" >1.052</Value><Value date="2016-02-12" time="10:45:00" >1.052</Value></SetofValues>
	</Station><Station
		stationReference="E1746"
		stationName="LANGWORTH BRIDGE GS"
		region="Anglian"
		ngr="TF0660076600">
 		<SetofValues
			parameter="Water Level"
			qualifier="Stage"
			dataType="Instantaneous"
			period="15 min"
			pointReference="E1746"
			characteristic="Measured"
			units="m"
			startDate="2016-02-12" 
			startTime="06:15:00" 
			endDate="2016-02-12" 
			endTime="10:45:00"><Value date="2016-02-12" time="06:15:00" >0.419</Value><Value date="2016-02-12" time="06:30:00" >0.419</Value><Value date="2016-02-12" time="06:45:00" >0.419</Value><Value date="2016-02-12" time="07:00:00" >0.419</Value><Value date="2016-02-12" time="07:15:00" >0.418</Value><Value date="2016-02-12" time="07:30:00" >0.418</Value><Value date="2016-02-12" time="07:45:00" >0.418</Value><Value date="2016-02-12" time="08:00:00" >0.417</Value><Value date="2016-02-12" time="08:15:00" >0.417</Value><Value date="2016-02-12" time="08:30:00" >0.417</Value><Value date="2016-02-12" time="08:45:00" >0.417</Value><Value date="2016-02-12" time="09:00:00" >0.416</Value><Value date="2016-02-12" time="09:15:00" >0.416</Value><Value date="2016-02-12" time="09:30:00" >0.416</Value><Value date="2016-02-12" time="09:45:00" >0.416</Value><Value date="2016-02-12" time="10:00:00" >0.416</Value><Value date="2016-02-12" time="10:15:00" >0.416</Value><Value date="2016-02-12" time="10:30:00" >0.416</Value><Value date="2016-02-12" time="10:45:00" >0.416</Value></SetofValues>
	</Station><Station
		stationReference="E22300"
		stationName="CLIPSTONE BROOK GS LEIGHTON BUZZARD"
		region="Anglian"
		ngr="SP9401625958">
 		<SetofValues
			parameter="Flow"
			qualifier="Stage"
			dataType="Instantaneous"
			period="15 min"
			pointReference="E22300"
			characteristic="Measured"
			units="m3/s"
			startDate="2016-02-12" 
			startTime="10:30:00" 
			endDate="2016-02-12" 
			endTime="10:45:00"><Value date="2016-02-12" time="10:30:00" >0.217</Value><Value date="2016-02-12" time="10:45:00" >0.217</Value></SetofValues>
	</Station><Station
		stationReference="E21747"
		stationName="EARITH SLUICE AUTOMATION"
		region="Anglian"
		ngr="TL3880074800">
 		<SetofValues
			parameter="Water Level"
			qualifier="Stage"
			dataType="Instantaneous"
			period="15 min"
			pointReference="E21747"
			characteristic="Measured"
			units="mAOD"
			startDate="2016-02-12" 
			startTime="10:30:00" 
			endDate="2016-02-12" 
			endTime="10:45:00"><Value date="2016-02-12" time="10:30:00" >3.179</Value><Value date="2016-02-12" time="10:45:00" >3.196</Value></SetofValues>
	</Station><Station
		stationReference="E2986"
		stationName="LANGWORTH BRIDGE GS"
		region="Anglian"
		ngr="TF0664476565">
 		<SetofValues
			parameter="Flow"
			qualifier="Stage"
			dataType="Instantaneous"
			period="15 min"
			pointReference="E2986"
			characteristic="Measured"
			units="m3/s"
			startDate="2016-02-12" 
			startTime="06:15:00" 
			endDate="2016-02-12" 
			endTime="10:45:00"><Value date="2016-02-12" time="06:15:00" >1.555</Value><Value date="2016-02-12" time="06:30:00" >1.555</Value><Value date="2016-02-12" time="06:45:00" >1.555</Value><Value date="2016-02-12" time="07:00:00" >1.555</Value><Value date="2016-02-12" time="07:15:00" >1.546</Value><Value date="2016-02-12" time="07:30:00" >1.546</Value><Value date="2016-02-12" time="07:45:00" >1.546</Value><Value date="2016-02-12" time="08:00:00" >1.538</Value><Value date="2016-02-12" time="08:15:00" >1.538</Value><Value date="2016-02-12" time="08:30:00" >1.538</Value><Value date="2016-02-12" time="08:45:00" >1.538</Value><Value date="2016-02-12" time="09:00:00" >1.530</Value><Value date="2016-02-12" time="09:15:00" >1.530</Value><Value date="2016-02-12" time="09:30:00" >1.530</Value><Value date="2016-02-12" time="09:45:00" >1.530</Value><Value date="2016-02-12" time="10:00:00" >1.530</Value><Value date="2016-02-12" time="10:15:00" >1.530</Value><Value date="2016-02-12" time="10:30:00" >1.530</Value><Value date="2016-02-12" time="10:45:00" >1.530</Value></SetofValues>
	</Station><Station
		stationReference="E21987"
		stationName="CLIPSTONE BROOK GS LEIGHTON BUZZARD"
		region="Anglian"
		ngr="SP9400025900">
 		<SetofValues
			parameter="Water Level"
			qualifier="Stage"
			dataType="Instantaneous"
			period="15 min"
			pointReference="E21987"
			characteristic="Measured"
			units="m"
			startDate="2016-02-12" 
			startTime="10:30:00" 
			endDate="2016-02-12" 
			endTime="10:45:00"><Value date="2016-02-12" time="10:30:00" >0.170</Value><Value date="2016-02-12" time="10:45:00" >0.170</Value></SetofValues>
	</Station></EATimeSeriesDataExchangeFormat>