<?xml version="1.0"?>
<EATimeSeriesDataExchangeFormat xmlns="http://www.environment-agency.gov.uk/XMLSchemas/EATimeSeriesDataExchangeFormat" 
	xmlns:md="http://www.environment-agency.gov.uk/XMLSchemas/EAMetadataFormat"
	xmlns:xsi="http://www.w3.org/2001/XMLSchema-instance" 
  	xsi:schemaLocation="http://www.environment-agency.gov.uk/XMLSchemas/EATimeSeriesDataExchangeFormat EATimeSeriesDataExchangeFormat.xsd">
	<md:Publisher>Environment Agency</md:Publisher>
	<md:Source>Anglian Telemetry</md:Source>
	<md:Description>Telemetry Data</md:Description>
	<md:Creator>X-TEL 2.2</md:Creator>
 	<md:Date>2016-02-12</md:Date>
 	<md:Time>14:51:02</md:Time>
 	<md:Identifier>Anglian Interface Server</md:Identifier><Station
		stationReference="E21862"
		stationName="HAIL WESTON MEAGRE FARM GS"
		region="Anglian"
		ngr="TL1550063100">
 		<SetofValues
			parameter="Water Level"
			qualifier="Stage"
			dataType="Instantaneous"
			period="15 min"
			pointReference="E21862"
			characteristic="Measured"
			units="m"
			startDate="2016-02-12" 
			startTime="09:00:00" 
			endDate="2016-02-12" 
			endTime="14:45:00"><Value date="2016-02-12" time="09:00:00" >1.213</Value><Value date="2016-02-12" time="09:15:00" >1.213</Value><Value date="2016-02-12" time="09:30:00" >1.213</Value><Value date="2016-02-12" time="09:45:00" >1.212</Value><Value date="2016-02-12" time="10:00:00" >1.212</Value><Value date="2016-02-12" time="10:15:00" >1.212</Value><Value date="2016-02-12" time="10:30:00" >1.211</Value><Value date="2016-02-12" time="10:45:00" >1.211</Value><Value date="2016-02-12" time="11:00:00" >1.210</Value><Value date="2016-02-12" time="11:15:00" >1.210</Value><Value date="2016-02-12" time="11:30:00" >1.210</Value><Value date="2016-02-12" time="11:45:00" >1.210</Value><Value date="2016-02-12" time="12:00:00" >1.209</Value><Value date="2016-02-12" time="12:15:00" >1.209</Value><Value date="2016-02-12" time="12:30:00" >1.209</Value><Value date="2016-02-12" time="12:45:00" >1.209</Value><Value date="2016-02-12" time="13:00:00" >1.208</Value><Value date="2016-02-12" time="13:15:00" >1.209</Value><Value date="2016-02-12" time="13:30:00" >1.209</Value><Value date="2016-02-12" time="13:45:00" >1.208</Value><Value date="2016-02-12" time="14:00:00" >1.209</Value><Value date="2016-02-12" time="14:15:00" >1.209</Value><Value date="2016-02-12" time="14:30:00" >1.209</Value><Value date="2016-02-12" time="14:45:00" >1.209</Value></SetofValues>
	</Station><Station
		stationReference="E1007"
		stationName="ElementNotMappedToAnOutstation"
		region="Anglian"
		ngr="SK9870000700">
 		<SetofValues
			parameter="Water Level"
			qualifier="Stage"
			dataType="Instantaneous"
			period="15 min"
			pointReference="E1007"
			characteristic="Measured"
			units="mAOD"
			startDate="2016-02-12" 
			startTime="07:15:00" 
			endDate="2016-02-12" 
			endTime="14:45:00"><Value date="2016-02-12" time="07:15:00" >30.471</Value><Value date="2016-02-12" time="07:30:00" >30.470</Value><Value date="2016-02-12" time="07:45:00" >30.470</Value><Value date="2016-02-12" time="08:00:00" >30.470</Value><Value date="2016-02-12" time="08:15:00" >30.471</Value><Value date="2016-02-12" time="08:30:00" >30.471</Value><Value date="2016-02-12" time="08:45:00" >30.469</Value><Value date="2016-02-12" time="09:00:00" >30.469</Value><Value date="2016-02-12" time="09:15:00" >30.470</Value><Value date="2016-02-12" time="09:30:00" >30.470</Value><Value date="2016-02-12" time="09:45:00" >30.469</Value><Value date="2016-02-12" time="10:00:00" >30.469</Value><Value date="2016-02-12" time="10:15:00" >30.469</Value><Value date="2016-02-12" time="10:30:00" >30.468</Value><Value date="2016-02-12" time="10:45:00" >30.469</Value><Value date="2016-02-12" time="11:00:00" >30.469</Value><Value date="2016-02-12" time="11:15:00" >30.467</Value><Value date="2016-02-12" time="11:30:00" >30.468</Value><Value date="2016-02-12" time="11:45:00" >30.468</Value><Value date="2016-02-12" time="12:00:00" >30.468</Value><Value date="2016-02-12" time="12:15:00" >30.469</Value><Value date="2016-02-12" time="12:30:00" >30.468</Value><Value date="2016-02-12" time="12:45:00" >30.468</Value><Value date="2016-02-12" time="13:00:00" >30.467</Value><Value date="2016-02-12" time="13:15:00" >30.467</Value><Value date="2016-02-12" time="13:30:00" >30.467</Value><Value date="2016-02-12" time="13:45:00" >30.468</Value><Value date="2016-02-12" time="14:00:00" >30.468</Value><Value date="2016-02-12" time="14:15:00" >30.467</Value><Value date="2016-02-12" time="14:30:00" >30.467</Value><Value date="2016-02-12" time="14:45:00" >30.468</Value></SetofValues>
	</Station><Station
		stationReference="E21863"
		stationName="HAIL WESTON MEAGRE FARM GS"
		region="Anglian"
		ngr="TL1559263133">
 		<SetofValues
			parameter="Flow"
			qualifier="Stage"
			dataType="Instantaneous"
			period="15 min"
			pointReference="E21863"
			characteristic="Measured"
			units="m3/s"
			startDate="2016-02-12" 
			startTime="09:00:00" 
			endDate="2016-02-12" 
			endTime="14:45:00"><Value date="2016-02-12" time="09:00:00" >0.512</Value><Value date="2016-02-12" time="09:15:00" >0.512</Value><Value date="2016-02-12" time="09:30:00" >0.512</Value><Value date="2016-02-12" time="09:45:00" >0.508</Value><Value date="2016-02-12" time="10:00:00" >0.508</Value><Value date="2016-02-12" time="10:15:00" >0.508</Value><Value date="2016-02-12" time="10:30:00" >0.504</Value><Value date="2016-02-12" time="10:45:00" >0.504</Value><Value date="2016-02-12" time="11:00:00" >0.501</Value><Value date="2016-02-12" time="11:15:00" >0.501</Value><Value date="2016-02-12" time="11:30:00" >0.501</Value><Value date="2016-02-12" time="11:45:00" >0.501</Value><Value date="2016-02-12" time="12:00:00" >0.497</Value><Value date="2016-02-12" time="12:15:00" >0.497</Value><Value date="2016-02-12" time="12:30:00" >0.497</Value><Value date="2016-02-12" time="12:45:00" >0.497</Value><Value date="2016-02-12" time="13:00:00" >0.493</Value><Value date="2016-02-12" time="13:15:00" >0.497</Value><Value date="2016-02-12" time="13:30:00" >0.497</Value><Value date="2016-02-12" time="13:45:00" >0.493</Value><Value date="2016-02-12" time="14:00:00" >0.497</Value><Value date="2016-02-12" time="14:15:00" >0.497</Value><Value date="2016-02-12" time="14:30:00" >0.497</Value><Value date="2016-02-12" time="14:45:00" >0.497</Value></SetofValues>
	</Station></EATimeSeriesDataExchangeFormat>