<?xml version="1.0"?>
<EATimeSeriesDataExchangeFormat xmlns="http://www.environment-agency.gov.uk/XMLSchemas/EATimeSeriesDataExchangeFormat" 
	xmlns:md="http://www.environment-agency.gov.uk/XMLSchemas/EAMetadataFormat"
	xmlns:xsi="http://www.w3.org/2001/XMLSchema-instance" 
  	xsi:schemaLocation="http://www.environment-agency.gov.uk/XMLSchemas/EATimeSeriesDataExchangeFormat EATimeSeriesDataExchangeFormat.xsd">
	<md:Publisher>Environment Agency</md:Publisher>
	<md:Source>Anglian Telemetry</md:Source>
	<md:Description>Telemetry Data</md:Description>
	<md:Creator>X-TEL 2.2</md:Creator>
 	<md:Date>2016-02-12</md:Date>
 	<md:Time>13:33:00</md:Time>
 	<md:Identifier>Anglian Interface Server</md:Identifier><Station
		stationReference="E1997"
		stationName="ORTON SLUICE AUTOMATION"
		region="Anglian"
		ngr="TL1660097200">
 		<SetofValues
			parameter="Water Level"
			qualifier="Stage"
			dataType="Instantaneous"
			period="15 min"
			pointReference="E1997"
			characteristic="Measured"
			units="mAOD"
			startDate="2016-02-12" 
			startTime="13:30:00" 
			endDate="2016-02-12" 
			endTime="13:30:00"><Value date="2016-02-12" time="13:30:00" >3.385</Value></SetofValues>
	</Station><Station
		stationReference="E1996"
		stationName="ORTON SLUICE AUTOMATION"
		region="Anglian"
		ngr="TL1660097200">
 		<SetofValues
			parameter="Water Level"
			qualifier="Stage"
			dataType="Instantaneous"
			period="15 min"
			pointReference="E1996"
			characteristic="Measured"
			units="mAOD"
			startDate="2016-02-12" 
			startTime="13:30:00" 
			endDate="2016-02-12" 
			endTime="13:30:00"><Value date="2016-02-12" time="13:30:00" >4.397</Value></SetofValues>
	</Station><Station
		stationReference="E1435"
		stationName="BARTON ON HUMBER PS"
		region="Anglian"
		ngr="TA0660076600">
 		<SetofValues
			parameter="Water Level"
			qualifier="Stage"
			dataType="Instantaneous"
			period="15 min"
			pointReference="E1435"
			characteristic="Measured"
			units="mAOD"
			startDate="2016-02-12" 
			startTime="13:30:00" 
			endDate="2016-02-12" 
			endTime="13:30:00"><Value date="2016-02-12" time="13:30:00" >1.764</Value></SetofValues>
	</Station></EATimeSeriesDataExchangeFormat>