<?xml version="1.0"?>
<EATimeSeriesDataExchangeFormat xmlns="http://www.environment-agency.gov.uk/XMLSchemas/EATimeSeriesDataExchangeFormat" 
	xmlns:md="http://www.environment-agency.gov.uk/XMLSchemas/EAMetadataFormat"
	xmlns:xsi="http://www.w3.org/2001/XMLSchema-instance" 
  	xsi:schemaLocation="http://www.environment-agency.gov.uk/XMLSchemas/EATimeSeriesDataExchangeFormat EATimeSeriesDataExchangeFormat.xsd">
	<md:Publisher>Environment Agency</md:Publisher>
	<md:Source>Anglian Telemetry</md:Source>
	<md:Description>Telemetry Data</md:Description>
	<md:Creator>X-TEL 2.2</md:Creator>
 	<md:Date>2016-02-12</md:Date>
 	<md:Time>15:24:03</md:Time>
 	<md:Identifier>Anglian Interface Server</md:Identifier><Station
		stationReference="E23527"
		stationName="ELY RIVER GS"
		region="Anglian"
		ngr="TL5600080400">
 		<SetofValues
			parameter="Water Level"
			qualifier="Stage"
			dataType="Instantaneous"
			period="15 min"
			pointReference="E23527"
			characteristic="Measured"
			units="m"
			startDate="2016-02-12" 
			startTime="15:15:00" 
			endDate="2016-02-12" 
			endTime="15:15:00"><Value date="2016-02-12" time="15:15:00" >1.608</Value></SetofValues>
	</Station><Station
		stationReference="E24323"
		stationName="COLNE TIDE BARRIER WIVENHOE"
		region="Anglian"
		ngr="TM0420021300">
 		<SetofValues
			parameter="Water Level"
			qualifier="Tidal Level"
			dataType="Instantaneous"
			period="15 min"
			pointReference="E24323"
			characteristic="Measured"
			units="mAOD"
			startDate="2016-02-12" 
			startTime="14:45:00" 
			endDate="2016-02-12" 
			endTime="15:15:00"><Value date="2016-02-12" time="14:45:00" >3.000</Value><Value date="2016-02-12" time="15:00:00" >3.000</Value><Value date="2016-02-12" time="15:15:00" >2.869</Value></SetofValues>
	</Station><Station
		stationReference="E24322"
		stationName="COLNE TIDE BARRIER WIVENHOE"
		region="Anglian"
		ngr="TM0420021300">
 		<SetofValues
			parameter="Water Level"
			qualifier="Stage"
			dataType="Instantaneous"
			period="15 min"
			pointReference="E24322"
			characteristic="Measured"
			units="mAOD"
			startDate="2016-02-12" 
			startTime="14:45:00" 
			endDate="2016-02-12" 
			endTime="15:15:00"><Value date="2016-02-12" time="14:45:00" >2.985</Value><Value date="2016-02-12" time="15:00:00" >2.994</Value><Value date="2016-02-12" time="15:15:00" >2.870</Value></SetofValues>
	</Station><Station
		stationReference="E71339"
		stationName="UKCMF WASH PILE TS"
		region="Anglian"
		ngr="TF4939533238">
 		<SetofValues
			parameter="Water Level"
			qualifier="Tidal Level"
			dataType="Mean"
			period="15 min"
			pointReference="E71339"
			characteristic="Measured"
			units="mAOD"
			startDate="2016-02-12" 
			startTime="15:15:00" 
			endDate="2016-02-12" 
			endTime="15:15:00"><Value date="2016-02-12" time="15:15:00" >-2.793</Value></SetofValues>
	</Station><Station
		stationReference="E5755"
		stationName="ElementNotMappedToAnOutstation"
		region="Anglian"
		ngr="TG2198042530">
 		<SetofValues
			parameter="Water Level"
			qualifier="Tidal Level"
			dataType="Instantaneous"
			period="15 min"
			pointReference="E5755"
			characteristic="Measured"
			units="mAOD"
			startDate="2016-02-12" 
			startTime="15:15:00" 
			endDate="2016-02-12" 
			endTime="15:15:00"><Value date="2016-02-12" time="15:15:00" >-1.949</Value></SetofValues>
	</Station></EATimeSeriesDataExchangeFormat>