<?xml version="1.0"?>
<EATimeSeriesDataExchangeFormat xmlns="http://www.environment-agency.gov.uk/XMLSchemas/EATimeSeriesDataExchangeFormat" 
	xmlns:md="http://www.environment-agency.gov.uk/XMLSchemas/EAMetadataFormat"
	xmlns:xsi="http://www.w3.org/2001/XMLSchema-instance" 
  	xsi:schemaLocation="http://www.environment-agency.gov.uk/XMLSchemas/EATimeSeriesDataExchangeFormat EATimeSeriesDataExchangeFormat.xsd">
	<md:Publisher>Environment Agency</md:Publisher>
	<md:Source>Anglian Telemetry</md:Source>
	<md:Description>Telemetry Data</md:Description>
	<md:Creator>X-TEL 2.2</md:Creator>
 	<md:Date>2016-02-12</md:Date>
 	<md:Time>15:45:06</md:Time>
 	<md:Identifier>Anglian Interface Server</md:Identifier><Station
		stationReference="E23527"
		stationName="ELY RIVER GS"
		region="Anglian"
		ngr="TL5600080400">
 		<SetofValues
			parameter="Water Level"
			qualifier="Stage"
			dataType="Instantaneous"
			period="15 min"
			pointReference="E23527"
			characteristic="Measured"
			units="m"
			startDate="2016-02-12" 
			startTime="15:30:00" 
			endDate="2016-02-12" 
			endTime="15:30:00"><Value date="2016-02-12" time="15:30:00" >1.602</Value></SetofValues>
	</Station><Station
		stationReference="E24238"
		stationName="BRAMPTON RAINGAUGE"
		region="Anglian"
		ngr="TL2230070900">
 		<SetofValues
			parameter="Rainfall"
			qualifier="Tipping Bucket Raingauge"
			dataType="Total"
			period="15 min"
			pointReference="E24238"
			characteristic="Measured"
			units="mm"
			startDate="2016-02-12" 
			startTime="15:30:00" 
			endDate="2016-02-12" 
			endTime="15:30:00"><Value date="2016-02-12" time="15:30:00" >0.000</Value></SetofValues>
	</Station></EATimeSeriesDataExchangeFormat>