<?xml version="1.0"?>
<EATimeSeriesDataExchangeFormat xmlns="http://www.environment-agency.gov.uk/XMLSchemas/EATimeSeriesDataExchangeFormat" 
	xmlns:md="http://www.environment-agency.gov.uk/XMLSchemas/EAMetadataFormat"
	xmlns:xsi="http://www.w3.org/2001/XMLSchema-instance" 
  	xsi:schemaLocation="http://www.environment-agency.gov.uk/XMLSchemas/EATimeSeriesDataExchangeFormat EATimeSeriesDataExchangeFormat.xsd">
	<md:Publisher>Environment Agency</md:Publisher>
	<md:Source>Anglian Telemetry</md:Source>
	<md:Description>Telemetry Data</md:Description>
	<md:Creator>X-TEL 2.2</md:Creator>
 	<md:Date>2016-02-12</md:Date>
 	<md:Time>12:09:04</md:Time>
 	<md:Identifier>Anglian Interface Server</md:Identifier><Station
		stationReference="E21325"
		stationName="OLNEY SLUICE GS"
		region="Anglian"
		ngr="SP8850050700">
 		<SetofValues
			parameter="Water Level"
			qualifier="Stage"
			dataType="Instantaneous"
			period="15 min"
			pointReference="E21325"
			characteristic="Measured"
			units="mAOD"
			startDate="2016-02-12" 
			startTime="12:00:00" 
			endDate="2016-02-12" 
			endTime="12:00:00"><Value date="2016-02-12" time="12:00:00" >48.407</Value></SetofValues>
	</Station><Station
		stationReference="E71339"
		stationName="UKCMF WASH PILE TS"
		region="Anglian"
		ngr="TF4939533238">
 		<SetofValues
			parameter="Water Level"
			qualifier="Tidal Level"
			dataType="Mean"
			period="15 min"
			pointReference="E71339"
			characteristic="Measured"
			units="mAOD"
			startDate="2016-02-12" 
			startTime="12:00:00" 
			endDate="2016-02-12" 
			endTime="12:00:00"><Value date="2016-02-12" time="12:00:00" >0.303</Value></SetofValues>
	</Station><Station
		stationReference="E5755"
		stationName="ElementNotMappedToAnOutstation"
		region="Anglian"
		ngr="TG2198042530">
 		<SetofValues
			parameter="Water Level"
			qualifier="Tidal Level"
			dataType="Instantaneous"
			period="15 min"
			pointReference="E5755"
			characteristic="Measured"
			units="mAOD"
			startDate="2016-02-12" 
			startTime="12:00:00" 
			endDate="2016-02-12" 
			endTime="12:00:00"><Value date="2016-02-12" time="12:00:00" >0.532</Value></SetofValues>
	</Station><Station
		stationReference="E5733"
		stationName="ElementNotMappedToAnOutstation"
		region="Anglian"
		ngr="TE57">
 		<SetofValues
			parameter="Rainfall"
			qualifier="Tipping Bucket Raingauge"
			dataType="Total"
			period="1 h"
			pointReference="E5733"
			characteristic="Measured"
			units="mm"
			startDate="2016-02-12" 
			startTime="12:00:00" 
			endDate="2016-02-12" 
			endTime="12:00:00"><Value date="2016-02-12" time="12:00:00" >0.000</Value></SetofValues>
	</Station><Station
		stationReference="E5731"
		stationName="ElementNotMappedToAnOutstation"
		region="Anglian"
		ngr="TE57">
 		<SetofValues
			parameter="Rainfall"
			qualifier="Tipping Bucket Raingauge"
			dataType="Total"
			period="1 h"
			pointReference="E5731"
			characteristic="Measured"
			units="mm"
			startDate="2016-02-12" 
			startTime="12:00:00" 
			endDate="2016-02-12" 
			endTime="12:00:00"><Value date="2016-02-12" time="12:00:00" >0.000</Value></SetofValues>
	</Station><Station
		stationReference="E5723"
		stationName="ElementNotMappedToAnOutstation"
		region="Anglian"
		ngr="TE57">
 		<SetofValues
			parameter="Rainfall"
			qualifier="Tipping Bucket Raingauge"
			dataType="Total"
			period="1 h"
			pointReference="E5723"
			characteristic="Measured"
			units="mm"
			startDate="2016-02-12" 
			startTime="12:00:00" 
			endDate="2016-02-12" 
			endTime="12:00:00"><Value date="2016-02-12" time="12:00:00" >0.000</Value></SetofValues>
	</Station><Station
		stationReference="E5722"
		stationName="ElementNotMappedToAnOutstation"
		region="Anglian"
		ngr="TE57">
 		<SetofValues
			parameter="Rainfall"
			qualifier="Tipping Bucket Raingauge"
			dataType="Total"
			period="1 h"
			pointReference="E5722"
			characteristic="Measured"
			units="mm"
			startDate="2016-02-12" 
			startTime="12:00:00" 
			endDate="2016-02-12" 
			endTime="12:00:00"><Value date="2016-02-12" time="12:00:00" >0.000</Value></SetofValues>
	</Station><Station
		stationReference="E5727"
		stationName="ElementNotMappedToAnOutstation"
		region="Anglian"
		ngr="TE57">
 		<SetofValues
			parameter="Rainfall"
			qualifier="Tipping Bucket Raingauge"
			dataType="Total"
			period="1 h"
			pointReference="E5727"
			characteristic="Measured"
			units="mm"
			startDate="2016-02-12" 
			startTime="12:00:00" 
			endDate="2016-02-12" 
			endTime="12:00:00"><Value date="2016-02-12" time="12:00:00" >0.000</Value></SetofValues>
	</Station><Station
		stationReference="E5728"
		stationName="ElementNotMappedToAnOutstation"
		region="Anglian"
		ngr="TE57">
 		<SetofValues
			parameter="Rainfall"
			qualifier="Tipping Bucket Raingauge"
			dataType="Total"
			period="1 h"
			pointReference="E5728"
			characteristic="Measured"
			units="mm"
			startDate="2016-02-12" 
			startTime="12:00:00" 
			endDate="2016-02-12" 
			endTime="12:00:00"><Value date="2016-02-12" time="12:00:00" >0.000</Value></SetofValues>
	</Station><Station
		stationReference="E5734"
		stationName="ElementNotMappedToAnOutstation"
		region="Anglian"
		ngr="TE57">
 		<SetofValues
			parameter="Rainfall"
			qualifier="Tipping Bucket Raingauge"
			dataType="Total"
			period="1 h"
			pointReference="E5734"
			characteristic="Measured"
			units="mm"
			startDate="2016-02-12" 
			startTime="12:00:00" 
			endDate="2016-02-12" 
			endTime="12:00:00"><Value date="2016-02-12" time="12:00:00" >0.000</Value></SetofValues>
	</Station><Station
		stationReference="E5721"
		stationName="ElementNotMappedToAnOutstation"
		region="Anglian"
		ngr="TE57">
 		<SetofValues
			parameter="Rainfall"
			qualifier="Tipping Bucket Raingauge"
			dataType="Total"
			period="1 h"
			pointReference="E5721"
			characteristic="Measured"
			units="mm"
			startDate="2016-02-12" 
			startTime="12:00:00" 
			endDate="2016-02-12" 
			endTime="12:00:00"><Value date="2016-02-12" time="12:00:00" >0.000</Value></SetofValues>
	</Station><Station
		stationReference="E5724"
		stationName="ElementNotMappedToAnOutstation"
		region="Anglian"
		ngr="TE57">
 		<SetofValues
			parameter="Rainfall"
			qualifier="Tipping Bucket Raingauge"
			dataType="Total"
			period="1 h"
			pointReference="E5724"
			characteristic="Measured"
			units="mm"
			startDate="2016-02-12" 
			startTime="12:00:00" 
			endDate="2016-02-12" 
			endTime="12:00:00"><Value date="2016-02-12" time="12:00:00" >0.000</Value></SetofValues>
	</Station><Station
		stationReference="E5732"
		stationName="ElementNotMappedToAnOutstation"
		region="Anglian"
		ngr="TE57">
 		<SetofValues
			parameter="Rainfall"
			qualifier="Tipping Bucket Raingauge"
			dataType="Total"
			period="1 h"
			pointReference="E5732"
			characteristic="Measured"
			units="mm"
			startDate="2016-02-12" 
			startTime="12:00:00" 
			endDate="2016-02-12" 
			endTime="12:00:00"><Value date="2016-02-12" time="12:00:00" >0.000</Value></SetofValues>
	</Station><Station
		stationReference="E5729"
		stationName="ElementNotMappedToAnOutstation"
		region="Anglian"
		ngr="TE57">
 		<SetofValues
			parameter="Rainfall"
			qualifier="Tipping Bucket Raingauge"
			dataType="Total"
			period="1 h"
			pointReference="E5729"
			characteristic="Measured"
			units="mm"
			startDate="2016-02-12" 
			startTime="12:00:00" 
			endDate="2016-02-12" 
			endTime="12:00:00"><Value date="2016-02-12" time="12:00:00" >0.000</Value></SetofValues>
	</Station></EATimeSeriesDataExchangeFormat>