<?xml version="1.0"?>
<EATimeSeriesDataExchangeFormat xmlns="http://www.environment-agency.gov.uk/XMLSchemas/EATimeSeriesDataExchangeFormat" 
	xmlns:md="http://www.environment-agency.gov.uk/XMLSchemas/EAMetadataFormat"
	xmlns:xsi="http://www.w3.org/2001/XMLSchema-instance" 
  	xsi:schemaLocation="http://www.environment-agency.gov.uk/XMLSchemas/EATimeSeriesDataExchangeFormat EATimeSeriesDataExchangeFormat.xsd">
	<md:Publisher>Environment Agency</md:Publisher>
	<md:Source>Anglian Telemetry</md:Source>
	<md:Description>Telemetry Data</md:Description>
	<md:Creator>X-TEL 2.2</md:Creator>
 	<md:Date>2016-02-12</md:Date>
 	<md:Time>15:48:01</md:Time>
 	<md:Identifier>Anglian Interface Server</md:Identifier><Station
		stationReference="E21187"
		stationName="LEIGHTON BUZZARD GS"
		region="Anglian"
		ngr="SP9170024000">
 		<SetofValues
			parameter="Water Level"
			qualifier="Stage"
			dataType="Instantaneous"
			period="15 min"
			pointReference="E21187"
			characteristic="Measured"
			units="m"
			startDate="2016-02-12" 
			startTime="15:30:00" 
			endDate="2016-02-12" 
			endTime="15:45:00"><Value date="2016-02-12" time="15:30:00" >0.197</Value><Value date="2016-02-12" time="15:45:00" >0.197</Value></SetofValues>
	</Station><Station
		stationReference="E21188"
		stationName="LEIGHTON BUZZARD GS"
		region="Anglian"
		ngr="SP9169224079">
 		<SetofValues
			parameter="Flow"
			qualifier="Stage"
			dataType="Instantaneous"
			period="15 min"
			pointReference="E21188"
			characteristic="Measured"
			units="m3/s"
			startDate="2016-02-12" 
			startTime="15:30:00" 
			endDate="2016-02-12" 
			endTime="15:45:00"><Value date="2016-02-12" time="15:30:00" >1.044</Value><Value date="2016-02-12" time="15:45:00" >1.044</Value></SetofValues>
	</Station><Station
		stationReference="E2085"
		stationName="WEST LIGHTHOUSE TS GUYS HEAD"
		region="Anglian"
		ngr="TF4910025700">
 		<SetofValues
			parameter="Water Level"
			qualifier="Tidal Level"
			dataType="Instantaneous"
			period="15 min"
			pointReference="E2085"
			characteristic="Measured"
			units="mAOD"
			startDate="2016-02-12" 
			startTime="10:00:00" 
			endDate="2016-02-12" 
			endTime="15:45:00"><Value date="2016-02-12" time="10:00:00" >3.014</Value><Value date="2016-02-12" time="10:15:00" >2.755</Value><Value date="2016-02-12" time="10:30:00" >2.470</Value><Value date="2016-02-12" time="10:45:00" >2.168</Value><Value date="2016-02-12" time="11:00:00" >1.857</Value><Value date="2016-02-12" time="11:15:00" >1.536</Value><Value date="2016-02-12" time="11:30:00" >1.207</Value><Value date="2016-02-12" time="11:45:00" >0.870</Value><Value date="2016-02-12" time="12:00:00" >0.533</Value><Value date="2016-02-12" time="12:15:00" >0.204</Value><Value date="2016-02-12" time="12:30:00" >-0.090</Value><Value date="2016-02-12" time="12:45:00" >-0.393</Value><Value date="2016-02-12" time="13:00:00" >-0.670</Value><Value date="2016-02-12" time="13:15:00" >-0.895</Value><Value date="2016-02-12" time="13:30:00" >-1.120</Value><Value date="2016-02-12" time="13:45:00" >-1.293</Value><Value date="2016-02-12" time="14:00:00" >-1.431</Value><Value date="2016-02-12" time="14:15:00" >-1.544</Value><Value date="2016-02-12" time="14:30:00" >-1.622</Value><Value date="2016-02-12" time="14:45:00" >-1.682</Value><Value date="2016-02-12" time="15:00:00" >-1.717</Value><Value date="2016-02-12" time="15:15:00" >-1.743</Value><Value date="2016-02-12" time="15:30:00" >-1.760</Value><Value date="2016-02-12" time="15:45:00" >-1.778</Value></SetofValues>
	</Station><Station
		stationReference="E22300"
		stationName="CLIPSTONE BROOK GS LEIGHTON BUZZARD"
		region="Anglian"
		ngr="SP9401625958">
 		<SetofValues
			parameter="Flow"
			qualifier="Stage"
			dataType="Instantaneous"
			period="15 min"
			pointReference="E22300"
			characteristic="Measured"
			units="m3/s"
			startDate="2016-02-12" 
			startTime="15:30:00" 
			endDate="2016-02-12" 
			endTime="15:45:00"><Value date="2016-02-12" time="15:30:00" >0.259</Value><Value date="2016-02-12" time="15:45:00" >0.259</Value></SetofValues>
	</Station><Station
		stationReference="E21987"
		stationName="CLIPSTONE BROOK GS LEIGHTON BUZZARD"
		region="Anglian"
		ngr="SP9400025900">
 		<SetofValues
			parameter="Water Level"
			qualifier="Stage"
			dataType="Instantaneous"
			period="15 min"
			pointReference="E21987"
			characteristic="Measured"
			units="m"
			startDate="2016-02-12" 
			startTime="15:30:00" 
			endDate="2016-02-12" 
			endTime="15:45:00"><Value date="2016-02-12" time="15:30:00" >0.185</Value><Value date="2016-02-12" time="15:45:00" >0.185</Value></SetofValues>
	</Station></EATimeSeriesDataExchangeFormat>