<?xml version="1.0"?>
<EATimeSeriesDataExchangeFormat xmlns="http://www.environment-agency.gov.uk/XMLSchemas/EATimeSeriesDataExchangeFormat" 
	xmlns:md="http://www.environment-agency.gov.uk/XMLSchemas/EAMetadataFormat"
	xmlns:xsi="http://www.w3.org/2001/XMLSchema-instance" 
  	xsi:schemaLocation="http://www.environment-agency.gov.uk/XMLSchemas/EATimeSeriesDataExchangeFormat EATimeSeriesDataExchangeFormat.xsd">
	<md:Publisher>Environment Agency</md:Publisher>
	<md:Source>Anglian Telemetry</md:Source>
	<md:Description>Telemetry Data</md:Description>
	<md:Creator>X-TEL 2.2</md:Creator>
 	<md:Date>2016-02-12</md:Date>
 	<md:Time>11:03:03</md:Time>
 	<md:Identifier>Anglian Interface Server</md:Identifier><Station
		stationReference="E1203"
		stationName="LANGRICK BRIDGE GS"
		region="Anglian"
		ngr="TF2655747526">
 		<SetofValues
			parameter="Water Level"
			qualifier="Stage"
			dataType="Instantaneous"
			period="15 min"
			pointReference="E1203"
			characteristic="Measured"
			units="mAOD"
			startDate="2016-02-12" 
			startTime="07:45:00" 
			endDate="2016-02-12" 
			endTime="10:45:00"><Value date="2016-02-12" time="07:45:00" >0.894</Value><Value date="2016-02-12" time="08:00:00" >0.917</Value><Value date="2016-02-12" time="08:15:00" >0.939</Value><Value date="2016-02-12" time="08:30:00" >0.957</Value><Value date="2016-02-12" time="08:45:00" >0.979</Value><Value date="2016-02-12" time="09:00:00" >0.999</Value><Value date="2016-02-12" time="09:15:00" >1.017</Value><Value date="2016-02-12" time="09:30:00" >1.034</Value><Value date="2016-02-12" time="09:45:00" >1.052</Value><Value date="2016-02-12" time="10:00:00" >1.067</Value><Value date="2016-02-12" time="10:15:00" >1.083</Value><Value date="2016-02-12" time="10:30:00" >1.096</Value><Value date="2016-02-12" time="10:45:00" >1.109</Value></SetofValues>
	</Station><Station
		stationReference="E24767"
		stationName="STRADBROKE RAINGAUGE"
		region="Anglian"
		ngr="TM2350074500">
 		<SetofValues
			parameter="Rainfall"
			qualifier="Tipping Bucket Raingauge"
			dataType="Total"
			period="15 min"
			pointReference="E24767"
			characteristic="Measured"
			units="mm"
			startDate="2016-02-12" 
			startTime="10:15:00" 
			endDate="2016-02-12" 
			endTime="11:00:00"><Value date="2016-02-12" time="10:15:00" >0.000</Value><Value date="2016-02-12" time="10:30:00" >0.200</Value><Value date="2016-02-12" time="10:45:00" >0.000</Value><Value date="2016-02-12" time="11:00:00" >0.000</Value></SetofValues>
	</Station><Station
		stationReference="E5310"
		stationName="TETNEY OUTFALL GSM"
		region="Anglian"
		ngr="TA3542203187">
 		<SetofValues
			parameter="Water Level"
			qualifier="Tidal Level"
			dataType="Instantaneous"
			period="15 min"
			pointReference="E5310"
			characteristic="Measured"
			units="mAOD"
			startDate="2016-02-12" 
			startTime="05:45:00" 
			endDate="2016-02-12" 
			endTime="11:00:00"><Value date="2016-02-12" time="05:45:00" >0.487</Value><Value date="2016-02-12" time="06:00:00" >0.762</Value><Value date="2016-02-12" time="06:15:00" >1.419</Value><Value date="2016-02-12" time="06:30:00" >1.824</Value><Value date="2016-02-12" time="06:45:00" >2.128</Value><Value date="2016-02-12" time="07:00:00" >2.424</Value><Value date="2016-02-12" time="07:15:00" >2.645</Value><Value date="2016-02-12" time="07:30:00" >2.765</Value><Value date="2016-02-12" time="07:45:00" >2.864</Value><Value date="2016-02-12" time="08:00:00" >2.937</Value><Value date="2016-02-12" time="08:15:00" >2.947</Value><Value date="2016-02-12" time="08:30:00" >2.906</Value><Value date="2016-02-12" time="08:45:00" >2.822</Value><Value date="2016-02-12" time="09:00:00" >2.700</Value><Value date="2016-02-12" time="09:15:00" >2.562</Value><Value date="2016-02-12" time="09:30:00" >2.390</Value><Value date="2016-02-12" time="09:45:00" >2.216</Value><Value date="2016-02-12" time="10:00:00" >2.030</Value><Value date="2016-02-12" time="10:15:00" >1.811</Value><Value date="2016-02-12" time="10:30:00" >1.530</Value><Value date="2016-02-12" time="10:45:00" >1.226</Value><Value date="2016-02-12" time="11:00:00" >0.953</Value></SetofValues>
	</Station></EATimeSeriesDataExchangeFormat>