<?xml version="1.0"?>
<EATimeSeriesDataExchangeFormat xmlns="http://www.environment-agency.gov.uk/XMLSchemas/EATimeSeriesDataExchangeFormat" 
	xmlns:md="http://www.environment-agency.gov.uk/XMLSchemas/EAMetadataFormat"
	xmlns:xsi="http://www.w3.org/2001/XMLSchema-instance" 
  	xsi:schemaLocation="http://www.environment-agency.gov.uk/XMLSchemas/EATimeSeriesDataExchangeFormat EATimeSeriesDataExchangeFormat.xsd">
	<md:Publisher>Environment Agency</md:Publisher>
	<md:Source>Anglian Telemetry</md:Source>
	<md:Description>Telemetry Data</md:Description>
	<md:Creator>X-TEL 2.2</md:Creator>
 	<md:Date>2016-02-12</md:Date>
 	<md:Time>11:12:07</md:Time>
 	<md:Identifier>Anglian Interface Server</md:Identifier><Station
		stationReference="E24323"
		stationName="COLNE TIDE BARRIER WIVENHOE"
		region="Anglian"
		ngr="TM0420021300">
 		<SetofValues
			parameter="Water Level"
			qualifier="Tidal Level"
			dataType="Instantaneous"
			period="15 min"
			pointReference="E24323"
			characteristic="Measured"
			units="mAOD"
			startDate="2016-02-12" 
			startTime="10:30:00" 
			endDate="2016-02-12" 
			endTime="11:00:00"><Value date="2016-02-12" time="10:30:00" >-0.564</Value><Value date="2016-02-12" time="10:45:00" >-0.564</Value><Value date="2016-02-12" time="11:00:00" >-0.557</Value></SetofValues>
	</Station><Station
		stationReference="E24322"
		stationName="COLNE TIDE BARRIER WIVENHOE"
		region="Anglian"
		ngr="TM0420021300">
 		<SetofValues
			parameter="Water Level"
			qualifier="Stage"
			dataType="Instantaneous"
			period="15 min"
			pointReference="E24322"
			characteristic="Measured"
			units="mAOD"
			startDate="2016-02-12" 
			startTime="10:30:00" 
			endDate="2016-02-12" 
			endTime="11:00:00"><Value date="2016-02-12" time="10:30:00" >-1.076</Value><Value date="2016-02-12" time="10:45:00" >-1.055</Value><Value date="2016-02-12" time="11:00:00" >-1.010</Value></SetofValues>
	</Station><Station
		stationReference="E22561"
		stationName="ElementNotMappedToAnOutstation"
		region="Anglian"
		ngr="SP9401625958">
 		<SetofValues
			parameter="Flow"
			qualifier="Stage"
			dataType="Instantaneous"
			period="15 min"
			pointReference="E22561"
			characteristic="Measured"
			units="m3/s"
			startDate="2016-02-12" 
			startTime="11:10:00" 
			endDate="2016-02-12" 
			endTime="11:10:00"><Value date="2016-02-12" time="11:10:00" >1.269</Value></SetofValues>
	</Station></EATimeSeriesDataExchangeFormat>