<?xml version="1.0"?>
<EATimeSeriesDataExchangeFormat xmlns="http://www.environment-agency.gov.uk/XMLSchemas/EATimeSeriesDataExchangeFormat" 
	xmlns:md="http://www.environment-agency.gov.uk/XMLSchemas/EAMetadataFormat"
	xmlns:xsi="http://www.w3.org/2001/XMLSchema-instance" 
  	xsi:schemaLocation="http://www.environment-agency.gov.uk/XMLSchemas/EATimeSeriesDataExchangeFormat EATimeSeriesDataExchangeFormat.xsd">
	<md:Publisher>Environment Agency</md:Publisher>
	<md:Source>Anglian Telemetry</md:Source>
	<md:Description>Telemetry Data</md:Description>
	<md:Creator>X-TEL 2.2</md:Creator>
 	<md:Date>2016-02-12</md:Date>
 	<md:Time>13:54:00</md:Time>
 	<md:Identifier>Anglian Interface Server</md:Identifier><Station
		stationReference="E1382"
		stationName="LOWER RINGSTEAD SLUICE AUTOMATION"
		region="Anglian"
		ngr="SP9736375210">
 		<SetofValues
			parameter="Water Level"
			qualifier="Stage"
			dataType="Instantaneous"
			period="15 min"
			pointReference="E1382"
			characteristic="Measured"
			units="mAOD"
			startDate="2016-02-12" 
			startTime="08:00:00" 
			endDate="2016-02-12" 
			endTime="13:45:00"><Value date="2016-02-12" time="08:00:00" >32.036</Value><Value date="2016-02-12" time="08:15:00" >32.038</Value><Value date="2016-02-12" time="08:30:00" >32.038</Value><Value date="2016-02-12" time="08:45:00" >32.037</Value><Value date="2016-02-12" time="09:00:00" >32.038</Value><Value date="2016-02-12" time="09:15:00" >32.039</Value><Value date="2016-02-12" time="09:30:00" >32.038</Value><Value date="2016-02-12" time="09:45:00" >32.040</Value><Value date="2016-02-12" time="10:00:00" >32.040</Value><Value date="2016-02-12" time="10:15:00" >32.040</Value><Value date="2016-02-12" time="10:30:00" >32.039</Value><Value date="2016-02-12" time="10:45:00" >32.040</Value><Value date="2016-02-12" time="11:00:00" >32.041</Value><Value date="2016-02-12" time="11:15:00" >32.041</Value><Value date="2016-02-12" time="11:30:00" >32.042</Value><Value date="2016-02-12" time="11:45:00" >32.041</Value><Value date="2016-02-12" time="12:00:00" >32.041</Value><Value date="2016-02-12" time="12:15:00" >32.041</Value><Value date="2016-02-12" time="12:30:00" >32.041</Value><Value date="2016-02-12" time="12:45:00" >32.041</Value><Value date="2016-02-12" time="13:00:00" >32.042</Value><Value date="2016-02-12" time="13:15:00" >32.041</Value><Value date="2016-02-12" time="13:30:00" >32.041</Value><Value date="2016-02-12" time="13:45:00" >32.039</Value></SetofValues>
	</Station><Station
		stationReference="E1367"
		stationName="ElementNotMappedToAnOutstation"
		region="Anglian"
		ngr="SP7615059900">
 		<SetofValues
			parameter="Water Level"
			qualifier="Stage"
			dataType="Instantaneous"
			period="15 min"
			pointReference="E1367"
			characteristic="Measured"
			units="mAOD"
			startDate="2016-02-12" 
			startTime="05:45:00" 
			endDate="2016-02-12" 
			endTime="13:45:00"><Value date="2016-02-12" time="05:45:00" >57.198</Value><Value date="2016-02-12" time="06:00:00" >57.198</Value><Value date="2016-02-12" time="06:15:00" >57.198</Value><Value date="2016-02-12" time="06:30:00" >57.197</Value><Value date="2016-02-12" time="06:45:00" >57.197</Value><Value date="2016-02-12" time="07:00:00" >57.197</Value><Value date="2016-02-12" time="07:15:00" >57.196</Value><Value date="2016-02-12" time="07:30:00" >57.196</Value><Value date="2016-02-12" time="07:45:00" >57.195</Value><Value date="2016-02-12" time="08:00:00" >57.195</Value><Value date="2016-02-12" time="08:15:00" >57.195</Value><Value date="2016-02-12" time="08:30:00" >57.194</Value><Value date="2016-02-12" time="08:45:00" >57.193</Value><Value date="2016-02-12" time="09:00:00" >57.193</Value><Value date="2016-02-12" time="09:15:00" >57.193</Value><Value date="2016-02-12" time="09:30:00" >57.193</Value><Value date="2016-02-12" time="09:45:00" >57.192</Value><Value date="2016-02-12" time="10:00:00" >57.192</Value><Value date="2016-02-12" time="10:15:00" >57.191</Value><Value date="2016-02-12" time="10:30:00" >57.191</Value><Value date="2016-02-12" time="10:45:00" >57.191</Value><Value date="2016-02-12" time="11:00:00" >57.190</Value><Value date="2016-02-12" time="11:15:00" >57.190</Value><Value date="2016-02-12" time="11:30:00" >57.190</Value><Value date="2016-02-12" time="11:45:00" >57.189</Value><Value date="2016-02-12" time="12:00:00" >57.189</Value><Value date="2016-02-12" time="12:15:00" >57.189</Value><Value date="2016-02-12" time="12:30:00" >57.189</Value><Value date="2016-02-12" time="12:45:00" >57.188</Value><Value date="2016-02-12" time="13:00:00" >57.188</Value><Value date="2016-02-12" time="13:15:00" >57.188</Value><Value date="2016-02-12" time="13:30:00" >57.188</Value><Value date="2016-02-12" time="13:45:00" >57.188</Value></SetofValues>
	</Station><Station
		stationReference="E1293"
		stationName="SOUTH BRIDGE GS NORTHAMPTON"
		region="Anglian"
		ngr="SP7541059770">
 		<SetofValues
			parameter="Flow"
			qualifier="Stage"
			dataType="Instantaneous"
			period="15 min"
			pointReference="E1293"
			characteristic="Measured"
			units="m3/s"
			startDate="2016-02-12" 
			startTime="10:45:00" 
			endDate="2016-02-12" 
			endTime="13:45:00"><Value date="2016-02-12" time="10:45:00" >5.270</Value><Value date="2016-02-12" time="11:00:00" >5.220</Value><Value date="2016-02-12" time="11:15:00" >5.220</Value><Value date="2016-02-12" time="11:30:00" >5.170</Value><Value date="2016-02-12" time="11:45:00" >5.220</Value><Value date="2016-02-12" time="12:00:00" >5.220</Value><Value date="2016-02-12" time="12:15:00" >5.220</Value><Value date="2016-02-12" time="12:30:00" >5.130</Value><Value date="2016-02-12" time="12:45:00" >5.230</Value><Value date="2016-02-12" time="13:00:00" >5.130</Value><Value date="2016-02-12" time="13:15:00" >5.190</Value><Value date="2016-02-12" time="13:30:00" >5.170</Value><Value date="2016-02-12" time="13:45:00" >5.130</Value></SetofValues>
	</Station><Station
		stationReference="E2105"
		stationName="WANSFORD GS"
		region="Anglian"
		ngr="TL0820099700">
 		<SetofValues
			parameter="Water Level"
			qualifier="Stage"
			dataType="Instantaneous"
			period="15 min"
			pointReference="E2105"
			characteristic="Measured"
			units="mAOD"
			startDate="2016-02-12" 
			startTime="09:45:00" 
			endDate="2016-02-12" 
			endTime="13:45:00"><Value date="2016-02-12" time="09:45:00" >8.452</Value><Value date="2016-02-12" time="10:00:00" >8.453</Value><Value date="2016-02-12" time="10:15:00" >8.452</Value><Value date="2016-02-12" time="10:30:00" >8.446</Value><Value date="2016-02-12" time="10:45:00" >8.435</Value><Value date="2016-02-12" time="11:00:00" >8.420</Value><Value date="2016-02-12" time="11:15:00" >8.404</Value><Value date="2016-02-12" time="11:30:00" >8.394</Value><Value date="2016-02-12" time="11:45:00" >8.388</Value><Value date="2016-02-12" time="12:00:00" >8.380</Value><Value date="2016-02-12" time="12:15:00" >8.369</Value><Value date="2016-02-12" time="12:30:00" >8.361</Value><Value date="2016-02-12" time="12:45:00" >8.353</Value><Value date="2016-02-12" time="13:00:00" >8.349</Value><Value date="2016-02-12" time="13:15:00" >8.349</Value><Value date="2016-02-12" time="13:30:00" >8.351</Value><Value date="2016-02-12" time="13:45:00" >8.355</Value></SetofValues>
	</Station><Station
		stationReference="E1413"
		stationName="ElementNotMappedToAnOutstation"
		region="Anglian"
		ngr="SP7620059900">
 		<SetofValues
			parameter="Water Level"
			qualifier="Stage"
			dataType="Instantaneous"
			period="15 min"
			pointReference="E1413"
			characteristic="Measured"
			units="mAOD"
			startDate="2016-02-12" 
			startTime="06:15:00" 
			endDate="2016-02-12" 
			endTime="13:45:00"><Value date="2016-02-12" time="06:15:00" >57.203</Value><Value date="2016-02-12" time="06:30:00" >57.202</Value><Value date="2016-02-12" time="06:45:00" >57.202</Value><Value date="2016-02-12" time="07:00:00" >57.202</Value><Value date="2016-02-12" time="07:15:00" >57.201</Value><Value date="2016-02-12" time="07:30:00" >57.201</Value><Value date="2016-02-12" time="07:45:00" >57.200</Value><Value date="2016-02-12" time="08:00:00" >57.200</Value><Value date="2016-02-12" time="08:15:00" >57.199</Value><Value date="2016-02-12" time="08:30:00" >57.199</Value><Value date="2016-02-12" time="08:45:00" >57.198</Value><Value date="2016-02-12" time="09:00:00" >57.198</Value><Value date="2016-02-12" time="09:15:00" >57.198</Value><Value date="2016-02-12" time="09:30:00" >57.197</Value><Value date="2016-02-12" time="09:45:00" >57.197</Value><Value date="2016-02-12" time="10:00:00" >57.196</Value><Value date="2016-02-12" time="10:15:00" >57.196</Value><Value date="2016-02-12" time="10:30:00" >57.196</Value><Value date="2016-02-12" time="10:45:00" >57.195</Value><Value date="2016-02-12" time="11:00:00" >57.195</Value><Value date="2016-02-12" time="11:15:00" >57.195</Value><Value date="2016-02-12" time="11:30:00" >57.195</Value><Value date="2016-02-12" time="11:45:00" >57.194</Value><Value date="2016-02-12" time="12:00:00" >57.193</Value><Value date="2016-02-12" time="12:15:00" >57.193</Value><Value date="2016-02-12" time="12:30:00" >57.192</Value><Value date="2016-02-12" time="12:45:00" >57.192</Value><Value date="2016-02-12" time="13:00:00" >57.193</Value><Value date="2016-02-12" time="13:15:00" >57.192</Value><Value date="2016-02-12" time="13:30:00" >57.193</Value><Value date="2016-02-12" time="13:45:00" >57.192</Value></SetofValues>
	</Station><Station
		stationReference="E42124"
		stationName="SOUTH BRIDGE GS NORTHAMPTON"
		region="Anglian"
		ngr="SP7540059700">
 		<SetofValues
			parameter="Water Level"
			qualifier="Stage"
			dataType="Instantaneous"
			period="15 min"
			pointReference="E42124"
			characteristic="Measured"
			units="mAOD"
			startDate="2016-02-12" 
			startTime="11:00:00" 
			endDate="2016-02-12" 
			endTime="13:45:00"><Value date="2016-02-12" time="11:00:00" >57.148</Value><Value date="2016-02-12" time="11:15:00" >57.147</Value><Value date="2016-02-12" time="11:30:00" >57.147</Value><Value date="2016-02-12" time="11:45:00" >57.147</Value><Value date="2016-02-12" time="12:00:00" >57.147</Value><Value date="2016-02-12" time="12:15:00" >57.146</Value><Value date="2016-02-12" time="12:30:00" >57.146</Value><Value date="2016-02-12" time="12:45:00" >57.145</Value><Value date="2016-02-12" time="13:00:00" >57.145</Value><Value date="2016-02-12" time="13:15:00" >57.145</Value><Value date="2016-02-12" time="13:30:00" >57.144</Value><Value date="2016-02-12" time="13:45:00" >57.144</Value></SetofValues>
	</Station><Station
		stationReference="E1048"
		stationName="ElementNotMappedToAnOutstation"
		region="Anglian"
		ngr="TL0533949550">
 		<SetofValues
			parameter="Water Level"
			qualifier="Stage"
			dataType="Instantaneous"
			period="15 min"
			pointReference="E1048"
			characteristic="Measured"
			units="mAOD"
			startDate="2016-02-12" 
			startTime="10:15:00" 
			endDate="2016-02-12" 
			endTime="13:45:00"><Value date="2016-02-12" time="10:15:00" >55.986</Value><Value date="2016-02-12" time="10:30:00" >55.986</Value><Value date="2016-02-12" time="10:45:00" >55.986</Value><Value date="2016-02-12" time="11:00:00" >55.986</Value><Value date="2016-02-12" time="11:15:00" >55.986</Value><Value date="2016-02-12" time="11:30:00" >55.984</Value><Value date="2016-02-12" time="11:45:00" >55.985</Value><Value date="2016-02-12" time="12:00:00" >55.984</Value><Value date="2016-02-12" time="12:15:00" >55.983</Value><Value date="2016-02-12" time="12:30:00" >55.984</Value><Value date="2016-02-12" time="12:45:00" >55.985</Value><Value date="2016-02-12" time="13:00:00" >55.985</Value><Value date="2016-02-12" time="13:15:00" >55.984</Value><Value date="2016-02-12" time="13:30:00" >55.983</Value><Value date="2016-02-12" time="13:45:00" >55.982</Value></SetofValues>
	</Station><Station
		stationReference="E1363"
		stationName="ElementNotMappedToAnOutstation"
		region="Anglian"
		ngr="SP7751059557">
 		<SetofValues
			parameter="Water Level"
			qualifier="Stage"
			dataType="Instantaneous"
			period="15 min"
			pointReference="E1363"
			characteristic="Measured"
			units="mAOD"
			startDate="2016-02-12" 
			startTime="10:30:00" 
			endDate="2016-02-12" 
			endTime="13:45:00"><Value date="2016-02-12" time="10:30:00" >55.993</Value><Value date="2016-02-12" time="10:45:00" >55.992</Value><Value date="2016-02-12" time="11:00:00" >55.992</Value><Value date="2016-02-12" time="11:15:00" >55.992</Value><Value date="2016-02-12" time="11:30:00" >55.992</Value><Value date="2016-02-12" time="11:45:00" >55.992</Value><Value date="2016-02-12" time="12:00:00" >55.992</Value><Value date="2016-02-12" time="12:15:00" >55.991</Value><Value date="2016-02-12" time="12:30:00" >55.991</Value><Value date="2016-02-12" time="12:45:00" >55.991</Value><Value date="2016-02-12" time="13:00:00" >55.991</Value><Value date="2016-02-12" time="13:15:00" >55.990</Value><Value date="2016-02-12" time="13:30:00" >55.990</Value><Value date="2016-02-12" time="13:45:00" >55.990</Value></SetofValues>
	</Station><Station
		stationReference="E71339"
		stationName="UKCMF WASH PILE TS"
		region="Anglian"
		ngr="TF4939533238">
 		<SetofValues
			parameter="Water Level"
			qualifier="Tidal Level"
			dataType="Mean"
			period="15 min"
			pointReference="E71339"
			characteristic="Measured"
			units="mAOD"
			startDate="2016-02-12" 
			startTime="13:45:00" 
			endDate="2016-02-12" 
			endTime="13:45:00"><Value date="2016-02-12" time="13:45:00" >-2.166</Value></SetofValues>
	</Station><Station
		stationReference="E1052"
		stationName="SOUTH BRIDGE GS NORTHAMPTON"
		region="Anglian"
		ngr="SP7541059770">
 		<SetofValues
			parameter="Water Level"
			qualifier="Stage"
			dataType="Instantaneous"
			period="15 min"
			pointReference="E1052"
			characteristic="Measured"
			units="m"
			startDate="2016-02-12" 
			startTime="12:30:00" 
			endDate="2016-02-12" 
			endTime="13:45:00"><Value date="2016-02-12" time="12:30:00" >57.156</Value><Value date="2016-02-12" time="12:45:00" >57.156</Value><Value date="2016-02-12" time="13:00:00" >57.156</Value><Value date="2016-02-12" time="13:15:00" >57.155</Value><Value date="2016-02-12" time="13:30:00" >57.154</Value><Value date="2016-02-12" time="13:45:00" >57.154</Value></SetofValues>
	</Station><Station
		stationReference="E5755"
		stationName="ElementNotMappedToAnOutstation"
		region="Anglian"
		ngr="TG2198042530">
 		<SetofValues
			parameter="Water Level"
			qualifier="Tidal Level"
			dataType="Instantaneous"
			period="15 min"
			pointReference="E5755"
			characteristic="Measured"
			units="mAOD"
			startDate="2016-02-12" 
			startTime="13:45:00" 
			endDate="2016-02-12" 
			endTime="13:45:00"><Value date="2016-02-12" time="13:45:00" >-1.132</Value></SetofValues>
	</Station></EATimeSeriesDataExchangeFormat>