<?xml version="1.0"?>
<EATimeSeriesDataExchangeFormat xmlns="http://www.environment-agency.gov.uk/XMLSchemas/EATimeSeriesDataExchangeFormat" 
	xmlns:md="http://www.environment-agency.gov.uk/XMLSchemas/EAMetadataFormat"
	xmlns:xsi="http://www.w3.org/2001/XMLSchema-instance" 
  	xsi:schemaLocation="http://www.environment-agency.gov.uk/XMLSchemas/EATimeSeriesDataExchangeFormat EATimeSeriesDataExchangeFormat.xsd">
	<md:Publisher>Environment Agency</md:Publisher>
	<md:Source>Anglian Telemetry</md:Source>
	<md:Description>Telemetry Data</md:Description>
	<md:Creator>X-TEL 2.2</md:Creator>
 	<md:Date>2016-02-12</md:Date>
 	<md:Time>11:18:00</md:Time>
 	<md:Identifier>Anglian Interface Server</md:Identifier><Station
		stationReference="E21187"
		stationName="LEIGHTON BUZZARD GS"
		region="Anglian"
		ngr="SP9170024000">
 		<SetofValues
			parameter="Water Level"
			qualifier="Stage"
			dataType="Instantaneous"
			period="15 min"
			pointReference="E21187"
			characteristic="Measured"
			units="m"
			startDate="2016-02-12" 
			startTime="11:00:00" 
			endDate="2016-02-12" 
			endTime="11:15:00"><Value date="2016-02-12" time="11:00:00" >0.198</Value><Value date="2016-02-12" time="11:15:00" >0.198</Value></SetofValues>
	</Station><Station
		stationReference="E21188"
		stationName="LEIGHTON BUZZARD GS"
		region="Anglian"
		ngr="SP9169224079">
 		<SetofValues
			parameter="Flow"
			qualifier="Stage"
			dataType="Instantaneous"
			period="15 min"
			pointReference="E21188"
			characteristic="Measured"
			units="m3/s"
			startDate="2016-02-12" 
			startTime="11:00:00" 
			endDate="2016-02-12" 
			endTime="11:15:00"><Value date="2016-02-12" time="11:00:00" >1.052</Value><Value date="2016-02-12" time="11:15:00" >1.052</Value></SetofValues>
	</Station><Station
		stationReference="E4900"
		stationName="GREAT GOWT SLUICE LINCOLN"
		region="Anglian"
		ngr="SK9700070300">
 		<SetofValues
			parameter="Water Level"
			qualifier="Stage"
			dataType="Instantaneous"
			period="15 min"
			pointReference="E4900"
			characteristic="Measured"
			units="mAOD"
			startDate="2016-02-12" 
			startTime="11:15:01" 
			endDate="2016-02-12" 
			endTime="11:15:01"><Value date="2016-02-12" time="11:15:01" >4.441</Value></SetofValues>
	</Station><Station
		stationReference="E2721"
		stationName="HARDWATER MILL SLUICE GREAT DODDINGTON"
		region="Anglian"
		ngr="SP8760063700">
 		<SetofValues
			parameter="Water Level"
			qualifier="Stage"
			dataType="Instantaneous"
			period="15 min"
			pointReference="E2721"
			characteristic="Measured"
			units="mAOD"
			startDate="2016-02-12" 
			startTime="11:15:00" 
			endDate="2016-02-12" 
			endTime="11:15:00"><Value date="2016-02-12" time="11:15:00" >44.749</Value></SetofValues>
	</Station><Station
		stationReference="E23141"
		stationName="EARL SOHAM RRB"
		region="Anglian"
		ngr="TM2330062800">
 		<SetofValues
			parameter="Rainfall"
			qualifier="Tipping Bucket Raingauge"
			dataType="Total"
			period="15 min"
			pointReference="E23141"
			characteristic="Measured"
			units="mm"
			startDate="2016-02-12" 
			startTime="11:15:00" 
			endDate="2016-02-12" 
			endTime="11:15:00"><Value date="2016-02-12" time="11:15:00" >0.000</Value></SetofValues>
	</Station><Station
		stationReference="E22300"
		stationName="CLIPSTONE BROOK GS LEIGHTON BUZZARD"
		region="Anglian"
		ngr="SP9401625958">
 		<SetofValues
			parameter="Flow"
			qualifier="Stage"
			dataType="Instantaneous"
			period="15 min"
			pointReference="E22300"
			characteristic="Measured"
			units="m3/s"
			startDate="2016-02-12" 
			startTime="11:00:00" 
			endDate="2016-02-12" 
			endTime="11:15:00"><Value date="2016-02-12" time="11:00:00" >0.217</Value><Value date="2016-02-12" time="11:15:00" >0.217</Value></SetofValues>
	</Station><Station
		stationReference="E24187"
		stationName="EARL SOHAM RRB"
		region="Anglian"
		ngr="TM2330062800">
 		<SetofValues
			parameter="Rainfall"
			qualifier="Tipping Bucket Raingauge"
			dataType="Total"
			period="15 min"
			pointReference="E24187"
			characteristic="Measured"
			units="mm"
			startDate="2016-02-12" 
			startTime="11:15:00" 
			endDate="2016-02-12" 
			endTime="11:15:00"><Value date="2016-02-12" time="11:15:00" >0.000</Value></SetofValues>
	</Station><Station
		stationReference="E23135"
		stationName="EARL SOHAM RRB"
		region="Anglian"
		ngr="TM2330062800">
 		<SetofValues
			parameter="Water Level"
			qualifier="Groundwater"
			dataType="Instantaneous"
			period="15 min"
			pointReference="E23135"
			characteristic="Measured"
			units="m"
			startDate="2016-02-12" 
			startTime="11:15:00" 
			endDate="2016-02-12" 
			endTime="11:15:00"><Value date="2016-02-12" time="11:15:00" >0.020</Value></SetofValues>
	</Station><Station
		stationReference="E21838"
		stationName="LITTLE OUSE GS HOCKWOLD CUM WILTON"
		region="Anglian"
		ngr="TL7300086900">
 		<SetofValues
			parameter="Water Level"
			qualifier="Stage"
			dataType="Instantaneous"
			period="15 min"
			pointReference="E21838"
			characteristic="Measured"
			units="m"
			startDate="2016-02-12" 
			startTime="06:15:00" 
			endDate="2016-02-12" 
			endTime="11:15:00"><Value date="2016-02-12" time="06:15:00" >1.834</Value><Value date="2016-02-12" time="06:30:00" >1.833</Value><Value date="2016-02-12" time="06:45:00" >1.832</Value><Value date="2016-02-12" time="07:00:00" >1.832</Value><Value date="2016-02-12" time="07:15:00" >1.831</Value><Value date="2016-02-12" time="07:30:00" >1.828</Value><Value date="2016-02-12" time="07:45:00" >1.827</Value><Value date="2016-02-12" time="08:00:00" >1.825</Value><Value date="2016-02-12" time="08:15:00" >1.823</Value><Value date="2016-02-12" time="08:30:00" >1.821</Value><Value date="2016-02-12" time="08:45:00" >1.819</Value><Value date="2016-02-12" time="09:00:00" >1.817</Value><Value date="2016-02-12" time="09:15:00" >1.815</Value><Value date="2016-02-12" time="09:30:00" >1.815</Value><Value date="2016-02-12" time="09:45:00" >1.813</Value><Value date="2016-02-12" time="10:00:00" >1.811</Value><Value date="2016-02-12" time="10:15:00" >1.810</Value><Value date="2016-02-12" time="10:30:00" >1.811</Value><Value date="2016-02-12" time="10:45:00" >1.811</Value><Value date="2016-02-12" time="11:00:00" >1.811</Value><Value date="2016-02-12" time="11:15:00" >1.811</Value></SetofValues>
	</Station><Station
		stationReference="E21987"
		stationName="CLIPSTONE BROOK GS LEIGHTON BUZZARD"
		region="Anglian"
		ngr="SP9400025900">
 		<SetofValues
			parameter="Water Level"
			qualifier="Stage"
			dataType="Instantaneous"
			period="15 min"
			pointReference="E21987"
			characteristic="Measured"
			units="m"
			startDate="2016-02-12" 
			startTime="11:00:00" 
			endDate="2016-02-12" 
			endTime="11:15:00"><Value date="2016-02-12" time="11:00:00" >0.170</Value><Value date="2016-02-12" time="11:15:00" >0.170</Value></SetofValues>
	</Station><Station
		stationReference="E4902"
		stationName="GREAT GOWT SLUICE LINCOLN"
		region="Anglian"
		ngr="SK9700070300">
 		<SetofValues
			parameter="Water Level"
			qualifier="Downstream Stage"
			dataType="Instantaneous"
			period="15 min"
			pointReference="E4902"
			characteristic="Measured"
			units="mAOD"
			startDate="2016-02-12" 
			startTime="11:15:01" 
			endDate="2016-02-12" 
			endTime="11:15:01"><Value date="2016-02-12" time="11:15:01" >3.174</Value></SetofValues>
	</Station></EATimeSeriesDataExchangeFormat>