<?xml version="1.0"?>
<EATimeSeriesDataExchangeFormat xmlns="http://www.environment-agency.gov.uk/XMLSchemas/EATimeSeriesDataExchangeFormat" 
	xmlns:md="http://www.environment-agency.gov.uk/XMLSchemas/EAMetadataFormat"
	xmlns:xsi="http://www.w3.org/2001/XMLSchema-instance" 
  	xsi:schemaLocation="http://www.environment-agency.gov.uk/XMLSchemas/EATimeSeriesDataExchangeFormat EATimeSeriesDataExchangeFormat.xsd">
	<md:Publisher>Environment Agency</md:Publisher>
	<md:Source>Anglian Telemetry</md:Source>
	<md:Description>Telemetry Data</md:Description>
	<md:Creator>X-TEL 2.2</md:Creator>
 	<md:Date>2016-02-12</md:Date>
 	<md:Time>10:39:02</md:Time>
 	<md:Identifier>Anglian Interface Server</md:Identifier><Station
		stationReference="E1839"
		stationName="HORNCASTLE BANKS ROAD GS"
		region="Anglian"
		ngr="TF2620069600">
 		<SetofValues
			parameter="Water Level"
			qualifier="Stage"
			dataType="Instantaneous"
			period="15 min"
			pointReference="E1839"
			characteristic="Measured"
			units="m"
			startDate="2016-02-12" 
			startTime="05:30:00" 
			endDate="2016-02-12" 
			endTime="10:30:00"><Value date="2016-02-12" time="05:30:00" >0.286</Value><Value date="2016-02-12" time="05:45:00" >0.286</Value><Value date="2016-02-12" time="06:00:00" >0.286</Value><Value date="2016-02-12" time="06:15:00" >0.286</Value><Value date="2016-02-12" time="06:30:00" >0.286</Value><Value date="2016-02-12" time="06:45:00" >0.286</Value><Value date="2016-02-12" time="07:00:00" >0.286</Value><Value date="2016-02-12" time="07:15:00" >0.286</Value><Value date="2016-02-12" time="07:30:00" >0.286</Value><Value date="2016-02-12" time="07:45:00" >0.286</Value><Value date="2016-02-12" time="08:00:00" >0.286</Value><Value date="2016-02-12" time="08:15:00" >0.286</Value><Value date="2016-02-12" time="08:30:00" >0.285</Value><Value date="2016-02-12" time="08:45:00" >0.285</Value><Value date="2016-02-12" time="09:00:00" >0.285</Value><Value date="2016-02-12" time="09:15:00" >0.285</Value><Value date="2016-02-12" time="09:30:00" >0.284</Value><Value date="2016-02-12" time="09:45:00" >0.284</Value><Value date="2016-02-12" time="10:00:00" >0.284</Value><Value date="2016-02-12" time="10:15:00" >0.284</Value><Value date="2016-02-12" time="10:30:00" >0.284</Value></SetofValues>
	</Station><Station
		stationReference="E65501"
		stationName="MARSH ROAD SLUICE AUTOMATION SPALDING"
		region="Anglian"
		ngr="TF2599124025">
 		<SetofValues
			parameter="Water Level"
			qualifier="Stage"
			dataType="Instantaneous"
			period="15 min"
			pointReference="E65501"
			characteristic="Measured"
			units="mAOD"
			startDate="2016-02-12" 
			startTime="09:30:00" 
			endDate="2016-02-12" 
			endTime="10:30:00"><Value date="2016-02-12" time="09:30:00" >3.144</Value><Value date="2016-02-12" time="09:45:00" >3.148</Value><Value date="2016-02-12" time="10:00:00" >3.153</Value><Value date="2016-02-12" time="10:15:00" >3.155</Value><Value date="2016-02-12" time="10:30:00" >3.163</Value></SetofValues>
	</Station><Station
		stationReference="E22018"
		stationName="KESWICK MILL SLUICE GSM"
		region="Anglian"
		ngr="TG2100005000">
 		<SetofValues
			parameter="Water Level"
			qualifier="Stage"
			dataType="Instantaneous"
			period="15 min"
			pointReference="E22018"
			characteristic="Measured"
			units="mAOD"
			startDate="2016-02-12" 
			startTime="10:00:00" 
			endDate="2016-02-12" 
			endTime="10:00:00"><Value date="2016-02-12" time="10:00:00" >5.386</Value></SetofValues>
	</Station><Station
		stationReference="E71339"
		stationName="UKCMF WASH PILE TS"
		region="Anglian"
		ngr="TF4939533238">
 		<SetofValues
			parameter="Water Level"
			qualifier="Tidal Level"
			dataType="Mean"
			period="15 min"
			pointReference="E71339"
			characteristic="Measured"
			units="mAOD"
			startDate="2016-02-12" 
			startTime="10:30:00" 
			endDate="2016-02-12" 
			endTime="10:30:00"><Value date="2016-02-12" time="10:30:00" >2.443</Value></SetofValues>
	</Station><Station
		stationReference="E5755"
		stationName="ElementNotMappedToAnOutstation"
		region="Anglian"
		ngr="TG2198042530">
 		<SetofValues
			parameter="Water Level"
			qualifier="Tidal Level"
			dataType="Instantaneous"
			period="15 min"
			pointReference="E5755"
			characteristic="Measured"
			units="mAOD"
			startDate="2016-02-12" 
			startTime="10:30:00" 
			endDate="2016-02-12" 
			endTime="10:30:00"><Value date="2016-02-12" time="10:30:00" >1.697</Value></SetofValues>
	</Station><Station
		stationReference="E1488"
		stationName="HORNCASTLE BANKS ROAD GS"
		region="Anglian"
		ngr="TF2620069600">
 		<SetofValues
			parameter="Flow"
			qualifier="Stage"
			dataType="Instantaneous"
			period="15 min"
			pointReference="E1488"
			characteristic="Measured"
			units="m3/s"
			startDate="2016-02-12" 
			startTime="05:30:00" 
			endDate="2016-02-12" 
			endTime="10:30:00"><Value date="2016-02-12" time="05:30:00" >0.250</Value><Value date="2016-02-12" time="05:45:00" >0.250</Value><Value date="2016-02-12" time="06:00:00" >0.250</Value><Value date="2016-02-12" time="06:15:00" >0.250</Value><Value date="2016-02-12" time="06:30:00" >0.250</Value><Value date="2016-02-12" time="06:45:00" >0.250</Value><Value date="2016-02-12" time="07:00:00" >0.250</Value><Value date="2016-02-12" time="07:15:00" >0.250</Value><Value date="2016-02-12" time="07:30:00" >0.250</Value><Value date="2016-02-12" time="07:45:00" >0.250</Value><Value date="2016-02-12" time="08:00:00" >0.250</Value><Value date="2016-02-12" time="08:15:00" >0.250</Value><Value date="2016-02-12" time="08:30:00" >0.250</Value><Value date="2016-02-12" time="08:45:00" >0.250</Value><Value date="2016-02-12" time="09:00:00" >0.250</Value><Value date="2016-02-12" time="09:15:00" >0.250</Value><Value date="2016-02-12" time="09:30:00" >0.250</Value><Value date="2016-02-12" time="09:45:00" >0.250</Value><Value date="2016-02-12" time="10:00:00" >0.250</Value><Value date="2016-02-12" time="10:15:00" >0.250</Value><Value date="2016-02-12" time="10:30:00" >0.240</Value></SetofValues>
	</Station></EATimeSeriesDataExchangeFormat>