<?xml version="1.0"?>
<EATimeSeriesDataExchangeFormat xmlns="http://www.environment-agency.gov.uk/XMLSchemas/EATimeSeriesDataExchangeFormat" 
	xmlns:md="http://www.environment-agency.gov.uk/XMLSchemas/EAMetadataFormat"
	xmlns:xsi="http://www.w3.org/2001/XMLSchema-instance" 
  	xsi:schemaLocation="http://www.environment-agency.gov.uk/XMLSchemas/EATimeSeriesDataExchangeFormat EATimeSeriesDataExchangeFormat.xsd">
	<md:Publisher>Environment Agency</md:Publisher>
	<md:Source>Anglian Telemetry</md:Source>
	<md:Description>Telemetry Data</md:Description>
	<md:Creator>X-TEL 2.2</md:Creator>
 	<md:Date>2016-02-12</md:Date>
 	<md:Time>11:24:02</md:Time>
 	<md:Identifier>Anglian Interface Server</md:Identifier><Station
		stationReference="E2991"
		stationName="FULSBY LOCK R BAIN GS"
		region="Anglian"
		ngr="TF2410061100">
 		<SetofValues
			parameter="Flow"
			qualifier="Stage"
			dataType="Instantaneous"
			period="15 min"
			pointReference="E2991"
			characteristic="Measured"
			units="m3/s"
			startDate="2016-02-12" 
			startTime="06:15:00" 
			endDate="2016-02-12" 
			endTime="11:15:00"><Value date="2016-02-12" time="06:15:00" >2.178</Value><Value date="2016-02-12" time="06:30:00" >2.186</Value><Value date="2016-02-12" time="06:45:00" >2.186</Value><Value date="2016-02-12" time="07:00:00" >2.186</Value><Value date="2016-02-12" time="07:15:00" >2.186</Value><Value date="2016-02-12" time="07:30:00" >2.175</Value><Value date="2016-02-12" time="07:45:00" >2.175</Value><Value date="2016-02-12" time="08:00:00" >2.175</Value><Value date="2016-02-12" time="08:15:00" >2.175</Value><Value date="2016-02-12" time="08:30:00" >2.175</Value><Value date="2016-02-12" time="08:45:00" >2.175</Value><Value date="2016-02-12" time="09:00:00" >2.175</Value><Value date="2016-02-12" time="09:15:00" >2.163</Value><Value date="2016-02-12" time="09:30:00" >2.175</Value><Value date="2016-02-12" time="09:45:00" >2.163</Value><Value date="2016-02-12" time="10:00:00" >2.163</Value><Value date="2016-02-12" time="10:15:00" >2.152</Value><Value date="2016-02-12" time="10:30:00" >2.152</Value><Value date="2016-02-12" time="10:45:00" >2.152</Value><Value date="2016-02-12" time="11:00:00" >2.163</Value><Value date="2016-02-12" time="11:15:00" >2.152</Value></SetofValues>
	</Station><Station
		stationReference="E1685"
		stationName="FULSBY LOCK R BAIN GS"
		region="Anglian"
		ngr="TF2410061100">
 		<SetofValues
			parameter="Water Level"
			qualifier="Stage"
			dataType="Instantaneous"
			period="15 min"
			pointReference="E1685"
			characteristic="Measured"
			units="m"
			startDate="2016-02-12" 
			startTime="06:15:00" 
			endDate="2016-02-12" 
			endTime="11:15:00"><Value date="2016-02-12" time="06:15:00" >0.339</Value><Value date="2016-02-12" time="06:30:00" >0.338</Value><Value date="2016-02-12" time="06:45:00" >0.338</Value><Value date="2016-02-12" time="07:00:00" >0.338</Value><Value date="2016-02-12" time="07:15:00" >0.338</Value><Value date="2016-02-12" time="07:30:00" >0.337</Value><Value date="2016-02-12" time="07:45:00" >0.337</Value><Value date="2016-02-12" time="08:00:00" >0.337</Value><Value date="2016-02-12" time="08:15:00" >0.337</Value><Value date="2016-02-12" time="08:30:00" >0.337</Value><Value date="2016-02-12" time="08:45:00" >0.337</Value><Value date="2016-02-12" time="09:00:00" >0.337</Value><Value date="2016-02-12" time="09:15:00" >0.336</Value><Value date="2016-02-12" time="09:30:00" >0.337</Value><Value date="2016-02-12" time="09:45:00" >0.336</Value><Value date="2016-02-12" time="10:00:00" >0.336</Value><Value date="2016-02-12" time="10:15:00" >0.335</Value><Value date="2016-02-12" time="10:30:00" >0.335</Value><Value date="2016-02-12" time="10:45:00" >0.335</Value><Value date="2016-02-12" time="11:00:00" >0.336</Value><Value date="2016-02-12" time="11:15:00" >0.335</Value></SetofValues>
	</Station><Station
		stationReference="E2671"
		stationName="BRANT CONTROL SLUICE AUBOURN"
		region="Anglian"
		ngr="SK9480062600">
 		<SetofValues
			parameter="Water Level"
			qualifier="Stage"
			dataType="Instantaneous"
			period="15 min"
			pointReference="E2671"
			characteristic="Measured"
			units="mAOD"
			startDate="2016-02-12" 
			startTime="11:00:00" 
			endDate="2016-02-12" 
			endTime="11:15:00"><Value date="2016-02-12" time="11:00:00" >3.722</Value><Value date="2016-02-12" time="11:15:00" >3.717</Value></SetofValues>
	</Station><Station
		stationReference="E71339"
		stationName="UKCMF WASH PILE TS"
		region="Anglian"
		ngr="TF4939533238">
 		<SetofValues
			parameter="Water Level"
			qualifier="Tidal Level"
			dataType="Mean"
			period="15 min"
			pointReference="E71339"
			characteristic="Measured"
			units="mAOD"
			startDate="2016-02-12" 
			startTime="11:15:00" 
			endDate="2016-02-12" 
			endTime="11:15:00"><Value date="2016-02-12" time="11:15:00" >1.434</Value></SetofValues>
	</Station><Station
		stationReference="E5755"
		stationName="ElementNotMappedToAnOutstation"
		region="Anglian"
		ngr="TG2198042530">
 		<SetofValues
			parameter="Water Level"
			qualifier="Tidal Level"
			dataType="Instantaneous"
			period="15 min"
			pointReference="E5755"
			characteristic="Measured"
			units="mAOD"
			startDate="2016-02-12" 
			startTime="11:15:00" 
			endDate="2016-02-12" 
			endTime="11:15:00"><Value date="2016-02-12" time="11:15:00" >1.180</Value></SetofValues>
	</Station></EATimeSeriesDataExchangeFormat>