<?xml version="1.0"?>
<EATimeSeriesDataExchangeFormat xmlns="http://www.environment-agency.gov.uk/XMLSchemas/EATimeSeriesDataExchangeFormat" 
	xmlns:md="http://www.environment-agency.gov.uk/XMLSchemas/EAMetadataFormat"
	xmlns:xsi="http://www.w3.org/2001/XMLSchema-instance" 
  	xsi:schemaLocation="http://www.environment-agency.gov.uk/XMLSchemas/EATimeSeriesDataExchangeFormat EATimeSeriesDataExchangeFormat.xsd">
	<md:Publisher>Environment Agency</md:Publisher>
	<md:Source>Anglian Telemetry</md:Source>
	<md:Description>Telemetry Data</md:Description>
	<md:Creator>X-TEL 2.2</md:Creator>
 	<md:Date>2016-02-12</md:Date>
 	<md:Time>14:33:02</md:Time>
 	<md:Identifier>Anglian Interface Server</md:Identifier><Station
		stationReference="E2902"
		stationName="FISKERTON SLUICE AUTOMATION"
		region="Anglian"
		ngr="TF0890071200">
 		<SetofValues
			parameter="Water Level"
			qualifier="Stage"
			dataType="Instantaneous"
			period="15 min"
			pointReference="E2902"
			characteristic="Measured"
			units="mAOD"
			startDate="2016-02-12" 
			startTime="14:30:00" 
			endDate="2016-02-12" 
			endTime="14:30:00"><Value date="2016-02-12" time="14:30:00" >2.984</Value></SetofValues>
	</Station><Station
		stationReference="E24323"
		stationName="COLNE TIDE BARRIER WIVENHOE"
		region="Anglian"
		ngr="TM0420021300">
 		<SetofValues
			parameter="Water Level"
			qualifier="Tidal Level"
			dataType="Instantaneous"
			period="15 min"
			pointReference="E24323"
			characteristic="Measured"
			units="mAOD"
			startDate="2016-02-12" 
			startTime="13:45:00" 
			endDate="2016-02-12" 
			endTime="14:30:00"><Value date="2016-02-12" time="13:45:00" >2.026</Value><Value date="2016-02-12" time="14:00:00" >2.395</Value><Value date="2016-02-12" time="14:15:00" >2.704</Value><Value date="2016-02-12" time="14:30:00" >2.901</Value></SetofValues>
	</Station><Station
		stationReference="E24322"
		stationName="COLNE TIDE BARRIER WIVENHOE"
		region="Anglian"
		ngr="TM0420021300">
 		<SetofValues
			parameter="Water Level"
			qualifier="Stage"
			dataType="Instantaneous"
			period="15 min"
			pointReference="E24322"
			characteristic="Measured"
			units="mAOD"
			startDate="2016-02-12" 
			startTime="13:45:00" 
			endDate="2016-02-12" 
			endTime="14:30:00"><Value date="2016-02-12" time="13:45:00" >2.008</Value><Value date="2016-02-12" time="14:00:00" >2.375</Value><Value date="2016-02-12" time="14:15:00" >2.692</Value><Value date="2016-02-12" time="14:30:00" >2.889</Value></SetofValues>
	</Station><Station
		stationReference="E21785"
		stationName="SYLEHAM MILL SLUICE"
		region="Anglian"
		ngr="TM2130079100">
 		<SetofValues
			parameter="Water Level"
			qualifier="Stage"
			dataType="Instantaneous"
			period="15 min"
			pointReference="E21785"
			characteristic="Measured"
			units="mAOD"
			startDate="2016-02-12" 
			startTime="14:30:00" 
			endDate="2016-02-12" 
			endTime="14:30:02"><Value date="2016-02-12" time="14:30:00" >18.791</Value><Value date="2016-02-12" time="14:30:01" >18.790</Value><Value date="2016-02-12" time="14:30:02" >18.791</Value></SetofValues>
	</Station><Station
		stationReference="E21136"
		stationName="HEMINGFORD GREY SLUICE"
		region="Anglian"
		ngr="TL2950071200">
 		<SetofValues
			parameter="Water Level"
			qualifier="Stage"
			dataType="Instantaneous"
			period="15 min"
			pointReference="E21136"
			characteristic="Measured"
			units="mAOD"
			startDate="2016-02-12" 
			startTime="06:15:00" 
			endDate="2016-02-12" 
			endTime="14:30:00"><Value date="2016-02-12" time="06:15:00" >6.510</Value><Value date="2016-02-12" time="06:30:00" >6.509</Value><Value date="2016-02-12" time="06:45:00" >6.506</Value><Value date="2016-02-12" time="07:00:00" >6.504</Value><Value date="2016-02-12" time="07:15:00" >6.503</Value><Value date="2016-02-12" time="07:30:00" >6.500</Value><Value date="2016-02-12" time="07:45:00" >6.499</Value><Value date="2016-02-12" time="08:00:00" >6.511</Value><Value date="2016-02-12" time="08:15:00" >6.514</Value><Value date="2016-02-12" time="08:30:00" >6.518</Value><Value date="2016-02-12" time="08:45:00" >6.517</Value><Value date="2016-02-12" time="09:00:00" >6.516</Value><Value date="2016-02-12" time="09:15:00" >6.516</Value><Value date="2016-02-12" time="09:30:00" >6.516</Value><Value date="2016-02-12" time="09:45:00" >6.515</Value><Value date="2016-02-12" time="10:00:00" >6.515</Value><Value date="2016-02-12" time="10:15:00" >6.513</Value><Value date="2016-02-12" time="10:30:00" >6.512</Value><Value date="2016-02-12" time="10:45:00" >6.512</Value><Value date="2016-02-12" time="11:00:00" >6.511</Value><Value date="2016-02-12" time="11:15:00" >6.510</Value><Value date="2016-02-12" time="11:30:00" >6.508</Value><Value date="2016-02-12" time="11:45:00" >6.508</Value><Value date="2016-02-12" time="12:00:00" >6.506</Value><Value date="2016-02-12" time="12:15:00" >6.505</Value><Value date="2016-02-12" time="12:30:00" >6.502</Value><Value date="2016-02-12" time="12:45:00" >6.499</Value><Value date="2016-02-12" time="13:00:00" >6.497</Value><Value date="2016-02-12" time="13:15:00" >6.508</Value><Value date="2016-02-12" time="13:30:00" >6.513</Value><Value date="2016-02-12" time="13:45:00" >6.517</Value><Value date="2016-02-12" time="14:00:00" >6.518</Value><Value date="2016-02-12" time="14:15:00" >6.520</Value><Value date="2016-02-12" time="14:30:00" >6.520</Value></SetofValues>
	</Station></EATimeSeriesDataExchangeFormat>