<?xml version="1.0"?>
<EATimeSeriesDataExchangeFormat xmlns="http://www.environment-agency.gov.uk/XMLSchemas/EATimeSeriesDataExchangeFormat" 
	xmlns:md="http://www.environment-agency.gov.uk/XMLSchemas/EAMetadataFormat"
	xmlns:xsi="http://www.w3.org/2001/XMLSchema-instance" 
  	xsi:schemaLocation="http://www.environment-agency.gov.uk/XMLSchemas/EATimeSeriesDataExchangeFormat EATimeSeriesDataExchangeFormat.xsd">
	<md:Publisher>Environment Agency</md:Publisher>
	<md:Source>Anglian Telemetry</md:Source>
	<md:Description>Telemetry Data</md:Description>
	<md:Creator>X-TEL 2.2</md:Creator>
 	<md:Date>2016-02-12</md:Date>
 	<md:Time>15:57:05</md:Time>
 	<md:Identifier>Anglian Interface Server</md:Identifier><Station
		stationReference="E22018"
		stationName="KESWICK MILL SLUICE GSM"
		region="Anglian"
		ngr="TG2100005000">
 		<SetofValues
			parameter="Water Level"
			qualifier="Stage"
			dataType="Instantaneous"
			period="15 min"
			pointReference="E22018"
			characteristic="Measured"
			units="mAOD"
			startDate="2016-02-12" 
			startTime="15:00:00" 
			endDate="2016-02-12" 
			endTime="15:00:00"><Value date="2016-02-12" time="15:00:00" >5.388</Value></SetofValues>
	</Station></EATimeSeriesDataExchangeFormat>