<?xml version="1.0"?>
<EATimeSeriesDataExchangeFormat xmlns="http://www.environment-agency.gov.uk/XMLSchemas/EATimeSeriesDataExchangeFormat" 
	xmlns:md="http://www.environment-agency.gov.uk/XMLSchemas/EAMetadataFormat"
	xmlns:xsi="http://www.w3.org/2001/XMLSchema-instance" 
  	xsi:schemaLocation="http://www.environment-agency.gov.uk/XMLSchemas/EATimeSeriesDataExchangeFormat EATimeSeriesDataExchangeFormat.xsd">
	<md:Publisher>Environment Agency</md:Publisher>
	<md:Source>Anglian Telemetry</md:Source>
	<md:Description>Telemetry Data</md:Description>
	<md:Creator>X-TEL 2.2</md:Creator>
 	<md:Date>2016-02-12</md:Date>
 	<md:Time>12:48:00</md:Time>
 	<md:Identifier>Anglian Interface Server</md:Identifier><Station
		stationReference="E21187"
		stationName="LEIGHTON BUZZARD GS"
		region="Anglian"
		ngr="SP9170024000">
 		<SetofValues
			parameter="Water Level"
			qualifier="Stage"
			dataType="Instantaneous"
			period="15 min"
			pointReference="E21187"
			characteristic="Measured"
			units="m"
			startDate="2016-02-12" 
			startTime="12:30:00" 
			endDate="2016-02-12" 
			endTime="12:45:00"><Value date="2016-02-12" time="12:30:00" >0.197</Value><Value date="2016-02-12" time="12:45:00" >0.198</Value></SetofValues>
	</Station><Station
		stationReference="E21188"
		stationName="LEIGHTON BUZZARD GS"
		region="Anglian"
		ngr="SP9169224079">
 		<SetofValues
			parameter="Flow"
			qualifier="Stage"
			dataType="Instantaneous"
			period="15 min"
			pointReference="E21188"
			characteristic="Measured"
			units="m3/s"
			startDate="2016-02-12" 
			startTime="12:30:00" 
			endDate="2016-02-12" 
			endTime="12:45:00"><Value date="2016-02-12" time="12:30:00" >1.044</Value><Value date="2016-02-12" time="12:45:00" >1.052</Value></SetofValues>
	</Station><Station
		stationReference="E22300"
		stationName="CLIPSTONE BROOK GS LEIGHTON BUZZARD"
		region="Anglian"
		ngr="SP9401625958">
 		<SetofValues
			parameter="Flow"
			qualifier="Stage"
			dataType="Instantaneous"
			period="15 min"
			pointReference="E22300"
			characteristic="Measured"
			units="m3/s"
			startDate="2016-02-12" 
			startTime="12:30:00" 
			endDate="2016-02-12" 
			endTime="12:45:00"><Value date="2016-02-12" time="12:30:00" >0.217</Value><Value date="2016-02-12" time="12:45:00" >0.233</Value></SetofValues>
	</Station><Station
		stationReference="E21987"
		stationName="CLIPSTONE BROOK GS LEIGHTON BUZZARD"
		region="Anglian"
		ngr="SP9400025900">
 		<SetofValues
			parameter="Water Level"
			qualifier="Stage"
			dataType="Instantaneous"
			period="15 min"
			pointReference="E21987"
			characteristic="Measured"
			units="m"
			startDate="2016-02-12" 
			startTime="12:30:00" 
			endDate="2016-02-12" 
			endTime="12:45:00"><Value date="2016-02-12" time="12:30:00" >0.170</Value><Value date="2016-02-12" time="12:45:00" >0.176</Value></SetofValues>
	</Station></EATimeSeriesDataExchangeFormat>