<?xml version="1.0"?>
<EATimeSeriesDataExchangeFormat xmlns="http://www.environment-agency.gov.uk/XMLSchemas/EATimeSeriesDataExchangeFormat" 
	xmlns:md="http://www.environment-agency.gov.uk/XMLSchemas/EAMetadataFormat"
	xmlns:xsi="http://www.w3.org/2001/XMLSchema-instance" 
  	xsi:schemaLocation="http://www.environment-agency.gov.uk/XMLSchemas/EATimeSeriesDataExchangeFormat EATimeSeriesDataExchangeFormat.xsd">
	<md:Publisher>Environment Agency</md:Publisher>
	<md:Source>Anglian Telemetry</md:Source>
	<md:Description>Telemetry Data</md:Description>
	<md:Creator>X-TEL 2.2</md:Creator>
 	<md:Date>2016-02-12</md:Date>
 	<md:Time>10:51:02</md:Time>
 	<md:Identifier>Anglian Interface Server</md:Identifier><Station
		stationReference="E21897"
		stationName="OFFORD SLUICE AUTOMATION"
		region="Anglian"
		ngr="TL2170066900">
 		<SetofValues
			parameter="Flow"
			qualifier="Stage"
			dataType="Instantaneous"
			period="15 min"
			pointReference="E21897"
			characteristic="Measured"
			units="m3/s"
			startDate="2016-02-12" 
			startTime="09:00:00" 
			endDate="2016-02-12" 
			endTime="10:45:00"><Value date="2016-02-12" time="09:00:00" >62.630</Value><Value date="2016-02-12" time="09:15:00" >62.630</Value><Value date="2016-02-12" time="09:30:00" >62.491</Value><Value date="2016-02-12" time="09:45:00" >62.491</Value><Value date="2016-02-12" time="10:00:00" >62.351</Value><Value date="2016-02-12" time="10:15:00" >61.794</Value><Value date="2016-02-12" time="10:30:00" >61.516</Value><Value date="2016-02-12" time="10:45:00" >61.099</Value></SetofValues>
	</Station><Station
		stationReference="E24367"
		stationName="ElementNotMappedToAnOutstation"
		region="Anglian"
		ngr="TL2170066900">
 		<SetofValues
			parameter="Water Level"
			qualifier="Stage"
			dataType="Instantaneous"
			period="15 min"
			pointReference="E24367"
			characteristic="Measured"
			units="mAOD"
			startDate="2016-02-12" 
			startTime="09:00:00" 
			endDate="2016-02-12" 
			endTime="10:45:00"><Value date="2016-02-12" time="09:00:00" >11.520</Value><Value date="2016-02-12" time="09:15:00" >11.519</Value><Value date="2016-02-12" time="09:30:00" >11.519</Value><Value date="2016-02-12" time="09:45:00" >11.518</Value><Value date="2016-02-12" time="10:00:00" >11.518</Value><Value date="2016-02-12" time="10:15:00" >11.517</Value><Value date="2016-02-12" time="10:30:00" >11.511</Value><Value date="2016-02-12" time="10:45:00" >11.510</Value></SetofValues>
	</Station><Station
		stationReference="E61804"
		stationName="OFFORD SLUICE AUTOMATION"
		region="Anglian"
		ngr="TL2170066900">
 		<SetofValues
			parameter="Water Level"
			qualifier="Stage"
			dataType="Instantaneous"
			period="15 min"
			pointReference="E61804"
			characteristic="Measured"
			units="mAOD"
			startDate="2016-02-12" 
			startTime="09:00:00" 
			endDate="2016-02-12" 
			endTime="10:45:00"><Value date="2016-02-12" time="09:00:00" >11.520</Value><Value date="2016-02-12" time="09:15:00" >11.519</Value><Value date="2016-02-12" time="09:30:00" >11.519</Value><Value date="2016-02-12" time="09:45:00" >11.518</Value><Value date="2016-02-12" time="10:00:00" >11.518</Value><Value date="2016-02-12" time="10:15:00" >11.517</Value><Value date="2016-02-12" time="10:30:00" >11.511</Value><Value date="2016-02-12" time="10:45:00" >11.510</Value></SetofValues>
	</Station></EATimeSeriesDataExchangeFormat>