<?xml version="1.0"?>
<EATimeSeriesDataExchangeFormat xmlns="http://www.environment-agency.gov.uk/XMLSchemas/EATimeSeriesDataExchangeFormat" 
	xmlns:md="http://www.environment-agency.gov.uk/XMLSchemas/EAMetadataFormat"
	xmlns:xsi="http://www.w3.org/2001/XMLSchema-instance" 
  	xsi:schemaLocation="http://www.environment-agency.gov.uk/XMLSchemas/EATimeSeriesDataExchangeFormat EATimeSeriesDataExchangeFormat.xsd">
	<md:Publisher>Environment Agency</md:Publisher>
	<md:Source>Anglian Telemetry</md:Source>
	<md:Description>Telemetry Data</md:Description>
	<md:Creator>X-TEL 2.2</md:Creator>
 	<md:Date>2016-02-12</md:Date>
 	<md:Time>13:45:14</md:Time>
 	<md:Identifier>Anglian Interface Server</md:Identifier><Station
		stationReference="E24323"
		stationName="COLNE TIDE BARRIER WIVENHOE"
		region="Anglian"
		ngr="TM0420021300">
 		<SetofValues
			parameter="Water Level"
			qualifier="Tidal Level"
			dataType="Instantaneous"
			period="15 min"
			pointReference="E24323"
			characteristic="Measured"
			units="mAOD"
			startDate="2016-02-12" 
			startTime="13:00:00" 
			endDate="2016-02-12" 
			endTime="13:30:00"><Value date="2016-02-12" time="13:00:00" >1.058</Value><Value date="2016-02-12" time="13:15:00" >1.337</Value><Value date="2016-02-12" time="13:30:00" >1.680</Value></SetofValues>
	</Station><Station
		stationReference="E24322"
		stationName="COLNE TIDE BARRIER WIVENHOE"
		region="Anglian"
		ngr="TM0420021300">
 		<SetofValues
			parameter="Water Level"
			qualifier="Stage"
			dataType="Instantaneous"
			period="15 min"
			pointReference="E24322"
			characteristic="Measured"
			units="mAOD"
			startDate="2016-02-12" 
			startTime="13:00:00" 
			endDate="2016-02-12" 
			endTime="13:30:00"><Value date="2016-02-12" time="13:00:00" >1.037</Value><Value date="2016-02-12" time="13:15:00" >1.323</Value><Value date="2016-02-12" time="13:30:00" >1.665</Value></SetofValues>
	</Station><Station
		stationReference="E24238"
		stationName="BRAMPTON RAINGAUGE"
		region="Anglian"
		ngr="TL2230070900">
 		<SetofValues
			parameter="Rainfall"
			qualifier="Tipping Bucket Raingauge"
			dataType="Total"
			period="15 min"
			pointReference="E24238"
			characteristic="Measured"
			units="mm"
			startDate="2016-02-12" 
			startTime="13:30:00" 
			endDate="2016-02-12" 
			endTime="13:30:00"><Value date="2016-02-12" time="13:30:00" >0.000</Value></SetofValues>
	</Station></EATimeSeriesDataExchangeFormat>