<?xml version="1.0"?>
<EATimeSeriesDataExchangeFormat xmlns="http://www.environment-agency.gov.uk/XMLSchemas/EATimeSeriesDataExchangeFormat" 
	xmlns:md="http://www.environment-agency.gov.uk/XMLSchemas/EAMetadataFormat"
	xmlns:xsi="http://www.w3.org/2001/XMLSchema-instance" 
  	xsi:schemaLocation="http://www.environment-agency.gov.uk/XMLSchemas/EATimeSeriesDataExchangeFormat EATimeSeriesDataExchangeFormat.xsd">
	<md:Publisher>Environment Agency</md:Publisher>
	<md:Source>Anglian Telemetry</md:Source>
	<md:Description>Telemetry Data</md:Description>
	<md:Creator>X-TEL 2.2</md:Creator>
 	<md:Date>2016-02-12</md:Date>
 	<md:Time>10:54:05</md:Time>
 	<md:Identifier>Anglian Interface Server</md:Identifier><Station
		stationReference="E4900"
		stationName="GREAT GOWT SLUICE LINCOLN"
		region="Anglian"
		ngr="SK9700070300">
 		<SetofValues
			parameter="Water Level"
			qualifier="Stage"
			dataType="Instantaneous"
			period="15 min"
			pointReference="E4900"
			characteristic="Measured"
			units="mAOD"
			startDate="2016-02-12" 
			startTime="10:00:00" 
			endDate="2016-02-12" 
			endTime="10:45:01"><Value date="2016-02-12" time="10:00:00" >4.436</Value><Value date="2016-02-12" time="10:15:01" >4.436</Value><Value date="2016-02-12" time="10:30:01" >4.436</Value><Value date="2016-02-12" time="10:45:01" >4.438</Value></SetofValues>
	</Station><Station
		stationReference="E2671"
		stationName="BRANT CONTROL SLUICE AUBOURN"
		region="Anglian"
		ngr="SK9480062600">
 		<SetofValues
			parameter="Water Level"
			qualifier="Stage"
			dataType="Instantaneous"
			period="15 min"
			pointReference="E2671"
			characteristic="Measured"
			units="mAOD"
			startDate="2016-02-12" 
			startTime="10:45:00" 
			endDate="2016-02-12" 
			endTime="10:45:00"><Value date="2016-02-12" time="10:45:00" >3.692</Value></SetofValues>
	</Station><Station
		stationReference="E65501"
		stationName="MARSH ROAD SLUICE AUTOMATION SPALDING"
		region="Anglian"
		ngr="TF2599124025">
 		<SetofValues
			parameter="Water Level"
			qualifier="Stage"
			dataType="Instantaneous"
			period="15 min"
			pointReference="E65501"
			characteristic="Measured"
			units="mAOD"
			startDate="2016-02-12" 
			startTime="10:45:00" 
			endDate="2016-02-12" 
			endTime="10:45:00"><Value date="2016-02-12" time="10:45:00" >3.146</Value></SetofValues>
	</Station><Station
		stationReference="E1833"
		stationName="WEEDON GS"
		region="Anglian"
		ngr="SP6300060000">
 		<SetofValues
			parameter="Water Level"
			qualifier="Stage"
			dataType="Instantaneous"
			period="15 min"
			pointReference="E1833"
			characteristic="Measured"
			units="mAOD"
			startDate="2016-02-12" 
			startTime="04:45:00" 
			endDate="2016-02-12" 
			endTime="10:45:00"><Value date="2016-02-12" time="04:45:00" >77.586</Value><Value date="2016-02-12" time="05:00:00" >77.586</Value><Value date="2016-02-12" time="05:15:00" >77.586</Value><Value date="2016-02-12" time="05:30:00" >77.586</Value><Value date="2016-02-12" time="05:45:00" >77.586</Value><Value date="2016-02-12" time="06:00:00" >77.586</Value><Value date="2016-02-12" time="06:15:00" >77.585</Value><Value date="2016-02-12" time="06:30:00" >77.585</Value><Value date="2016-02-12" time="06:45:00" >77.586</Value><Value date="2016-02-12" time="07:00:00" >77.585</Value><Value date="2016-02-12" time="07:15:00" >77.585</Value><Value date="2016-02-12" time="07:30:00" >77.586</Value><Value date="2016-02-12" time="07:45:00" >77.585</Value><Value date="2016-02-12" time="08:00:00" >77.585</Value><Value date="2016-02-12" time="08:15:00" >77.585</Value><Value date="2016-02-12" time="08:30:00" >77.585</Value><Value date="2016-02-12" time="08:45:00" >77.585</Value><Value date="2016-02-12" time="09:00:00" >77.585</Value><Value date="2016-02-12" time="09:15:00" >77.585</Value><Value date="2016-02-12" time="09:30:00" >77.585</Value><Value date="2016-02-12" time="09:45:00" >77.584</Value><Value date="2016-02-12" time="10:00:00" >77.583</Value><Value date="2016-02-12" time="10:15:00" >77.583</Value><Value date="2016-02-12" time="10:30:00" >77.584</Value><Value date="2016-02-12" time="10:45:00" >77.584</Value></SetofValues>
	</Station><Station
		stationReference="E71339"
		stationName="UKCMF WASH PILE TS"
		region="Anglian"
		ngr="TF4939533238">
 		<SetofValues
			parameter="Water Level"
			qualifier="Tidal Level"
			dataType="Mean"
			period="15 min"
			pointReference="E71339"
			characteristic="Measured"
			units="mAOD"
			startDate="2016-02-12" 
			startTime="10:45:00" 
			endDate="2016-02-12" 
			endTime="10:45:00"><Value date="2016-02-12" time="10:45:00" >2.126</Value></SetofValues>
	</Station><Station
		stationReference="E5755"
		stationName="ElementNotMappedToAnOutstation"
		region="Anglian"
		ngr="TG2198042530">
 		<SetofValues
			parameter="Water Level"
			qualifier="Tidal Level"
			dataType="Instantaneous"
			period="15 min"
			pointReference="E5755"
			characteristic="Measured"
			units="mAOD"
			startDate="2016-02-12" 
			startTime="10:45:00" 
			endDate="2016-02-12" 
			endTime="10:45:00"><Value date="2016-02-12" time="10:45:00" >1.546</Value></SetofValues>
	</Station><Station
		stationReference="E4902"
		stationName="GREAT GOWT SLUICE LINCOLN"
		region="Anglian"
		ngr="SK9700070300">
 		<SetofValues
			parameter="Water Level"
			qualifier="Downstream Stage"
			dataType="Instantaneous"
			period="15 min"
			pointReference="E4902"
			characteristic="Measured"
			units="mAOD"
			startDate="2016-02-12" 
			startTime="10:00:00" 
			endDate="2016-02-12" 
			endTime="10:45:01"><Value date="2016-02-12" time="10:00:00" >3.178</Value><Value date="2016-02-12" time="10:15:01" >3.178</Value><Value date="2016-02-12" time="10:30:01" >3.176</Value><Value date="2016-02-12" time="10:45:01" >3.178</Value></SetofValues>
	</Station></EATimeSeriesDataExchangeFormat>