<?xml version="1.0"?>
<EATimeSeriesDataExchangeFormat xmlns="http://www.environment-agency.gov.uk/XMLSchemas/EATimeSeriesDataExchangeFormat" 
	xmlns:md="http://www.environment-agency.gov.uk/XMLSchemas/EAMetadataFormat"
	xmlns:xsi="http://www.w3.org/2001/XMLSchema-instance" 
  	xsi:schemaLocation="http://www.environment-agency.gov.uk/XMLSchemas/EATimeSeriesDataExchangeFormat EATimeSeriesDataExchangeFormat.xsd">
	<md:Publisher>Environment Agency</md:Publisher>
	<md:Source>Anglian Telemetry</md:Source>
	<md:Description>Telemetry Data</md:Description>
	<md:Creator>X-TEL 2.2</md:Creator>
 	<md:Date>2016-02-12</md:Date>
 	<md:Time>13:39:10</md:Time>
 	<md:Identifier>Anglian Interface Server</md:Identifier><Station
		stationReference="E71339"
		stationName="UKCMF WASH PILE TS"
		region="Anglian"
		ngr="TF4939533238">
 		<SetofValues
			parameter="Water Level"
			qualifier="Tidal Level"
			dataType="Mean"
			period="15 min"
			pointReference="E71339"
			characteristic="Measured"
			units="mAOD"
			startDate="2016-02-12" 
			startTime="13:30:00" 
			endDate="2016-02-12" 
			endTime="13:30:00"><Value date="2016-02-12" time="13:30:00" >-1.875</Value></SetofValues>
	</Station><Station
		stationReference="E5755"
		stationName="ElementNotMappedToAnOutstation"
		region="Anglian"
		ngr="TG2198042530">
 		<SetofValues
			parameter="Water Level"
			qualifier="Tidal Level"
			dataType="Instantaneous"
			period="15 min"
			pointReference="E5755"
			characteristic="Measured"
			units="mAOD"
			startDate="2016-02-12" 
			startTime="13:30:00" 
			endDate="2016-02-12" 
			endTime="13:30:00"><Value date="2016-02-12" time="13:30:00" >-0.922</Value></SetofValues>
	</Station></EATimeSeriesDataExchangeFormat>