<?xml version="1.0"?>
<EATimeSeriesDataExchangeFormat xmlns="http://www.environment-agency.gov.uk/XMLSchemas/EATimeSeriesDataExchangeFormat" 
	xmlns:md="http://www.environment-agency.gov.uk/XMLSchemas/EAMetadataFormat"
	xmlns:xsi="http://www.w3.org/2001/XMLSchema-instance" 
  	xsi:schemaLocation="http://www.environment-agency.gov.uk/XMLSchemas/EATimeSeriesDataExchangeFormat EATimeSeriesDataExchangeFormat.xsd">
	<md:Publisher>Environment Agency</md:Publisher>
	<md:Source>Anglian Telemetry</md:Source>
	<md:Description>Telemetry Data</md:Description>
	<md:Creator>X-TEL 2.2</md:Creator>
 	<md:Date>2016-02-12</md:Date>
 	<md:Time>12:15:05</md:Time>
 	<md:Identifier>Anglian Interface Server</md:Identifier><Station
		stationReference="E2902"
		stationName="FISKERTON SLUICE AUTOMATION"
		region="Anglian"
		ngr="TF0890071200">
 		<SetofValues
			parameter="Water Level"
			qualifier="Stage"
			dataType="Instantaneous"
			period="15 min"
			pointReference="E2902"
			characteristic="Measured"
			units="mAOD"
			startDate="2016-02-12" 
			startTime="06:15:00" 
			endDate="2016-02-12" 
			endTime="12:00:00"><Value date="2016-02-12" time="06:15:00" >3.004</Value><Value date="2016-02-12" time="06:30:00" >3.006</Value><Value date="2016-02-12" time="06:45:00" >3.005</Value><Value date="2016-02-12" time="07:00:00" >3.002</Value><Value date="2016-02-12" time="07:15:00" >3.000</Value><Value date="2016-02-12" time="07:30:00" >2.998</Value><Value date="2016-02-12" time="07:45:00" >2.998</Value><Value date="2016-02-12" time="08:00:00" >2.994</Value><Value date="2016-02-12" time="08:15:00" >2.987</Value><Value date="2016-02-12" time="08:30:00" >2.984</Value><Value date="2016-02-12" time="08:45:00" >2.976</Value><Value date="2016-02-12" time="09:00:00" >2.973</Value><Value date="2016-02-12" time="09:15:00" >2.968</Value><Value date="2016-02-12" time="09:30:00" >2.968</Value><Value date="2016-02-12" time="09:45:00" >2.986</Value><Value date="2016-02-12" time="10:00:00" >3.011</Value><Value date="2016-02-12" time="10:15:00" >2.964</Value><Value date="2016-02-12" time="10:30:00" >2.964</Value><Value date="2016-02-12" time="10:45:00" >2.959</Value><Value date="2016-02-12" time="11:00:00" >2.965</Value><Value date="2016-02-12" time="11:15:00" >2.975</Value><Value date="2016-02-12" time="11:30:00" >2.987</Value><Value date="2016-02-12" time="11:45:00" >2.980</Value><Value date="2016-02-12" time="12:00:00" >2.987</Value></SetofValues>
	</Station></EATimeSeriesDataExchangeFormat>