<?xml version="1.0"?>
<EATimeSeriesDataExchangeFormat xmlns="http://www.environment-agency.gov.uk/XMLSchemas/EATimeSeriesDataExchangeFormat" 
	xmlns:md="http://www.environment-agency.gov.uk/XMLSchemas/EAMetadataFormat"
	xmlns:xsi="http://www.w3.org/2001/XMLSchema-instance" 
  	xsi:schemaLocation="http://www.environment-agency.gov.uk/XMLSchemas/EATimeSeriesDataExchangeFormat EATimeSeriesDataExchangeFormat.xsd">
	<md:Publisher>Environment Agency</md:Publisher>
	<md:Source>Anglian Telemetry</md:Source>
	<md:Description>Telemetry Data</md:Description>
	<md:Creator>X-TEL 2.2</md:Creator>
 	<md:Date>2016-02-12</md:Date>
 	<md:Time>11:51:03</md:Time>
 	<md:Identifier>Anglian Interface Server</md:Identifier><Station
		stationReference="E1449"
		stationName="TILL WASHLAND CONTROL SAXILBY"
		region="Anglian"
		ngr="SK9100076300">
 		<SetofValues
			parameter="Water Level"
			qualifier="Downstream Stage"
			dataType="Instantaneous"
			period="15 min"
			pointReference="E1449"
			characteristic="Measured"
			units="mAOD"
			startDate="2016-02-12" 
			startTime="11:45:00" 
			endDate="2016-02-12" 
			endTime="11:45:00"><Value date="2016-02-12" time="11:45:00" >4.439</Value></SetofValues>
	</Station><Station
		stationReference="E4900"
		stationName="GREAT GOWT SLUICE LINCOLN"
		region="Anglian"
		ngr="SK9700070300">
 		<SetofValues
			parameter="Water Level"
			qualifier="Stage"
			dataType="Instantaneous"
			period="15 min"
			pointReference="E4900"
			characteristic="Measured"
			units="mAOD"
			startDate="2016-02-12" 
			startTime="11:45:01" 
			endDate="2016-02-12" 
			endTime="11:45:01"><Value date="2016-02-12" time="11:45:01" >4.438</Value></SetofValues>
	</Station><Station
		stationReference="E1451"
		stationName="TILL WASHLAND CONTROL SAXILBY"
		region="Anglian"
		ngr="SK9100076300">
 		<SetofValues
			parameter="Water Level"
			qualifier="Stage"
			dataType="Instantaneous"
			period="15 min"
			pointReference="E1451"
			characteristic="Measured"
			units="mAOD"
			startDate="2016-02-12" 
			startTime="11:45:00" 
			endDate="2016-02-12" 
			endTime="11:45:00"><Value date="2016-02-12" time="11:45:00" >2.317</Value></SetofValues>
	</Station><Station
		stationReference="E1457"
		stationName="TILL WASHLAND CONTROL SAXILBY"
		region="Anglian"
		ngr="SK9100076300">
 		<SetofValues
			parameter="Rainfall"
			qualifier="Tipping Bucket Raingauge"
			dataType="Total"
			period="15 min"
			pointReference="E1457"
			characteristic="Measured"
			units="mm"
			startDate="2016-02-12" 
			startTime="11:45:00" 
			endDate="2016-02-12" 
			endTime="11:45:00"><Value date="2016-02-12" time="11:45:00" >0.000</Value></SetofValues>
	</Station><Station
		stationReference="E4902"
		stationName="GREAT GOWT SLUICE LINCOLN"
		region="Anglian"
		ngr="SK9700070300">
 		<SetofValues
			parameter="Water Level"
			qualifier="Downstream Stage"
			dataType="Instantaneous"
			period="15 min"
			pointReference="E4902"
			characteristic="Measured"
			units="mAOD"
			startDate="2016-02-12" 
			startTime="11:45:01" 
			endDate="2016-02-12" 
			endTime="11:45:01"><Value date="2016-02-12" time="11:45:01" >3.196</Value></SetofValues>
	</Station></EATimeSeriesDataExchangeFormat>