<?xml version="1.0"?>
<EATimeSeriesDataExchangeFormat xmlns="http://www.environment-agency.gov.uk/XMLSchemas/EATimeSeriesDataExchangeFormat" 
	xmlns:md="http://www.environment-agency.gov.uk/XMLSchemas/EAMetadataFormat"
	xmlns:xsi="http://www.w3.org/2001/XMLSchema-instance" 
  	xsi:schemaLocation="http://www.environment-agency.gov.uk/XMLSchemas/EATimeSeriesDataExchangeFormat EATimeSeriesDataExchangeFormat.xsd">
	<md:Publisher>Environment Agency</md:Publisher>
	<md:Source>Anglian Telemetry</md:Source>
	<md:Description>Telemetry Data</md:Description>
	<md:Creator>X-TEL 2.2</md:Creator>
 	<md:Date>2016-02-12</md:Date>
 	<md:Time>12:39:06</md:Time>
 	<md:Identifier>Anglian Interface Server</md:Identifier><Station
		stationReference="E1152"
		stationName="GOXHILL OUTFALL SLUICE"
		region="Anglian"
		ngr="TA1200025500">
 		<SetofValues
			parameter="Water Level"
			qualifier="Tidal Level"
			dataType="Instantaneous"
			period="15 min"
			pointReference="E1152"
			characteristic="Measured"
			units="mAOD"
			startDate="2016-02-12" 
			startTime="06:15:00" 
			endDate="2016-02-12" 
			endTime="12:30:00"><Value date="2016-02-12" time="06:15:00" >-0.875</Value><Value date="2016-02-12" time="06:30:00" >-0.875</Value><Value date="2016-02-12" time="06:45:00" >-0.875</Value><Value date="2016-02-12" time="07:00:00" >-0.875</Value><Value date="2016-02-12" time="07:15:00" >-0.875</Value><Value date="2016-02-12" time="07:30:00" >-0.876</Value><Value date="2016-02-12" time="07:45:00" >-0.875</Value><Value date="2016-02-12" time="08:00:00" >-0.875</Value><Value date="2016-02-12" time="08:15:00" >-0.875</Value><Value date="2016-02-12" time="08:30:00" >-0.875</Value><Value date="2016-02-12" time="08:45:00" >0.273</Value><Value date="2016-02-12" time="09:00:00" >1.773</Value><Value date="2016-02-12" time="09:15:00" >3.278</Value><Value date="2016-02-12" time="09:30:00" >3.578</Value><Value date="2016-02-12" time="09:45:00" >3.578</Value><Value date="2016-02-12" time="10:00:00" >3.579</Value><Value date="2016-02-12" time="10:15:00" >3.579</Value><Value date="2016-02-12" time="10:30:00" >3.580</Value><Value date="2016-02-12" time="10:45:00" >3.580</Value><Value date="2016-02-12" time="11:00:00" >3.580</Value><Value date="2016-02-12" time="11:15:00" >3.580</Value><Value date="2016-02-12" time="11:30:00" >3.581</Value><Value date="2016-02-12" time="11:45:00" >3.565</Value><Value date="2016-02-12" time="12:00:00" >3.299</Value><Value date="2016-02-12" time="12:15:00" >2.967</Value><Value date="2016-02-12" time="12:30:00" >2.967</Value></SetofValues>
	</Station><Station
		stationReference="E71339"
		stationName="UKCMF WASH PILE TS"
		region="Anglian"
		ngr="TF4939533238">
 		<SetofValues
			parameter="Water Level"
			qualifier="Tidal Level"
			dataType="Mean"
			period="15 min"
			pointReference="E71339"
			characteristic="Measured"
			units="mAOD"
			startDate="2016-02-12" 
			startTime="12:30:00" 
			endDate="2016-02-12" 
			endTime="12:30:00"><Value date="2016-02-12" time="12:30:00" >-0.451</Value></SetofValues>
	</Station><Station
		stationReference="E5755"
		stationName="ElementNotMappedToAnOutstation"
		region="Anglian"
		ngr="TG2198042530">
 		<SetofValues
			parameter="Water Level"
			qualifier="Tidal Level"
			dataType="Instantaneous"
			period="15 min"
			pointReference="E5755"
			characteristic="Measured"
			units="mAOD"
			startDate="2016-02-12" 
			startTime="12:30:00" 
			endDate="2016-02-12" 
			endTime="12:30:00"><Value date="2016-02-12" time="12:30:00" >0.047</Value></SetofValues>
	</Station></EATimeSeriesDataExchangeFormat>