<?xml version="1.0"?>
<EATimeSeriesDataExchangeFormat xmlns="http://www.environment-agency.gov.uk/XMLSchemas/EATimeSeriesDataExchangeFormat" 
	xmlns:md="http://www.environment-agency.gov.uk/XMLSchemas/EAMetadataFormat"
	xmlns:xsi="http://www.w3.org/2001/XMLSchema-instance" 
  	xsi:schemaLocation="http://www.environment-agency.gov.uk/XMLSchemas/EATimeSeriesDataExchangeFormat EATimeSeriesDataExchangeFormat.xsd">
	<md:Publisher>Environment Agency</md:Publisher>
	<md:Source>Anglian Telemetry</md:Source>
	<md:Description>Telemetry Data</md:Description>
	<md:Creator>X-TEL 2.2</md:Creator>
 	<md:Date>2016-02-12</md:Date>
 	<md:Time>10:45:05</md:Time>
 	<md:Identifier>Anglian Interface Server</md:Identifier><Station
		stationReference="E21408"
		stationName="BROUGHTON BROOK GS MILTON KEYNES"
		region="Anglian"
		ngr="SP8880040900">
 		<SetofValues
			parameter="Water Level"
			qualifier="Stage"
			dataType="Instantaneous"
			period="15 min"
			pointReference="E21408"
			characteristic="Measured"
			units="m"
			startDate="2016-02-10" 
			startTime="04:45:00" 
			endDate="2016-02-12" 
			endTime="10:30:00"><Value date="2016-02-10" time="04:45:00" >0.248</Value><Value date="2016-02-10" time="05:00:00" >0.248</Value><Value date="2016-02-10" time="05:15:00" >0.248</Value><Value date="2016-02-10" time="05:30:00" >0.247</Value><Value date="2016-02-10" time="05:45:00" >0.247</Value><Value date="2016-02-10" time="06:00:00" >0.246</Value><Value date="2016-02-10" time="06:15:00" >0.246</Value><Value date="2016-02-10" time="06:30:00" >0.245</Value><Value date="2016-02-10" time="06:45:00" >0.244</Value><Value date="2016-02-10" time="07:00:00" >0.244</Value><Value date="2016-02-10" time="07:15:00" >0.244</Value><Value date="2016-02-10" time="07:30:00" >0.243</Value><Value date="2016-02-10" time="07:45:00" >0.243</Value><Value date="2016-02-10" time="08:00:00" >0.243</Value><Value date="2016-02-10" time="08:15:00" >0.242</Value><Value date="2016-02-10" time="08:30:00" >0.241</Value><Value date="2016-02-10" time="08:45:00" >0.240</Value><Value date="2016-02-10" time="09:00:00" >0.240</Value><Value date="2016-02-10" time="09:15:00" >0.240</Value><Value date="2016-02-10" time="09:30:00" >0.239</Value><Value date="2016-02-10" time="09:45:00" >0.239</Value><Value date="2016-02-10" time="10:00:00" >0.238</Value><Value date="2016-02-10" time="10:15:00" >0.238</Value><Value date="2016-02-10" time="10:30:00" >0.238</Value><Value date="2016-02-10" time="10:45:00" >0.237</Value><Value date="2016-02-10" time="11:00:00" >0.237</Value><Value date="2016-02-10" time="11:15:00" >0.236</Value><Value date="2016-02-10" time="11:30:00" >0.236</Value><Value date="2016-02-10" time="11:45:00" >0.236</Value><Value date="2016-02-10" time="12:00:00" >0.235</Value><Value date="2016-02-10" time="12:15:00" >0.234</Value><Value date="2016-02-10" time="12:30:00" >0.234</Value><Value date="2016-02-10" time="12:45:00" >0.233</Value><Value date="2016-02-10" time="13:00:00" >0.233</Value><Value date="2016-02-10" time="13:15:00" >0.233</Value><Value date="2016-02-10" time="13:30:00" >0.232</Value><Value date="2016-02-10" time="13:45:00" >0.232</Value><Value date="2016-02-10" time="14:00:00" >0.231</Value><Value date="2016-02-10" time="14:15:00" >0.231</Value><Value date="2016-02-10" time="14:30:00" >0.231</Value><Value date="2016-02-10" time="14:45:00" >0.231</Value><Value date="2016-02-10" time="15:00:00" >0.230</Value><Value date="2016-02-10" time="15:15:00" >0.230</Value><Value date="2016-02-10" time="15:30:00" >0.229</Value><Value date="2016-02-10" time="15:45:00" >0.229</Value><Value date="2016-02-10" time="16:00:00" >0.228</Value><Value date="2016-02-10" time="16:15:00" >0.228</Value><Value date="2016-02-10" time="16:30:00" >0.228</Value><Value date="2016-02-10" time="16:45:00" >0.227</Value><Value date="2016-02-10" time="17:00:00" >0.227</Value><Value date="2016-02-10" time="17:15:00" >0.226</Value><Value date="2016-02-10" time="17:30:00" >0.226</Value><Value date="2016-02-10" time="17:45:00" >0.226</Value><Value date="2016-02-10" time="18:00:00" >0.225</Value><Value date="2016-02-10" time="18:15:00" >0.225</Value><Value date="2016-02-10" time="18:30:00" >0.225</Value><Value date="2016-02-11" time="13:00:00" >0.203</Value><Value date="2016-02-11" time="13:15:00" >0.203</Value><Value date="2016-02-12" time="10:30:00" >0.193</Value></SetofValues>
	</Station><Station
		stationReference="E24238"
		stationName="BRAMPTON RAINGAUGE"
		region="Anglian"
		ngr="TL2230070900">
 		<SetofValues
			parameter="Rainfall"
			qualifier="Tipping Bucket Raingauge"
			dataType="Total"
			period="15 min"
			pointReference="E24238"
			characteristic="Measured"
			units="mm"
			startDate="2016-02-12" 
			startTime="10:30:00" 
			endDate="2016-02-12" 
			endTime="10:30:00"><Value date="2016-02-12" time="10:30:00" >0.000</Value></SetofValues>
	</Station><Station
		stationReference="E21404"
		stationName="BROUGHTON BROOK GS MILTON KEYNES"
		region="Anglian"
		ngr="SP8882440926">
 		<SetofValues
			parameter="Flow"
			qualifier="Stage"
			dataType="Instantaneous"
			period="15 min"
			pointReference="E21404"
			characteristic="Measured"
			units="m3/s"
			startDate="2016-02-10" 
			startTime="04:45:00" 
			endDate="2016-02-12" 
			endTime="10:30:00"><Value date="2016-02-10" time="04:45:00" >0.495</Value><Value date="2016-02-10" time="05:00:00" >0.495</Value><Value date="2016-02-10" time="05:15:00" >0.495</Value><Value date="2016-02-10" time="05:30:00" >0.490</Value><Value date="2016-02-10" time="05:45:00" >0.490</Value><Value date="2016-02-10" time="06:00:00" >0.485</Value><Value date="2016-02-10" time="06:15:00" >0.485</Value><Value date="2016-02-10" time="06:30:00" >0.480</Value><Value date="2016-02-10" time="06:45:00" >0.476</Value><Value date="2016-02-10" time="07:00:00" >0.476</Value><Value date="2016-02-10" time="07:15:00" >0.476</Value><Value date="2016-02-10" time="07:30:00" >0.471</Value><Value date="2016-02-10" time="07:45:00" >0.471</Value><Value date="2016-02-10" time="08:00:00" >0.471</Value><Value date="2016-02-10" time="08:15:00" >0.466</Value><Value date="2016-02-10" time="08:30:00" >0.461</Value><Value date="2016-02-10" time="08:45:00" >0.457</Value><Value date="2016-02-10" time="09:00:00" >0.457</Value><Value date="2016-02-10" time="09:15:00" >0.457</Value><Value date="2016-02-10" time="09:30:00" >0.452</Value><Value date="2016-02-10" time="09:45:00" >0.452</Value><Value date="2016-02-10" time="10:00:00" >0.448</Value><Value date="2016-02-10" time="10:15:00" >0.448</Value><Value date="2016-02-10" time="10:30:00" >0.448</Value><Value date="2016-02-10" time="10:45:00" >0.443</Value><Value date="2016-02-10" time="11:00:00" >0.443</Value><Value date="2016-02-10" time="11:15:00" >0.439</Value><Value date="2016-02-10" time="11:30:00" >0.439</Value><Value date="2016-02-10" time="11:45:00" >0.439</Value><Value date="2016-02-10" time="12:00:00" >0.434</Value><Value date="2016-02-10" time="12:15:00" >0.430</Value><Value date="2016-02-10" time="12:30:00" >0.430</Value><Value date="2016-02-10" time="12:45:00" >0.425</Value><Value date="2016-02-10" time="13:00:00" >0.425</Value><Value date="2016-02-10" time="13:15:00" >0.425</Value><Value date="2016-02-10" time="13:30:00" >0.421</Value><Value date="2016-02-10" time="13:45:00" >0.421</Value><Value date="2016-02-10" time="14:00:00" >0.416</Value><Value date="2016-02-10" time="14:15:00" >0.416</Value><Value date="2016-02-10" time="14:30:00" >0.416</Value><Value date="2016-02-10" time="14:45:00" >0.416</Value><Value date="2016-02-10" time="15:00:00" >0.412</Value><Value date="2016-02-10" time="15:15:00" >0.412</Value><Value date="2016-02-10" time="15:30:00" >0.408</Value><Value date="2016-02-10" time="15:45:00" >0.408</Value><Value date="2016-02-10" time="16:00:00" >0.403</Value><Value date="2016-02-10" time="16:15:00" >0.403</Value><Value date="2016-02-10" time="16:30:00" >0.403</Value><Value date="2016-02-10" time="16:45:00" >0.399</Value><Value date="2016-02-10" time="17:00:00" >0.399</Value><Value date="2016-02-10" time="17:15:00" >0.395</Value><Value date="2016-02-10" time="17:30:00" >0.395</Value><Value date="2016-02-10" time="17:45:00" >0.395</Value><Value date="2016-02-10" time="18:00:00" >0.391</Value><Value date="2016-02-10" time="18:15:00" >0.391</Value><Value date="2016-02-10" time="18:30:00" >0.391</Value><Value date="2016-02-10" time="18:45:00" >NaN</Value><Value date="2016-02-10" time="19:00:00" >NaN</Value><Value date="2016-02-10" time="19:15:00" >NaN</Value><Value date="2016-02-10" time="19:30:00" >NaN</Value><Value date="2016-02-10" time="19:45:00" >NaN</Value><Value date="2016-02-10" time="20:00:00" >NaN</Value><Value date="2016-02-10" time="20:15:00" >NaN</Value><Value date="2016-02-10" time="20:30:00" >NaN</Value><Value date="2016-02-10" time="20:45:00" >NaN</Value><Value date="2016-02-10" time="21:00:00" >NaN</Value><Value date="2016-02-10" time="21:15:00" >NaN</Value><Value date="2016-02-10" time="21:30:00" >NaN</Value><Value date="2016-02-10" time="21:45:00" >NaN</Value><Value date="2016-02-10" time="22:00:00" >NaN</Value><Value date="2016-02-10" time="22:15:00" >NaN</Value><Value date="2016-02-10" time="22:30:00" >NaN</Value><Value date="2016-02-10" time="22:45:00" >NaN</Value><Value date="2016-02-10" time="23:00:00" >NaN</Value><Value date="2016-02-10" time="23:15:00" >NaN</Value><Value date="2016-02-10" time="23:30:00" >NaN</Value><Value date="2016-02-10" time="23:45:00" >NaN</Value><Value date="2016-02-11" time="00:00:00" >NaN</Value><Value date="2016-02-11" time="00:15:00" >NaN</Value><Value date="2016-02-11" time="00:30:00" >NaN</Value><Value date="2016-02-11" time="00:45:00" >NaN</Value><Value date="2016-02-11" time="01:00:00" >NaN</Value><Value date="2016-02-11" time="01:15:00" >NaN</Value><Value date="2016-02-11" time="01:30:00" >NaN</Value><Value date="2016-02-11" time="01:45:00" >NaN</Value><Value date="2016-02-11" time="02:00:00" >NaN</Value><Value date="2016-02-11" time="02:15:00" >NaN</Value><Value date="2016-02-11" time="02:30:00" >NaN</Value><Value date="2016-02-11" time="02:45:00" >NaN</Value><Value date="2016-02-11" time="03:00:00" >NaN</Value><Value date="2016-02-11" time="03:15:00" >NaN</Value><Value date="2016-02-11" time="03:30:00" >NaN</Value><Value date="2016-02-11" time="03:45:00" >NaN</Value><Value date="2016-02-11" time="04:00:00" >NaN</Value><Value date="2016-02-11" time="04:15:00" >NaN</Value><Value date="2016-02-11" time="04:30:00" >NaN</Value><Value date="2016-02-11" time="04:45:00" >NaN</Value><Value date="2016-02-11" time="05:00:00" >NaN</Value><Value date="2016-02-11" time="05:15:00" >NaN</Value><Value date="2016-02-11" time="05:30:00" >NaN</Value><Value date="2016-02-11" time="05:45:00" >NaN</Value><Value date="2016-02-11" time="06:00:00" >NaN</Value><Value date="2016-02-11" time="06:15:00" >NaN</Value><Value date="2016-02-11" time="06:30:00" >NaN</Value><Value date="2016-02-11" time="06:45:00" >NaN</Value><Value date="2016-02-11" time="07:00:00" >NaN</Value><Value date="2016-02-11" time="07:15:00" >NaN</Value><Value date="2016-02-11" time="07:30:00" >NaN</Value><Value date="2016-02-11" time="07:45:00" >NaN</Value><Value date="2016-02-11" time="08:00:00" >NaN</Value><Value date="2016-02-11" time="08:15:00" >NaN</Value><Value date="2016-02-11" time="08:30:00" >NaN</Value><Value date="2016-02-11" time="08:45:00" >NaN</Value><Value date="2016-02-11" time="09:00:00" >NaN</Value><Value date="2016-02-11" time="09:15:00" >NaN</Value><Value date="2016-02-11" time="09:30:00" >NaN</Value><Value date="2016-02-11" time="09:45:00" >NaN</Value><Value date="2016-02-11" time="10:00:00" >NaN</Value><Value date="2016-02-11" time="10:15:00" >NaN</Value><Value date="2016-02-11" time="10:30:00" >NaN</Value><Value date="2016-02-11" time="10:45:00" >NaN</Value><Value date="2016-02-11" time="11:00:00" >NaN</Value><Value date="2016-02-11" time="11:15:00" >NaN</Value><Value date="2016-02-11" time="11:30:00" >NaN</Value><Value date="2016-02-11" time="11:45:00" >NaN</Value><Value date="2016-02-11" time="12:00:00" >NaN</Value><Value date="2016-02-11" time="12:15:00" >NaN</Value><Value date="2016-02-11" time="12:30:00" >NaN</Value><Value date="2016-02-11" time="12:45:00" >NaN</Value><Value date="2016-02-11" time="13:00:00" >0.304</Value><Value date="2016-02-11" time="13:15:00" >0.304</Value><Value date="2016-02-11" time="13:30:00" >NaN</Value><Value date="2016-02-11" time="13:45:00" >NaN</Value><Value date="2016-02-11" time="14:00:00" >NaN</Value><Value date="2016-02-11" time="14:15:00" >NaN</Value><Value date="2016-02-11" time="14:30:00" >NaN</Value><Value date="2016-02-11" time="14:45:00" >NaN</Value><Value date="2016-02-11" time="15:00:00" >NaN</Value><Value date="2016-02-11" time="15:15:00" >NaN</Value><Value date="2016-02-11" time="15:30:00" >NaN</Value><Value date="2016-02-11" time="15:45:00" >NaN</Value><Value date="2016-02-11" time="16:00:00" >NaN</Value><Value date="2016-02-11" time="16:15:00" >NaN</Value><Value date="2016-02-11" time="16:30:00" >NaN</Value><Value date="2016-02-11" time="16:45:00" >NaN</Value><Value date="2016-02-11" time="17:00:00" >NaN</Value><Value date="2016-02-11" time="17:15:00" >NaN</Value><Value date="2016-02-11" time="17:30:00" >NaN</Value><Value date="2016-02-11" time="17:45:00" >NaN</Value><Value date="2016-02-11" time="18:00:00" >NaN</Value><Value date="2016-02-11" time="18:15:00" >NaN</Value><Value date="2016-02-11" time="18:30:00" >NaN</Value><Value date="2016-02-11" time="18:45:00" >NaN</Value><Value date="2016-02-11" time="19:00:00" >NaN</Value><Value date="2016-02-11" time="19:15:00" >NaN</Value><Value date="2016-02-11" time="19:30:00" >NaN</Value><Value date="2016-02-11" time="19:45:00" >NaN</Value><Value date="2016-02-11" time="20:00:00" >NaN</Value><Value date="2016-02-11" time="20:15:00" >NaN</Value><Value date="2016-02-11" time="20:30:00" >NaN</Value><Value date="2016-02-11" time="20:45:00" >NaN</Value><Value date="2016-02-11" time="21:00:00" >NaN</Value><Value date="2016-02-11" time="21:15:00" >NaN</Value><Value date="2016-02-11" time="21:30:00" >NaN</Value><Value date="2016-02-11" time="21:45:00" >NaN</Value><Value date="2016-02-11" time="22:00:00" >NaN</Value><Value date="2016-02-11" time="22:15:00" >NaN</Value><Value date="2016-02-11" time="22:30:00" >NaN</Value><Value date="2016-02-11" time="22:45:00" >NaN</Value><Value date="2016-02-11" time="23:00:00" >NaN</Value><Value date="2016-02-11" time="23:15:00" >NaN</Value><Value date="2016-02-11" time="23:30:00" >NaN</Value><Value date="2016-02-11" time="23:45:00" >NaN</Value><Value date="2016-02-12" time="00:00:00" >NaN</Value><Value date="2016-02-12" time="00:15:00" >NaN</Value><Value date="2016-02-12" time="00:30:00" >NaN</Value><Value date="2016-02-12" time="00:45:00" >NaN</Value><Value date="2016-02-12" time="01:00:00" >NaN</Value><Value date="2016-02-12" time="01:15:00" >NaN</Value><Value date="2016-02-12" time="01:30:00" >NaN</Value><Value date="2016-02-12" time="01:45:00" >NaN</Value><Value date="2016-02-12" time="02:00:00" >NaN</Value><Value date="2016-02-12" time="02:15:00" >NaN</Value><Value date="2016-02-12" time="02:30:00" >NaN</Value><Value date="2016-02-12" time="02:45:00" >NaN</Value><Value date="2016-02-12" time="03:00:00" >NaN</Value><Value date="2016-02-12" time="03:15:00" >NaN</Value><Value date="2016-02-12" time="03:30:00" >NaN</Value><Value date="2016-02-12" time="03:45:00" >NaN</Value><Value date="2016-02-12" time="04:00:00" >NaN</Value><Value date="2016-02-12" time="04:15:00" >NaN</Value><Value date="2016-02-12" time="04:30:00" >NaN</Value><Value date="2016-02-12" time="04:45:00" >NaN</Value><Value date="2016-02-12" time="05:00:00" >NaN</Value><Value date="2016-02-12" time="05:15:00" >NaN</Value><Value date="2016-02-12" time="05:30:00" >NaN</Value><Value date="2016-02-12" time="05:45:00" >NaN</Value><Value date="2016-02-12" time="06:00:00" >NaN</Value><Value date="2016-02-12" time="06:15:00" >NaN</Value><Value date="2016-02-12" time="06:30:00" >NaN</Value><Value date="2016-02-12" time="06:45:00" >NaN</Value><Value date="2016-02-12" time="07:00:00" >NaN</Value><Value date="2016-02-12" time="07:15:00" >NaN</Value><Value date="2016-02-12" time="07:30:00" >NaN</Value><Value date="2016-02-12" time="07:45:00" >NaN</Value><Value date="2016-02-12" time="08:00:00" >NaN</Value><Value date="2016-02-12" time="08:15:00" >NaN</Value><Value date="2016-02-12" time="08:30:00" >NaN</Value><Value date="2016-02-12" time="08:45:00" >NaN</Value><Value date="2016-02-12" time="09:00:00" >NaN</Value><Value date="2016-02-12" time="09:15:00" >NaN</Value><Value date="2016-02-12" time="09:30:00" >NaN</Value><Value date="2016-02-12" time="09:45:00" >NaN</Value><Value date="2016-02-12" time="10:00:00" >NaN</Value><Value date="2016-02-12" time="10:15:00" >NaN</Value><Value date="2016-02-12" time="10:30:00" >0.269</Value></SetofValues>
	</Station></EATimeSeriesDataExchangeFormat>