<?xml version="1.0"?>
<EATimeSeriesDataExchangeFormat xmlns="http://www.environment-agency.gov.uk/XMLSchemas/EATimeSeriesDataExchangeFormat" 
	xmlns:md="http://www.environment-agency.gov.uk/XMLSchemas/EAMetadataFormat"
	xmlns:xsi="http://www.w3.org/2001/XMLSchema-instance" 
  	xsi:schemaLocation="http://www.environment-agency.gov.uk/XMLSchemas/EATimeSeriesDataExchangeFormat EATimeSeriesDataExchangeFormat.xsd">
	<md:Publisher>Environment Agency</md:Publisher>
	<md:Source>Anglian Telemetry</md:Source>
	<md:Description>Telemetry Data</md:Description>
	<md:Creator>X-TEL 2.2</md:Creator>
 	<md:Date>2016-02-12</md:Date>
 	<md:Time>14:18:01</md:Time>
 	<md:Identifier>Anglian Interface Server</md:Identifier><Station
		stationReference="E21187"
		stationName="LEIGHTON BUZZARD GS"
		region="Anglian"
		ngr="SP9170024000">
 		<SetofValues
			parameter="Water Level"
			qualifier="Stage"
			dataType="Instantaneous"
			period="15 min"
			pointReference="E21187"
			characteristic="Measured"
			units="m"
			startDate="2016-02-12" 
			startTime="14:00:00" 
			endDate="2016-02-12" 
			endTime="14:15:00"><Value date="2016-02-12" time="14:00:00" >0.197</Value><Value date="2016-02-12" time="14:15:00" >0.197</Value></SetofValues>
	</Station><Station
		stationReference="E21188"
		stationName="LEIGHTON BUZZARD GS"
		region="Anglian"
		ngr="SP9169224079">
 		<SetofValues
			parameter="Flow"
			qualifier="Stage"
			dataType="Instantaneous"
			period="15 min"
			pointReference="E21188"
			characteristic="Measured"
			units="m3/s"
			startDate="2016-02-12" 
			startTime="14:00:00" 
			endDate="2016-02-12" 
			endTime="14:15:00"><Value date="2016-02-12" time="14:00:00" >1.044</Value><Value date="2016-02-12" time="14:15:00" >1.044</Value></SetofValues>
	</Station><Station
		stationReference="E2902"
		stationName="FISKERTON SLUICE AUTOMATION"
		region="Anglian"
		ngr="TF0890071200">
 		<SetofValues
			parameter="Water Level"
			qualifier="Stage"
			dataType="Instantaneous"
			period="15 min"
			pointReference="E2902"
			characteristic="Measured"
			units="mAOD"
			startDate="2016-02-12" 
			startTime="12:30:00" 
			endDate="2016-02-12" 
			endTime="14:15:00"><Value date="2016-02-12" time="12:30:00" >3.033</Value><Value date="2016-02-12" time="12:45:00" >3.028</Value><Value date="2016-02-12" time="13:00:00" >2.993</Value><Value date="2016-02-12" time="13:15:00" >3.012</Value><Value date="2016-02-12" time="13:30:00" >3.033</Value><Value date="2016-02-12" time="13:45:00" >3.032</Value><Value date="2016-02-12" time="14:00:00" >2.991</Value><Value date="2016-02-12" time="14:15:00" >2.985</Value></SetofValues>
	</Station><Station
		stationReference="E21785"
		stationName="SYLEHAM MILL SLUICE"
		region="Anglian"
		ngr="TM2130079100">
 		<SetofValues
			parameter="Water Level"
			qualifier="Stage"
			dataType="Instantaneous"
			period="15 min"
			pointReference="E21785"
			characteristic="Measured"
			units="mAOD"
			startDate="2016-02-12" 
			startTime="05:30:00" 
			endDate="2016-02-12" 
			endTime="14:15:01"><Value date="2016-02-12" time="05:30:00" >18.791</Value><Value date="2016-02-12" time="05:45:00" >18.793</Value><Value date="2016-02-12" time="06:00:00" >18.793</Value><Value date="2016-02-12" time="06:15:00" >18.791</Value><Value date="2016-02-12" time="06:30:00" >18.791</Value><Value date="2016-02-12" time="06:45:00" >18.790</Value><Value date="2016-02-12" time="07:00:00" >18.791</Value><Value date="2016-02-12" time="07:15:00" >18.793</Value><Value date="2016-02-12" time="07:30:00" >18.790</Value><Value date="2016-02-12" time="07:45:00" >18.793</Value><Value date="2016-02-12" time="08:00:00" >18.791</Value><Value date="2016-02-12" time="08:15:00" >18.791</Value><Value date="2016-02-12" time="08:30:00" >18.785</Value><Value date="2016-02-12" time="08:45:00" >18.782</Value><Value date="2016-02-12" time="09:00:00" >18.780</Value><Value date="2016-02-12" time="09:15:00" >18.780</Value><Value date="2016-02-12" time="09:30:00" >18.787</Value><Value date="2016-02-12" time="09:45:00" >18.791</Value><Value date="2016-02-12" time="10:00:00" >18.804</Value><Value date="2016-02-12" time="10:15:00" >18.804</Value><Value date="2016-02-12" time="10:30:00" >18.807</Value><Value date="2016-02-12" time="10:45:00" >18.810</Value><Value date="2016-02-12" time="11:00:00" >18.814</Value><Value date="2016-02-12" time="11:15:00" >18.805</Value><Value date="2016-02-12" time="11:30:00" >18.803</Value><Value date="2016-02-12" time="11:45:00" >18.798</Value><Value date="2016-02-12" time="12:00:00" >18.798</Value><Value date="2016-02-12" time="12:15:00" >18.794</Value><Value date="2016-02-12" time="12:30:00" >18.794</Value><Value date="2016-02-12" time="12:45:00" >18.791</Value><Value date="2016-02-12" time="13:00:00" >18.793</Value><Value date="2016-02-12" time="13:15:00" >18.791</Value><Value date="2016-02-12" time="13:30:00" >18.791</Value><Value date="2016-02-12" time="13:45:00" >18.793</Value><Value date="2016-02-12" time="14:00:00" >18.793</Value><Value date="2016-02-12" time="14:15:00" >17.420</Value><Value date="2016-02-12" time="14:15:01" >17.423</Value></SetofValues>
	</Station><Station
		stationReference="E22300"
		stationName="CLIPSTONE BROOK GS LEIGHTON BUZZARD"
		region="Anglian"
		ngr="SP9401625958">
 		<SetofValues
			parameter="Flow"
			qualifier="Stage"
			dataType="Instantaneous"
			period="15 min"
			pointReference="E22300"
			characteristic="Measured"
			units="m3/s"
			startDate="2016-02-12" 
			startTime="14:00:00" 
			endDate="2016-02-12" 
			endTime="14:15:00"><Value date="2016-02-12" time="14:00:00" >0.262</Value><Value date="2016-02-12" time="14:15:00" >0.262</Value></SetofValues>
	</Station><Station
		stationReference="E21987"
		stationName="CLIPSTONE BROOK GS LEIGHTON BUZZARD"
		region="Anglian"
		ngr="SP9400025900">
 		<SetofValues
			parameter="Water Level"
			qualifier="Stage"
			dataType="Instantaneous"
			period="15 min"
			pointReference="E21987"
			characteristic="Measured"
			units="m"
			startDate="2016-02-12" 
			startTime="14:00:00" 
			endDate="2016-02-12" 
			endTime="14:15:00"><Value date="2016-02-12" time="14:00:00" >0.186</Value><Value date="2016-02-12" time="14:15:00" >0.186</Value></SetofValues>
	</Station></EATimeSeriesDataExchangeFormat>