<?xml version="1.0"?>
<EATimeSeriesDataExchangeFormat xmlns="http://www.environment-agency.gov.uk/XMLSchemas/EATimeSeriesDataExchangeFormat" 
	xmlns:md="http://www.environment-agency.gov.uk/XMLSchemas/EAMetadataFormat"
	xmlns:xsi="http://www.w3.org/2001/XMLSchema-instance" 
  	xsi:schemaLocation="http://www.environment-agency.gov.uk/XMLSchemas/EATimeSeriesDataExchangeFormat EATimeSeriesDataExchangeFormat.xsd">
	<md:Publisher>Environment Agency</md:Publisher>
	<md:Source>Anglian Telemetry</md:Source>
	<md:Description>Telemetry Data</md:Description>
	<md:Creator>X-TEL 2.2</md:Creator>
 	<md:Date>2016-02-12</md:Date>
 	<md:Time>15:15:06</md:Time>
 	<md:Identifier>Anglian Interface Server</md:Identifier><Station
		stationReference="E24255"
		stationName="BROWNSHILL STAUNCH SLUICE BLUNTISHAM"
		region="Anglian"
		ngr="TL3700072700">
 		<SetofValues
			parameter="Water Level"
			qualifier="Stage"
			dataType="Instantaneous"
			period="15 min"
			pointReference="E24255"
			characteristic="Measured"
			units="m"
			startDate="2016-02-12" 
			startTime="04:45:00" 
			endDate="2016-02-12" 
			endTime="15:00:00"><Value date="2016-02-12" time="04:45:00" >3.213</Value><Value date="2016-02-12" time="05:00:00" >3.204</Value><Value date="2016-02-12" time="05:15:00" >3.213</Value><Value date="2016-02-12" time="05:30:00" >3.211</Value><Value date="2016-02-12" time="05:45:00" >3.204</Value><Value date="2016-02-12" time="06:00:00" >3.216</Value><Value date="2016-02-12" time="06:15:00" >3.202</Value><Value date="2016-02-12" time="06:30:00" >3.208</Value><Value date="2016-02-12" time="06:45:00" >3.213</Value><Value date="2016-02-12" time="07:00:00" >3.211</Value><Value date="2016-02-12" time="07:15:00" >3.211</Value><Value date="2016-02-12" time="07:30:00" >3.213</Value><Value date="2016-02-12" time="07:45:00" >3.204</Value><Value date="2016-02-12" time="08:00:00" >3.207</Value><Value date="2016-02-12" time="08:15:00" >3.202</Value><Value date="2016-02-12" time="08:30:00" >3.216</Value><Value date="2016-02-12" time="08:45:00" >3.216</Value><Value date="2016-02-12" time="09:00:00" >3.228</Value><Value date="2016-02-12" time="09:15:00" >3.231</Value><Value date="2016-02-12" time="09:30:00" >3.241</Value><Value date="2016-02-12" time="09:45:00" >3.248</Value><Value date="2016-02-12" time="10:00:00" >3.250</Value><Value date="2016-02-12" time="10:15:00" >3.243</Value><Value date="2016-02-12" time="10:30:00" >3.243</Value><Value date="2016-02-12" time="10:45:00" >3.248</Value><Value date="2016-02-12" time="11:00:00" >3.249</Value><Value date="2016-02-12" time="11:15:00" >3.258</Value><Value date="2016-02-12" time="11:30:00" >3.263</Value><Value date="2016-02-12" time="11:45:00" >3.263</Value><Value date="2016-02-12" time="12:00:00" >3.266</Value><Value date="2016-02-12" time="12:15:00" >3.264</Value><Value date="2016-02-12" time="12:30:00" >3.263</Value><Value date="2016-02-12" time="12:45:00" >3.246</Value><Value date="2016-02-12" time="13:00:00" >3.232</Value><Value date="2016-02-12" time="13:15:00" >3.216</Value><Value date="2016-02-12" time="13:30:00" >3.196</Value><Value date="2016-02-12" time="13:45:00" >3.188</Value><Value date="2016-02-12" time="14:00:00" >3.188</Value><Value date="2016-02-12" time="14:15:00" >3.193</Value><Value date="2016-02-12" time="14:30:00" >3.206</Value><Value date="2016-02-12" time="14:45:00" >3.206</Value><Value date="2016-02-12" time="15:00:00" >3.198</Value></SetofValues>
	</Station></EATimeSeriesDataExchangeFormat>