<?xml version="1.0"?>
<EATimeSeriesDataExchangeFormat xmlns="http://www.environment-agency.gov.uk/XMLSchemas/EATimeSeriesDataExchangeFormat" 
	xmlns:md="http://www.environment-agency.gov.uk/XMLSchemas/EAMetadataFormat"
	xmlns:xsi="http://www.w3.org/2001/XMLSchema-instance" 
  	xsi:schemaLocation="http://www.environment-agency.gov.uk/XMLSchemas/EATimeSeriesDataExchangeFormat EATimeSeriesDataExchangeFormat.xsd">
	<md:Publisher>Environment Agency</md:Publisher>
	<md:Source>Anglian Telemetry</md:Source>
	<md:Description>Telemetry Data</md:Description>
	<md:Creator>X-TEL 2.2</md:Creator>
 	<md:Date>2016-02-12</md:Date>
 	<md:Time>11:00:07</md:Time>
 	<md:Identifier>Anglian Interface Server</md:Identifier><Station
		stationReference="E2304"
		stationName="SHILLINGTHORPE GS"
		region="Anglian"
		ngr="TF0740011300">
 		<SetofValues
			parameter="Water Level"
			qualifier="Stage"
			dataType="Instantaneous"
			period="15 min"
			pointReference="E2304"
			characteristic="Measured"
			units="m"
			startDate="2016-02-12" 
			startTime="06:15:00" 
			endDate="2016-02-12" 
			endTime="10:45:00"><Value date="2016-02-12" time="06:15:00" >0.113</Value><Value date="2016-02-12" time="06:30:00" >0.112</Value><Value date="2016-02-12" time="06:45:00" >0.112</Value><Value date="2016-02-12" time="07:00:00" >0.112</Value><Value date="2016-02-12" time="07:15:00" >0.112</Value><Value date="2016-02-12" time="07:30:00" >0.112</Value><Value date="2016-02-12" time="07:45:00" >0.112</Value><Value date="2016-02-12" time="08:00:00" >0.111</Value><Value date="2016-02-12" time="08:15:00" >0.111</Value><Value date="2016-02-12" time="08:30:00" >0.111</Value><Value date="2016-02-12" time="08:45:00" >0.111</Value><Value date="2016-02-12" time="09:00:00" >0.111</Value><Value date="2016-02-12" time="09:15:00" >0.110</Value><Value date="2016-02-12" time="09:30:00" >0.110</Value><Value date="2016-02-12" time="09:45:00" >0.110</Value><Value date="2016-02-12" time="10:00:00" >0.110</Value><Value date="2016-02-12" time="10:15:00" >0.110</Value><Value date="2016-02-12" time="10:30:00" >0.110</Value><Value date="2016-02-12" time="10:45:00" >0.110</Value></SetofValues>
	</Station><Station
		stationReference="E1203"
		stationName="LANGRICK BRIDGE GS"
		region="Anglian"
		ngr="TF2655747526">
 		<SetofValues
			parameter="Water Level"
			qualifier="Stage"
			dataType="Instantaneous"
			period="15 min"
			pointReference="E1203"
			characteristic="Measured"
			units="mAOD"
			startDate="2016-02-12" 
			startTime="06:15:00" 
			endDate="2016-02-12" 
			endTime="07:30:00"><Value date="2016-02-12" time="06:15:00" >0.760</Value><Value date="2016-02-12" time="06:30:00" >0.758</Value><Value date="2016-02-12" time="06:45:00" >0.755</Value><Value date="2016-02-12" time="07:00:00" >0.753</Value><Value date="2016-02-12" time="07:15:00" >0.846</Value><Value date="2016-02-12" time="07:30:00" >0.868</Value></SetofValues>
	</Station><Station
		stationReference="E23527"
		stationName="ELY RIVER GS"
		region="Anglian"
		ngr="TL5600080400">
 		<SetofValues
			parameter="Water Level"
			qualifier="Stage"
			dataType="Instantaneous"
			period="15 min"
			pointReference="E23527"
			characteristic="Measured"
			units="m"
			startDate="2016-02-12" 
			startTime="10:30:00" 
			endDate="2016-02-12" 
			endTime="10:45:00"><Value date="2016-02-12" time="10:30:00" >1.573</Value><Value date="2016-02-12" time="10:45:00" >1.580</Value></SetofValues>
	</Station><Station
		stationReference="E24238"
		stationName="BRAMPTON RAINGAUGE"
		region="Anglian"
		ngr="TL2230070900">
 		<SetofValues
			parameter="Rainfall"
			qualifier="Tipping Bucket Raingauge"
			dataType="Total"
			period="15 min"
			pointReference="E24238"
			characteristic="Measured"
			units="mm"
			startDate="2016-02-12" 
			startTime="10:45:00" 
			endDate="2016-02-12" 
			endTime="11:00:00"><Value date="2016-02-12" time="10:45:00" >0.000</Value><Value date="2016-02-12" time="11:00:00" >0.000</Value></SetofValues>
	</Station></EATimeSeriesDataExchangeFormat>