<?xml version="1.0"?>
<EATimeSeriesDataExchangeFormat xmlns="http://www.environment-agency.gov.uk/XMLSchemas/EATimeSeriesDataExchangeFormat" 
	xmlns:md="http://www.environment-agency.gov.uk/XMLSchemas/EAMetadataFormat"
	xmlns:xsi="http://www.w3.org/2001/XMLSchema-instance" 
  	xsi:schemaLocation="http://www.environment-agency.gov.uk/XMLSchemas/EATimeSeriesDataExchangeFormat EATimeSeriesDataExchangeFormat.xsd">
	<md:Publisher>Environment Agency</md:Publisher>
	<md:Source>Anglian Telemetry</md:Source>
	<md:Description>Telemetry Data</md:Description>
	<md:Creator>X-TEL 2.2</md:Creator>
 	<md:Date>2016-02-12</md:Date>
 	<md:Time>10:36:04</md:Time>
 	<md:Identifier>Anglian Interface Server</md:Identifier><Station
		stationReference="E2671"
		stationName="BRANT CONTROL SLUICE AUBOURN"
		region="Anglian"
		ngr="SK9480062600">
 		<SetofValues
			parameter="Water Level"
			qualifier="Stage"
			dataType="Instantaneous"
			period="15 min"
			pointReference="E2671"
			characteristic="Measured"
			units="mAOD"
			startDate="2016-02-12" 
			startTime="06:15:00" 
			endDate="2016-02-12" 
			endTime="10:30:00"><Value date="2016-02-12" time="06:15:00" >3.666</Value><Value date="2016-02-12" time="06:30:00" >3.668</Value><Value date="2016-02-12" time="06:45:00" >3.671</Value><Value date="2016-02-12" time="07:00:00" >3.674</Value><Value date="2016-02-12" time="07:15:00" >3.682</Value><Value date="2016-02-12" time="07:30:00" >3.682</Value><Value date="2016-02-12" time="07:45:00" >3.686</Value><Value date="2016-02-12" time="08:00:00" >3.692</Value><Value date="2016-02-12" time="08:15:00" >3.692</Value><Value date="2016-02-12" time="08:30:00" >3.698</Value><Value date="2016-02-12" time="08:45:00" >3.701</Value><Value date="2016-02-12" time="09:00:00" >3.706</Value><Value date="2016-02-12" time="09:15:00" >3.709</Value><Value date="2016-02-12" time="09:30:00" >3.716</Value><Value date="2016-02-12" time="09:45:00" >3.719</Value><Value date="2016-02-12" time="10:00:00" >3.722</Value><Value date="2016-02-12" time="10:15:00" >3.727</Value><Value date="2016-02-12" time="10:30:00" >3.724</Value></SetofValues>
	</Station></EATimeSeriesDataExchangeFormat>