<?xml version="1.0"?>
<EATimeSeriesDataExchangeFormat xmlns="http://www.environment-agency.gov.uk/XMLSchemas/EATimeSeriesDataExchangeFormat" 
	xmlns:md="http://www.environment-agency.gov.uk/XMLSchemas/EAMetadataFormat"
	xmlns:xsi="http://www.w3.org/2001/XMLSchema-instance" 
  	xsi:schemaLocation="http://www.environment-agency.gov.uk/XMLSchemas/EATimeSeriesDataExchangeFormat EATimeSeriesDataExchangeFormat.xsd">
	<md:Publisher>Environment Agency</md:Publisher>
	<md:Source>Anglian Telemetry</md:Source>
	<md:Description>Telemetry Data</md:Description>
	<md:Creator>X-TEL 2.2</md:Creator>
 	<md:Date>2016-02-12</md:Date>
 	<md:Time>12:27:07</md:Time>
 	<md:Identifier>Anglian Interface Server</md:Identifier><Station
		stationReference="E44566"
		stationName="CARDINGTON SLALOM GSM"
		region="Anglian"
		ngr="TL0763548722">
 		<SetofValues
			parameter="Water Level"
			qualifier="Stage"
			dataType="Instantaneous"
			period="15 min"
			pointReference="E44566"
			characteristic="Measured"
			units="mAOD"
			startDate="2016-02-12" 
			startTime="06:15:00" 
			endDate="2016-02-12" 
			endTime="12:15:00"><Value date="2016-02-12" time="06:15:00" >23.864</Value><Value date="2016-02-12" time="06:30:00" >23.874</Value><Value date="2016-02-12" time="06:45:00" >23.880</Value><Value date="2016-02-12" time="07:00:00" >23.885</Value><Value date="2016-02-12" time="07:15:00" >23.889</Value><Value date="2016-02-12" time="07:30:00" >23.890</Value><Value date="2016-02-12" time="07:45:00" >23.878</Value><Value date="2016-02-12" time="08:00:00" >23.862</Value><Value date="2016-02-12" time="08:15:00" >23.841</Value><Value date="2016-02-12" time="08:30:00" >23.842</Value><Value date="2016-02-12" time="08:45:00" >23.845</Value><Value date="2016-02-12" time="09:00:00" >23.862</Value><Value date="2016-02-12" time="09:15:00" >23.871</Value><Value date="2016-02-12" time="09:30:00" >23.878</Value><Value date="2016-02-12" time="09:45:00" >23.881</Value><Value date="2016-02-12" time="10:00:00" >23.885</Value><Value date="2016-02-12" time="10:15:00" >23.886</Value><Value date="2016-02-12" time="10:30:00" >23.887</Value><Value date="2016-02-12" time="10:45:00" >23.888</Value><Value date="2016-02-12" time="11:00:00" >23.888</Value><Value date="2016-02-12" time="11:15:00" >23.887</Value><Value date="2016-02-12" time="11:30:00" >23.861</Value><Value date="2016-02-12" time="11:45:00" >23.829</Value><Value date="2016-02-12" time="12:00:00" >23.875</Value><Value date="2016-02-12" time="12:15:00" >23.889</Value></SetofValues>
	</Station></EATimeSeriesDataExchangeFormat>