<?xml version="1.0"?>
<EATimeSeriesDataExchangeFormat xmlns="http://www.environment-agency.gov.uk/XMLSchemas/EATimeSeriesDataExchangeFormat" 
	xmlns:md="http://www.environment-agency.gov.uk/XMLSchemas/EAMetadataFormat"
	xmlns:xsi="http://www.w3.org/2001/XMLSchema-instance" 
  	xsi:schemaLocation="http://www.environment-agency.gov.uk/XMLSchemas/EATimeSeriesDataExchangeFormat EATimeSeriesDataExchangeFormat.xsd">
	<md:Publisher>Environment Agency</md:Publisher>
	<md:Source>Anglian Telemetry</md:Source>
	<md:Description>Telemetry Data</md:Description>
	<md:Creator>X-TEL 2.2</md:Creator>
 	<md:Date>2016-02-12</md:Date>
 	<md:Time>14:00:11</md:Time>
 	<md:Identifier>Anglian Interface Server</md:Identifier><Station
		stationReference="E24238"
		stationName="BRAMPTON RAINGAUGE"
		region="Anglian"
		ngr="TL2230070900">
 		<SetofValues
			parameter="Rainfall"
			qualifier="Tipping Bucket Raingauge"
			dataType="Total"
			period="15 min"
			pointReference="E24238"
			characteristic="Measured"
			units="mm"
			startDate="2016-02-12" 
			startTime="13:45:00" 
			endDate="2016-02-12" 
			endTime="14:00:00"><Value date="2016-02-12" time="13:45:00" >0.000</Value><Value date="2016-02-12" time="14:00:00" >0.000</Value></SetofValues>
	</Station></EATimeSeriesDataExchangeFormat>