<?xml version="1.0"?>
<EATimeSeriesDataExchangeFormat xmlns="http://www.environment-agency.gov.uk/XMLSchemas/EATimeSeriesDataExchangeFormat" 
	xmlns:md="http://www.environment-agency.gov.uk/XMLSchemas/EAMetadataFormat"
	xmlns:xsi="http://www.w3.org/2001/XMLSchema-instance" 
  	xsi:schemaLocation="http://www.environment-agency.gov.uk/XMLSchemas/EATimeSeriesDataExchangeFormat EATimeSeriesDataExchangeFormat.xsd">
	<md:Publisher>Environment Agency</md:Publisher>
	<md:Source>Anglian Telemetry</md:Source>
	<md:Description>Telemetry Data</md:Description>
	<md:Creator>X-TEL 2.2</md:Creator>
 	<md:Date>2016-02-12</md:Date>
 	<md:Time>10:03:00</md:Time>
 	<md:Identifier>Anglian Interface Server</md:Identifier><Station
		stationReference="E22095"
		stationName="WELMORE LAKE SLUICE"
		region="Anglian"
		ngr="TL5720098700">
 		<SetofValues
			parameter="Water Level"
			qualifier="Stage"
			dataType="Instantaneous"
			period="15 min"
			pointReference="E22095"
			characteristic="Measured"
			units="m"
			startDate="2016-02-12" 
			startTime="09:00:00" 
			endDate="2016-02-12" 
			endTime="10:00:00"><Value date="2016-02-12" time="09:00:00" >1.877</Value><Value date="2016-02-12" time="09:15:00" >1.869</Value><Value date="2016-02-12" time="09:30:00" >1.871</Value><Value date="2016-02-12" time="09:45:00" >1.873</Value><Value date="2016-02-12" time="10:00:00" >1.868</Value></SetofValues>
	</Station><Station
		stationReference="E1293"
		stationName="SOUTH BRIDGE GS NORTHAMPTON"
		region="Anglian"
		ngr="SP7541059770">
 		<SetofValues
			parameter="Flow"
			qualifier="Stage"
			dataType="Instantaneous"
			period="15 min"
			pointReference="E1293"
			characteristic="Measured"
			units="m3/s"
			startDate="2016-02-12" 
			startTime="06:45:00" 
			endDate="2016-02-12" 
			endTime="10:00:00"><Value date="2016-02-12" time="06:45:00" >5.360</Value><Value date="2016-02-12" time="07:00:00" >5.470</Value><Value date="2016-02-12" time="07:15:00" >5.420</Value><Value date="2016-02-12" time="07:30:00" >5.310</Value><Value date="2016-02-12" time="07:45:00" >5.250</Value><Value date="2016-02-12" time="08:00:00" >5.310</Value><Value date="2016-02-12" time="08:15:00" >5.250</Value><Value date="2016-02-12" time="08:30:00" >5.200</Value><Value date="2016-02-12" time="08:45:00" >5.270</Value><Value date="2016-02-12" time="09:00:00" >5.200</Value><Value date="2016-02-12" time="09:15:00" >5.160</Value><Value date="2016-02-12" time="09:30:00" >5.200</Value><Value date="2016-02-12" time="09:45:00" >5.200</Value><Value date="2016-02-12" time="10:00:00" >14.770</Value></SetofValues>
	</Station><Station
		stationReference="E1142"
		stationName="PEAKIRK PS"
		region="Anglian"
		ngr="TF1780007400">
 		<SetofValues
			parameter="Water Level"
			qualifier="Stage"
			dataType="Instantaneous"
			period="15 min"
			pointReference="E1142"
			characteristic="Measured"
			units="mAOD"
			startDate="2016-02-12" 
			startTime="07:15:00" 
			endDate="2016-02-12" 
			endTime="10:00:00"><Value date="2016-02-12" time="07:15:00" >3.083</Value><Value date="2016-02-12" time="07:30:00" >3.083</Value><Value date="2016-02-12" time="07:45:00" >3.083</Value><Value date="2016-02-12" time="08:00:00" >3.087</Value><Value date="2016-02-12" time="08:15:00" >3.089</Value><Value date="2016-02-12" time="08:30:00" >3.087</Value><Value date="2016-02-12" time="08:45:00" >3.097</Value><Value date="2016-02-12" time="09:00:00" >3.100</Value><Value date="2016-02-12" time="09:15:00" >3.104</Value><Value date="2016-02-12" time="09:30:00" >3.106</Value><Value date="2016-02-12" time="09:45:00" >3.110</Value><Value date="2016-02-12" time="10:00:00" >3.131</Value></SetofValues>
	</Station><Station
		stationReference="E42124"
		stationName="SOUTH BRIDGE GS NORTHAMPTON"
		region="Anglian"
		ngr="SP7540059700">
 		<SetofValues
			parameter="Water Level"
			qualifier="Stage"
			dataType="Instantaneous"
			period="15 min"
			pointReference="E42124"
			characteristic="Measured"
			units="mAOD"
			startDate="2016-02-12" 
			startTime="06:45:00" 
			endDate="2016-02-12" 
			endTime="10:00:00"><Value date="2016-02-12" time="06:45:00" >57.152</Value><Value date="2016-02-12" time="07:00:00" >57.152</Value><Value date="2016-02-12" time="07:15:00" >57.152</Value><Value date="2016-02-12" time="07:30:00" >57.152</Value><Value date="2016-02-12" time="07:45:00" >57.151</Value><Value date="2016-02-12" time="08:00:00" >57.151</Value><Value date="2016-02-12" time="08:15:00" >57.151</Value><Value date="2016-02-12" time="08:30:00" >57.151</Value><Value date="2016-02-12" time="08:45:00" >57.151</Value><Value date="2016-02-12" time="09:00:00" >57.150</Value><Value date="2016-02-12" time="09:15:00" >57.150</Value><Value date="2016-02-12" time="09:30:00" >57.150</Value><Value date="2016-02-12" time="09:45:00" >57.149</Value><Value date="2016-02-12" time="10:00:00" >57.149</Value></SetofValues>
	</Station><Station
		stationReference="E6120"
		stationName="NORTHAMPTON WASHLANDS AUTO"
		region="Anglian"
		ngr="SP7930060600">
 		<SetofValues
			parameter="Water Level"
			qualifier="Stage"
			dataType="Instantaneous"
			period="15 min"
			pointReference="E6120"
			characteristic="Measured"
			units="mAOD"
			startDate="2016-02-12" 
			startTime="07:05:00" 
			endDate="2016-02-12" 
			endTime="10:00:00"><Value date="2016-02-12" time="07:05:00" >53.387</Value><Value date="2016-02-12" time="07:10:00" >53.388</Value><Value date="2016-02-12" time="07:15:00" >53.388</Value><Value date="2016-02-12" time="07:20:00" >53.389</Value><Value date="2016-02-12" time="07:25:00" >53.389</Value><Value date="2016-02-12" time="07:30:00" >53.389</Value><Value date="2016-02-12" time="07:35:00" >53.390</Value><Value date="2016-02-12" time="07:40:00" >53.390</Value><Value date="2016-02-12" time="07:45:00" >53.391</Value><Value date="2016-02-12" time="07:50:00" >53.391</Value><Value date="2016-02-12" time="07:55:00" >53.391</Value><Value date="2016-02-12" time="08:00:00" >53.392</Value><Value date="2016-02-12" time="08:05:00" >53.392</Value><Value date="2016-02-12" time="08:10:00" >53.392</Value><Value date="2016-02-12" time="08:15:00" >53.392</Value><Value date="2016-02-12" time="08:20:00" >53.392</Value><Value date="2016-02-12" time="08:25:00" >53.393</Value><Value date="2016-02-12" time="08:30:00" >53.393</Value><Value date="2016-02-12" time="08:35:00" >53.393</Value><Value date="2016-02-12" time="08:40:00" >53.393</Value><Value date="2016-02-12" time="08:45:00" >53.393</Value><Value date="2016-02-12" time="08:50:00" >53.394</Value><Value date="2016-02-12" time="08:55:00" >53.394</Value><Value date="2016-02-12" time="09:00:00" >53.394</Value><Value date="2016-02-12" time="09:05:00" >53.394</Value><Value date="2016-02-12" time="09:10:00" >53.394</Value><Value date="2016-02-12" time="09:15:00" >53.391</Value><Value date="2016-02-12" time="09:20:00" >53.388</Value><Value date="2016-02-12" time="09:25:00" >53.386</Value><Value date="2016-02-12" time="09:30:00" >53.384</Value><Value date="2016-02-12" time="09:35:00" >53.382</Value><Value date="2016-02-12" time="09:40:00" >53.380</Value><Value date="2016-02-12" time="09:45:00" >53.377</Value><Value date="2016-02-12" time="09:50:00" >53.375</Value><Value date="2016-02-12" time="09:55:00" >53.373</Value><Value date="2016-02-12" time="10:00:00" >53.371</Value></SetofValues>
	</Station><Station
		stationReference="E21335"
		stationName="TOWCESTER RAINGAUGE METOFF"
		region="Anglian"
		ngr="SP6680048900">
 		<SetofValues
			parameter="Rainfall"
			qualifier="Tipping Bucket Raingauge"
			dataType="Total"
			period="15 min"
			pointReference="E21335"
			characteristic="Measured"
			units="mm"
			startDate="2016-02-12" 
			startTime="06:45:00" 
			endDate="2016-02-12" 
			endTime="10:00:00"><Value date="2016-02-12" time="06:45:00" >0.000</Value><Value date="2016-02-12" time="07:00:00" >0.000</Value><Value date="2016-02-12" time="07:15:00" >0.000</Value><Value date="2016-02-12" time="07:30:00" >0.000</Value><Value date="2016-02-12" time="07:45:00" >0.000</Value><Value date="2016-02-12" time="08:00:00" >0.000</Value><Value date="2016-02-12" time="08:15:00" >0.000</Value><Value date="2016-02-12" time="08:30:00" >0.000</Value><Value date="2016-02-12" time="08:45:00" >0.000</Value><Value date="2016-02-12" time="09:00:00" >0.000</Value><Value date="2016-02-12" time="09:15:00" >0.200</Value><Value date="2016-02-12" time="09:30:00" >0.400</Value><Value date="2016-02-12" time="09:45:00" >0.000</Value><Value date="2016-02-12" time="10:00:00" >0.000</Value></SetofValues>
	</Station><Station
		stationReference="E24767"
		stationName="STRADBROKE RAINGAUGE"
		region="Anglian"
		ngr="TM2350074500">
 		<SetofValues
			parameter="Rainfall"
			qualifier="Tipping Bucket Raingauge"
			dataType="Total"
			period="15 min"
			pointReference="E24767"
			characteristic="Measured"
			units="mm"
			startDate="2016-02-12" 
			startTime="04:45:00" 
			endDate="2016-02-12" 
			endTime="10:00:00"><Value date="2016-02-12" time="04:45:00" >0.000</Value><Value date="2016-02-12" time="05:00:00" >0.000</Value><Value date="2016-02-12" time="05:15:00" >0.000</Value><Value date="2016-02-12" time="05:30:00" >0.000</Value><Value date="2016-02-12" time="05:45:00" >0.000</Value><Value date="2016-02-12" time="06:00:00" >0.000</Value><Value date="2016-02-12" time="06:15:00" >0.000</Value><Value date="2016-02-12" time="06:30:00" >0.000</Value><Value date="2016-02-12" time="06:45:00" >0.000</Value><Value date="2016-02-12" time="07:00:00" >0.000</Value><Value date="2016-02-12" time="07:15:00" >0.000</Value><Value date="2016-02-12" time="07:30:00" >0.000</Value><Value date="2016-02-12" time="07:45:00" >0.000</Value><Value date="2016-02-12" time="08:00:00" >0.000</Value><Value date="2016-02-12" time="08:15:00" >0.000</Value><Value date="2016-02-12" time="08:30:00" >0.000</Value><Value date="2016-02-12" time="08:45:00" >0.000</Value><Value date="2016-02-12" time="09:00:00" >0.000</Value><Value date="2016-02-12" time="09:15:00" >0.000</Value><Value date="2016-02-12" time="09:30:00" >0.000</Value><Value date="2016-02-12" time="09:45:00" >0.000</Value><Value date="2016-02-12" time="10:00:00" >0.200</Value></SetofValues>
	</Station><Station
		stationReference="E1645"
		stationName="GOXHILL RAINGAUGE METOFF"
		region="Anglian"
		ngr="TA0950019900">
 		<SetofValues
			parameter="Rainfall"
			qualifier="Tipping Bucket Raingauge"
			dataType="Total"
			period="15 min"
			pointReference="E1645"
			characteristic="Measured"
			units="mm"
			startDate="2016-02-12" 
			startTime="04:45:00" 
			endDate="2016-02-12" 
			endTime="10:00:00"><Value date="2016-02-12" time="04:45:00" >0.000</Value><Value date="2016-02-12" time="05:00:00" >0.000</Value><Value date="2016-02-12" time="05:15:00" >0.000</Value><Value date="2016-02-12" time="05:30:00" >0.000</Value><Value date="2016-02-12" time="05:45:00" >0.000</Value><Value date="2016-02-12" time="06:00:00" >0.000</Value><Value date="2016-02-12" time="06:15:00" >0.000</Value><Value date="2016-02-12" time="06:30:00" >0.000</Value><Value date="2016-02-12" time="06:45:00" >0.000</Value><Value date="2016-02-12" time="07:00:00" >0.000</Value><Value date="2016-02-12" time="07:15:00" >0.000</Value><Value date="2016-02-12" time="07:30:00" >0.000</Value><Value date="2016-02-12" time="07:45:00" >0.000</Value><Value date="2016-02-12" time="08:00:00" >0.000</Value><Value date="2016-02-12" time="08:15:00" >0.000</Value><Value date="2016-02-12" time="08:30:00" >0.000</Value><Value date="2016-02-12" time="08:45:00" >0.000</Value><Value date="2016-02-12" time="09:00:00" >0.000</Value><Value date="2016-02-12" time="09:15:00" >0.000</Value><Value date="2016-02-12" time="09:30:00" >0.000</Value><Value date="2016-02-12" time="09:45:00" >0.200</Value><Value date="2016-02-12" time="10:00:00" >0.000</Value></SetofValues>
	</Station><Station
		stationReference="E1606"
		stationName="OSBOURNBY RAINGAUGE METOFF"
		region="Anglian"
		ngr="TF07563825">
 		<SetofValues
			parameter="Rainfall"
			qualifier="Tipping Bucket Raingauge"
			dataType="Total"
			period="15 min"
			pointReference="E1606"
			characteristic="Measured"
			units="mm"
			startDate="2016-02-12" 
			startTime="04:45:00" 
			endDate="2016-02-12" 
			endTime="10:00:00"><Value date="2016-02-12" time="04:45:00" >0.000</Value><Value date="2016-02-12" time="05:00:00" >0.000</Value><Value date="2016-02-12" time="05:15:00" >0.000</Value><Value date="2016-02-12" time="05:30:00" >0.000</Value><Value date="2016-02-12" time="05:45:00" >0.000</Value><Value date="2016-02-12" time="06:00:00" >0.000</Value><Value date="2016-02-12" time="06:15:00" >0.000</Value><Value date="2016-02-12" time="06:30:00" >0.000</Value><Value date="2016-02-12" time="06:45:00" >0.000</Value><Value date="2016-02-12" time="07:00:00" >0.000</Value><Value date="2016-02-12" time="07:15:00" >0.000</Value><Value date="2016-02-12" time="07:30:00" >0.000</Value><Value date="2016-02-12" time="07:45:00" >0.000</Value><Value date="2016-02-12" time="08:00:00" >0.000</Value><Value date="2016-02-12" time="08:15:00" >0.000</Value><Value date="2016-02-12" time="08:30:00" >0.000</Value><Value date="2016-02-12" time="08:45:00" >0.000</Value><Value date="2016-02-12" time="09:00:00" >0.000</Value><Value date="2016-02-12" time="09:15:00" >0.000</Value><Value date="2016-02-12" time="09:30:00" >0.000</Value><Value date="2016-02-12" time="09:45:00" >0.000</Value><Value date="2016-02-12" time="10:00:00" >0.200</Value></SetofValues>
	</Station><Station
		stationReference="E21968"
		stationName="WEBBS HOLE SLUICE AUTOMATION OVER"
		region="Anglian"
		ngr="TL3625671077">
 		<SetofValues
			parameter="Water Level"
			qualifier="Stage"
			dataType="Instantaneous"
			period="15 min"
			pointReference="E21968"
			characteristic="Measured"
			units="mAOD"
			startDate="2016-02-12" 
			startTime="07:15:00" 
			endDate="2016-02-12" 
			endTime="10:00:00"><Value date="2016-02-12" time="07:15:00" >3.082</Value><Value date="2016-02-12" time="07:30:00" >3.076</Value><Value date="2016-02-12" time="07:45:00" >3.070</Value><Value date="2016-02-12" time="08:00:00" >3.065</Value><Value date="2016-02-12" time="08:15:00" >3.060</Value><Value date="2016-02-12" time="08:30:00" >3.057</Value><Value date="2016-02-12" time="08:45:00" >3.051</Value><Value date="2016-02-12" time="09:00:00" >3.049</Value><Value date="2016-02-12" time="09:15:00" >3.052</Value><Value date="2016-02-12" time="09:30:00" >3.058</Value><Value date="2016-02-12" time="09:45:00" >3.068</Value><Value date="2016-02-12" time="10:00:00" >3.078</Value></SetofValues>
	</Station><Station
		stationReference="E1716"
		stationName="GREAT OXENDON RAINGAUGE GSM"
		region="Anglian"
		ngr="SP7340082400">
 		<SetofValues
			parameter="Rainfall"
			qualifier="Tipping Bucket Raingauge"
			dataType="Total"
			period="15 min"
			pointReference="E1716"
			characteristic="Measured"
			units="mm"
			startDate="2016-02-12" 
			startTime="05:00:00" 
			endDate="2016-02-12" 
			endTime="10:00:00"><Value date="2016-02-12" time="05:00:00" >0.000</Value><Value date="2016-02-12" time="05:15:00" >0.000</Value><Value date="2016-02-12" time="05:30:00" >0.000</Value><Value date="2016-02-12" time="05:45:00" >0.000</Value><Value date="2016-02-12" time="06:00:00" >0.000</Value><Value date="2016-02-12" time="06:15:00" >0.000</Value><Value date="2016-02-12" time="06:30:00" >0.000</Value><Value date="2016-02-12" time="06:45:00" >0.000</Value><Value date="2016-02-12" time="07:00:00" >0.000</Value><Value date="2016-02-12" time="07:15:00" >0.000</Value><Value date="2016-02-12" time="07:30:00" >0.000</Value><Value date="2016-02-12" time="07:45:00" >0.000</Value><Value date="2016-02-12" time="08:00:00" >0.000</Value><Value date="2016-02-12" time="08:15:00" >0.000</Value><Value date="2016-02-12" time="08:30:00" >0.000</Value><Value date="2016-02-12" time="08:45:00" >0.000</Value><Value date="2016-02-12" time="09:00:00" >0.000</Value><Value date="2016-02-12" time="09:15:00" >0.000</Value><Value date="2016-02-12" time="09:30:00" >0.400</Value><Value date="2016-02-12" time="09:45:00" >0.000</Value><Value date="2016-02-12" time="10:00:00" >0.000</Value></SetofValues>
	</Station><Station
		stationReference="E10170"
		stationName="MAUD FOSTER SLUICE BOSTON AUTOMATION"
		region="Anglian"
		ngr="TF3290047400">
 		<SetofValues
			parameter="Water Level"
			qualifier="Stage"
			dataType="Instantaneous"
			period="15 min"
			pointReference="E10170"
			characteristic="Measured"
			units="mAOD"
			startDate="2016-02-12" 
			startTime="08:30:00" 
			endDate="2016-02-12" 
			endTime="10:00:00"><Value date="2016-02-12" time="08:30:00" >-0.050</Value><Value date="2016-02-12" time="08:45:00" >-0.048</Value><Value date="2016-02-12" time="09:00:00" >-0.044</Value><Value date="2016-02-12" time="09:15:00" >-0.041</Value><Value date="2016-02-12" time="09:30:00" >-0.037</Value><Value date="2016-02-12" time="09:45:00" >-0.035</Value><Value date="2016-02-12" time="10:00:00" >-0.031</Value></SetofValues>
	</Station><Station
		stationReference="E6106"
		stationName="NORTHAMPTON WASHLANDS AUTO"
		region="Anglian"
		ngr="SP7914060460">
 		<SetofValues
			parameter="Water Level"
			qualifier="Stage"
			dataType="Instantaneous"
			period="15 min"
			pointReference="E6106"
			characteristic="Measured"
			units="mAOD"
			startDate="2016-02-12" 
			startTime="07:05:00" 
			endDate="2016-02-12" 
			endTime="10:00:00"><Value date="2016-02-12" time="07:05:00" >52.506</Value><Value date="2016-02-12" time="07:10:00" >52.506</Value><Value date="2016-02-12" time="07:15:00" >52.505</Value><Value date="2016-02-12" time="07:20:00" >52.505</Value><Value date="2016-02-12" time="07:25:00" >52.505</Value><Value date="2016-02-12" time="07:30:00" >52.507</Value><Value date="2016-02-12" time="07:35:00" >52.504</Value><Value date="2016-02-12" time="07:40:00" >52.507</Value><Value date="2016-02-12" time="07:45:00" >52.503</Value><Value date="2016-02-12" time="07:50:00" >52.503</Value><Value date="2016-02-12" time="07:55:00" >52.505</Value><Value date="2016-02-12" time="08:00:00" >52.505</Value><Value date="2016-02-12" time="08:05:00" >52.507</Value><Value date="2016-02-12" time="08:10:00" >52.504</Value><Value date="2016-02-12" time="08:15:00" >52.507</Value><Value date="2016-02-12" time="08:20:00" >52.506</Value><Value date="2016-02-12" time="08:25:00" >52.507</Value><Value date="2016-02-12" time="08:30:00" >52.507</Value><Value date="2016-02-12" time="08:35:00" >52.506</Value><Value date="2016-02-12" time="08:40:00" >52.508</Value><Value date="2016-02-12" time="08:45:00" >52.507</Value><Value date="2016-02-12" time="08:50:00" >52.509</Value><Value date="2016-02-12" time="08:55:00" >52.507</Value><Value date="2016-02-12" time="09:00:00" >52.510</Value><Value date="2016-02-12" time="09:05:00" >52.509</Value><Value date="2016-02-12" time="09:10:00" >52.508</Value><Value date="2016-02-12" time="09:15:00" >52.509</Value><Value date="2016-02-12" time="09:20:00" >52.508</Value><Value date="2016-02-12" time="09:25:00" >52.511</Value><Value date="2016-02-12" time="09:30:00" >52.511</Value><Value date="2016-02-12" time="09:35:00" >52.510</Value><Value date="2016-02-12" time="09:40:00" >52.510</Value><Value date="2016-02-12" time="09:45:00" >52.511</Value><Value date="2016-02-12" time="09:50:00" >52.511</Value><Value date="2016-02-12" time="09:55:00" >52.509</Value><Value date="2016-02-12" time="10:00:00" >52.509</Value></SetofValues>
	</Station><Station
		stationReference="E6135"
		stationName="NORTHAMPTON WASHLANDS AUTO"
		region="Anglian"
		ngr="SP7930060600">
 		<SetofValues
			parameter="Water Level"
			qualifier="Stage"
			dataType="Instantaneous"
			period="15 min"
			pointReference="E6135"
			characteristic="Measured"
			units="mAOD"
			startDate="2016-02-12" 
			startTime="07:15:00" 
			endDate="2016-02-12" 
			endTime="10:00:00"><Value date="2016-02-12" time="07:15:00" >52.514</Value><Value date="2016-02-12" time="07:30:00" >52.513</Value><Value date="2016-02-12" time="07:45:00" >52.513</Value><Value date="2016-02-12" time="08:00:00" >52.513</Value><Value date="2016-02-12" time="08:15:00" >52.515</Value><Value date="2016-02-12" time="08:30:00" >52.514</Value><Value date="2016-02-12" time="08:45:00" >52.516</Value><Value date="2016-02-12" time="09:00:00" >52.516</Value><Value date="2016-02-12" time="09:15:00" >52.517</Value><Value date="2016-02-12" time="09:30:00" >52.517</Value><Value date="2016-02-12" time="09:45:00" >52.517</Value><Value date="2016-02-12" time="10:00:00" >52.517</Value></SetofValues>
	</Station><Station
		stationReference="E1052"
		stationName="SOUTH BRIDGE GS NORTHAMPTON"
		region="Anglian"
		ngr="SP7541059770">
 		<SetofValues
			parameter="Water Level"
			qualifier="Stage"
			dataType="Instantaneous"
			period="15 min"
			pointReference="E1052"
			characteristic="Measured"
			units="m"
			startDate="2016-02-12" 
			startTime="06:45:00" 
			endDate="2016-02-12" 
			endTime="10:00:00"><Value date="2016-02-12" time="06:45:00" >57.163</Value><Value date="2016-02-12" time="07:00:00" >57.164</Value><Value date="2016-02-12" time="07:15:00" >57.163</Value><Value date="2016-02-12" time="07:30:00" >57.163</Value><Value date="2016-02-12" time="07:45:00" >57.163</Value><Value date="2016-02-12" time="08:00:00" >57.162</Value><Value date="2016-02-12" time="08:15:00" >57.162</Value><Value date="2016-02-12" time="08:30:00" >57.161</Value><Value date="2016-02-12" time="08:45:00" >57.162</Value><Value date="2016-02-12" time="09:00:00" >57.162</Value><Value date="2016-02-12" time="09:15:00" >57.162</Value><Value date="2016-02-12" time="09:30:00" >57.160</Value><Value date="2016-02-12" time="09:45:00" >57.161</Value><Value date="2016-02-12" time="10:00:00" >57.161</Value></SetofValues>
	</Station></EATimeSeriesDataExchangeFormat>