<?xml version="1.0"?>
<EATimeSeriesDataExchangeFormat xmlns="http://www.environment-agency.gov.uk/XMLSchemas/EATimeSeriesDataExchangeFormat" 
	xmlns:md="http://www.environment-agency.gov.uk/XMLSchemas/EAMetadataFormat"
	xmlns:xsi="http://www.w3.org/2001/XMLSchema-instance" 
  	xsi:schemaLocation="http://www.environment-agency.gov.uk/XMLSchemas/EATimeSeriesDataExchangeFormat EATimeSeriesDataExchangeFormat.xsd">
	<md:Publisher>Environment Agency</md:Publisher>
	<md:Source>Anglian Telemetry</md:Source>
	<md:Description>Telemetry Data</md:Description>
	<md:Creator>X-TEL 2.2</md:Creator>
 	<md:Date>2016-02-12</md:Date>
 	<md:Time>10:06:04</md:Time>
 	<md:Identifier>Anglian Interface Server</md:Identifier><Station
		stationReference="E24763"
		stationName="DRAYTON PARSLOW RAINGAUGE"
		region="Anglian"
		ngr="SP8480028700">
 		<SetofValues
			parameter="Rainfall"
			qualifier="Tipping Bucket Raingauge"
			dataType="Total"
			period="15 min"
			pointReference="E24763"
			characteristic="Measured"
			units="mm"
			startDate="2016-02-12" 
			startTime="06:45:00" 
			endDate="2016-02-12" 
			endTime="10:00:00"><Value date="2016-02-12" time="06:45:00" >0.000</Value><Value date="2016-02-12" time="07:00:00" >0.000</Value><Value date="2016-02-12" time="07:15:00" >0.000</Value><Value date="2016-02-12" time="07:30:00" >0.000</Value><Value date="2016-02-12" time="07:45:00" >0.000</Value><Value date="2016-02-12" time="08:00:00" >0.000</Value><Value date="2016-02-12" time="08:15:00" >0.000</Value><Value date="2016-02-12" time="08:30:00" >0.000</Value><Value date="2016-02-12" time="08:45:00" >0.000</Value><Value date="2016-02-12" time="09:00:00" >0.000</Value><Value date="2016-02-12" time="09:15:00" >0.000</Value><Value date="2016-02-12" time="09:30:00" >0.600</Value><Value date="2016-02-12" time="09:45:00" >0.000</Value><Value date="2016-02-12" time="10:00:00" >0.000</Value></SetofValues>
	</Station></EATimeSeriesDataExchangeFormat>