<?xml version="1.0" standalone="yes"?>
<EATimeSeriesDataExchangeFormat xmlns="http://www.environment-agency.gov.uk/XMLSchemas/EATimeSeriesDataExchangeFormat" xmlns:md="http://www.environment-agency.gov.uk/XMLSchemas/EAMetadataFormat" xmlns:xsi="http://www.w3.org/2001/XMLSchema-instance" xsi:schemaLocation="http://www.environment-agency.gov.uk/XMLSchemas/EATimeSeriesDataExchangeFormat EATimeSeriesDataExchangeFormat.xsd">
	<md:Publisher>Environment Agency</md:Publisher>
	<md:Source>EA Wales Regional Telemetry System</md:Source>
	<md:Description>Automated telemetry data export process</md:Description>
	<md:Creator>SCX 6</md:Creator>
	<md:Date>2016-02-12</md:Date>
	<md:Time>10:07:34</md:Time>
	<md:Identifier>CYCARSCXAS1</md:Identifier>
	<Station stationReference="067043" region="EA Wales" stationName="Worthenbury LVL">
		<SetofValues parameter="Water Level" qualifier="Stage" dataType="Instantaneous" period="15 min" units="m" startDate="2016-02-12" startTime="09:15:00" endDate="2016-02-12" endTime="10:00:00">
			<Value date="2016-02-12" time="09:15:00">1.019</Value>
			<Value date="2016-02-12" time="09:30:00">1.018</Value>
			<Value date="2016-02-12" time="09:45:00">1.018</Value>
			<Value date="2016-02-12" time="10:00:00">1.016</Value>
		</SetofValues>
	</Station>
	<Station stationReference="067042" region="EA Wales" stationName="Worthenbury LVL">
		<SetofValues parameter="Water Level" qualifier="Stage" dataType="Instantaneous" period="15 min" units="m" startDate="2016-02-12" startTime="09:15:00" endDate="2016-02-12" endTime="10:00:00">
			<Value date="2016-02-12" time="09:15:00">0.990</Value>
			<Value date="2016-02-12" time="09:30:00">0.988</Value>
			<Value date="2016-02-12" time="09:45:00">0.988</Value>
			<Value date="2016-02-12" time="10:00:00">0.985</Value>
		</SetofValues>
	</Station>
	<Station stationReference="067033" region="EA Wales" stationName="Chester Suspension Bridge URG">
		<SetofValues parameter="Water Level" qualifier="Stage" dataType="Instantaneous" period="15 min" units="m" startDate="2016-02-12" startTime="09:15:00" endDate="2016-02-12" endTime="10:00:00">
			<Value date="2016-02-12" time="09:15:00">4.963</Value>
			<Value date="2016-02-12" time="09:30:00">4.963</Value>
			<Value date="2016-02-12" time="09:45:00">4.964</Value>
			<Value date="2016-02-12" time="10:00:00">4.961</Value>
		</SetofValues>
	</Station>
	<Station stationReference="067015" region="EA Wales" stationName="Manley Hall LVL">
		<SetofValues parameter="Water Level" qualifier="Stage" dataType="Instantaneous" period="15 min" units="m" startDate="2016-02-12" startTime="09:45:00" endDate="2016-02-12" endTime="10:00:00">
			<Value date="2016-02-12" time="09:45:00">1.234</Value>
			<Value date="2016-02-12" time="10:00:00">1.232</Value>
		</SetofValues>
	</Station>
	<Station stationReference="067014" region="EA Wales" stationName="Corwen LVL">
		<SetofValues parameter="Water Level" qualifier="Stage" dataType="Instantaneous" period="15 min" units="m" startDate="2016-02-12" startTime="09:15:00" endDate="2016-02-12" endTime="10:00:00">
			<Value date="2016-02-12" time="09:15:00">0.962</Value>
			<Value date="2016-02-12" time="09:30:00">0.961</Value>
			<Value date="2016-02-12" time="09:45:00">0.960</Value>
			<Value date="2016-02-12" time="10:00:00">0.959</Value>
		</SetofValues>
	</Station>
	<Station stationReference="067006" region="EA Wales" stationName="Druid LVL">
		<SetofValues parameter="Water Level" qualifier="Stage" dataType="Instantaneous" period="15 min" units="m" startDate="2016-02-12" startTime="09:15:00" endDate="2016-02-12" endTime="10:00:00">
			<Value date="2016-02-12" time="09:15:00">0.747</Value>
			<Value date="2016-02-12" time="09:30:00">0.747</Value>
			<Value date="2016-02-12" time="09:45:00">0.746</Value>
			<Value date="2016-02-12" time="10:00:00">0.745</Value>
		</SetofValues>
	</Station>
</EATimeSeriesDataExchangeFormat>
