<?xml version="1.0" standalone="yes"?>
<EATimeSeriesDataExchangeFormat xmlns="http://www.environment-agency.gov.uk/XMLSchemas/EATimeSeriesDataExchangeFormat" xmlns:md="http://www.environment-agency.gov.uk/XMLSchemas/EAMetadataFormat" xmlns:xsi="http://www.w3.org/2001/XMLSchema-instance" xsi:schemaLocation="http://www.environment-agency.gov.uk/XMLSchemas/EATimeSeriesDataExchangeFormat EATimeSeriesDataExchangeFormat.xsd">
	<md:Publisher>Environment Agency</md:Publisher>
	<md:Source>EA Wales Regional Telemetry System</md:Source>
	<md:Description>Automated telemetry data export process</md:Description>
	<md:Creator>SCX 6</md:Creator>
	<md:Date>2016-02-12</md:Date>
	<md:Time>11:02:44</md:Time>
	<md:Identifier>CYCARSCXAS1</md:Identifier>
	<Station stationReference="483040" region="EA Wales" stationName="Brecon RAIN" ngr="SO0374527652">
		<SetofValues parameter="Rainfall" qualifier="Tipping Bucket Raingauge" dataType="Total" period="15 min" units="mm" startDate="2016-02-12" startTime="10:15:00" endDate="2016-02-12" endTime="11:00:00">
			<Value date="2016-02-12" time="10:15:00">0.0</Value>
			<Value date="2016-02-12" time="10:30:00">0.0</Value>
			<Value date="2016-02-12" time="10:45:00">0.0</Value>
			<Value date="2016-02-12" time="11:00:00">0.0</Value>
		</SetofValues>
	</Station>
	<Station stationReference="2868" region="EA Wales" stationName="Llansantffraid LVL" ngr="SJ2088820463">
		<SetofValues parameter="Water Level" qualifier="Stage" dataType="Instantaneous" period="15 min" units="m" startDate="2016-02-12" startTime="10:15:00" endDate="2016-02-12" endTime="11:00:00">
			<Value date="2016-02-12" time="10:15:00">1.172</Value>
			<Value date="2016-02-12" time="10:30:00">1.168</Value>
			<Value date="2016-02-12" time="10:45:00">1.167</Value>
			<Value date="2016-02-12" time="11:00:00">1.168</Value>
		</SetofValues>
	</Station>
	<Station stationReference="2668" region="EA Wales" stationName="Newtown LVL" ngr="SO1103291685">
		<SetofValues parameter="Water Level" qualifier="Stage" dataType="Instantaneous" period="15 min" units="m" startDate="2016-02-12" startTime="10:15:00" endDate="2016-02-12" endTime="11:00:00">
			<Value date="2016-02-12" time="10:15:00">1.076</Value>
			<Value date="2016-02-12" time="10:30:00">1.079</Value>
			<Value date="2016-02-12" time="10:45:00">1.076</Value>
			<Value date="2016-02-12" time="11:00:00">1.081</Value>
		</SetofValues>
	</Station>
	<Station stationReference="2638" region="EA Wales" stationName="Welshpool LVL" ngr="SJ2191507602">
		<SetofValues parameter="Water Level" qualifier="Stage" dataType="Instantaneous" period="15 min" units="mASD" startDate="2016-02-12" startTime="10:15:00" endDate="2016-02-12" endTime="11:00:00">
			<Value date="2016-02-12" time="10:15:00">0.267</Value>
			<Value date="2016-02-12" time="10:30:00">0.267</Value>
			<Value date="2016-02-12" time="10:45:00">0.268</Value>
			<Value date="2016-02-12" time="11:00:00">0.266</Value>
		</SetofValues>
	</Station>
	<Station stationReference="2252" region="EA Wales" stationName="Munlyn LVL" ngr="SJ2106701090">
		<SetofValues parameter="Water Level" qualifier="Stage" dataType="Instantaneous" period="15 min" units="m" startDate="2016-02-12" startTime="10:15:00" endDate="2016-02-12" endTime="11:00:00">
			<Value date="2016-02-12" time="10:15:00">1.742</Value>
			<Value date="2016-02-12" time="10:30:00">1.742</Value>
			<Value date="2016-02-12" time="10:45:00">1.723</Value>
			<Value date="2016-02-12" time="11:00:00">1.753</Value>
		</SetofValues>
	</Station>
	<Station stationReference="2185" region="EA Wales" stationName="Clewedog RES LVL" ngr="SN91268709">
		<SetofValues parameter="Water Level" qualifier="Reservoir Level" dataType="Instantaneous" period="15 min" units="m" startDate="2016-02-12" startTime="10:15:00" endDate="2016-02-12" endTime="11:00:00">
			<Value date="2016-02-12" time="10:15:00">-0.847</Value>
			<Value date="2016-02-12" time="10:30:00">-0.854</Value>
			<Value date="2016-02-12" time="10:45:00">-0.857</Value>
			<Value date="2016-02-12" time="11:00:00">-0.861</Value>
		</SetofValues>
	</Station>
	<Station stationReference="2176" region="EA Wales" stationName="Buttington" ngr="SJ2464808899">
		<SetofValues parameter="Water Level" qualifier="Stage" dataType="Instantaneous" period="15 min" units="m" startDate="2016-02-12" startTime="10:30:00" endDate="2016-02-12" endTime="11:00:00">
			<Value date="2016-02-12" time="10:30:00">3.281</Value>
			<Value date="2016-02-12" time="10:45:00">3.281</Value>
			<Value date="2016-02-12" time="11:00:00">3.275</Value>
		</SetofValues>
	</Station>
	<Station stationReference="2159" region="EA Wales" stationName="Llanerfyl LVL" ngr="SJ0315909742">
		<SetofValues parameter="Water Level" qualifier="Stage" dataType="Instantaneous" period="15 min" units="mASD" startDate="2016-02-12" startTime="10:15:00" endDate="2016-02-12" endTime="11:00:00">
			<Value date="2016-02-12" time="10:15:00">1.325</Value>
			<Value date="2016-02-12" time="10:30:00">1.325</Value>
			<Value date="2016-02-12" time="10:45:00">1.323</Value>
			<Value date="2016-02-12" time="11:00:00">1.323</Value>
		</SetofValues>
	</Station>
	<Station stationReference="2158" region="EA Wales" stationName="Llandrinio LVL" ngr="SJ2982116984">
		<SetofValues parameter="Water Level" qualifier="Stage" dataType="Instantaneous" period="15 min" units="mASD" startDate="2016-02-12" startTime="10:15:00" endDate="2016-02-12" endTime="11:00:00">
			<Value date="2016-02-12" time="10:15:00">5.306</Value>
			<Value date="2016-02-12" time="10:30:00">5.303</Value>
			<Value date="2016-02-12" time="10:45:00">5.295</Value>
			<Value date="2016-02-12" time="11:00:00">5.288</Value>
		</SetofValues>
		<SetofValues parameter="Water Level" qualifier="Stage" dataType="Instantaneous" period="15 min" units="mASD" startDate="2016-02-12" startTime="10:15:00" endDate="2016-02-12" endTime="11:00:00">
			<Value date="2016-02-12" time="10:15:00">5.306</Value>
			<Value date="2016-02-12" time="10:30:00">5.303</Value>
			<Value date="2016-02-12" time="10:45:00">5.295</Value>
			<Value date="2016-02-12" time="11:00:00">5.288</Value>
		</SetofValues>
	</Station>
	<Station stationReference="2156" region="EA Wales" stationName="Pontrobert LVL" ngr="SJ1079212712">
		<SetofValues parameter="Water Level" qualifier="Stage" dataType="Instantaneous" period="15 min" units="mASD" startDate="2016-02-12" startTime="10:15:00" endDate="2016-02-12" endTime="11:00:00">
			<Value date="2016-02-12" time="10:15:00">1.401</Value>
			<Value date="2016-02-12" time="10:30:00">1.400</Value>
			<Value date="2016-02-12" time="10:45:00">1.399</Value>
			<Value date="2016-02-12" time="11:00:00">1.398</Value>
		</SetofValues>
		<SetofValues parameter="Water Level" qualifier="Stage" dataType="Instantaneous" period="15 min" units="mASD" startDate="2016-02-12" startTime="10:15:00" endDate="2016-02-12" endTime="11:00:00">
			<Value date="2016-02-12" time="10:15:00">1.401</Value>
			<Value date="2016-02-12" time="10:30:00">1.400</Value>
			<Value date="2016-02-12" time="10:45:00">1.399</Value>
			<Value date="2016-02-12" time="11:00:00">1.398</Value>
		</SetofValues>
	</Station>
	<Station stationReference="2137" region="EA Wales" stationName="Berriew LVL" ngr="SJ1904500504">
		<SetofValues parameter="Water Level" qualifier="Stage" dataType="Instantaneous" period="15 min" units="m" startDate="2016-02-12" startTime="10:15:00" endDate="2016-02-12" endTime="11:00:00">
			<Value date="2016-02-12" time="10:15:00">0.456</Value>
			<Value date="2016-02-12" time="10:30:00">0.459</Value>
			<Value date="2016-02-12" time="10:45:00">0.461</Value>
			<Value date="2016-02-12" time="11:00:00">0.459</Value>
		</SetofValues>
	</Station>
	<Station stationReference="2118" region="EA Wales" stationName="Dolwen LVL" ngr="SN9894985181">
		<SetofValues parameter="Water Level" qualifier="Stage" dataType="Instantaneous" period="15 min" units="m" startDate="2016-02-12" startTime="10:15:00" endDate="2016-02-12" endTime="11:00:00">
			<Value date="2016-02-12" time="10:15:00">1.033</Value>
			<Value date="2016-02-12" time="10:30:00">1.031</Value>
			<Value date="2016-02-12" time="10:45:00">1.030</Value>
			<Value date="2016-02-12" time="11:00:00">1.030</Value>
		</SetofValues>
	</Station>
	<Station stationReference="2109" region="EA Wales" stationName="Bryntail LVL" ngr="SN9133086804">
		<SetofValues parameter="Water Level" qualifier="Stage" dataType="Instantaneous" period="15 min" units="mASD" startDate="2016-02-12" startTime="10:15:00" endDate="2016-02-12" endTime="11:00:00">
			<Value date="2016-02-12" time="10:15:00">0.770</Value>
			<Value date="2016-02-12" time="10:30:00">0.769</Value>
			<Value date="2016-02-12" time="10:45:00">0.770</Value>
			<Value date="2016-02-12" time="11:00:00">0.770</Value>
		</SetofValues>
	</Station>
	<Station stationReference="2076B" region="EA Wales" stationName="Meifod LVL" ngr="SJ1562712929">
		<SetofValues parameter="Water Level" qualifier="Stage" dataType="Instantaneous" period="15 min" units="mASD" startDate="2016-02-12" startTime="10:15:00" endDate="2016-02-12" endTime="11:00:00">
			<Value date="2016-02-12" time="10:15:00">1.340</Value>
			<Value date="2016-02-12" time="10:30:00">1.338</Value>
			<Value date="2016-02-12" time="10:45:00">1.336</Value>
			<Value date="2016-02-12" time="11:00:00">1.336</Value>
		</SetofValues>
	</Station>
	<Station stationReference="2076" region="EA Wales" stationName="Meifod LVL" ngr="SJ1562712929">
		<SetofValues parameter="Water Level" qualifier="Stage" dataType="Instantaneous" period="15 min" units="mASD" startDate="2016-02-12" startTime="10:15:00" endDate="2016-02-12" endTime="11:00:00">
			<Value date="2016-02-12" time="10:15:00">1.340</Value>
			<Value date="2016-02-12" time="10:30:00">1.338</Value>
			<Value date="2016-02-12" time="10:45:00">1.336</Value>
			<Value date="2016-02-12" time="11:00:00">1.336</Value>
		</SetofValues>
	</Station>
	<Station stationReference="2074" region="EA Wales" stationName="Caersws LVL" ngr="SO0324291682">
		<SetofValues parameter="Water Level" qualifier="Stage" dataType="Instantaneous" period="15 min" units="mASD" startDate="2016-02-12" startTime="10:15:00" endDate="2016-02-12" endTime="11:00:00">
			<Value date="2016-02-12" time="10:15:00">1.702</Value>
			<Value date="2016-02-12" time="10:30:00">1.700</Value>
			<Value date="2016-02-12" time="10:45:00">1.697</Value>
			<Value date="2016-02-12" time="11:00:00">1.697</Value>
		</SetofValues>
		<SetofValues parameter="Water Level" qualifier="Stage" dataType="Instantaneous" period="15 min" units="mASD" startDate="2016-02-12" startTime="10:15:00" endDate="2016-02-12" endTime="11:00:00">
			<Value date="2016-02-12" time="10:15:00">1.702</Value>
			<Value date="2016-02-12" time="10:30:00">1.700</Value>
			<Value date="2016-02-12" time="10:45:00">1.697</Value>
			<Value date="2016-02-12" time="11:00:00">1.697</Value>
		</SetofValues>
	</Station>
	<Station stationReference="2072" region="EA Wales" stationName="Llanidloes LVL" ngr="SN9550284827">
		<SetofValues parameter="Water Level" qualifier="Stage" dataType="Instantaneous" period="15 min" units="mASD" startDate="2016-02-12" startTime="10:15:00" endDate="2016-02-12" endTime="11:00:00">
			<Value date="2016-02-12" time="10:15:00">1.621</Value>
			<Value date="2016-02-12" time="10:30:00">1.621</Value>
			<Value date="2016-02-12" time="10:45:00">1.620</Value>
			<Value date="2016-02-12" time="11:00:00">1.620</Value>
		</SetofValues>
	</Station>
	<Station stationReference="2025" region="EA Wales" stationName="Rhos Y Pentref LVL" ngr="SN9498582492">
		<SetofValues parameter="Water Level" qualifier="Stage" dataType="Instantaneous" period="15 min" units="mASD" startDate="2016-02-12" startTime="10:15:00" endDate="2016-02-12" endTime="11:00:00">
			<Value date="2016-02-12" time="10:15:00">0.677</Value>
			<Value date="2016-02-12" time="10:30:00">0.676</Value>
			<Value date="2016-02-12" time="10:45:00">0.676</Value>
			<Value date="2016-02-12" time="11:00:00">0.675</Value>
		</SetofValues>
	</Station>
	<Station stationReference="2014" region="EA Wales" stationName="Abermule LVL" ngr="SO1648195777">
		<SetofValues parameter="Water Level" qualifier="Stage" dataType="Instantaneous" period="15 min" units="mASD" startDate="2016-02-12" startTime="10:15:00" endDate="2016-02-12" endTime="11:00:00">
			<Value date="2016-02-12" time="10:15:00">1.508</Value>
			<Value date="2016-02-12" time="10:30:00">1.506</Value>
			<Value date="2016-02-12" time="10:45:00">1.503</Value>
			<Value date="2016-02-12" time="11:00:00">1.503</Value>
		</SetofValues>
	</Station>
	<Station stationReference="2003" region="EA Wales" stationName="Vyrnwy Weir LVL" ngr="SJ0188219027">
		<SetofValues parameter="Water Level" qualifier="Stage" dataType="Instantaneous" period="15 min" units="mASD" startDate="2016-02-12" startTime="10:15:00" endDate="2016-02-12" endTime="11:00:00">
			<Value date="2016-02-12" time="10:15:00">0.388</Value>
			<Value date="2016-02-12" time="10:30:00">0.428</Value>
			<Value date="2016-02-12" time="10:45:00">0.441</Value>
			<Value date="2016-02-12" time="11:00:00">0.468</Value>
		</SetofValues>
	</Station>
	<Station stationReference="1765" region="EA Wales" stationName="Henfryn RAIN" ngr="SO0308392592">
		<SetofValues parameter="Temperature" qualifier="Dry Bulb" dataType="Instantaneous" period="1 h" units="deg C" startDate="2016-02-12" startTime="10:30:00" endDate="2016-02-12" endTime="11:00:00">
			<Value date="2016-02-12" time="10:30:00">4.1</Value>
			<Value date="2016-02-12" time="10:45:00">4.2</Value>
			<Value date="2016-02-12" time="11:00:00">4.3</Value>
		</SetofValues>
	</Station>
	<Station stationReference="1152" region="EA Wales" stationName="Dolydd RAIN Air Temperature" ngr="SN8733790459">
		<SetofValues parameter="Temperature" qualifier="Dry Bulb" dataType="Instantaneous" period="1 h" units="deg C" startDate="2016-02-12" startTime="10:15:00" endDate="2016-02-12" endTime="11:00:00">
			<Value date="2016-02-12" time="10:15:00">4.1</Value>
			<Value date="2016-02-12" time="10:30:00">4.2</Value>
			<Value date="2016-02-12" time="10:45:00">4.4</Value>
			<Value date="2016-02-12" time="11:00:00">4.4</Value>
		</SetofValues>
	</Station>
	<Station stationReference="1134" region="EA Wales" stationName="Vyrnwy RAIN" ngr="SJ0154018810">
		<SetofValues parameter="Temperature" qualifier="Dry Bulb" dataType="Instantaneous" period="1 h" units="deg C" startDate="2016-02-12" startTime="10:15:00" endDate="2016-02-12" endTime="11:00:00">
			<Value date="2016-02-12" time="10:15:00">2.4</Value>
			<Value date="2016-02-12" time="10:30:00">2.6</Value>
			<Value date="2016-02-12" time="10:45:00">2.7</Value>
			<Value date="2016-02-12" time="11:00:00">2.9</Value>
		</SetofValues>
		<SetofValues parameter="Rainfall" qualifier="15" dataType="Total" period="15 min" units="mm" startDate="2016-02-12" startTime="10:15:00" endDate="2016-02-12" endTime="11:00:00">
			<Value date="2016-02-12" time="10:15:00">0.0</Value>
			<Value date="2016-02-12" time="10:30:00">0.0</Value>
			<Value date="2016-02-12" time="10:45:00">0.0</Value>
			<Value date="2016-02-12" time="11:00:00">0.0</Value>
		</SetofValues>
	</Station>
	<Station stationReference="061002_TG 113" region="EA Wales" stationName="Canaston Bridge LVL" ngr="SN0720015299">
		<SetofValues parameter="Water Level" qualifier="Stage" dataType="Instantaneous" period="15 min" units="m" startDate="2016-02-12" startTime="10:45:00" endDate="2016-02-12" endTime="11:00:00">
			<Value date="2016-02-12" time="10:45:00">0.933</Value>
			<Value date="2016-02-12" time="11:00:00">0.931</Value>
		</SetofValues>
	</Station>
	<Station stationReference="059002_TG 9211" region="EA Wales" stationName="Tir Y Dail LVL" ngr="SN6231912662">
		<SetofValues parameter="Water Level" qualifier="Stage" dataType="Instantaneous" period="15 min" units="m" startDate="2016-02-12" startTime="10:15:00" endDate="2016-02-12" endTime="11:00:00">
			<Value date="2016-02-12" time="10:15:00">0.936</Value>
			<Value date="2016-02-12" time="10:30:00">0.936</Value>
			<Value date="2016-02-12" time="10:45:00">0.935</Value>
			<Value date="2016-02-12" time="11:00:00">0.934</Value>
		</SetofValues>
	</Station>
	<Station stationReference="058S0014W_TG 9204" region="EA Wales" stationName="Cwmafan LVL" ngr="SS7911192959">
		<SetofValues parameter="Water Level" qualifier="Stage" dataType="Instantaneous" period="15 min" units="m" startDate="2016-02-12" startTime="10:15:00" endDate="2016-02-12" endTime="11:00:00">
			<Value date="2016-02-12" time="10:15:00">0.323</Value>
			<Value date="2016-02-12" time="10:30:00">0.322</Value>
			<Value date="2016-02-12" time="10:45:00">0.322</Value>
			<Value date="2016-02-12" time="11:00:00">0.322</Value>
		</SetofValues>
	</Station>
	<Station stationReference="058012_TG 206" region="EA Wales" stationName="Marcroft Weir LVL" ngr="SS7711090964">
		<SetofValues parameter="Water Level" qualifier="Stage" dataType="Instantaneous" period="15 min" units="m" startDate="2016-02-12" startTime="10:15:00" endDate="2016-02-12" endTime="11:00:00">
			<Value date="2016-02-12" time="10:15:00">0.827</Value>
			<Value date="2016-02-12" time="10:30:00">0.825</Value>
			<Value date="2016-02-12" time="10:45:00">0.822</Value>
			<Value date="2016-02-12" time="11:00:00">0.823</Value>
		</SetofValues>
	</Station>
	<Station stationReference="058008_TG 202" region="EA Wales" stationName="Cilfrew LVL" ngr="SN7783100762">
		<SetofValues parameter="Water Level" qualifier="Stage" dataType="Instantaneous" period="15 min" units="m" startDate="2016-02-12" startTime="10:15:00" endDate="2016-02-12" endTime="11:00:00">
			<Value date="2016-02-12" time="10:15:00">0.462</Value>
			<Value date="2016-02-12" time="10:30:00">0.461</Value>
			<Value date="2016-02-12" time="10:45:00">0.461</Value>
			<Value date="2016-02-12" time="11:00:00">0.460</Value>
		</SetofValues>
	</Station>
	<Station stationReference="057814_TG 517" region="EA Wales" stationName="Machen Waterloo Bridge LVL" ngr="ST1949288495">
		<SetofValues parameter="Water Level" qualifier="Stage" dataType="Instantaneous" period="15 min" units="m" startDate="2016-02-12" startTime="10:15:00" endDate="2016-02-12" endTime="11:00:00">
			<Value date="2016-02-12" time="10:15:00">0.461</Value>
			<Value date="2016-02-12" time="10:30:00">0.457</Value>
			<Value date="2016-02-12" time="10:45:00">0.455</Value>
			<Value date="2016-02-12" time="11:00:00">0.458</Value>
		</SetofValues>
	</Station>
	<Station stationReference="056R0516E_TG 403Stage" region="EA Wales" stationName="Crai Reservoir LVL-Outflow Level">
		<SetofValues parameter="Water Level" qualifier="Stage" dataType="Instantaneous" period="15 min" units="m" startDate="2016-02-12" startTime="10:45:00" endDate="2016-02-12" endTime="11:00:00">
			<Value date="2016-02-12" time="10:45:00">0.778</Value>
			<Value date="2016-02-12" time="11:00:00">0.775</Value>
		</SetofValues>
	</Station>
	<Station stationReference="055015_TG 324" region="EA Wales" stationName="Tafalog LVL" ngr="SO2767029440">
		<SetofValues parameter="Water Level" qualifier="Stage" dataType="Instantaneous" period="15 min" units="m" startDate="2016-02-12" startTime="10:15:00" endDate="2016-02-12" endTime="11:00:00">
			<Value date="2016-02-12" time="10:15:00">0.363</Value>
			<Value date="2016-02-12" time="10:30:00">0.370</Value>
			<Value date="2016-02-12" time="10:45:00">0.367</Value>
			<Value date="2016-02-12" time="11:00:00">0.364</Value>
		</SetofValues>
	</Station>
</EATimeSeriesDataExchangeFormat>
