<?xml version="1.0" standalone="yes"?>
<EATimeSeriesDataExchangeFormat xmlns="http://www.environment-agency.gov.uk/XMLSchemas/EATimeSeriesDataExchangeFormat" xmlns:md="http://www.environment-agency.gov.uk/XMLSchemas/EAMetadataFormat" xmlns:xsi="http://www.w3.org/2001/XMLSchema-instance" xsi:schemaLocation="http://www.environment-agency.gov.uk/XMLSchemas/EATimeSeriesDataExchangeFormat EATimeSeriesDataExchangeFormat.xsd">
	<md:Publisher>Environment Agency</md:Publisher>
	<md:Source>EA Wales Regional Telemetry System</md:Source>
	<md:Description>Automated telemetry data export process</md:Description>
	<md:Creator>SCX 6</md:Creator>
	<md:Date>2016-02-12</md:Date>
	<md:Time>13:02:27</md:Time>
	<md:Identifier>CYCARSCXAS1</md:Identifier>
	<Station stationReference="483040" region="EA Wales" stationName="Brecon RAIN" ngr="SO0374527652">
		<SetofValues parameter="Rainfall" qualifier="Tipping Bucket Raingauge" dataType="Total" period="15 min" units="mm" startDate="2016-02-12" startTime="12:15:00" endDate="2016-02-12" endTime="13:00:00">
			<Value date="2016-02-12" time="12:15:00">0.0</Value>
			<Value date="2016-02-12" time="12:30:00">0.0</Value>
			<Value date="2016-02-12" time="12:45:00">0.0</Value>
			<Value date="2016-02-12" time="13:00:00">0.0</Value>
		</SetofValues>
	</Station>
	<Station stationReference="2868" region="EA Wales" stationName="Llansantffraid LVL" ngr="SJ2088820463">
		<SetofValues parameter="Water Level" qualifier="Stage" dataType="Instantaneous" period="15 min" units="m" startDate="2016-02-12" startTime="12:15:00" endDate="2016-02-12" endTime="13:00:00">
			<Value date="2016-02-12" time="12:15:00">1.163</Value>
			<Value date="2016-02-12" time="12:30:00">1.161</Value>
			<Value date="2016-02-12" time="12:45:00">1.160</Value>
			<Value date="2016-02-12" time="13:00:00">1.162</Value>
		</SetofValues>
	</Station>
	<Station stationReference="2668" region="EA Wales" stationName="Newtown LVL" ngr="SO1103291685">
		<SetofValues parameter="Water Level" qualifier="Stage" dataType="Instantaneous" period="15 min" units="m" startDate="2016-02-12" startTime="12:15:00" endDate="2016-02-12" endTime="13:00:00">
			<Value date="2016-02-12" time="12:15:00">1.070</Value>
			<Value date="2016-02-12" time="12:30:00">1.068</Value>
			<Value date="2016-02-12" time="12:45:00">1.061</Value>
			<Value date="2016-02-12" time="13:00:00">1.058</Value>
		</SetofValues>
	</Station>
	<Station stationReference="2638" region="EA Wales" stationName="Welshpool LVL" ngr="SJ2191507602">
		<SetofValues parameter="Water Level" qualifier="Stage" dataType="Instantaneous" period="15 min" units="mASD" startDate="2016-02-12" startTime="12:15:00" endDate="2016-02-12" endTime="13:00:00">
			<Value date="2016-02-12" time="12:15:00">0.266</Value>
			<Value date="2016-02-12" time="12:30:00">0.265</Value>
			<Value date="2016-02-12" time="12:45:00">0.266</Value>
			<Value date="2016-02-12" time="13:00:00">0.266</Value>
		</SetofValues>
	</Station>
	<Station stationReference="2252" region="EA Wales" stationName="Munlyn LVL" ngr="SJ2106701090">
		<SetofValues parameter="Water Level" qualifier="Stage" dataType="Instantaneous" period="15 min" units="m" startDate="2016-02-12" startTime="12:15:00" endDate="2016-02-12" endTime="13:00:00">
			<Value date="2016-02-12" time="12:15:00">1.723</Value>
			<Value date="2016-02-12" time="12:30:00">1.719</Value>
			<Value date="2016-02-12" time="12:45:00">1.718</Value>
			<Value date="2016-02-12" time="13:00:00">1.709</Value>
		</SetofValues>
	</Station>
	<Station stationReference="2185" region="EA Wales" stationName="Clewedog RES LVL" ngr="SN91268709">
		<SetofValues parameter="Water Level" qualifier="Reservoir Level" dataType="Instantaneous" period="15 min" units="m" startDate="2016-02-12" startTime="12:15:00" endDate="2016-02-12" endTime="13:00:00">
			<Value date="2016-02-12" time="12:15:00">-0.882</Value>
			<Value date="2016-02-12" time="12:30:00">-0.886</Value>
			<Value date="2016-02-12" time="12:45:00">-0.891</Value>
			<Value date="2016-02-12" time="13:00:00">-0.894</Value>
		</SetofValues>
	</Station>
	<Station stationReference="2176" region="EA Wales" stationName="Buttington" ngr="SJ2464808899">
		<SetofValues parameter="Water Level" qualifier="Stage" dataType="Instantaneous" period="15 min" units="m" startDate="2016-02-12" startTime="12:15:00" endDate="2016-02-12" endTime="13:00:00">
			<Value date="2016-02-12" time="12:15:00">3.243</Value>
			<Value date="2016-02-12" time="12:30:00">3.239</Value>
			<Value date="2016-02-12" time="12:45:00">3.234</Value>
			<Value date="2016-02-12" time="13:00:00">3.229</Value>
		</SetofValues>
	</Station>
	<Station stationReference="2159" region="EA Wales" stationName="Llanerfyl LVL" ngr="SJ0315909742">
		<SetofValues parameter="Water Level" qualifier="Stage" dataType="Instantaneous" period="15 min" units="mASD" startDate="2016-02-12" startTime="12:15:00" endDate="2016-02-12" endTime="13:00:00">
			<Value date="2016-02-12" time="12:15:00">1.321</Value>
			<Value date="2016-02-12" time="12:30:00">1.320</Value>
			<Value date="2016-02-12" time="12:45:00">1.320</Value>
			<Value date="2016-02-12" time="13:00:00">1.320</Value>
		</SetofValues>
	</Station>
	<Station stationReference="2158" region="EA Wales" stationName="Llandrinio LVL" ngr="SJ2982116984">
		<SetofValues parameter="Water Level" qualifier="Stage" dataType="Instantaneous" period="15 min" units="mASD" startDate="2016-02-12" startTime="12:15:00" endDate="2016-02-12" endTime="13:00:00">
			<Value date="2016-02-12" time="12:15:00">5.256</Value>
			<Value date="2016-02-12" time="12:30:00">5.251</Value>
			<Value date="2016-02-12" time="12:45:00">5.245</Value>
			<Value date="2016-02-12" time="13:00:00">5.238</Value>
		</SetofValues>
		<SetofValues parameter="Water Level" qualifier="Stage" dataType="Instantaneous" period="15 min" units="mASD" startDate="2016-02-12" startTime="12:15:00" endDate="2016-02-12" endTime="13:00:00">
			<Value date="2016-02-12" time="12:15:00">5.256</Value>
			<Value date="2016-02-12" time="12:30:00">5.251</Value>
			<Value date="2016-02-12" time="12:45:00">5.245</Value>
			<Value date="2016-02-12" time="13:00:00">5.238</Value>
		</SetofValues>
	</Station>
	<Station stationReference="2156" region="EA Wales" stationName="Pontrobert LVL" ngr="SJ1079212712">
		<SetofValues parameter="Water Level" qualifier="Stage" dataType="Instantaneous" period="15 min" units="mASD" startDate="2016-02-12" startTime="12:15:00" endDate="2016-02-12" endTime="13:00:00">
			<Value date="2016-02-12" time="12:15:00">1.388</Value>
			<Value date="2016-02-12" time="12:30:00">1.387</Value>
			<Value date="2016-02-12" time="12:45:00">1.386</Value>
			<Value date="2016-02-12" time="13:00:00">1.383</Value>
		</SetofValues>
		<SetofValues parameter="Water Level" qualifier="Stage" dataType="Instantaneous" period="15 min" units="mASD" startDate="2016-02-12" startTime="12:15:00" endDate="2016-02-12" endTime="13:00:00">
			<Value date="2016-02-12" time="12:15:00">1.388</Value>
			<Value date="2016-02-12" time="12:30:00">1.387</Value>
			<Value date="2016-02-12" time="12:45:00">1.386</Value>
			<Value date="2016-02-12" time="13:00:00">1.383</Value>
		</SetofValues>
	</Station>
	<Station stationReference="2136" region="EA Wales" stationName="Pont-y-Gaer LVL" ngr="SO2142799952">
		<SetofValues parameter="Water Level" qualifier="Stage" dataType="Instantaneous" period="15 min" units="m" startDate="2016-02-12" startTime="12:15:00" endDate="2016-02-12" endTime="13:00:00">
			<Value date="2016-02-12" time="12:15:00">1.250</Value>
			<Value date="2016-02-12" time="12:30:00">1.249</Value>
			<Value date="2016-02-12" time="12:45:00">1.247</Value>
			<Value date="2016-02-12" time="13:00:00">1.246</Value>
		</SetofValues>
	</Station>
	<Station stationReference="2118" region="EA Wales" stationName="Dolwen LVL" ngr="SN9894985181">
		<SetofValues parameter="Water Level" qualifier="Stage" dataType="Instantaneous" period="15 min" units="m" startDate="2016-02-12" startTime="12:15:00" endDate="2016-02-12" endTime="13:00:00">
			<Value date="2016-02-12" time="12:15:00">1.028</Value>
			<Value date="2016-02-12" time="12:30:00">1.027</Value>
			<Value date="2016-02-12" time="12:45:00">1.028</Value>
			<Value date="2016-02-12" time="13:00:00">1.027</Value>
		</SetofValues>
	</Station>
	<Station stationReference="2109" region="EA Wales" stationName="Bryntail LVL" ngr="SN9133086804">
		<SetofValues parameter="Water Level" qualifier="Stage" dataType="Instantaneous" period="15 min" units="mASD" startDate="2016-02-12" startTime="12:15:00" endDate="2016-02-12" endTime="13:00:00">
			<Value date="2016-02-12" time="12:15:00">0.769</Value>
			<Value date="2016-02-12" time="12:30:00">0.769</Value>
			<Value date="2016-02-12" time="12:45:00">0.767</Value>
			<Value date="2016-02-12" time="13:00:00">0.768</Value>
		</SetofValues>
	</Station>
	<Station stationReference="2076B" region="EA Wales" stationName="Meifod LVL" ngr="SJ1562712929">
		<SetofValues parameter="Water Level" qualifier="Stage" dataType="Instantaneous" period="15 min" units="mASD" startDate="2016-02-12" startTime="12:15:00" endDate="2016-02-12" endTime="13:00:00">
			<Value date="2016-02-12" time="12:15:00">1.331</Value>
			<Value date="2016-02-12" time="12:30:00">1.330</Value>
			<Value date="2016-02-12" time="12:45:00">1.328</Value>
			<Value date="2016-02-12" time="13:00:00">1.326</Value>
		</SetofValues>
	</Station>
	<Station stationReference="2076" region="EA Wales" stationName="Meifod LVL" ngr="SJ1562712929">
		<SetofValues parameter="Water Level" qualifier="Stage" dataType="Instantaneous" period="15 min" units="mASD" startDate="2016-02-12" startTime="12:15:00" endDate="2016-02-12" endTime="13:00:00">
			<Value date="2016-02-12" time="12:15:00">1.331</Value>
			<Value date="2016-02-12" time="12:30:00">1.330</Value>
			<Value date="2016-02-12" time="12:45:00">1.328</Value>
			<Value date="2016-02-12" time="13:00:00">1.326</Value>
		</SetofValues>
	</Station>
	<Station stationReference="2074" region="EA Wales" stationName="Caersws LVL" ngr="SO0324291682">
		<SetofValues parameter="Water Level" qualifier="Stage" dataType="Instantaneous" period="15 min" units="mASD" startDate="2016-02-12" startTime="12:15:00" endDate="2016-02-12" endTime="13:00:00">
			<Value date="2016-02-12" time="12:15:00">1.695</Value>
			<Value date="2016-02-12" time="12:30:00">1.693</Value>
			<Value date="2016-02-12" time="12:45:00">1.694</Value>
			<Value date="2016-02-12" time="13:00:00">1.693</Value>
		</SetofValues>
		<SetofValues parameter="Water Level" qualifier="Stage" dataType="Instantaneous" period="15 min" units="mASD" startDate="2016-02-12" startTime="12:15:00" endDate="2016-02-12" endTime="13:00:00">
			<Value date="2016-02-12" time="12:15:00">1.695</Value>
			<Value date="2016-02-12" time="12:30:00">1.693</Value>
			<Value date="2016-02-12" time="12:45:00">1.694</Value>
			<Value date="2016-02-12" time="13:00:00">1.693</Value>
		</SetofValues>
	</Station>
	<Station stationReference="2072" region="EA Wales" stationName="Llanidloes LVL" ngr="SN9550284827">
		<SetofValues parameter="Water Level" qualifier="Stage" dataType="Instantaneous" period="15 min" units="mASD" startDate="2016-02-12" startTime="12:15:00" endDate="2016-02-12" endTime="13:00:00">
			<Value date="2016-02-12" time="12:15:00">1.617</Value>
			<Value date="2016-02-12" time="12:30:00">1.617</Value>
			<Value date="2016-02-12" time="12:45:00">1.616</Value>
			<Value date="2016-02-12" time="13:00:00">1.616</Value>
		</SetofValues>
	</Station>
	<Station stationReference="2028" region="EA Wales" stationName="Llanymynech LVL" ngr="SJ2529419641">
		<SetofValues parameter="Water Level" qualifier="Stage" dataType="Instantaneous" period="15 min" units="mASD" startDate="2016-02-12" startTime="12:15:00" endDate="2016-02-12" endTime="13:00:00">
			<Value date="2016-02-12" time="12:15:00">2.256</Value>
			<Value date="2016-02-12" time="12:30:00">2.254</Value>
			<Value date="2016-02-12" time="12:45:00">2.251</Value>
			<Value date="2016-02-12" time="13:00:00">2.248</Value>
		</SetofValues>
	</Station>
	<Station stationReference="2025" region="EA Wales" stationName="Rhos Y Pentref LVL" ngr="SN9498582492">
		<SetofValues parameter="Water Level" qualifier="Stage" dataType="Instantaneous" period="15 min" units="mASD" startDate="2016-02-12" startTime="12:15:00" endDate="2016-02-12" endTime="13:00:00">
			<Value date="2016-02-12" time="12:15:00">0.675</Value>
			<Value date="2016-02-12" time="12:30:00">0.674</Value>
			<Value date="2016-02-12" time="12:45:00">0.674</Value>
			<Value date="2016-02-12" time="13:00:00">0.674</Value>
		</SetofValues>
	</Station>
	<Station stationReference="2014" region="EA Wales" stationName="Abermule LVL" ngr="SO1648195777">
		<SetofValues parameter="Water Level" qualifier="Stage" dataType="Instantaneous" period="15 min" units="mASD" startDate="2016-02-12" startTime="12:15:00" endDate="2016-02-12" endTime="13:00:00">
			<Value date="2016-02-12" time="12:15:00">1.495</Value>
			<Value date="2016-02-12" time="12:30:00">1.493</Value>
			<Value date="2016-02-12" time="12:45:00">1.492</Value>
			<Value date="2016-02-12" time="13:00:00">1.491</Value>
		</SetofValues>
	</Station>
	<Station stationReference="2003" region="EA Wales" stationName="Vyrnwy Weir LVL" ngr="SJ0188219027">
		<SetofValues parameter="Water Level" qualifier="Stage" dataType="Instantaneous" period="15 min" units="mASD" startDate="2016-02-12" startTime="12:15:00" endDate="2016-02-12" endTime="13:00:00">
			<Value date="2016-02-12" time="12:15:00">0.518</Value>
			<Value date="2016-02-12" time="12:30:00">0.534</Value>
			<Value date="2016-02-12" time="12:45:00">0.535</Value>
			<Value date="2016-02-12" time="13:00:00">0.532</Value>
		</SetofValues>
	</Station>
	<Station stationReference="1765" region="EA Wales" stationName="Henfryn RAIN" ngr="SO0308392592">
		<SetofValues parameter="Temperature" qualifier="Dry Bulb" dataType="Instantaneous" period="1 h" units="deg C" startDate="2016-02-12" startTime="12:15:00" endDate="2016-02-12" endTime="13:00:00">
			<Value date="2016-02-12" time="12:15:00">4.9</Value>
			<Value date="2016-02-12" time="12:30:00">5.0</Value>
			<Value date="2016-02-12" time="12:45:00">5.0</Value>
			<Value date="2016-02-12" time="13:00:00">5.2</Value>
		</SetofValues>
	</Station>
	<Station stationReference="1134" region="EA Wales" stationName="Vyrnwy RAIN" ngr="SJ0154018810">
		<SetofValues parameter="Temperature" qualifier="Dry Bulb" dataType="Instantaneous" period="1 h" units="deg C" startDate="2016-02-12" startTime="12:15:00" endDate="2016-02-12" endTime="13:00:00">
			<Value date="2016-02-12" time="12:15:00">3.0</Value>
			<Value date="2016-02-12" time="12:30:00">3.1</Value>
			<Value date="2016-02-12" time="12:45:00">3.2</Value>
			<Value date="2016-02-12" time="13:00:00">3.4</Value>
		</SetofValues>
	</Station>
	<Station stationReference="061S0691W_TG_7777" region="EA Wales" stationName="Kiln Park LVL" ngr="SN1255100467">
		<SetofValues parameter="Water Level" qualifier="Stage" dataType="Instantaneous" period="15 min" units="m" startDate="2016-02-12" startTime="13:00:00" endDate="2016-02-12" endTime="13:00:00">
			<Value date="2016-02-12" time="13:00:00">0.887</Value>
		</SetofValues>
	</Station>
	<Station stationReference="061002_TG 113" region="EA Wales" stationName="Canaston Bridge LVL" ngr="SN0720015299">
		<SetofValues parameter="Water Level" qualifier="Stage" dataType="Instantaneous" period="15 min" units="m" startDate="2016-02-12" startTime="12:45:00" endDate="2016-02-12" endTime="13:00:00">
			<Value date="2016-02-12" time="12:45:00">0.921</Value>
			<Value date="2016-02-12" time="13:00:00">0.924</Value>
		</SetofValues>
	</Station>
	<Station stationReference="059002_TG 9211" region="EA Wales" stationName="Tir Y Dail LVL" ngr="SN6231912662">
		<SetofValues parameter="Water Level" qualifier="Stage" dataType="Instantaneous" period="15 min" units="m" startDate="2016-02-12" startTime="11:15:00" endDate="2016-02-12" endTime="13:00:00">
			<Value date="2016-02-12" time="11:15:00">0.934</Value>
			<Value date="2016-02-12" time="11:30:00">0.934</Value>
			<Value date="2016-02-12" time="11:45:00">0.933</Value>
			<Value date="2016-02-12" time="12:00:00">0.933</Value>
			<Value date="2016-02-12" time="12:15:00">0.932</Value>
			<Value date="2016-02-12" time="12:30:00">0.931</Value>
			<Value date="2016-02-12" time="12:45:00">0.931</Value>
			<Value date="2016-02-12" time="13:00:00">0.930</Value>
		</SetofValues>
	</Station>
	<Station stationReference="058S0014W_TG 9204" region="EA Wales" stationName="Cwmafan LVL" ngr="SS7911192959">
		<SetofValues parameter="Water Level" qualifier="Stage" dataType="Instantaneous" period="15 min" units="m" startDate="2016-02-12" startTime="11:15:00" endDate="2016-02-12" endTime="13:00:00">
			<Value date="2016-02-12" time="11:15:00">0.321</Value>
			<Value date="2016-02-12" time="11:30:00">0.321</Value>
			<Value date="2016-02-12" time="11:45:00">0.320</Value>
			<Value date="2016-02-12" time="12:00:00">0.320</Value>
			<Value date="2016-02-12" time="12:15:00">0.319</Value>
			<Value date="2016-02-12" time="12:30:00">0.319</Value>
			<Value date="2016-02-12" time="12:45:00">0.318</Value>
			<Value date="2016-02-12" time="13:00:00">0.318</Value>
		</SetofValues>
	</Station>
	<Station stationReference="058012_TG 206" region="EA Wales" stationName="Marcroft Weir LVL" ngr="SS7711090964">
		<SetofValues parameter="Water Level" qualifier="Stage" dataType="Instantaneous" period="15 min" units="m" startDate="2016-02-12" startTime="11:15:00" endDate="2016-02-12" endTime="13:00:00">
			<Value date="2016-02-12" time="11:15:00">0.820</Value>
			<Value date="2016-02-12" time="11:30:00">0.819</Value>
			<Value date="2016-02-12" time="11:45:00">0.817</Value>
			<Value date="2016-02-12" time="12:00:00">0.814</Value>
			<Value date="2016-02-12" time="12:15:00">0.814</Value>
			<Value date="2016-02-12" time="12:30:00">0.812</Value>
			<Value date="2016-02-12" time="12:45:00">0.812</Value>
			<Value date="2016-02-12" time="13:00:00">0.809</Value>
		</SetofValues>
	</Station>
	<Station stationReference="058008_TG 202" region="EA Wales" stationName="Cilfrew LVL" ngr="SN7783100762">
		<SetofValues parameter="Water Level" qualifier="Stage" dataType="Instantaneous" period="15 min" units="m" startDate="2016-02-12" startTime="11:15:00" endDate="2016-02-12" endTime="13:00:00">
			<Value date="2016-02-12" time="11:15:00">0.459</Value>
			<Value date="2016-02-12" time="11:30:00">0.458</Value>
			<Value date="2016-02-12" time="11:45:00">0.458</Value>
			<Value date="2016-02-12" time="12:00:00">0.457</Value>
			<Value date="2016-02-12" time="12:15:00">0.456</Value>
			<Value date="2016-02-12" time="12:30:00">0.455</Value>
			<Value date="2016-02-12" time="12:45:00">0.455</Value>
			<Value date="2016-02-12" time="13:00:00">0.454</Value>
		</SetofValues>
	</Station>
	<Station stationReference="057814_TG 517" region="EA Wales" stationName="Machen Waterloo Bridge LVL" ngr="ST1949288495">
		<SetofValues parameter="Water Level" qualifier="Stage" dataType="Instantaneous" period="15 min" units="m" startDate="2016-02-12" startTime="11:15:00" endDate="2016-02-12" endTime="13:00:00">
			<Value date="2016-02-12" time="11:15:00">0.454</Value>
			<Value date="2016-02-12" time="11:30:00">0.457</Value>
			<Value date="2016-02-12" time="11:45:00">0.455</Value>
			<Value date="2016-02-12" time="12:00:00">0.455</Value>
			<Value date="2016-02-12" time="12:15:00">0.454</Value>
			<Value date="2016-02-12" time="12:30:00">0.454</Value>
			<Value date="2016-02-12" time="12:45:00">0.455</Value>
			<Value date="2016-02-12" time="13:00:00">0.453</Value>
		</SetofValues>
	</Station>
	<Station stationReference="055015_TG 324" region="EA Wales" stationName="Tafalog LVL" ngr="SO2767029440">
		<SetofValues parameter="Water Level" qualifier="Stage" dataType="Instantaneous" period="15 min" units="m" startDate="2016-02-12" startTime="12:15:00" endDate="2016-02-12" endTime="13:00:00">
			<Value date="2016-02-12" time="12:15:00">0.367</Value>
			<Value date="2016-02-12" time="12:30:00">0.366</Value>
			<Value date="2016-02-12" time="12:45:00">0.363</Value>
			<Value date="2016-02-12" time="13:00:00">0.365</Value>
		</SetofValues>
	</Station>
</EATimeSeriesDataExchangeFormat>
