<?xml version="1.0" standalone="yes"?>
<EATimeSeriesDataExchangeFormat xmlns="http://www.environment-agency.gov.uk/XMLSchemas/EATimeSeriesDataExchangeFormat" xmlns:md="http://www.environment-agency.gov.uk/XMLSchemas/EAMetadataFormat" xmlns:xsi="http://www.w3.org/2001/XMLSchema-instance" xsi:schemaLocation="http://www.environment-agency.gov.uk/XMLSchemas/EATimeSeriesDataExchangeFormat EATimeSeriesDataExchangeFormat.xsd">
	<md:Publisher>Environment Agency</md:Publisher>
	<md:Source>EA Wales Regional Telemetry System</md:Source>
	<md:Description>Automated telemetry data export process</md:Description>
	<md:Creator>SCX 6</md:Creator>
	<md:Date>2016-02-12</md:Date>
	<md:Time>11:32:02</md:Time>
	<md:Identifier>CYCARSCXAS1</md:Identifier>
	<Station stationReference="61005" region="EA Wales" stationName="Treffgarne">
		<SetofValues parameter="Water Level" qualifier="Stage" dataType="Instantaneous" period="15 min" units="m" startDate="2016-02-12" startTime="10:15:00" endDate="2016-02-12" endTime="11:30:00">
			<Value date="2016-02-12" time="10:15:00">0.690</Value>
			<Value date="2016-02-12" time="10:30:00">0.690</Value>
			<Value date="2016-02-12" time="10:45:00">0.685</Value>
			<Value date="2016-02-12" time="11:00:00">0.686</Value>
			<Value date="2016-02-12" time="11:15:00">0.686</Value>
			<Value date="2016-02-12" time="11:30:00">0.664</Value>
		</SetofValues>
	</Station>
	<Station stationReference="066634" region="EA Wales" stationName="Llandudno Pier TLG" ngr="SH7854983195">
		<SetofValues parameter="Water Level" qualifier="Stage" dataType="Instantaneous" period="15 min" units="mAOD" startDate="2016-02-12" startTime="11:15:00" endDate="2016-02-12" endTime="11:15:00">
			<Value date="2016-02-12" time="11:15:00">2.589</Value>
		</SetofValues>
	</Station>
	<Station stationReference="061S0691W_TG_7777" region="EA Wales" stationName="Kiln Park LVL" ngr="SN1255100467">
		<SetofValues parameter="Water Level" qualifier="Stage" dataType="Instantaneous" period="15 min" units="m" startDate="2016-02-12" startTime="10:15:00" endDate="2016-02-12" endTime="11:30:00">
			<Value date="2016-02-12" time="10:15:00">1.054</Value>
			<Value date="2016-02-12" time="10:30:00">1.061</Value>
			<Value date="2016-02-12" time="10:45:00">1.052</Value>
			<Value date="2016-02-12" time="11:00:00">1.044</Value>
			<Value date="2016-02-12" time="11:15:00">1.033</Value>
			<Value date="2016-02-12" time="11:30:00">1.019</Value>
		</SetofValues>
	</Station>
	<Station stationReference="061005" region="EA Wales" stationName="Treffgarne" ngr="SM1958622429">
		<SetofValues parameter="Water Level" qualifier="Stage" dataType="Instantaneous" period="15 min" units="m" startDate="2016-02-12" startTime="10:15:00" endDate="2016-02-12" endTime="11:30:00">
			<Value date="2016-02-12" time="10:15:00">0.690</Value>
			<Value date="2016-02-12" time="10:30:00">0.690</Value>
			<Value date="2016-02-12" time="10:45:00">0.685</Value>
			<Value date="2016-02-12" time="11:00:00">0.686</Value>
			<Value date="2016-02-12" time="11:15:00">0.686</Value>
			<Value date="2016-02-12" time="11:30:00">0.664</Value>
		</SetofValues>
	</Station>
	<Station stationReference="061002_TG 113" region="EA Wales" stationName="Canaston Bridge LVL" ngr="SN0720015299">
		<SetofValues parameter="Water Level" qualifier="Stage" dataType="Instantaneous" period="15 min" units="m" startDate="2016-02-12" startTime="11:15:00" endDate="2016-02-12" endTime="11:30:00">
			<Value date="2016-02-12" time="11:15:00">0.930</Value>
			<Value date="2016-02-12" time="11:30:00">0.929</Value>
		</SetofValues>
	</Station>
	<Station stationReference="056R0516E_TG 403Stage" region="EA Wales" stationName="Crai Reservoir LVL-Outflow Level">
		<SetofValues parameter="Water Level" qualifier="Stage" dataType="Instantaneous" period="15 min" units="m" startDate="2016-02-12" startTime="11:15:00" endDate="2016-02-12" endTime="11:30:00">
			<Value date="2016-02-12" time="11:15:00">0.771</Value>
			<Value date="2016-02-12" time="11:30:00">0.776</Value>
		</SetofValues>
	</Station>
</EATimeSeriesDataExchangeFormat>
