<?xml version="1.0" standalone="yes"?>
<EATimeSeriesDataExchangeFormat xmlns="http://www.environment-agency.gov.uk/XMLSchemas/EATimeSeriesDataExchangeFormat" xmlns:md="http://www.environment-agency.gov.uk/XMLSchemas/EAMetadataFormat" xmlns:xsi="http://www.w3.org/2001/XMLSchema-instance" xsi:schemaLocation="http://www.environment-agency.gov.uk/XMLSchemas/EATimeSeriesDataExchangeFormat EATimeSeriesDataExchangeFormat.xsd">
	<md:Publisher>Environment Agency</md:Publisher>
	<md:Source>EA Wales Regional Telemetry System</md:Source>
	<md:Description>Automated telemetry data export process</md:Description>
	<md:Creator>SCX 6</md:Creator>
	<md:Date>2016-02-12</md:Date>
	<md:Time>14:02:26</md:Time>
	<md:Identifier>CYCARSCXAS1</md:Identifier>
	<Station stationReference="TINTERN_TG 335" region="EA Wales" stationName="Tintern Abbey Mill LVL" ngr="SO5300000290">
		<SetofValues parameter="Water Level" qualifier="Stage" dataType="Instantaneous" period="15 min" units="mAOD" startDate="2016-02-12" startTime="11:00:00" endDate="2016-02-12" endTime="14:00:00">
			<Value date="2016-02-12" time="11:00:00">7.314</Value>
			<Value date="2016-02-12" time="11:15:00">6.867</Value>
			<Value date="2016-02-12" time="11:30:00">6.488</Value>
			<Value date="2016-02-12" time="11:45:00">6.005</Value>
			<Value date="2016-02-12" time="12:00:00">5.427</Value>
			<Value date="2016-02-12" time="12:15:00">5.178</Value>
			<Value date="2016-02-12" time="12:30:00">4.972</Value>
			<Value date="2016-02-12" time="12:45:00">4.677</Value>
			<Value date="2016-02-12" time="13:00:00">4.307</Value>
			<Value date="2016-02-12" time="13:15:00">4.260</Value>
			<Value date="2016-02-12" time="13:30:00">4.182</Value>
			<Value date="2016-02-12" time="13:45:00">4.110</Value>
			<Value date="2016-02-12" time="14:00:00">4.138</Value>
		</SetofValues>
	</Station>
	<Station stationReference="RHYMNEY BR_TG 526" region="EA Wales" stationName="Rumney Bridge LVL" ngr="ST2100078590">
		<SetofValues parameter="Water Level" qualifier="Stage" dataType="Instantaneous" period="15 min" units="mAOD" startDate="2016-02-12" startTime="11:00:00" endDate="2016-02-12" endTime="14:00:00">
			<Value date="2016-02-12" time="11:00:00">5.231</Value>
			<Value date="2016-02-12" time="11:15:00">4.572</Value>
			<Value date="2016-02-12" time="11:30:00">3.975</Value>
			<Value date="2016-02-12" time="11:45:00">3.699</Value>
			<Value date="2016-02-12" time="12:00:00">3.728</Value>
			<Value date="2016-02-12" time="12:15:00">3.696</Value>
			<Value date="2016-02-12" time="12:30:00">3.699</Value>
			<Value date="2016-02-12" time="12:45:00">3.702</Value>
			<Value date="2016-02-12" time="13:00:00">3.745</Value>
			<Value date="2016-02-12" time="13:15:00">3.723</Value>
			<Value date="2016-02-12" time="13:30:00">3.709</Value>
			<Value date="2016-02-12" time="13:45:00">3.722</Value>
			<Value date="2016-02-12" time="14:00:00">3.716</Value>
		</SetofValues>
	</Station>
	<Station stationReference="57008_TG 9509" region="EA Wales" stationName="Llanedeyrn No1 LVL" ngr="ST2243082130">
		<SetofValues parameter="Water Level" qualifier="Stage" dataType="Instantaneous" period="15 min" units="m" startDate="2016-02-12" startTime="12:15:00" endDate="2016-02-12" endTime="14:00:00">
			<Value date="2016-02-12" time="12:15:00">0.661</Value>
			<Value date="2016-02-12" time="12:30:00">0.660</Value>
			<Value date="2016-02-12" time="12:45:00">0.660</Value>
			<Value date="2016-02-12" time="13:00:00">0.660</Value>
			<Value date="2016-02-12" time="13:15:00">0.659</Value>
			<Value date="2016-02-12" time="13:30:00">0.658</Value>
			<Value date="2016-02-12" time="13:45:00">0.657</Value>
			<Value date="2016-02-12" time="14:00:00">0.656</Value>
		</SetofValues>
	</Station>
	<Station stationReference="55043" region="EA Wales" stationName="Monmouth LVL" ngr="SO5161913123">
		<SetofValues parameter="Water Level" qualifier="Stage" dataType="Instantaneous" period="15 min" units="m" startDate="2016-02-12" startTime="12:15:00" endDate="2016-02-12" endTime="14:00:00">
			<Value date="2016-02-12" time="12:15:00">2.759</Value>
			<Value date="2016-02-12" time="12:30:00">2.752</Value>
			<Value date="2016-02-12" time="12:45:00">2.749</Value>
			<Value date="2016-02-12" time="13:00:00">2.744</Value>
			<Value date="2016-02-12" time="13:15:00">2.737</Value>
			<Value date="2016-02-12" time="13:30:00">2.733</Value>
			<Value date="2016-02-12" time="13:45:00">2.729</Value>
			<Value date="2016-02-12" time="14:00:00">2.728</Value>
		</SetofValues>
	</Station>
	<Station stationReference="483040" region="EA Wales" stationName="Brecon RAIN" ngr="SO0374527652">
		<SetofValues parameter="Rainfall" qualifier="Tipping Bucket Raingauge" dataType="Total" period="15 min" units="mm" startDate="2016-02-12" startTime="13:15:00" endDate="2016-02-12" endTime="14:00:00">
			<Value date="2016-02-12" time="13:15:00">0.0</Value>
			<Value date="2016-02-12" time="13:30:00">0.0</Value>
			<Value date="2016-02-12" time="13:45:00">0.0</Value>
			<Value date="2016-02-12" time="14:00:00">0.0</Value>
		</SetofValues>
	</Station>
	<Station stationReference="2868" region="EA Wales" stationName="Llansantffraid LVL" ngr="SJ2088820463">
		<SetofValues parameter="Water Level" qualifier="Stage" dataType="Instantaneous" period="15 min" units="m" startDate="2016-02-12" startTime="13:15:00" endDate="2016-02-12" endTime="14:00:00">
			<Value date="2016-02-12" time="13:15:00">1.157</Value>
			<Value date="2016-02-12" time="13:30:00">1.157</Value>
			<Value date="2016-02-12" time="13:45:00">1.157</Value>
			<Value date="2016-02-12" time="14:00:00">1.158</Value>
		</SetofValues>
	</Station>
	<Station stationReference="2668" region="EA Wales" stationName="Newtown LVL" ngr="SO1103291685">
		<SetofValues parameter="Water Level" qualifier="Stage" dataType="Instantaneous" period="15 min" units="m" startDate="2016-02-12" startTime="13:15:00" endDate="2016-02-12" endTime="14:00:00">
			<Value date="2016-02-12" time="13:15:00">1.065</Value>
			<Value date="2016-02-12" time="13:30:00">1.061</Value>
			<Value date="2016-02-12" time="13:45:00">1.059</Value>
			<Value date="2016-02-12" time="14:00:00">1.054</Value>
		</SetofValues>
	</Station>
	<Station stationReference="2638" region="EA Wales" stationName="Welshpool LVL" ngr="SJ2191507602">
		<SetofValues parameter="Water Level" qualifier="Stage" dataType="Instantaneous" period="15 min" units="mASD" startDate="2016-02-12" startTime="13:15:00" endDate="2016-02-12" endTime="14:00:00">
			<Value date="2016-02-12" time="13:15:00">0.266</Value>
			<Value date="2016-02-12" time="13:30:00">0.266</Value>
			<Value date="2016-02-12" time="13:45:00">0.266</Value>
			<Value date="2016-02-12" time="14:00:00">0.265</Value>
		</SetofValues>
	</Station>
	<Station stationReference="2252" region="EA Wales" stationName="Munlyn LVL" ngr="SJ2106701090">
		<SetofValues parameter="Water Level" qualifier="Stage" dataType="Instantaneous" period="15 min" units="m" startDate="2016-02-12" startTime="13:15:00" endDate="2016-02-12" endTime="14:00:00">
			<Value date="2016-02-12" time="13:15:00">1.713</Value>
			<Value date="2016-02-12" time="13:30:00">1.716</Value>
			<Value date="2016-02-12" time="13:45:00">1.708</Value>
			<Value date="2016-02-12" time="14:00:00">1.710</Value>
		</SetofValues>
	</Station>
	<Station stationReference="2176" region="EA Wales" stationName="Buttington" ngr="SJ2464808899">
		<SetofValues parameter="Water Level" qualifier="Stage" dataType="Instantaneous" period="15 min" units="m" startDate="2016-02-12" startTime="13:15:00" endDate="2016-02-12" endTime="14:00:00">
			<Value date="2016-02-12" time="13:15:00">3.218</Value>
			<Value date="2016-02-12" time="13:30:00">3.202</Value>
			<Value date="2016-02-12" time="13:45:00">3.209</Value>
			<Value date="2016-02-12" time="14:00:00">3.198</Value>
		</SetofValues>
	</Station>
	<Station stationReference="2159" region="EA Wales" stationName="Llanerfyl LVL" ngr="SJ0315909742">
		<SetofValues parameter="Water Level" qualifier="Stage" dataType="Instantaneous" period="15 min" units="mASD" startDate="2016-02-12" startTime="13:15:00" endDate="2016-02-12" endTime="14:00:00">
			<Value date="2016-02-12" time="13:15:00">1.318</Value>
			<Value date="2016-02-12" time="13:30:00">1.318</Value>
			<Value date="2016-02-12" time="13:45:00">1.317</Value>
			<Value date="2016-02-12" time="14:00:00">1.317</Value>
		</SetofValues>
	</Station>
	<Station stationReference="2158" region="EA Wales" stationName="Llandrinio LVL" ngr="SJ2982116984">
		<SetofValues parameter="Water Level" qualifier="Stage" dataType="Instantaneous" period="15 min" units="mASD" startDate="2016-02-12" startTime="13:15:00" endDate="2016-02-12" endTime="14:00:00">
			<Value date="2016-02-12" time="13:15:00">5.232</Value>
			<Value date="2016-02-12" time="13:30:00">5.225</Value>
			<Value date="2016-02-12" time="13:45:00">5.216</Value>
			<Value date="2016-02-12" time="14:00:00">5.208</Value>
		</SetofValues>
		<SetofValues parameter="Water Level" qualifier="Stage" dataType="Instantaneous" period="15 min" units="mASD" startDate="2016-02-12" startTime="13:15:00" endDate="2016-02-12" endTime="14:00:00">
			<Value date="2016-02-12" time="13:15:00">5.232</Value>
			<Value date="2016-02-12" time="13:30:00">5.225</Value>
			<Value date="2016-02-12" time="13:45:00">5.216</Value>
			<Value date="2016-02-12" time="14:00:00">5.208</Value>
		</SetofValues>
	</Station>
	<Station stationReference="2156" region="EA Wales" stationName="Pontrobert LVL" ngr="SJ1079212712">
		<SetofValues parameter="Water Level" qualifier="Stage" dataType="Instantaneous" period="15 min" units="mASD" startDate="2016-02-12" startTime="13:15:00" endDate="2016-02-12" endTime="14:00:00">
			<Value date="2016-02-12" time="13:15:00">1.382</Value>
			<Value date="2016-02-12" time="13:30:00">1.384</Value>
			<Value date="2016-02-12" time="13:45:00">1.395</Value>
			<Value date="2016-02-12" time="14:00:00">1.417</Value>
		</SetofValues>
		<SetofValues parameter="Water Level" qualifier="Stage" dataType="Instantaneous" period="15 min" units="mASD" startDate="2016-02-12" startTime="13:15:00" endDate="2016-02-12" endTime="14:00:00">
			<Value date="2016-02-12" time="13:15:00">1.382</Value>
			<Value date="2016-02-12" time="13:30:00">1.384</Value>
			<Value date="2016-02-12" time="13:45:00">1.395</Value>
			<Value date="2016-02-12" time="14:00:00">1.417</Value>
		</SetofValues>
	</Station>
	<Station stationReference="2137" region="EA Wales" stationName="Berriew LVL" ngr="SJ1904500504">
		<SetofValues parameter="Water Level" qualifier="Stage" dataType="Instantaneous" period="15 min" units="m" startDate="2016-02-12" startTime="13:15:00" endDate="2016-02-12" endTime="14:00:00">
			<Value date="2016-02-12" time="13:15:00">0.459</Value>
			<Value date="2016-02-12" time="13:30:00">0.453</Value>
			<Value date="2016-02-12" time="13:45:00">0.453</Value>
			<Value date="2016-02-12" time="14:00:00">0.455</Value>
		</SetofValues>
	</Station>
	<Station stationReference="2136" region="EA Wales" stationName="Pont-y-Gaer LVL" ngr="SO2142799952">
		<SetofValues parameter="Water Level" qualifier="Stage" dataType="Instantaneous" period="15 min" units="m" startDate="2016-02-12" startTime="13:15:00" endDate="2016-02-12" endTime="14:00:00">
			<Value date="2016-02-12" time="13:15:00">1.244</Value>
			<Value date="2016-02-12" time="13:30:00">1.242</Value>
			<Value date="2016-02-12" time="13:45:00">1.241</Value>
			<Value date="2016-02-12" time="14:00:00">1.241</Value>
		</SetofValues>
	</Station>
	<Station stationReference="2118" region="EA Wales" stationName="Dolwen LVL" ngr="SN9894985181">
		<SetofValues parameter="Water Level" qualifier="Stage" dataType="Instantaneous" period="15 min" units="m" startDate="2016-02-12" startTime="13:15:00" endDate="2016-02-12" endTime="14:00:00">
			<Value date="2016-02-12" time="13:15:00">1.027</Value>
			<Value date="2016-02-12" time="13:30:00">1.027</Value>
			<Value date="2016-02-12" time="13:45:00">1.026</Value>
			<Value date="2016-02-12" time="14:00:00">1.025</Value>
		</SetofValues>
	</Station>
	<Station stationReference="2109" region="EA Wales" stationName="Bryntail LVL" ngr="SN9133086804">
		<SetofValues parameter="Water Level" qualifier="Stage" dataType="Instantaneous" period="15 min" units="mASD" startDate="2016-02-12" startTime="13:15:00" endDate="2016-02-12" endTime="14:00:00">
			<Value date="2016-02-12" time="13:15:00">0.769</Value>
			<Value date="2016-02-12" time="13:30:00">0.771</Value>
			<Value date="2016-02-12" time="13:45:00">0.770</Value>
			<Value date="2016-02-12" time="14:00:00">0.768</Value>
		</SetofValues>
	</Station>
	<Station stationReference="2076B" region="EA Wales" stationName="Meifod LVL" ngr="SJ1562712929">
		<SetofValues parameter="Water Level" qualifier="Stage" dataType="Instantaneous" period="15 min" units="mASD" startDate="2016-02-12" startTime="13:15:00" endDate="2016-02-12" endTime="14:00:00">
			<Value date="2016-02-12" time="13:15:00">1.325</Value>
			<Value date="2016-02-12" time="13:30:00">1.323</Value>
			<Value date="2016-02-12" time="13:45:00">1.323</Value>
			<Value date="2016-02-12" time="14:00:00">1.321</Value>
		</SetofValues>
	</Station>
	<Station stationReference="2076" region="EA Wales" stationName="Meifod LVL" ngr="SJ1562712929">
		<SetofValues parameter="Water Level" qualifier="Stage" dataType="Instantaneous" period="15 min" units="mASD" startDate="2016-02-12" startTime="13:15:00" endDate="2016-02-12" endTime="14:00:00">
			<Value date="2016-02-12" time="13:15:00">1.325</Value>
			<Value date="2016-02-12" time="13:30:00">1.323</Value>
			<Value date="2016-02-12" time="13:45:00">1.323</Value>
			<Value date="2016-02-12" time="14:00:00">1.321</Value>
		</SetofValues>
	</Station>
	<Station stationReference="2074" region="EA Wales" stationName="Caersws LVL" ngr="SO0324291682">
		<SetofValues parameter="Water Level" qualifier="Stage" dataType="Instantaneous" period="15 min" units="mASD" startDate="2016-02-12" startTime="13:15:00" endDate="2016-02-12" endTime="14:00:00">
			<Value date="2016-02-12" time="13:15:00">1.690</Value>
			<Value date="2016-02-12" time="13:30:00">1.691</Value>
			<Value date="2016-02-12" time="13:45:00">1.691</Value>
			<Value date="2016-02-12" time="14:00:00">1.689</Value>
		</SetofValues>
		<SetofValues parameter="Water Level" qualifier="Stage" dataType="Instantaneous" period="15 min" units="mASD" startDate="2016-02-12" startTime="13:15:00" endDate="2016-02-12" endTime="14:00:00">
			<Value date="2016-02-12" time="13:15:00">1.690</Value>
			<Value date="2016-02-12" time="13:30:00">1.691</Value>
			<Value date="2016-02-12" time="13:45:00">1.691</Value>
			<Value date="2016-02-12" time="14:00:00">1.689</Value>
		</SetofValues>
	</Station>
	<Station stationReference="2072" region="EA Wales" stationName="Llanidloes LVL" ngr="SN9550284827">
		<SetofValues parameter="Water Level" qualifier="Stage" dataType="Instantaneous" period="15 min" units="mASD" startDate="2016-02-12" startTime="13:15:00" endDate="2016-02-12" endTime="14:00:00">
			<Value date="2016-02-12" time="13:15:00">1.617</Value>
			<Value date="2016-02-12" time="13:30:00">1.616</Value>
			<Value date="2016-02-12" time="13:45:00">1.615</Value>
			<Value date="2016-02-12" time="14:00:00">1.615</Value>
		</SetofValues>
	</Station>
	<Station stationReference="2028" region="EA Wales" stationName="Llanymynech LVL" ngr="SJ2529419641">
		<SetofValues parameter="Water Level" qualifier="Stage" dataType="Instantaneous" period="15 min" units="mASD" startDate="2016-02-12" startTime="13:15:00" endDate="2016-02-12" endTime="14:00:00">
			<Value date="2016-02-12" time="13:15:00">2.246</Value>
			<Value date="2016-02-12" time="13:30:00">2.244</Value>
			<Value date="2016-02-12" time="13:45:00">2.240</Value>
			<Value date="2016-02-12" time="14:00:00">2.238</Value>
		</SetofValues>
	</Station>
	<Station stationReference="2014" region="EA Wales" stationName="Abermule LVL" ngr="SO1648195777">
		<SetofValues parameter="Water Level" qualifier="Stage" dataType="Instantaneous" period="15 min" units="mASD" startDate="2016-02-12" startTime="13:15:00" endDate="2016-02-12" endTime="14:00:00">
			<Value date="2016-02-12" time="13:15:00">1.490</Value>
			<Value date="2016-02-12" time="13:30:00">1.486</Value>
			<Value date="2016-02-12" time="13:45:00">1.486</Value>
			<Value date="2016-02-12" time="14:00:00">1.484</Value>
		</SetofValues>
	</Station>
	<Station stationReference="2003" region="EA Wales" stationName="Vyrnwy Weir LVL" ngr="SJ0188219027">
		<SetofValues parameter="Water Level" qualifier="Stage" dataType="Instantaneous" period="15 min" units="mASD" startDate="2016-02-12" startTime="13:15:00" endDate="2016-02-12" endTime="14:00:00">
			<Value date="2016-02-12" time="13:15:00">0.529</Value>
			<Value date="2016-02-12" time="13:30:00">0.527</Value>
			<Value date="2016-02-12" time="13:45:00">0.524</Value>
			<Value date="2016-02-12" time="14:00:00">0.523</Value>
		</SetofValues>
	</Station>
	<Station stationReference="1810" region="EA Wales" stationName="Rhos y Meirch RAIN" ngr="SO27996967">
		<SetofValues parameter="Rainfall" qualifier="15" dataType="Total" period="15 min" units="mm" startDate="2016-02-12" startTime="13:15:00" endDate="2016-02-12" endTime="14:00:00">
			<Value date="2016-02-12" time="13:15:00">0.0</Value>
			<Value date="2016-02-12" time="13:30:00">0.0</Value>
			<Value date="2016-02-12" time="13:45:00">0.0</Value>
			<Value date="2016-02-12" time="14:00:00">0.0</Value>
		</SetofValues>
	</Station>
	<Station stationReference="1765" region="EA Wales" stationName="Henfryn RAIN" ngr="SO0308392592">
		<SetofValues parameter="Rainfall" qualifier="15" dataType="Total" period="15 min" units="mm" startDate="2016-02-12" startTime="13:15:00" endDate="2016-02-12" endTime="14:00:00">
			<Value date="2016-02-12" time="13:15:00">0.0</Value>
			<Value date="2016-02-12" time="13:30:00">0.0</Value>
			<Value date="2016-02-12" time="13:45:00">0.0</Value>
			<Value date="2016-02-12" time="14:00:00">0.0</Value>
		</SetofValues>
		<SetofValues parameter="Temperature" qualifier="Dry Bulb" dataType="Instantaneous" period="1 h" units="deg C" startDate="2016-02-12" startTime="13:15:00" endDate="2016-02-12" endTime="14:00:00">
			<Value date="2016-02-12" time="13:15:00">5.3</Value>
			<Value date="2016-02-12" time="13:30:00">5.5</Value>
			<Value date="2016-02-12" time="13:45:00">5.6</Value>
			<Value date="2016-02-12" time="14:00:00">6.0</Value>
		</SetofValues>
	</Station>
	<Station stationReference="1700" region="EA Wales" stationName="Llangynog RAIN" ngr="SJ0520525798">
		<SetofValues parameter="Rainfall" qualifier="15" dataType="Total" period="15 min" units="mm" startDate="2016-02-12" startTime="13:15:00" endDate="2016-02-12" endTime="14:00:00">
			<Value date="2016-02-12" time="13:15:00">0.0</Value>
			<Value date="2016-02-12" time="13:30:00">0.0</Value>
			<Value date="2016-02-12" time="13:45:00">0.0</Value>
			<Value date="2016-02-12" time="14:00:00">0.0</Value>
		</SetofValues>
	</Station>
	<Station stationReference="1408" region="EA Wales" stationName="Nantgwyn RAIN" ngr="SN9793476848">
		<SetofValues parameter="Rainfall" qualifier="15" dataType="Total" period="15 min" units="mm" startDate="2016-02-12" startTime="13:15:00" endDate="2016-02-12" endTime="14:00:00">
			<Value date="2016-02-12" time="13:15:00">0.0</Value>
			<Value date="2016-02-12" time="13:30:00">0.0</Value>
			<Value date="2016-02-12" time="13:45:00">0.0</Value>
			<Value date="2016-02-12" time="14:00:00">0.0</Value>
		</SetofValues>
	</Station>
	<Station stationReference="1338" region="EA Wales" stationName="Cefn Coch RAIN" ngr="SJ0413702562">
		<SetofValues parameter="Rainfall" qualifier="15" dataType="Total" period="15 min" units="mm" startDate="2016-02-12" startTime="13:15:00" endDate="2016-02-12" endTime="14:00:00">
			<Value date="2016-02-12" time="13:15:00">0.0</Value>
			<Value date="2016-02-12" time="13:30:00">0.0</Value>
			<Value date="2016-02-12" time="13:45:00">0.0</Value>
			<Value date="2016-02-12" time="14:00:00">0.0</Value>
		</SetofValues>
	</Station>
	<Station stationReference="1334" region="EA Wales" stationName="Llanfyllin RAIN" ngr="SJ1535018863">
		<SetofValues parameter="Rainfall" qualifier="15" dataType="Total" period="15 min" units="mm" startDate="2016-02-12" startTime="13:15:00" endDate="2016-02-12" endTime="14:00:00">
			<Value date="2016-02-12" time="13:15:00">0.0</Value>
			<Value date="2016-02-12" time="13:30:00">0.0</Value>
			<Value date="2016-02-12" time="13:45:00">0.0</Value>
			<Value date="2016-02-12" time="14:00:00">0.0</Value>
		</SetofValues>
	</Station>
	<Station stationReference="1134" region="EA Wales" stationName="Vyrnwy RAIN" ngr="SJ0154018810">
		<SetofValues parameter="Temperature" qualifier="Dry Bulb" dataType="Instantaneous" period="1 h" units="deg C" startDate="2016-02-12" startTime="13:15:00" endDate="2016-02-12" endTime="14:00:00">
			<Value date="2016-02-12" time="13:15:00">3.5</Value>
			<Value date="2016-02-12" time="13:30:00">3.4</Value>
			<Value date="2016-02-12" time="13:45:00">3.5</Value>
			<Value date="2016-02-12" time="14:00:00">3.6</Value>
		</SetofValues>
	</Station>
	<Station stationReference="1009" region="EA Wales" stationName="Pen Y Coed RAIN" ngr="SH9780014400">
		<SetofValues parameter="Rainfall" qualifier="15" dataType="Total" period="15 min" units="mm" startDate="2016-02-12" startTime="13:15:00" endDate="2016-02-12" endTime="14:00:00">
			<Value date="2016-02-12" time="13:15:00">0.0</Value>
			<Value date="2016-02-12" time="13:30:00">0.0</Value>
			<Value date="2016-02-12" time="13:45:00">0.0</Value>
			<Value date="2016-02-12" time="14:00:00">0.0</Value>
		</SetofValues>
	</Station>
	<Station stationReference="064001_TG 401" region="EA Wales" stationName="Afon Dyfi No2 LVL" ngr="SH7445801929">
		<SetofValues parameter="Water Level" qualifier="Stage" dataType="Instantaneous" period="15 min" units="m" startDate="2016-02-12" startTime="14:00:00" endDate="2016-02-12" endTime="14:00:00">
			<Value date="2016-02-12" time="14:00:00">1.603</Value>
		</SetofValues>
	</Station>
	<Station stationReference="061R0673W_DL 2680" region="EA Wales" stationName="Clarbeston Road RAIN" ngr="SN0111920971">
		<SetofValues parameter="Rainfall" qualifier="Tipping Bucket Raingauge" dataType="Total" period="15 min" units="mm" startDate="2016-02-12" startTime="13:45:00" endDate="2016-02-12" endTime="14:00:00">
			<Value date="2016-02-12" time="13:45:00">0.0</Value>
			<Value date="2016-02-12" time="14:00:00">0.0</Value>
		</SetofValues>
	</Station>
	<Station stationReference="061002_TG 113" region="EA Wales" stationName="Canaston Bridge LVL" ngr="SN0720015299">
		<SetofValues parameter="Water Level" qualifier="Stage" dataType="Instantaneous" period="15 min" units="m" startDate="2016-02-12" startTime="13:45:00" endDate="2016-02-12" endTime="14:00:00">
			<Value date="2016-02-12" time="13:45:00">0.922</Value>
			<Value date="2016-02-12" time="14:00:00">0.923</Value>
		</SetofValues>
	</Station>
	<Station stationReference="058S0015W_TG 207" region="EA Wales" stationName="Neath Tidal LVL" ngr="SS7500497789">
		<SetofValues parameter="Water Level" qualifier="Stage" dataType="Instantaneous" period="15 min" units="m" startDate="2016-02-12" startTime="10:00:00" endDate="2016-02-12" endTime="13:45:00">
			<Value date="2016-02-12" time="10:00:00">4.030</Value>
			<Value date="2016-02-12" time="10:15:00">3.650</Value>
			<Value date="2016-02-12" time="10:30:00">3.170</Value>
			<Value date="2016-02-12" time="10:45:00">2.720</Value>
			<Value date="2016-02-12" time="11:00:00">2.250</Value>
			<Value date="2016-02-12" time="11:15:00">1.800</Value>
			<Value date="2016-02-12" time="11:30:00">1.370</Value>
			<Value date="2016-02-12" time="11:45:00">1.010</Value>
			<Value date="2016-02-12" time="12:00:00">0.720</Value>
			<Value date="2016-02-12" time="12:15:00">0.540</Value>
			<Value date="2016-02-12" time="12:30:00">0.470</Value>
			<Value date="2016-02-12" time="12:45:00">0.450</Value>
			<Value date="2016-02-12" time="13:00:00">0.440</Value>
			<Value date="2016-02-12" time="13:15:00">0.430</Value>
			<Value date="2016-02-12" time="13:30:00">0.430</Value>
			<Value date="2016-02-12" time="13:45:00">0.430</Value>
		</SetofValues>
	</Station>
	<Station stationReference="058012_TG 206" region="EA Wales" stationName="Marcroft Weir LVL" ngr="SS7711090964">
		<SetofValues parameter="Water Level" qualifier="Stage" dataType="Instantaneous" period="15 min" units="m" startDate="2016-02-12" startTime="13:15:00" endDate="2016-02-12" endTime="14:00:00">
			<Value date="2016-02-12" time="13:15:00">0.807</Value>
			<Value date="2016-02-12" time="13:30:00">0.807</Value>
			<Value date="2016-02-12" time="13:45:00">0.806</Value>
			<Value date="2016-02-12" time="14:00:00">0.803</Value>
		</SetofValues>
	</Station>
	<Station stationReference="058008_TG 202" region="EA Wales" stationName="Cilfrew LVL" ngr="SN7783100762">
		<SetofValues parameter="Water Level" qualifier="Stage" dataType="Instantaneous" period="15 min" units="m" startDate="2016-02-12" startTime="13:15:00" endDate="2016-02-12" endTime="14:00:00">
			<Value date="2016-02-12" time="13:15:00">0.454</Value>
			<Value date="2016-02-12" time="13:30:00">0.453</Value>
			<Value date="2016-02-12" time="13:45:00">0.452</Value>
			<Value date="2016-02-12" time="14:00:00">0.451</Value>
		</SetofValues>
	</Station>
	<Station stationReference="057814_TG 517" region="EA Wales" stationName="Machen Waterloo Bridge LVL" ngr="ST1949288495">
		<SetofValues parameter="Water Level" qualifier="Stage" dataType="Instantaneous" period="15 min" units="m" startDate="2016-02-12" startTime="13:15:00" endDate="2016-02-12" endTime="14:00:00">
			<Value date="2016-02-12" time="13:15:00">0.451</Value>
			<Value date="2016-02-12" time="13:30:00">0.449</Value>
			<Value date="2016-02-12" time="13:45:00">0.451</Value>
			<Value date="2016-02-12" time="14:00:00">0.451</Value>
		</SetofValues>
	</Station>
	<Station stationReference="057037" region="EA Wales" stationName="Mountain Ash LVL" ngr="ST0473099257">
		<SetofValues parameter="Water Level" qualifier="Stage" dataType="Instantaneous" period="15 min" units="m" startDate="2016-02-12" startTime="10:15:00" endDate="2016-02-12" endTime="14:00:00">
			<Value date="2016-02-12" time="10:15:00">0.818</Value>
			<Value date="2016-02-12" time="10:30:00">0.817</Value>
			<Value date="2016-02-12" time="10:45:00">0.817</Value>
			<Value date="2016-02-12" time="11:00:00">0.815</Value>
			<Value date="2016-02-12" time="11:15:00">0.815</Value>
			<Value date="2016-02-12" time="11:30:00">0.817</Value>
			<Value date="2016-02-12" time="11:45:00">0.814</Value>
			<Value date="2016-02-12" time="12:00:00">0.816</Value>
			<Value date="2016-02-12" time="12:15:00">0.815</Value>
			<Value date="2016-02-12" time="12:30:00">0.813</Value>
			<Value date="2016-02-12" time="12:45:00">0.813</Value>
			<Value date="2016-02-12" time="13:00:00">0.813</Value>
			<Value date="2016-02-12" time="13:15:00">0.812</Value>
			<Value date="2016-02-12" time="13:30:00">0.811</Value>
			<Value date="2016-02-12" time="13:45:00">0.811</Value>
			<Value date="2016-02-12" time="14:00:00">0.811</Value>
		</SetofValues>
	</Station>
	<Station stationReference="057031" region="EA Wales" stationName="New Tredegar LVL" ngr="SO1396003520">
		<SetofValues parameter="Water Level" qualifier="Stage" dataType="Instantaneous" period="15 min" units="m" startDate="2016-02-12" startTime="12:15:00" endDate="2016-02-12" endTime="14:00:00">
			<Value date="2016-02-12" time="12:15:00">0.224</Value>
			<Value date="2016-02-12" time="12:30:00">0.224</Value>
			<Value date="2016-02-12" time="12:45:00">0.221</Value>
			<Value date="2016-02-12" time="13:00:00">0.225</Value>
			<Value date="2016-02-12" time="13:15:00">0.222</Value>
			<Value date="2016-02-12" time="13:30:00">0.224</Value>
			<Value date="2016-02-12" time="13:45:00">0.222</Value>
			<Value date="2016-02-12" time="14:00:00">0.224</Value>
		</SetofValues>
	</Station>
	<Station stationReference="057023" region="EA Wales" stationName="Penygawsi LVL" ngr="ST0496282379">
		<SetofValues parameter="Water Level" qualifier="Stage" dataType="Instantaneous" period="15 min" units="m" startDate="2016-02-12" startTime="10:15:00" endDate="2016-02-12" endTime="14:00:00">
			<Value date="2016-02-12" time="10:15:00">0.525</Value>
			<Value date="2016-02-12" time="10:30:00">0.524</Value>
			<Value date="2016-02-12" time="10:45:00">0.523</Value>
			<Value date="2016-02-12" time="11:00:00">0.522</Value>
			<Value date="2016-02-12" time="11:15:00">0.523</Value>
			<Value date="2016-02-12" time="11:30:00">0.523</Value>
			<Value date="2016-02-12" time="11:45:00">0.522</Value>
			<Value date="2016-02-12" time="12:00:00">0.522</Value>
			<Value date="2016-02-12" time="12:15:00">0.522</Value>
			<Value date="2016-02-12" time="12:30:00">0.522</Value>
			<Value date="2016-02-12" time="12:45:00">0.522</Value>
			<Value date="2016-02-12" time="13:00:00">0.523</Value>
			<Value date="2016-02-12" time="13:15:00">0.523</Value>
			<Value date="2016-02-12" time="13:30:00">0.523</Value>
			<Value date="2016-02-12" time="13:45:00">0.523</Value>
			<Value date="2016-02-12" time="14:00:00">0.523</Value>
		</SetofValues>
	</Station>
	<Station stationReference="057008_TG 9509" region="EA Wales" stationName="Llanedeyrn No1 LVL" ngr="ST2243082130">
		<SetofValues parameter="Water Level" qualifier="Stage" dataType="Instantaneous" period="15 min" units="m" startDate="2016-02-12" startTime="12:15:00" endDate="2016-02-12" endTime="14:00:00">
			<Value date="2016-02-12" time="12:15:00">0.661</Value>
			<Value date="2016-02-12" time="12:30:00">0.660</Value>
			<Value date="2016-02-12" time="12:45:00">0.660</Value>
			<Value date="2016-02-12" time="13:00:00">0.660</Value>
			<Value date="2016-02-12" time="13:15:00">0.659</Value>
			<Value date="2016-02-12" time="13:30:00">0.658</Value>
			<Value date="2016-02-12" time="13:45:00">0.657</Value>
			<Value date="2016-02-12" time="14:00:00">0.656</Value>
		</SetofValues>
	</Station>
	<Station stationReference="056815_TG 9412" region="EA Wales" stationName="Risca LVL" ngr="ST2372090380">
		<SetofValues parameter="Water Level" qualifier="Stage" dataType="Instantaneous" period="15 min" units="m" startDate="2016-02-12" startTime="10:30:00" endDate="2016-02-12" endTime="14:00:00">
			<Value date="2016-02-12" time="10:30:00">1.044</Value>
			<Value date="2016-02-12" time="10:45:00">1.044</Value>
			<Value date="2016-02-12" time="11:00:00">1.044</Value>
			<Value date="2016-02-12" time="11:15:00">1.044</Value>
			<Value date="2016-02-12" time="11:30:00">1.043</Value>
			<Value date="2016-02-12" time="11:45:00">1.043</Value>
			<Value date="2016-02-12" time="12:00:00">1.043</Value>
			<Value date="2016-02-12" time="12:15:00">1.043</Value>
			<Value date="2016-02-12" time="12:30:00">1.043</Value>
			<Value date="2016-02-12" time="12:45:00">1.043</Value>
			<Value date="2016-02-12" time="13:00:00">1.043</Value>
			<Value date="2016-02-12" time="13:15:00">1.043</Value>
			<Value date="2016-02-12" time="13:30:00">1.043</Value>
			<Value date="2016-02-12" time="13:45:00">1.043</Value>
			<Value date="2016-02-12" time="14:00:00">1.043</Value>
		</SetofValues>
	</Station>
	<Station stationReference="056804_TG 9401" region="EA Wales" stationName="Brecon LVL" ngr="SO0426028600">
		<SetofValues parameter="Water Level" qualifier="Stage" dataType="Instantaneous" period="15 min" units="m" startDate="2016-02-12" startTime="10:15:00" endDate="2016-02-12" endTime="14:00:00">
			<Value date="2016-02-12" time="10:15:00">0.792</Value>
			<Value date="2016-02-12" time="10:30:00">0.790</Value>
			<Value date="2016-02-12" time="10:45:00">0.789</Value>
			<Value date="2016-02-12" time="11:00:00">0.787</Value>
			<Value date="2016-02-12" time="11:15:00">0.785</Value>
			<Value date="2016-02-12" time="11:30:00">0.783</Value>
			<Value date="2016-02-12" time="11:45:00">0.782</Value>
			<Value date="2016-02-12" time="12:00:00">0.780</Value>
			<Value date="2016-02-12" time="12:15:00">0.779</Value>
			<Value date="2016-02-12" time="12:30:00">0.777</Value>
			<Value date="2016-02-12" time="12:45:00">0.776</Value>
			<Value date="2016-02-12" time="13:00:00">0.775</Value>
			<Value date="2016-02-12" time="13:15:00">0.773</Value>
			<Value date="2016-02-12" time="13:30:00">0.772</Value>
			<Value date="2016-02-12" time="13:45:00">0.771</Value>
			<Value date="2016-02-12" time="14:00:00">0.769</Value>
		</SetofValues>
	</Station>
	<Station stationReference="056027" region="EA Wales" stationName="Usk Town LVL" ngr="SO3745500748">
		<SetofValues parameter="Water Level" qualifier="Stage" dataType="Instantaneous" period="15 min" units="m" startDate="2016-02-12" startTime="10:15:00" endDate="2016-02-12" endTime="14:00:00">
			<Value date="2016-02-12" time="10:15:00">1.006</Value>
			<Value date="2016-02-12" time="10:30:00">0.995</Value>
			<Value date="2016-02-12" time="10:45:00">0.998</Value>
			<Value date="2016-02-12" time="11:00:00">0.978</Value>
			<Value date="2016-02-12" time="11:15:00">1.025</Value>
			<Value date="2016-02-12" time="11:30:00">1.008</Value>
			<Value date="2016-02-12" time="11:45:00">0.969</Value>
			<Value date="2016-02-12" time="12:00:00">1.012</Value>
			<Value date="2016-02-12" time="12:15:00">0.997</Value>
			<Value date="2016-02-12" time="12:30:00">1.009</Value>
			<Value date="2016-02-12" time="12:45:00">1.004</Value>
			<Value date="2016-02-12" time="13:00:00">1.006</Value>
			<Value date="2016-02-12" time="13:15:00">0.987</Value>
			<Value date="2016-02-12" time="13:30:00">0.995</Value>
			<Value date="2016-02-12" time="13:45:00">1.011</Value>
			<Value date="2016-02-12" time="14:00:00">0.975</Value>
		</SetofValues>
	</Station>
	<Station stationReference="056023" region="EA Wales" stationName="Cwm LVL" ngr="SO1833105356">
		<SetofValues parameter="Water Level" qualifier="Stage" dataType="Instantaneous" period="15 min" units="m" startDate="2016-02-12" startTime="10:15:00" endDate="2016-02-12" endTime="14:00:00">
			<Value date="2016-02-12" time="10:15:00">0.403</Value>
			<Value date="2016-02-12" time="10:30:00">0.402</Value>
			<Value date="2016-02-12" time="10:45:00">0.405</Value>
			<Value date="2016-02-12" time="11:00:00">0.404</Value>
			<Value date="2016-02-12" time="11:15:00">0.399</Value>
			<Value date="2016-02-12" time="11:30:00">0.398</Value>
			<Value date="2016-02-12" time="11:45:00">0.409</Value>
			<Value date="2016-02-12" time="12:00:00">0.405</Value>
			<Value date="2016-02-12" time="12:15:00">0.396</Value>
			<Value date="2016-02-12" time="12:30:00">0.398</Value>
			<Value date="2016-02-12" time="12:45:00">0.403</Value>
			<Value date="2016-02-12" time="13:00:00">0.403</Value>
			<Value date="2016-02-12" time="13:15:00">0.403</Value>
			<Value date="2016-02-12" time="13:30:00">0.401</Value>
			<Value date="2016-02-12" time="13:45:00">0.393</Value>
			<Value date="2016-02-12" time="14:00:00">0.401</Value>
		</SetofValues>
	</Station>
	<Station stationReference="056020 Crickhowell" region="EA Wales" stationName="Crickhowell LVL" ngr="SO2156818103">
		<SetofValues parameter="Water Level" qualifier="Stage" dataType="Instantaneous" period="15 min" units="m" startDate="2016-02-12" startTime="10:15:00" endDate="2016-02-12" endTime="14:00:00">
			<Value date="2016-02-12" time="10:15:00">0.668</Value>
			<Value date="2016-02-12" time="10:30:00">0.664</Value>
			<Value date="2016-02-12" time="10:45:00">0.665</Value>
			<Value date="2016-02-12" time="11:00:00">0.662</Value>
			<Value date="2016-02-12" time="11:15:00">0.663</Value>
			<Value date="2016-02-12" time="11:30:00">0.665</Value>
			<Value date="2016-02-12" time="11:45:00">0.659</Value>
			<Value date="2016-02-12" time="12:00:00">0.658</Value>
			<Value date="2016-02-12" time="12:15:00">0.659</Value>
			<Value date="2016-02-12" time="12:30:00">0.657</Value>
			<Value date="2016-02-12" time="12:45:00">0.654</Value>
			<Value date="2016-02-12" time="13:00:00">0.649</Value>
			<Value date="2016-02-12" time="13:15:00">0.653</Value>
			<Value date="2016-02-12" time="13:30:00">0.653</Value>
			<Value date="2016-02-12" time="13:45:00">0.654</Value>
			<Value date="2016-02-12" time="14:00:00">0.647</Value>
		</SetofValues>
	</Station>
	<Station stationReference="056015_TG 407" region="EA Wales" stationName="Olway Inn LVL" ngr="SO3849001090">
		<SetofValues parameter="Water Level" qualifier="Stage" dataType="Instantaneous" period="15 min" units="m" startDate="2016-02-12" startTime="10:15:00" endDate="2016-02-12" endTime="14:00:00">
			<Value date="2016-02-12" time="10:15:00">0.491</Value>
			<Value date="2016-02-12" time="10:30:00">0.490</Value>
			<Value date="2016-02-12" time="10:45:00">0.490</Value>
			<Value date="2016-02-12" time="11:00:00">0.490</Value>
			<Value date="2016-02-12" time="11:15:00">0.489</Value>
			<Value date="2016-02-12" time="11:30:00">0.489</Value>
			<Value date="2016-02-12" time="11:45:00">0.488</Value>
			<Value date="2016-02-12" time="12:00:00">0.488</Value>
			<Value date="2016-02-12" time="12:15:00">0.487</Value>
			<Value date="2016-02-12" time="12:30:00">0.487</Value>
			<Value date="2016-02-12" time="12:45:00">0.486</Value>
			<Value date="2016-02-12" time="13:00:00">0.486</Value>
			<Value date="2016-02-12" time="13:15:00">0.485</Value>
			<Value date="2016-02-12" time="13:30:00">0.485</Value>
			<Value date="2016-02-12" time="13:45:00">0.484</Value>
			<Value date="2016-02-12" time="14:00:00">0.483</Value>
		</SetofValues>
	</Station>
	<Station stationReference="056013_TG 408" region="EA Wales" stationName="Pont Ar Yscir LVL" ngr="SO0035030400">
		<SetofValues parameter="Water Level" qualifier="Stage" dataType="Instantaneous" period="15 min" units="m" startDate="2016-02-12" startTime="10:15:00" endDate="2016-02-12" endTime="14:00:00">
			<Value date="2016-02-12" time="10:15:00">0.356</Value>
			<Value date="2016-02-12" time="10:30:00">0.360</Value>
			<Value date="2016-02-12" time="10:45:00">0.356</Value>
			<Value date="2016-02-12" time="11:00:00">0.356</Value>
			<Value date="2016-02-12" time="11:15:00">0.355</Value>
			<Value date="2016-02-12" time="11:30:00">0.359</Value>
			<Value date="2016-02-12" time="11:45:00">0.355</Value>
			<Value date="2016-02-12" time="12:00:00">0.355</Value>
			<Value date="2016-02-12" time="12:15:00">0.353</Value>
			<Value date="2016-02-12" time="12:30:00">0.354</Value>
			<Value date="2016-02-12" time="12:45:00">0.345</Value>
			<Value date="2016-02-12" time="13:00:00">0.352</Value>
			<Value date="2016-02-12" time="13:15:00">0.350</Value>
			<Value date="2016-02-12" time="13:30:00">0.348</Value>
			<Value date="2016-02-12" time="13:45:00">0.345</Value>
			<Value date="2016-02-12" time="14:00:00">0.346</Value>
		</SetofValues>
	</Station>
	<Station stationReference="056013_BU" region="EA Wales" stationName="Pont Ar Yscir LVL" ngr="SO0034830405">
		<SetofValues parameter="Water Level" qualifier="Stage" dataType="Instantaneous" period="15 min" units="m" startDate="2016-02-12" startTime="10:15:00" endDate="2016-02-12" endTime="14:00:00">
			<Value date="2016-02-12" time="10:15:00">0.358</Value>
			<Value date="2016-02-12" time="10:30:00">0.359</Value>
			<Value date="2016-02-12" time="10:45:00">0.354</Value>
			<Value date="2016-02-12" time="11:00:00">0.357</Value>
			<Value date="2016-02-12" time="11:15:00">0.357</Value>
			<Value date="2016-02-12" time="11:30:00">0.355</Value>
			<Value date="2016-02-12" time="11:45:00">0.354</Value>
			<Value date="2016-02-12" time="12:00:00">0.352</Value>
			<Value date="2016-02-12" time="12:15:00">0.351</Value>
			<Value date="2016-02-12" time="12:30:00">0.352</Value>
			<Value date="2016-02-12" time="12:45:00">0.353</Value>
			<Value date="2016-02-12" time="13:00:00">0.350</Value>
			<Value date="2016-02-12" time="13:15:00">0.351</Value>
			<Value date="2016-02-12" time="13:30:00">0.350</Value>
			<Value date="2016-02-12" time="13:45:00">0.349</Value>
			<Value date="2016-02-12" time="14:00:00">0.349</Value>
		</SetofValues>
	</Station>
	<Station stationReference="056012_TG 406" region="EA Wales" stationName="Millbrook LVL" ngr="SO2405017570">
		<SetofValues parameter="Water Level" qualifier="Stage" dataType="Instantaneous" period="15 min" units="m" startDate="2016-02-12" startTime="10:15:00" endDate="2016-02-12" endTime="14:00:00">
			<Value date="2016-02-12" time="10:15:00">0.337</Value>
			<Value date="2016-02-12" time="10:30:00">0.337</Value>
			<Value date="2016-02-12" time="10:45:00">0.336</Value>
			<Value date="2016-02-12" time="11:00:00">0.337</Value>
			<Value date="2016-02-12" time="11:15:00">0.336</Value>
			<Value date="2016-02-12" time="11:30:00">0.337</Value>
			<Value date="2016-02-12" time="11:45:00">0.337</Value>
			<Value date="2016-02-12" time="12:00:00">0.335</Value>
			<Value date="2016-02-12" time="12:15:00">0.336</Value>
			<Value date="2016-02-12" time="12:30:00">0.335</Value>
			<Value date="2016-02-12" time="12:45:00">0.334</Value>
			<Value date="2016-02-12" time="13:00:00">0.337</Value>
			<Value date="2016-02-12" time="13:15:00">0.333</Value>
			<Value date="2016-02-12" time="13:30:00">0.334</Value>
			<Value date="2016-02-12" time="13:45:00">0.333</Value>
			<Value date="2016-02-12" time="14:00:00">0.332</Value>
		</SetofValues>
	</Station>
	<Station stationReference="056006_TG 413" region="EA Wales" stationName="Trallong LVL" ngr="SN9472629547">
		<SetofValues parameter="Water Level" qualifier="Stage" dataType="Instantaneous" period="15 min" units="m" startDate="2016-02-12" startTime="10:15:00" endDate="2016-02-12" endTime="14:00:00">
			<Value date="2016-02-12" time="10:15:00">0.753</Value>
			<Value date="2016-02-12" time="10:30:00">0.753</Value>
			<Value date="2016-02-12" time="10:45:00">0.750</Value>
			<Value date="2016-02-12" time="11:00:00">0.750</Value>
			<Value date="2016-02-12" time="11:15:00">0.747</Value>
			<Value date="2016-02-12" time="11:30:00">0.748</Value>
			<Value date="2016-02-12" time="11:45:00">0.747</Value>
			<Value date="2016-02-12" time="12:00:00">0.744</Value>
			<Value date="2016-02-12" time="12:15:00">0.742</Value>
			<Value date="2016-02-12" time="12:30:00">0.740</Value>
			<Value date="2016-02-12" time="12:45:00">0.740</Value>
			<Value date="2016-02-12" time="13:00:00">0.736</Value>
			<Value date="2016-02-12" time="13:15:00">0.736</Value>
			<Value date="2016-02-12" time="13:30:00">0.735</Value>
			<Value date="2016-02-12" time="13:45:00">0.734</Value>
			<Value date="2016-02-12" time="14:00:00">0.732</Value>
		</SetofValues>
	</Station>
	<Station stationReference="056001_TG 402" region="EA Wales" stationName="Chainbridge LVL" ngr="SO3461005590">
		<SetofValues parameter="Water Level" qualifier="Stage" dataType="Instantaneous" period="15 min" units="m" startDate="2016-02-12" startTime="10:15:00" endDate="2016-02-12" endTime="14:00:00">
			<Value date="2016-02-12" time="10:15:00">1.638</Value>
			<Value date="2016-02-12" time="10:30:00">1.635</Value>
			<Value date="2016-02-12" time="10:45:00">1.633</Value>
			<Value date="2016-02-12" time="11:00:00">1.631</Value>
			<Value date="2016-02-12" time="11:15:00">1.628</Value>
			<Value date="2016-02-12" time="11:30:00">1.626</Value>
			<Value date="2016-02-12" time="11:45:00">1.620</Value>
			<Value date="2016-02-12" time="12:00:00">1.616</Value>
			<Value date="2016-02-12" time="12:15:00">1.614</Value>
			<Value date="2016-02-12" time="12:30:00">1.609</Value>
			<Value date="2016-02-12" time="12:45:00">1.608</Value>
			<Value date="2016-02-12" time="13:00:00">1.602</Value>
			<Value date="2016-02-12" time="13:15:00">1.598</Value>
			<Value date="2016-02-12" time="13:30:00">1.596</Value>
			<Value date="2016-02-12" time="13:45:00">1.590</Value>
			<Value date="2016-02-12" time="14:00:00">1.589</Value>
		</SetofValues>
	</Station>
	<Station stationReference="055804_TG 314" region="EA Wales" stationName="Hay On Wye LVL" ngr="SO2288042620">
		<SetofValues parameter="Water Level" qualifier="Stage" dataType="Instantaneous" period="15 min" units="m" startDate="2016-02-12" startTime="12:15:00" endDate="2016-02-12" endTime="14:00:00">
			<Value date="2016-02-12" time="12:15:00">0.977</Value>
			<Value date="2016-02-12" time="12:30:00">0.975</Value>
			<Value date="2016-02-12" time="12:45:00">0.975</Value>
			<Value date="2016-02-12" time="13:00:00">0.975</Value>
			<Value date="2016-02-12" time="13:15:00">0.975</Value>
			<Value date="2016-02-12" time="13:30:00">0.966</Value>
			<Value date="2016-02-12" time="13:45:00">0.966</Value>
			<Value date="2016-02-12" time="14:00:00">0.964</Value>
		</SetofValues>
	</Station>
	<Station stationReference="055801_TG 318" region="EA Wales" stationName="Monnow Gate LVL" ngr="SO5045012490">
		<SetofValues parameter="Water Level" qualifier="Stage" dataType="Instantaneous" period="15 min" units="m" startDate="2016-02-12" startTime="12:15:00" endDate="2016-02-12" endTime="14:00:00">
			<Value date="2016-02-12" time="12:15:00">2.294</Value>
			<Value date="2016-02-12" time="12:30:00">2.293</Value>
			<Value date="2016-02-12" time="12:45:00">2.292</Value>
			<Value date="2016-02-12" time="13:00:00">2.290</Value>
			<Value date="2016-02-12" time="13:15:00">2.290</Value>
			<Value date="2016-02-12" time="13:30:00">2.288</Value>
			<Value date="2016-02-12" time="13:45:00">2.287</Value>
			<Value date="2016-02-12" time="14:00:00">2.284</Value>
		</SetofValues>
	</Station>
	<Station stationReference="055046" region="EA Wales" stationName="Michaelchurch on Arrow LVL" ngr="SO2395050930">
		<SetofValues parameter="Water Level" qualifier="Stage" dataType="Instantaneous" period="15 min" units="m" startDate="2016-02-12" startTime="10:15:00" endDate="2016-02-12" endTime="14:00:00">
			<Value date="2016-02-12" time="10:15:00">0.439</Value>
			<Value date="2016-02-12" time="10:30:00">0.442</Value>
			<Value date="2016-02-12" time="10:45:00">0.439</Value>
			<Value date="2016-02-12" time="11:00:00">0.441</Value>
			<Value date="2016-02-12" time="11:15:00">0.437</Value>
			<Value date="2016-02-12" time="11:30:00">0.438</Value>
			<Value date="2016-02-12" time="11:45:00">0.440</Value>
			<Value date="2016-02-12" time="12:00:00">0.439</Value>
			<Value date="2016-02-12" time="12:15:00">0.437</Value>
			<Value date="2016-02-12" time="12:30:00">0.439</Value>
			<Value date="2016-02-12" time="12:45:00">0.436</Value>
			<Value date="2016-02-12" time="13:00:00">0.432</Value>
			<Value date="2016-02-12" time="13:15:00">0.438</Value>
			<Value date="2016-02-12" time="13:30:00">0.435</Value>
			<Value date="2016-02-12" time="13:45:00">0.441</Value>
			<Value date="2016-02-12" time="14:00:00">0.437</Value>
		</SetofValues>
	</Station>
	<Station stationReference="055045" region="EA Wales" stationName="Tintern Abbey Mill LVL" ngr="SO5300000290">
		<SetofValues parameter="Water Level" qualifier="Stage" dataType="Instantaneous" period="15 min" units="mAOD" startDate="2016-02-12" startTime="11:00:00" endDate="2016-02-12" endTime="14:00:00">
			<Value date="2016-02-12" time="11:00:00">7.314</Value>
			<Value date="2016-02-12" time="11:15:00">6.867</Value>
			<Value date="2016-02-12" time="11:30:00">6.488</Value>
			<Value date="2016-02-12" time="11:45:00">6.005</Value>
			<Value date="2016-02-12" time="12:00:00">5.427</Value>
			<Value date="2016-02-12" time="12:15:00">5.178</Value>
			<Value date="2016-02-12" time="12:30:00">4.972</Value>
			<Value date="2016-02-12" time="12:45:00">4.677</Value>
			<Value date="2016-02-12" time="13:00:00">4.307</Value>
			<Value date="2016-02-12" time="13:15:00">4.260</Value>
			<Value date="2016-02-12" time="13:30:00">4.182</Value>
			<Value date="2016-02-12" time="13:45:00">4.110</Value>
			<Value date="2016-02-12" time="14:00:00">4.138</Value>
		</SetofValues>
	</Station>
	<Station stationReference="055044" region="EA Wales" stationName="Skenfrith LVL" ngr="SO4582420656">
		<SetofValues parameter="Water Level" qualifier="Stage" dataType="Instantaneous" period="15 min" units="m" startDate="2016-02-12" startTime="10:15:00" endDate="2016-02-12" endTime="14:00:00">
			<Value date="2016-02-12" time="10:15:00">0.970</Value>
			<Value date="2016-02-12" time="10:30:00">0.967</Value>
			<Value date="2016-02-12" time="10:45:00">0.969</Value>
			<Value date="2016-02-12" time="11:00:00">0.967</Value>
			<Value date="2016-02-12" time="11:15:00">0.966</Value>
			<Value date="2016-02-12" time="11:30:00">0.964</Value>
			<Value date="2016-02-12" time="11:45:00">0.963</Value>
			<Value date="2016-02-12" time="12:00:00">0.961</Value>
			<Value date="2016-02-12" time="12:15:00">0.959</Value>
			<Value date="2016-02-12" time="12:30:00">0.961</Value>
			<Value date="2016-02-12" time="12:45:00">0.960</Value>
			<Value date="2016-02-12" time="13:00:00">0.958</Value>
			<Value date="2016-02-12" time="13:15:00">0.956</Value>
			<Value date="2016-02-12" time="13:30:00">0.957</Value>
			<Value date="2016-02-12" time="13:45:00">0.955</Value>
			<Value date="2016-02-12" time="14:00:00">0.954</Value>
		</SetofValues>
	</Station>
	<Station stationReference="055043" region="EA Wales" stationName="Monmouth LVL" ngr="SO5161913123">
		<SetofValues parameter="Water Level" qualifier="Stage" dataType="Instantaneous" period="15 min" units="m" startDate="2016-02-12" startTime="12:15:00" endDate="2016-02-12" endTime="14:00:00">
			<Value date="2016-02-12" time="12:15:00">2.759</Value>
			<Value date="2016-02-12" time="12:30:00">2.752</Value>
			<Value date="2016-02-12" time="12:45:00">2.749</Value>
			<Value date="2016-02-12" time="13:00:00">2.744</Value>
			<Value date="2016-02-12" time="13:15:00">2.737</Value>
			<Value date="2016-02-12" time="13:30:00">2.733</Value>
			<Value date="2016-02-12" time="13:45:00">2.729</Value>
			<Value date="2016-02-12" time="14:00:00">2.728</Value>
		</SetofValues>
	</Station>
	<Station stationReference="055042" region="EA Wales" stationName="Monaughty LVL" ngr="SO2391068450">
		<SetofValues parameter="Water Level" qualifier="Stage" dataType="Instantaneous" period="15 min" units="m" startDate="2016-02-12" startTime="10:15:00" endDate="2016-02-12" endTime="14:00:00">
			<Value date="2016-02-12" time="10:15:00">0.412</Value>
			<Value date="2016-02-12" time="10:30:00">0.410</Value>
			<Value date="2016-02-12" time="10:45:00">0.412</Value>
			<Value date="2016-02-12" time="11:00:00">0.410</Value>
			<Value date="2016-02-12" time="11:15:00">0.411</Value>
			<Value date="2016-02-12" time="11:30:00">0.410</Value>
			<Value date="2016-02-12" time="11:45:00">0.410</Value>
			<Value date="2016-02-12" time="12:00:00">0.410</Value>
			<Value date="2016-02-12" time="12:15:00">0.409</Value>
			<Value date="2016-02-12" time="12:30:00">0.411</Value>
			<Value date="2016-02-12" time="12:45:00">0.409</Value>
			<Value date="2016-02-12" time="13:00:00">0.409</Value>
			<Value date="2016-02-12" time="13:15:00">0.409</Value>
			<Value date="2016-02-12" time="13:30:00">0.408</Value>
			<Value date="2016-02-12" time="13:45:00">0.406</Value>
			<Value date="2016-02-12" time="14:00:00">0.408</Value>
		</SetofValues>
	</Station>
	<Station stationReference="055037_TG 334" region="EA Wales" stationName="Chepstow Bridge LVL" ngr="ST5362694320">
		<SetofValues parameter="Water Level" qualifier="Stage" dataType="Instantaneous" period="15 min" units="m" startDate="2016-02-12" startTime="11:00:00" endDate="2016-02-12" endTime="14:00:00">
			<Value date="2016-02-12" time="11:00:00">5.906</Value>
			<Value date="2016-02-12" time="11:15:00">5.275</Value>
			<Value date="2016-02-12" time="11:30:00">4.294</Value>
			<Value date="2016-02-12" time="11:45:00">3.650</Value>
			<Value date="2016-02-12" time="12:00:00">3.181</Value>
			<Value date="2016-02-12" time="12:15:00">2.557</Value>
			<Value date="2016-02-12" time="12:30:00">1.994</Value>
			<Value date="2016-02-12" time="12:45:00">1.446</Value>
			<Value date="2016-02-12" time="13:00:00">1.235</Value>
			<Value date="2016-02-12" time="13:15:00">0.685</Value>
			<Value date="2016-02-12" time="13:30:00">0.120</Value>
			<Value date="2016-02-12" time="13:45:00">-0.276</Value>
			<Value date="2016-02-12" time="14:00:00">-0.568</Value>
		</SetofValues>
	</Station>
	<Station stationReference="055025_TG 325" region="EA Wales" stationName="Three Cocks LVL" ngr="SO1661037600">
		<SetofValues parameter="Water Level" qualifier="Stage" dataType="Instantaneous" period="15 min" units="m" startDate="2016-02-12" startTime="12:15:00" endDate="2016-02-12" endTime="14:00:00">
			<Value date="2016-02-12" time="12:15:00">0.691</Value>
			<Value date="2016-02-12" time="12:30:00">0.691</Value>
			<Value date="2016-02-12" time="12:45:00">0.690</Value>
			<Value date="2016-02-12" time="13:00:00">0.690</Value>
			<Value date="2016-02-12" time="13:15:00">0.689</Value>
			<Value date="2016-02-12" time="13:30:00">0.689</Value>
			<Value date="2016-02-12" time="13:45:00">0.687</Value>
			<Value date="2016-02-12" time="14:00:00">0.688</Value>
		</SetofValues>
	</Station>
	<Station stationReference="055022_TG 330" region="EA Wales" stationName="Mitchel Troy LVL" ngr="SO5025011220">
		<SetofValues parameter="Water Level" qualifier="Stage" dataType="Instantaneous" period="15 min" units="m" startDate="2016-02-12" startTime="10:15:00" endDate="2016-02-12" endTime="14:00:00">
			<Value date="2016-02-12" time="10:15:00">0.688</Value>
			<Value date="2016-02-12" time="10:30:00">0.688</Value>
			<Value date="2016-02-12" time="10:45:00">0.686</Value>
			<Value date="2016-02-12" time="11:00:00">0.686</Value>
			<Value date="2016-02-12" time="11:15:00">0.686</Value>
			<Value date="2016-02-12" time="11:30:00">0.686</Value>
			<Value date="2016-02-12" time="11:45:00">0.685</Value>
			<Value date="2016-02-12" time="12:00:00">0.684</Value>
			<Value date="2016-02-12" time="12:15:00">0.684</Value>
			<Value date="2016-02-12" time="12:30:00">0.684</Value>
			<Value date="2016-02-12" time="12:45:00">0.683</Value>
			<Value date="2016-02-12" time="13:00:00">0.682</Value>
			<Value date="2016-02-12" time="13:15:00">0.682</Value>
			<Value date="2016-02-12" time="13:30:00">0.681</Value>
			<Value date="2016-02-12" time="13:45:00">0.681</Value>
			<Value date="2016-02-12" time="14:00:00">0.680</Value>
		</SetofValues>
	</Station>
	<Station stationReference="055016_TG 310" region="EA Wales" stationName="Disserth LVL" ngr="SO0246057790">
		<SetofValues parameter="Water Level" qualifier="Stage" dataType="Instantaneous" period="15 min" units="m" startDate="2016-02-12" startTime="10:15:00" endDate="2016-02-12" endTime="14:00:00">
			<Value date="2016-02-12" time="10:15:00">0.783</Value>
			<Value date="2016-02-12" time="10:30:00">0.785</Value>
			<Value date="2016-02-12" time="10:45:00">0.782</Value>
			<Value date="2016-02-12" time="11:00:00">0.776</Value>
			<Value date="2016-02-12" time="11:15:00">0.780</Value>
			<Value date="2016-02-12" time="11:30:00">0.774</Value>
			<Value date="2016-02-12" time="11:45:00">0.777</Value>
			<Value date="2016-02-12" time="12:00:00">0.771</Value>
			<Value date="2016-02-12" time="12:15:00">0.772</Value>
			<Value date="2016-02-12" time="12:30:00">0.769</Value>
			<Value date="2016-02-12" time="12:45:00">0.767</Value>
			<Value date="2016-02-12" time="13:00:00">0.765</Value>
			<Value date="2016-02-12" time="13:15:00">0.768</Value>
			<Value date="2016-02-12" time="13:30:00">0.765</Value>
			<Value date="2016-02-12" time="13:45:00">0.761</Value>
			<Value date="2016-02-12" time="14:00:00">0.761</Value>
		</SetofValues>
	</Station>
	<Station stationReference="055015_TG 324" region="EA Wales" stationName="Tafalog LVL" ngr="SO2767029440">
		<SetofValues parameter="Water Level" qualifier="Stage" dataType="Instantaneous" period="15 min" units="m" startDate="2016-02-12" startTime="13:15:00" endDate="2016-02-12" endTime="14:00:00">
			<Value date="2016-02-12" time="13:15:00">0.364</Value>
			<Value date="2016-02-12" time="13:30:00">0.364</Value>
			<Value date="2016-02-12" time="13:45:00">0.361</Value>
			<Value date="2016-02-12" time="14:00:00">0.361</Value>
		</SetofValues>
	</Station>
	<Station stationReference="055012_TG 308" region="EA Wales" stationName="Cilmery LVL" ngr="SN9954050820">
		<SetofValues parameter="Water Level" qualifier="Stage" dataType="Instantaneous" period="15 min" units="m" startDate="2016-02-12" startTime="12:15:00" endDate="2016-02-12" endTime="14:00:00">
			<Value date="2016-02-12" time="12:15:00">0.763</Value>
			<Value date="2016-02-12" time="12:30:00">0.761</Value>
			<Value date="2016-02-12" time="12:45:00">0.760</Value>
			<Value date="2016-02-12" time="13:00:00">0.759</Value>
			<Value date="2016-02-12" time="13:15:00">0.758</Value>
			<Value date="2016-02-12" time="13:30:00">0.757</Value>
			<Value date="2016-02-12" time="13:45:00">0.755</Value>
			<Value date="2016-02-12" time="14:00:00">0.754</Value>
		</SetofValues>
	</Station>
	<Station stationReference="055010_TG 321" region="EA Wales" stationName="Pant Mawr LVL" ngr="SN8442082510">
		<SetofValues parameter="Water Level" qualifier="Stage" dataType="Instantaneous" period="15 min" units="m" startDate="2016-02-12" startTime="12:15:00" endDate="2016-02-12" endTime="14:00:00">
			<Value date="2016-02-12" time="12:15:00">0.255</Value>
			<Value date="2016-02-12" time="12:30:00">0.254</Value>
			<Value date="2016-02-12" time="12:45:00">0.254</Value>
			<Value date="2016-02-12" time="13:00:00">0.255</Value>
			<Value date="2016-02-12" time="13:15:00">0.253</Value>
			<Value date="2016-02-12" time="13:30:00">0.254</Value>
			<Value date="2016-02-12" time="13:45:00">0.252</Value>
			<Value date="2016-02-12" time="14:00:00">0.253</Value>
		</SetofValues>
	</Station>
	<Station stationReference="055004_TG 300" region="EA Wales" stationName="Abernant LVL" ngr="SN8926945987">
		<SetofValues parameter="Water Level" qualifier="Stage" dataType="Instantaneous" period="15 min" units="m" startDate="2016-02-12" startTime="10:15:00" endDate="2016-02-12" endTime="14:00:00">
			<Value date="2016-02-12" time="10:15:00">0.562</Value>
			<Value date="2016-02-12" time="10:30:00">0.561</Value>
			<Value date="2016-02-12" time="10:45:00">0.560</Value>
			<Value date="2016-02-12" time="11:00:00">0.559</Value>
			<Value date="2016-02-12" time="11:15:00">0.558</Value>
			<Value date="2016-02-12" time="11:30:00">0.557</Value>
			<Value date="2016-02-12" time="11:45:00">0.556</Value>
			<Value date="2016-02-12" time="12:00:00">0.555</Value>
			<Value date="2016-02-12" time="12:15:00">0.554</Value>
			<Value date="2016-02-12" time="12:30:00">0.552</Value>
			<Value date="2016-02-12" time="12:45:00">0.551</Value>
			<Value date="2016-02-12" time="13:00:00">0.550</Value>
			<Value date="2016-02-12" time="13:15:00">0.549</Value>
			<Value date="2016-02-12" time="13:30:00">0.548</Value>
			<Value date="2016-02-12" time="13:45:00">0.547</Value>
			<Value date="2016-02-12" time="14:00:00">0.546</Value>
		</SetofValues>
	</Station>
	<Station stationReference="055004" region="EA Wales" stationName="Abernant Downstream LVL" ngr="SN8926945987">
		<SetofValues parameter="Water Level" qualifier="Downstream Stage" dataType="Instantaneous" period="15 min" units="m" startDate="2016-02-12" startTime="10:15:00" endDate="2016-02-12" endTime="14:00:00">
			<Value date="2016-02-12" time="10:15:00">0.876</Value>
			<Value date="2016-02-12" time="10:30:00">0.856</Value>
			<Value date="2016-02-12" time="10:45:00">0.808</Value>
			<Value date="2016-02-12" time="11:00:00">0.852</Value>
			<Value date="2016-02-12" time="11:15:00">0.876</Value>
			<Value date="2016-02-12" time="11:30:00">0.768</Value>
			<Value date="2016-02-12" time="11:45:00">0.750</Value>
			<Value date="2016-02-12" time="12:00:00">0.813</Value>
			<Value date="2016-02-12" time="12:15:00">0.762</Value>
			<Value date="2016-02-12" time="12:30:00">0.769</Value>
			<Value date="2016-02-12" time="12:45:00">0.812</Value>
			<Value date="2016-02-12" time="13:00:00">0.823</Value>
			<Value date="2016-02-12" time="13:15:00">0.835</Value>
			<Value date="2016-02-12" time="13:30:00">0.813</Value>
			<Value date="2016-02-12" time="13:45:00">0.830</Value>
			<Value date="2016-02-12" time="14:00:00">0.748</Value>
		</SetofValues>
	</Station>
</EATimeSeriesDataExchangeFormat>
