<?xml version="1.0" standalone="yes"?>
<EATimeSeriesDataExchangeFormat xmlns="http://www.environment-agency.gov.uk/XMLSchemas/EATimeSeriesDataExchangeFormat" xmlns:md="http://www.environment-agency.gov.uk/XMLSchemas/EAMetadataFormat" xmlns:xsi="http://www.w3.org/2001/XMLSchema-instance" xsi:schemaLocation="http://www.environment-agency.gov.uk/XMLSchemas/EATimeSeriesDataExchangeFormat EATimeSeriesDataExchangeFormat.xsd">
	<md:Publisher>Environment Agency</md:Publisher>
	<md:Source>EA Wales Regional Telemetry System</md:Source>
	<md:Description>Automated telemetry data export process</md:Description>
	<md:Creator>SCX 6</md:Creator>
	<md:Date>2016-02-12</md:Date>
	<md:Time>15:17:11</md:Time>
	<md:Identifier>CYCARSCXAS1</md:Identifier>
	<Station stationReference="067023_TG 117" region="EA Wales" stationName="Tattenhall LVL" ngr="SJ4789759188">
		<SetofValues parameter="Water Level" qualifier="Stage" dataType="Instantaneous" period="15 min" units="m" startDate="2016-02-12" startTime="04:45:00" endDate="2016-02-12" endTime="15:00:00">
			<Value date="2016-02-12" time="04:45:00">0.281</Value>
			<Value date="2016-02-12" time="05:00:00">0.281</Value>
			<Value date="2016-02-12" time="05:15:00">0.281</Value>
			<Value date="2016-02-12" time="05:30:00">0.281</Value>
			<Value date="2016-02-12" time="05:45:00">0.280</Value>
			<Value date="2016-02-12" time="06:00:00">0.280</Value>
			<Value date="2016-02-12" time="06:15:00">0.280</Value>
			<Value date="2016-02-12" time="06:30:00">0.279</Value>
			<Value date="2016-02-12" time="06:45:00">0.279</Value>
			<Value date="2016-02-12" time="07:00:00">0.279</Value>
			<Value date="2016-02-12" time="07:15:00">0.278</Value>
			<Value date="2016-02-12" time="07:30:00">0.278</Value>
			<Value date="2016-02-12" time="07:45:00">0.278</Value>
			<Value date="2016-02-12" time="08:00:00">0.278</Value>
			<Value date="2016-02-12" time="08:15:00">0.277</Value>
			<Value date="2016-02-12" time="08:30:00">0.277</Value>
			<Value date="2016-02-12" time="08:45:00">0.276</Value>
			<Value date="2016-02-12" time="09:00:00">0.276</Value>
			<Value date="2016-02-12" time="09:15:00">0.276</Value>
			<Value date="2016-02-12" time="09:30:00">0.275</Value>
			<Value date="2016-02-12" time="09:45:00">0.275</Value>
			<Value date="2016-02-12" time="10:00:00">0.275</Value>
			<Value date="2016-02-12" time="10:15:00">0.274</Value>
			<Value date="2016-02-12" time="10:30:00">0.274</Value>
			<Value date="2016-02-12" time="10:45:00">0.274</Value>
			<Value date="2016-02-12" time="11:00:00">0.273</Value>
			<Value date="2016-02-12" time="11:15:00">0.273</Value>
			<Value date="2016-02-12" time="11:30:00">0.273</Value>
			<Value date="2016-02-12" time="11:45:00">0.272</Value>
			<Value date="2016-02-12" time="12:00:00">0.272</Value>
			<Value date="2016-02-12" time="12:15:00">0.272</Value>
			<Value date="2016-02-12" time="12:30:00">0.272</Value>
			<Value date="2016-02-12" time="12:45:00">0.271</Value>
			<Value date="2016-02-12" time="13:00:00">0.271</Value>
			<Value date="2016-02-12" time="13:15:00">0.271</Value>
			<Value date="2016-02-12" time="13:30:00">0.271</Value>
			<Value date="2016-02-12" time="13:45:00">0.271</Value>
			<Value date="2016-02-12" time="14:00:00">0.270</Value>
			<Value date="2016-02-12" time="14:15:00">0.270</Value>
			<Value date="2016-02-12" time="14:30:00">0.270</Value>
			<Value date="2016-02-12" time="14:45:00">0.269</Value>
			<Value date="2016-02-12" time="15:00:00">0.269</Value>
		</SetofValues>
	</Station>
	<Station stationReference="067022_TG 9118" region="EA Wales" stationName="Carden Brook LVL" ngr="SJ4560454112">
		<SetofValues parameter="Water Level" qualifier="Stage" dataType="Instantaneous" period="15 min" units="m" startDate="2016-02-12" startTime="04:45:00" endDate="2016-02-12" endTime="15:00:00">
			<Value date="2016-02-12" time="04:45:00">0.335</Value>
			<Value date="2016-02-12" time="05:00:00">0.334</Value>
			<Value date="2016-02-12" time="05:15:00">0.334</Value>
			<Value date="2016-02-12" time="05:30:00">0.334</Value>
			<Value date="2016-02-12" time="05:45:00">0.333</Value>
			<Value date="2016-02-12" time="06:00:00">0.333</Value>
			<Value date="2016-02-12" time="06:15:00">0.333</Value>
			<Value date="2016-02-12" time="06:30:00">0.333</Value>
			<Value date="2016-02-12" time="06:45:00">0.332</Value>
			<Value date="2016-02-12" time="07:00:00">0.332</Value>
			<Value date="2016-02-12" time="07:15:00">0.332</Value>
			<Value date="2016-02-12" time="07:30:00">0.332</Value>
			<Value date="2016-02-12" time="07:45:00">0.331</Value>
			<Value date="2016-02-12" time="08:00:00">0.331</Value>
			<Value date="2016-02-12" time="08:15:00">0.331</Value>
			<Value date="2016-02-12" time="08:30:00">0.331</Value>
			<Value date="2016-02-12" time="08:45:00">0.330</Value>
			<Value date="2016-02-12" time="09:00:00">0.330</Value>
			<Value date="2016-02-12" time="09:15:00">0.330</Value>
			<Value date="2016-02-12" time="09:30:00">0.329</Value>
			<Value date="2016-02-12" time="09:45:00">0.329</Value>
			<Value date="2016-02-12" time="10:00:00">0.329</Value>
			<Value date="2016-02-12" time="10:15:00">0.329</Value>
			<Value date="2016-02-12" time="10:30:00">0.328</Value>
			<Value date="2016-02-12" time="10:45:00">0.328</Value>
			<Value date="2016-02-12" time="11:00:00">0.328</Value>
			<Value date="2016-02-12" time="11:15:00">0.327</Value>
			<Value date="2016-02-12" time="11:30:00">0.327</Value>
			<Value date="2016-02-12" time="11:45:00">0.327</Value>
			<Value date="2016-02-12" time="12:00:00">0.327</Value>
			<Value date="2016-02-12" time="12:15:00">0.327</Value>
			<Value date="2016-02-12" time="12:30:00">0.327</Value>
			<Value date="2016-02-12" time="12:45:00">0.326</Value>
			<Value date="2016-02-12" time="13:00:00">0.326</Value>
			<Value date="2016-02-12" time="13:15:00">0.326</Value>
			<Value date="2016-02-12" time="13:30:00">0.325</Value>
			<Value date="2016-02-12" time="13:45:00">0.325</Value>
			<Value date="2016-02-12" time="14:00:00">0.325</Value>
			<Value date="2016-02-12" time="14:15:00">0.325</Value>
			<Value date="2016-02-12" time="14:30:00">0.325</Value>
			<Value date="2016-02-12" time="14:45:00">0.324</Value>
			<Value date="2016-02-12" time="15:00:00">0.324</Value>
		</SetofValues>
	</Station>
	<Station stationReference="061S0691W_TG_7777" region="EA Wales" stationName="Kiln Park LVL" ngr="SN1255100467">
		<SetofValues parameter="Water Level" qualifier="Stage" dataType="Instantaneous" period="15 min" units="m" startDate="2016-02-12" startTime="15:15:00" endDate="2016-02-12" endTime="15:15:00">
			<Value date="2016-02-12" time="15:15:00">0.743</Value>
		</SetofValues>
	</Station>
	<Station stationReference="060302_TG 9121SPILLStage" region="EA Wales" stationName="Llyn Brianne Spillway">
		<SetofValues parameter="Water Level" qualifier="Stage" dataType="Instantaneous" period="15 min" units="m" startDate="2016-02-12" startTime="14:15:00" endDate="2016-02-12" endTime="15:15:00">
			<Value date="2016-02-12" time="14:15:00">-0.226</Value>
			<Value date="2016-02-12" time="14:30:00">-0.227</Value>
			<Value date="2016-02-12" time="14:45:00">-0.228</Value>
			<Value date="2016-02-12" time="15:00:00">-0.228</Value>
			<Value date="2016-02-12" time="15:15:00">-0.230</Value>
		</SetofValues>
	</Station>
	<Station stationReference="056010_TG 9414" region="EA Wales" stationName="Trostrey Weir LVL" ngr="SO3585004200">
		<SetofValues parameter="Water Level" qualifier="Stage" dataType="Instantaneous" period="15 min" units="m" startDate="2016-02-12" startTime="14:30:00" endDate="2016-02-12" endTime="15:15:00">
			<Value date="2016-02-12" time="14:30:00">0.971</Value>
			<Value date="2016-02-12" time="14:45:00">0.970</Value>
			<Value date="2016-02-12" time="15:00:00">0.970</Value>
			<Value date="2016-02-12" time="15:15:00">0.968</Value>
		</SetofValues>
	</Station>
</EATimeSeriesDataExchangeFormat>
