<?xml version="1.0" standalone="yes"?>
<EATimeSeriesDataExchangeFormat xmlns="http://www.environment-agency.gov.uk/XMLSchemas/EATimeSeriesDataExchangeFormat" xmlns:md="http://www.environment-agency.gov.uk/XMLSchemas/EAMetadataFormat" xmlns:xsi="http://www.w3.org/2001/XMLSchema-instance" xsi:schemaLocation="http://www.environment-agency.gov.uk/XMLSchemas/EATimeSeriesDataExchangeFormat EATimeSeriesDataExchangeFormat.xsd">
	<md:Publisher>Environment Agency</md:Publisher>
	<md:Source>EA Wales Regional Telemetry System</md:Source>
	<md:Description>Automated telemetry data export process</md:Description>
	<md:Creator>SCX 6</md:Creator>
	<md:Date>2016-02-12</md:Date>
	<md:Time>15:00:18</md:Time>
	<md:Identifier>CYCARSCXAS1</md:Identifier>
	<Station stationReference="2136" region="EA Wales" stationName="Pont-y-Gaer LVL" ngr="SO2142799952">
		<SetofValues parameter="Water Level" qualifier="Stage" dataType="Instantaneous" period="15 min" units="m" startDate="2016-02-12" startTime="14:15:00" endDate="2016-02-12" endTime="15:00:00">
			<Value date="2016-02-12" time="14:15:00">1.242</Value>
			<Value date="2016-02-12" time="14:30:00">1.242</Value>
			<Value date="2016-02-12" time="14:45:00">1.239</Value>
			<Value date="2016-02-12" time="15:00:00">1.239</Value>
		</SetofValues>
	</Station>
</EATimeSeriesDataExchangeFormat>
