<?xml version="1.0" standalone="yes"?>
<EATimeSeriesDataExchangeFormat xmlns="http://www.environment-agency.gov.uk/XMLSchemas/EATimeSeriesDataExchangeFormat" xmlns:md="http://www.environment-agency.gov.uk/XMLSchemas/EAMetadataFormat" xmlns:xsi="http://www.w3.org/2001/XMLSchema-instance" xsi:schemaLocation="http://www.environment-agency.gov.uk/XMLSchemas/EATimeSeriesDataExchangeFormat EATimeSeriesDataExchangeFormat.xsd">
	<md:Publisher>Environment Agency</md:Publisher>
	<md:Source>EA Wales Regional Telemetry System</md:Source>
	<md:Description>Automated telemetry data export process</md:Description>
	<md:Creator>SCX 6</md:Creator>
	<md:Date>2016-02-12</md:Date>
	<md:Time>14:23:42</md:Time>
	<md:Identifier>CYCARSCXAS1</md:Identifier>
	<Station stationReference="059R0739W" region="EA Wales" stationName="Bynea RAIN" ngr="SS5414598182">
		<SetofValues parameter="Rainfall" qualifier="Tipping Bucket Raingauge" dataType="Total" period="15 min" units="mm" startDate="2016-02-12" startTime="14:15:00" endDate="2016-02-12" endTime="14:15:00">
			<Value date="2016-02-12" time="14:15:00">0.0</Value>
		</SetofValues>
	</Station>
	<Station stationReference="055807_TG 320" region="EA Wales" stationName="Hereford Bridge LVL" ngr="SO5071239508">
		<SetofValues parameter="Water Level" qualifier="Stage" dataType="Instantaneous" period="15 min" units="m" startDate="2016-02-12" startTime="08:30:00" endDate="2016-02-12" endTime="14:15:00">
			<Value date="2016-02-12" time="08:30:00">1.880</Value>
			<Value date="2016-02-12" time="08:45:00">1.877</Value>
			<Value date="2016-02-12" time="09:00:00">1.873</Value>
			<Value date="2016-02-12" time="09:15:00">1.870</Value>
			<Value date="2016-02-12" time="09:30:00">1.867</Value>
			<Value date="2016-02-12" time="09:45:00">1.863</Value>
			<Value date="2016-02-12" time="10:00:00">1.859</Value>
			<Value date="2016-02-12" time="10:15:00">1.856</Value>
			<Value date="2016-02-12" time="10:30:00">1.852</Value>
			<Value date="2016-02-12" time="10:45:00">1.848</Value>
			<Value date="2016-02-12" time="11:00:00">1.845</Value>
			<Value date="2016-02-12" time="11:15:00">1.841</Value>
			<Value date="2016-02-12" time="11:30:00">1.838</Value>
			<Value date="2016-02-12" time="11:45:00">1.834</Value>
			<Value date="2016-02-12" time="12:00:00">1.831</Value>
			<Value date="2016-02-12" time="12:15:00">1.827</Value>
			<Value date="2016-02-12" time="12:30:00">1.824</Value>
			<Value date="2016-02-12" time="12:45:00">1.820</Value>
			<Value date="2016-02-12" time="13:00:00">1.817</Value>
			<Value date="2016-02-12" time="13:15:00">1.814</Value>
			<Value date="2016-02-12" time="13:30:00">1.811</Value>
			<Value date="2016-02-12" time="13:45:00">1.808</Value>
			<Value date="2016-02-12" time="14:00:00">1.805</Value>
			<Value date="2016-02-12" time="14:15:00">1.802</Value>
		</SetofValues>
	</Station>
	<Station stationReference="055013_TG 326" region="EA Wales" stationName="Titley Mill LVL" ngr="SO3283058490">
		<SetofValues parameter="Water Level" qualifier="Stage" dataType="Instantaneous" period="15 min" units="m" startDate="2016-02-12" startTime="14:15:00" endDate="2016-02-12" endTime="14:15:00">
			<Value date="2016-02-12" time="14:15:00">0.590</Value>
		</SetofValues>
	</Station>
</EATimeSeriesDataExchangeFormat>
