<?xml version="1.0" standalone="yes"?>
<EATimeSeriesDataExchangeFormat xmlns="http://www.environment-agency.gov.uk/XMLSchemas/EATimeSeriesDataExchangeFormat" xmlns:md="http://www.environment-agency.gov.uk/XMLSchemas/EAMetadataFormat" xmlns:xsi="http://www.w3.org/2001/XMLSchema-instance" xsi:schemaLocation="http://www.environment-agency.gov.uk/XMLSchemas/EATimeSeriesDataExchangeFormat EATimeSeriesDataExchangeFormat.xsd">
	<md:Publisher>Environment Agency</md:Publisher>
	<md:Source>EA Wales Regional Telemetry System</md:Source>
	<md:Description>Automated telemetry data export process</md:Description>
	<md:Creator>SCX 6</md:Creator>
	<md:Date>2016-02-12</md:Date>
	<md:Time>11:06:06</md:Time>
	<md:Identifier>CYCARSCXAS1</md:Identifier>
	<Station stationReference="LLETY" region="EA Wales" stationName="Llety Brongu" ngr="SS8782088240">
		<SetofValues parameter="Rainfall" qualifier="Tipping Bucket Raingauge" dataType="Total" period="15 min" units="mm" startDate="2016-02-12" startTime="10:15:00" endDate="2016-02-12" endTime="11:00:00">
			<Value date="2016-02-12" time="10:15:00">0.0</Value>
			<Value date="2016-02-12" time="10:30:00">0.0</Value>
			<Value date="2016-02-12" time="10:45:00">0.0</Value>
			<Value date="2016-02-12" time="11:00:00">0.0</Value>
		</SetofValues>
	</Station>
	<Station stationReference="BNECK-T" region="EA Wales" stationName="Break Your Neck Falls RAIN" ngr="SO1807060000">
		<SetofValues parameter="Rainfall" qualifier="Tipping Bucket Raingauge" dataType="Total" period="15 min" units="mm" startDate="2016-02-12" startTime="10:15:00" endDate="2016-02-12" endTime="11:00:00">
			<Value date="2016-02-12" time="10:15:00">0.0</Value>
			<Value date="2016-02-12" time="10:30:00">0.0</Value>
			<Value date="2016-02-12" time="10:45:00">0.0</Value>
			<Value date="2016-02-12" time="11:00:00">0.0</Value>
		</SetofValues>
	</Station>
	<Station stationReference="522340" region="EA Wales" stationName="Llanbrynmair RAIN" ngr="SH9189806843">
		<SetofValues parameter="Rainfall" qualifier="Tipping Bucket Raingauge" dataType="Total" period="15 min" units="mm" startDate="2016-02-12" startTime="10:30:00" endDate="2016-02-12" endTime="11:00:00">
			<Value date="2016-02-12" time="10:30:00">0.0</Value>
			<Value date="2016-02-12" time="10:45:00">0.0</Value>
			<Value date="2016-02-12" time="11:00:00">0.0</Value>
		</SetofValues>
	</Station>
	<Station stationReference="489274_TG 556" region="EA Wales" stationName="Neaudd Rain" ngr="SO0588011910">
		<SetofValues parameter="Rainfall" qualifier="Tipping Bucket Raingauge" dataType="Total" period="15 min" units="mm" startDate="2016-02-12" startTime="10:15:00" endDate="2016-02-12" endTime="11:00:00">
			<Value date="2016-02-12" time="10:15:00">0.0</Value>
			<Value date="2016-02-12" time="10:30:00">0.0</Value>
			<Value date="2016-02-12" time="10:45:00">0.0</Value>
			<Value date="2016-02-12" time="11:00:00">0.0</Value>
		</SetofValues>
	</Station>
	<Station stationReference="477663" region="EA Wales" stationName="Tafalog Rain" ngr="SO2770329502">
		<SetofValues parameter="Rainfall" qualifier="Tipping Bucket Raingauge" dataType="Total" period="15 min" units="mm" startDate="2016-02-12" startTime="10:15:00" endDate="2016-02-12" endTime="11:00:00">
			<Value date="2016-02-12" time="10:15:00">0.0</Value>
			<Value date="2016-02-12" time="10:30:00">0.0</Value>
			<Value date="2016-02-12" time="10:45:00">0.0</Value>
			<Value date="2016-02-12" time="11:00:00">0.0</Value>
		</SetofValues>
	</Station>
	<Station stationReference="2202" region="EA Wales" stationName="Vyrnwy Reservoir LVL" ngr="SJ0172919226">
		<SetofValues parameter="Water Level" qualifier="Reservoir Level" dataType="Instantaneous" period="15 min" units="mBDAT" startDate="2016-02-12" startTime="10:00:00" endDate="2016-02-12" endTime="10:45:00">
			<Value date="2016-02-12" time="10:00:00">-.06</Value>
			<Value date="2016-02-12" time="10:15:00">-.06</Value>
			<Value date="2016-02-12" time="10:30:00">-.06</Value>
			<Value date="2016-02-12" time="10:45:00">-.06</Value>
			<Value date="2016-02-12" time="10:45:00">-.06</Value>
		</SetofValues>
	</Station>
	<Station stationReference="1810" region="EA Wales" stationName="Rhos y Meirch RAIN" ngr="SO27996967">
		<SetofValues parameter="Rainfall" qualifier="15" dataType="Total" period="15 min" units="mm" startDate="2016-02-12" startTime="10:15:00" endDate="2016-02-12" endTime="11:00:00">
			<Value date="2016-02-12" time="10:15:00">0.0</Value>
			<Value date="2016-02-12" time="10:30:00">0.0</Value>
			<Value date="2016-02-12" time="10:45:00">0.0</Value>
			<Value date="2016-02-12" time="11:00:00">0.0</Value>
		</SetofValues>
	</Station>
	<Station stationReference="1765" region="EA Wales" stationName="Henfryn RAIN" ngr="SO0308392592">
		<SetofValues parameter="Rainfall" qualifier="15" dataType="Total" period="15 min" units="mm" startDate="2016-02-12" startTime="10:30:00" endDate="2016-02-12" endTime="11:00:00">
			<Value date="2016-02-12" time="10:30:00">0.0</Value>
			<Value date="2016-02-12" time="10:45:00">0.0</Value>
			<Value date="2016-02-12" time="11:00:00">0.0</Value>
		</SetofValues>
	</Station>
	<Station stationReference="1750" region="EA Wales" stationName="Sarn RAIN" ngr="SO2064490576">
		<SetofValues parameter="Rainfall" qualifier="15" dataType="Total" period="15 min" units="mm" startDate="2016-02-12" startTime="10:15:00" endDate="2016-02-12" endTime="11:00:00">
			<Value date="2016-02-12" time="10:15:00">0.0</Value>
			<Value date="2016-02-12" time="10:30:00">0.0</Value>
			<Value date="2016-02-12" time="10:45:00">0.0</Value>
			<Value date="2016-02-12" time="11:00:00">0.0</Value>
		</SetofValues>
	</Station>
	<Station stationReference="1700" region="EA Wales" stationName="Llangynog RAIN" ngr="SJ0520525798">
		<SetofValues parameter="Rainfall" qualifier="15" dataType="Total" period="15 min" units="mm" startDate="2016-02-12" startTime="10:15:00" endDate="2016-02-12" endTime="11:00:00">
			<Value date="2016-02-12" time="10:15:00">0.0</Value>
			<Value date="2016-02-12" time="10:30:00">0.0</Value>
			<Value date="2016-02-12" time="10:45:00">0.0</Value>
			<Value date="2016-02-12" time="11:00:00">0.0</Value>
		</SetofValues>
	</Station>
	<Station stationReference="1408" region="EA Wales" stationName="Nantgwyn RAIN" ngr="SN9793476848">
		<SetofValues parameter="Rainfall" qualifier="15" dataType="Total" period="15 min" units="mm" startDate="2016-02-12" startTime="10:15:00" endDate="2016-02-12" endTime="11:00:00">
			<Value date="2016-02-12" time="10:15:00">0.0</Value>
			<Value date="2016-02-12" time="10:30:00">0.0</Value>
			<Value date="2016-02-12" time="10:45:00">0.0</Value>
			<Value date="2016-02-12" time="11:00:00">0.0</Value>
		</SetofValues>
	</Station>
	<Station stationReference="1338" region="EA Wales" stationName="Cefn Coch RAIN" ngr="SJ0413702562">
		<SetofValues parameter="Rainfall" qualifier="15" dataType="Total" period="15 min" units="mm" startDate="2016-02-12" startTime="10:15:00" endDate="2016-02-12" endTime="11:00:00">
			<Value date="2016-02-12" time="10:15:00">0.0</Value>
			<Value date="2016-02-12" time="10:30:00">0.0</Value>
			<Value date="2016-02-12" time="10:45:00">0.0</Value>
			<Value date="2016-02-12" time="11:00:00">0.0</Value>
		</SetofValues>
	</Station>
	<Station stationReference="1334" region="EA Wales" stationName="Llanfyllin RAIN" ngr="SJ1535018863">
		<SetofValues parameter="Rainfall" qualifier="15" dataType="Total" period="15 min" units="mm" startDate="2016-02-12" startTime="10:15:00" endDate="2016-02-12" endTime="11:00:00">
			<Value date="2016-02-12" time="10:15:00">0.0</Value>
			<Value date="2016-02-12" time="10:30:00">0.0</Value>
			<Value date="2016-02-12" time="10:45:00">0.0</Value>
			<Value date="2016-02-12" time="11:00:00">0.0</Value>
		</SetofValues>
	</Station>
	<Station stationReference="1221" region="EA Wales" stationName="Welshpool RAIN" ngr="SJ23450721">
		<SetofValues parameter="Rainfall" qualifier="15" dataType="Total" period="15 min" units="mm" startDate="2016-02-12" startTime="10:15:00" endDate="2016-02-12" endTime="11:00:00">
			<Value date="2016-02-12" time="10:15:00">0.0</Value>
			<Value date="2016-02-12" time="10:30:00">0.0</Value>
			<Value date="2016-02-12" time="10:45:00">0.0</Value>
			<Value date="2016-02-12" time="11:00:00">0.0</Value>
		</SetofValues>
	</Station>
	<Station stationReference="1009" region="EA Wales" stationName="Pen Y Coed RAIN" ngr="SH9780014400">
		<SetofValues parameter="Rainfall" qualifier="15" dataType="Total" period="15 min" units="mm" startDate="2016-02-12" startTime="10:15:00" endDate="2016-02-12" endTime="11:00:00">
			<Value date="2016-02-12" time="10:15:00">0.0</Value>
			<Value date="2016-02-12" time="10:30:00">0.0</Value>
			<Value date="2016-02-12" time="10:45:00">0.0</Value>
			<Value date="2016-02-12" time="11:00:00">0.0</Value>
		</SetofValues>
	</Station>
	<Station stationReference="063S0724W" region="EA Wales" stationName="Aberystwyth TLG" ngr="SN5819081327">
		<SetofValues parameter="Water Level" qualifier="Stage" dataType="Instantaneous" period="15 min" units="m" startDate="2016-02-12" startTime="11:00:00" endDate="2016-02-12" endTime="11:00:00">
			<Value date="2016-02-12" time="11:00:00">3.288</Value>
		</SetofValues>
	</Station>
	<Station stationReference="063R0230W_RK" region="EA Wales" stationName="Penuwch Rain" ngr="SN5899062892">
		<SetofValues parameter="Rainfall" qualifier="Tipping Bucket Raingauge" dataType="Total" period="15 min" units="mm" startDate="2016-02-12" startTime="10:15:00" endDate="2016-02-12" endTime="11:00:00">
			<Value date="2016-02-12" time="10:15:00">0.0</Value>
			<Value date="2016-02-12" time="10:30:00">0.0</Value>
			<Value date="2016-02-12" time="10:45:00">0.0</Value>
			<Value date="2016-02-12" time="11:00:00">0.0</Value>
		</SetofValues>
	</Station>
	<Station stationReference="061R0263W_DL 2600" region="EA Wales" stationName="Mathry Raingauge" ngr="SM8824631577">
		<SetofValues parameter="Rainfall" qualifier="Tipping Bucket Raingauge" dataType="Total" period="15 min" units="mm" startDate="2016-02-12" startTime="10:15:00" endDate="2016-02-12" endTime="11:00:00">
			<Value date="2016-02-12" time="10:15:00">0.0</Value>
			<Value date="2016-02-12" time="10:30:00">0.0</Value>
			<Value date="2016-02-12" time="10:45:00">0.0</Value>
			<Value date="2016-02-12" time="11:00:00">0.0</Value>
		</SetofValues>
	</Station>
	<Station stationReference="060R0427W_RK" region="EA Wales" stationName="Llynyfan Rain" ngr="SN7979123829">
		<SetofValues parameter="Rainfall" qualifier="Tipping Bucket Raingauge" dataType="Total" period="15 min" units="mm" startDate="2016-02-12" startTime="10:15:00" endDate="2016-02-12" endTime="11:00:00">
			<Value date="2016-02-12" time="10:15:00">0.0</Value>
			<Value date="2016-02-12" time="10:30:00">0.0</Value>
			<Value date="2016-02-12" time="10:45:00">0.0</Value>
			<Value date="2016-02-12" time="11:00:00">0.0</Value>
		</SetofValues>
	</Station>
	<Station stationReference="060R0264W_DL 2565" region="EA Wales" stationName="Llanfyrnach Rain" ngr="SN2196331037">
		<SetofValues parameter="Rainfall" qualifier="Tipping Bucket Raingauge" dataType="Total" period="15 min" units="mm" startDate="2016-02-12" startTime="10:15:00" endDate="2016-02-12" endTime="11:00:00">
			<Value date="2016-02-12" time="10:15:00">0.0</Value>
			<Value date="2016-02-12" time="10:30:00">0.0</Value>
			<Value date="2016-02-12" time="10:45:00">0.0</Value>
			<Value date="2016-02-12" time="11:00:00">0.0</Value>
		</SetofValues>
	</Station>
	<Station stationReference="060R0138W_RK" region="EA Wales" stationName="Gorslas RAIN" ngr="SN5633814640">
		<SetofValues parameter="Rainfall" qualifier="Tipping Bucket Raingauge" dataType="Total" period="15 min" units="mm" startDate="2016-02-12" startTime="10:15:00" endDate="2016-02-12" endTime="11:00:00">
			<Value date="2016-02-12" time="10:15:00">0.0</Value>
			<Value date="2016-02-12" time="10:30:00">0.0</Value>
			<Value date="2016-02-12" time="10:45:00">0.0</Value>
			<Value date="2016-02-12" time="11:00:00">0.0</Value>
		</SetofValues>
	</Station>
	<Station stationReference="059S0662W_TG 9133" region="EA Wales" stationName="Pontardulais LVL" ngr="SN5986603817">
		<SetofValues parameter="Water Level" qualifier="Stage" dataType="Instantaneous" period="15 min" units="m" startDate="2016-02-12" startTime="10:15:00" endDate="2016-02-12" endTime="11:00:00">
			<Value date="2016-02-12" time="10:15:00">0.389</Value>
			<Value date="2016-02-12" time="10:30:00">0.387</Value>
			<Value date="2016-02-12" time="10:45:00">0.385</Value>
			<Value date="2016-02-12" time="11:00:00">0.385</Value>
		</SetofValues>
	</Station>
	<Station stationReference="059S0588W_TG 130" region="EA Wales" stationName="Pont Amman LVL" ngr="SN6397012587">
		<SetofValues parameter="Water Level" qualifier="Stage" dataType="Instantaneous" period="15 min" units="m" startDate="2016-02-12" startTime="10:15:00" endDate="2016-02-12" endTime="11:00:00">
			<Value date="2016-02-12" time="10:15:00">0.811</Value>
			<Value date="2016-02-12" time="10:30:00">0.809</Value>
			<Value date="2016-02-12" time="10:45:00">0.808</Value>
			<Value date="2016-02-12" time="11:00:00">0.807</Value>
		</SetofValues>
	</Station>
	<Station stationReference="059S0587W" region="EA Wales" stationName="Llandybie LVL" ngr="SN6189715484">
		<SetofValues parameter="Water Level" qualifier="Stage" dataType="Instantaneous" period="15 min" units="m" startDate="2016-02-12" startTime="10:15:00" endDate="2016-02-12" endTime="11:00:00">
			<Value date="2016-02-12" time="10:15:00">0.402</Value>
			<Value date="2016-02-12" time="10:30:00">0.401</Value>
			<Value date="2016-02-12" time="10:45:00">0.402</Value>
			<Value date="2016-02-12" time="11:00:00">0.401</Value>
		</SetofValues>
	</Station>
	<Station stationReference="059S0586W" region="EA Wales" stationName="Forge Bridge LVL" ngr="SN6554416737">
		<SetofValues parameter="Water Level" qualifier="Stage" dataType="Instantaneous" period="15 min" units="m" startDate="2016-02-12" startTime="10:15:00" endDate="2016-02-12" endTime="11:00:00">
			<Value date="2016-02-12" time="10:15:00">0.363</Value>
			<Value date="2016-02-12" time="10:30:00">0.366</Value>
			<Value date="2016-02-12" time="10:45:00">0.365</Value>
			<Value date="2016-02-12" time="11:00:00">0.366</Value>
		</SetofValues>
	</Station>
	<Station stationReference="056R0528E" region="EA Wales" stationName="Carno Reservoir RAIN" ngr="SO1621313030">
		<SetofValues parameter="Rainfall" qualifier="Tipping Bucket Raingauge" dataType="Total" period="15 min" units="mm" startDate="2016-02-12" startTime="10:15:00" endDate="2016-02-12" endTime="11:00:00">
			<Value date="2016-02-12" time="10:15:00">0.0</Value>
			<Value date="2016-02-12" time="10:30:00">0.0</Value>
			<Value date="2016-02-12" time="10:45:00">0.0</Value>
			<Value date="2016-02-12" time="11:00:00">0.0</Value>
		</SetofValues>
	</Station>
	<Station stationReference="056R0516E_TG 403" region="EA Wales" stationName="Crai Reservoir Rainfall" ngr="SN8840522259">
		<SetofValues parameter="Rainfall" qualifier="Tipping Bucket Raingauge" dataType="Total" period="15 min" units="mm" startDate="2016-02-12" startTime="10:45:00" endDate="2016-02-12" endTime="11:00:00">
			<Value date="2016-02-12" time="10:45:00">0.0</Value>
			<Value date="2016-02-12" time="11:00:00">0.0</Value>
		</SetofValues>
	</Station>
</EATimeSeriesDataExchangeFormat>
