<?xml version="1.0" standalone="yes"?>
<EATimeSeriesDataExchangeFormat xmlns="http://www.environment-agency.gov.uk/XMLSchemas/EATimeSeriesDataExchangeFormat" xmlns:md="http://www.environment-agency.gov.uk/XMLSchemas/EAMetadataFormat" xmlns:xsi="http://www.w3.org/2001/XMLSchema-instance" xsi:schemaLocation="http://www.environment-agency.gov.uk/XMLSchemas/EATimeSeriesDataExchangeFormat EATimeSeriesDataExchangeFormat.xsd">
	<md:Publisher>Environment Agency</md:Publisher>
	<md:Source>EA Wales Regional Telemetry System</md:Source>
	<md:Description>Automated telemetry data export process</md:Description>
	<md:Creator>SCX 6</md:Creator>
	<md:Date>2016-02-12</md:Date>
	<md:Time>11:48:04</md:Time>
	<md:Identifier>CYCARSCXAS1</md:Identifier>
	<Station stationReference="066634" region="EA Wales" stationName="Llandudno Pier TLG" ngr="SH7854983195">
		<SetofValues parameter="Water Level" qualifier="Stage" dataType="Instantaneous" period="15 min" units="mAOD" startDate="2016-02-12" startTime="11:30:00" endDate="2016-02-12" endTime="11:30:00">
			<Value date="2016-02-12" time="11:30:00">3.055</Value>
		</SetofValues>
	</Station>
	<Station stationReference="061S0691W_TG_7777" region="EA Wales" stationName="Kiln Park LVL" ngr="SN1255100467">
		<SetofValues parameter="Water Level" qualifier="Stage" dataType="Instantaneous" period="15 min" units="m" startDate="2016-02-12" startTime="11:45:00" endDate="2016-02-12" endTime="11:45:00">
			<Value date="2016-02-12" time="11:45:00">1.000</Value>
		</SetofValues>
	</Station>
</EATimeSeriesDataExchangeFormat>
