<?xml version="1.0" standalone="yes"?>
<EATimeSeriesDataExchangeFormat xmlns="http://www.environment-agency.gov.uk/XMLSchemas/EATimeSeriesDataExchangeFormat" xmlns:md="http://www.environment-agency.gov.uk/XMLSchemas/EAMetadataFormat" xmlns:xsi="http://www.w3.org/2001/XMLSchema-instance" xsi:schemaLocation="http://www.environment-agency.gov.uk/XMLSchemas/EATimeSeriesDataExchangeFormat EATimeSeriesDataExchangeFormat.xsd">
	<md:Publisher>Environment Agency</md:Publisher>
	<md:Source>EA Wales Regional Telemetry System</md:Source>
	<md:Description>Automated telemetry data export process</md:Description>
	<md:Creator>SCX 6</md:Creator>
	<md:Date>2016-02-12</md:Date>
	<md:Time>13:36:11</md:Time>
	<md:Identifier>CYCARSCXAS1</md:Identifier>
	<Station stationReference="067015_TG 132" region="EA Wales" stationName="Manley Hall No1 LVL-River Level" ngr="SJ3484041474">
		<SetofValues parameter="Water Level" qualifier="Stage" dataType="Instantaneous" period="15 min" units="m" startDate="2016-02-12" startTime="13:00:00" endDate="2016-02-12" endTime="13:30:00">
			<Value date="2016-02-12" time="13:00:00">1.210</Value>
			<Value date="2016-02-12" time="13:15:00">1.210</Value>
			<Value date="2016-02-12" time="13:30:00">1.206</Value>
		</SetofValues>
	</Station>
	<Station stationReference="066634" region="EA Wales" stationName="Llandudno Pier TLG" ngr="SH7854983195">
		<SetofValues parameter="Water Level" qualifier="Stage" dataType="Instantaneous" period="15 min" units="mAOD" startDate="2016-02-12" startTime="13:15:00" endDate="2016-02-12" endTime="13:15:00">
			<Value date="2016-02-12" time="13:15:00">4.448</Value>
		</SetofValues>
	</Station>
	<Station stationReference="066011_TG_9202" region="EA Wales" stationName="Cwmlanerch LVL" ngr="SH8011857978">
		<SetofValues parameter="Water Level" qualifier="Stage" dataType="Instantaneous" period="15 min" units="m" startDate="2016-02-12" startTime="13:00:00" endDate="2016-02-12" endTime="13:30:00">
			<Value date="2016-02-12" time="13:00:00">1.136</Value>
			<Value date="2016-02-12" time="13:15:00">1.135</Value>
			<Value date="2016-02-12" time="13:30:00">1.134</Value>
		</SetofValues>
	</Station>
	<Station stationReference="064001_TG 401" region="EA Wales" stationName="Afon Dyfi No2 LVL" ngr="SH7445801929">
		<SetofValues parameter="Water Level" qualifier="Stage" dataType="Instantaneous" period="15 min" units="m" startDate="2016-02-12" startTime="10:15:00" endDate="2016-02-12" endTime="13:30:00">
			<Value date="2016-02-12" time="10:15:00">1.636</Value>
			<Value date="2016-02-12" time="10:30:00">1.640</Value>
			<Value date="2016-02-12" time="10:45:00">1.632</Value>
			<Value date="2016-02-12" time="11:00:00">1.632</Value>
			<Value date="2016-02-12" time="11:15:00">1.632</Value>
			<Value date="2016-02-12" time="11:30:00">1.632</Value>
			<Value date="2016-02-12" time="11:45:00">1.627</Value>
			<Value date="2016-02-12" time="12:00:00">1.629</Value>
			<Value date="2016-02-12" time="12:15:00">1.626</Value>
			<Value date="2016-02-12" time="12:30:00">1.626</Value>
			<Value date="2016-02-12" time="12:45:00">1.622</Value>
			<Value date="2016-02-12" time="13:00:00">1.622</Value>
			<Value date="2016-02-12" time="13:15:00">1.632</Value>
			<Value date="2016-02-12" time="13:30:00">1.610</Value>
		</SetofValues>
	</Station>
	<Station stationReference="056R0516E_TG 403Stage" region="EA Wales" stationName="Crai Reservoir LVL-Outflow Level">
		<SetofValues parameter="Water Level" qualifier="Stage" dataType="Instantaneous" period="15 min" units="m" startDate="2016-02-12" startTime="13:15:00" endDate="2016-02-12" endTime="13:30:00">
			<Value date="2016-02-12" time="13:15:00">0.740</Value>
			<Value date="2016-02-12" time="13:30:00">0.736</Value>
		</SetofValues>
	</Station>
	<Station stationReference="056R0516E_TG 403" region="EA Wales" stationName="Crai Reservoir Rainfall" ngr="SN8840522259">
		<SetofValues parameter="Rainfall" qualifier="Tipping Bucket Raingauge" dataType="Total" period="15 min" units="mm" startDate="2016-02-12" startTime="13:15:00" endDate="2016-02-12" endTime="13:30:00">
			<Value date="2016-02-12" time="13:15:00">0.0</Value>
			<Value date="2016-02-12" time="13:30:00">0.0</Value>
		</SetofValues>
	</Station>
</EATimeSeriesDataExchangeFormat>
