<?xml version="1.0" standalone="yes"?>
<EATimeSeriesDataExchangeFormat xmlns="http://www.environment-agency.gov.uk/XMLSchemas/EATimeSeriesDataExchangeFormat" xmlns:md="http://www.environment-agency.gov.uk/XMLSchemas/EAMetadataFormat" xmlns:xsi="http://www.w3.org/2001/XMLSchema-instance" xsi:schemaLocation="http://www.environment-agency.gov.uk/XMLSchemas/EATimeSeriesDataExchangeFormat EATimeSeriesDataExchangeFormat.xsd">
	<md:Publisher>Environment Agency</md:Publisher>
	<md:Source>EA Wales Regional Telemetry System</md:Source>
	<md:Description>Automated telemetry data export process</md:Description>
	<md:Creator>SCX 6</md:Creator>
	<md:Date>2016-02-12</md:Date>
	<md:Time>14:17:03</md:Time>
	<md:Identifier>CYCARSCXAS1</md:Identifier>
	<Station stationReference="R-CWMDULI_RK" region="EA Wales" stationName="Cwm Dyli RAIN">
		<SetofValues parameter="Rainfall" qualifier="Tipping Bucket Raingauge" dataType="Total" period="15 min" units="mm" startDate="2016-02-12" startTime="10:15:00" endDate="2016-02-12" endTime="14:15:00">
			<Value date="2016-02-12" time="10:15:00">0.0</Value>
			<Value date="2016-02-12" time="10:30:00">0.0</Value>
			<Value date="2016-02-12" time="10:45:00">0.0</Value>
			<Value date="2016-02-12" time="11:00:00">0.0</Value>
			<Value date="2016-02-12" time="11:15:00">0.0</Value>
			<Value date="2016-02-12" time="11:30:00">0.0</Value>
			<Value date="2016-02-12" time="11:45:00">0.0</Value>
			<Value date="2016-02-12" time="12:00:00">0.0</Value>
			<Value date="2016-02-12" time="12:15:00">0.0</Value>
			<Value date="2016-02-12" time="12:30:00">0.0</Value>
			<Value date="2016-02-12" time="12:45:00">0.0</Value>
			<Value date="2016-02-12" time="13:00:00">0.0</Value>
			<Value date="2016-02-12" time="13:15:00">0.0</Value>
			<Value date="2016-02-12" time="13:30:00">0.0</Value>
			<Value date="2016-02-12" time="13:45:00">0.0</Value>
			<Value date="2016-02-12" time="14:00:00">0.0</Value>
			<Value date="2016-02-12" time="14:15:00">0.0</Value>
		</SetofValues>
	</Station>
	<Station stationReference="BALA ULTRA_TG 112Stage" region="EA Wales" stationName="Bala Ultrasonic LVL" ngr="SH9409535733">
		<SetofValues parameter="Water Level" qualifier="Stage" dataType="Instantaneous" period="15 min" units="m" startDate="2016-02-12" startTime="10:15:00" endDate="2016-02-12" endTime="14:15:00">
			<Value date="2016-02-12" time="10:15:00">0.839</Value>
			<Value date="2016-02-12" time="10:30:00">0.838</Value>
			<Value date="2016-02-12" time="10:45:00">0.836</Value>
			<Value date="2016-02-12" time="11:00:00">0.834</Value>
			<Value date="2016-02-12" time="11:15:00">0.832</Value>
			<Value date="2016-02-12" time="11:30:00">0.830</Value>
			<Value date="2016-02-12" time="11:45:00">0.828</Value>
			<Value date="2016-02-12" time="12:00:00">0.827</Value>
			<Value date="2016-02-12" time="12:15:00">0.825</Value>
			<Value date="2016-02-12" time="12:30:00">0.823</Value>
			<Value date="2016-02-12" time="12:45:00">0.822</Value>
			<Value date="2016-02-12" time="13:00:00">0.820</Value>
			<Value date="2016-02-12" time="13:15:00">0.818</Value>
			<Value date="2016-02-12" time="13:30:00">0.816</Value>
			<Value date="2016-02-12" time="13:45:00">0.814</Value>
			<Value date="2016-02-12" time="14:00:00">0.813</Value>
			<Value date="2016-02-12" time="14:15:00">0.811</Value>
		</SetofValues>
	</Station>
	<Station stationReference="990065" region="EA Wales" stationName="Pant Gwyn RAIN" ngr="SH8508727037">
		<SetofValues parameter="Rainfall" qualifier="Tipping Bucket Raingauge" dataType="Total" period="15 min" units="mm" startDate="2016-02-12" startTime="10:15:00" endDate="2016-02-12" endTime="14:15:00">
			<Value date="2016-02-12" time="10:15:00">0.0</Value>
			<Value date="2016-02-12" time="10:30:00">0.0</Value>
			<Value date="2016-02-12" time="10:45:00">0.0</Value>
			<Value date="2016-02-12" time="11:00:00">0.0</Value>
			<Value date="2016-02-12" time="11:15:00">0.0</Value>
			<Value date="2016-02-12" time="11:30:00">0.0</Value>
			<Value date="2016-02-12" time="11:45:00">0.0</Value>
			<Value date="2016-02-12" time="12:00:00">0.0</Value>
			<Value date="2016-02-12" time="12:15:00">0.0</Value>
			<Value date="2016-02-12" time="12:30:00">0.0</Value>
			<Value date="2016-02-12" time="12:45:00">0.0</Value>
			<Value date="2016-02-12" time="13:00:00">0.0</Value>
			<Value date="2016-02-12" time="13:15:00">0.0</Value>
			<Value date="2016-02-12" time="13:30:00">0.0</Value>
			<Value date="2016-02-12" time="13:45:00">0.0</Value>
			<Value date="2016-02-12" time="14:00:00">0.0</Value>
			<Value date="2016-02-12" time="14:15:00">0.0</Value>
		</SetofValues>
	</Station>
	<Station stationReference="533913" region="EA Wales" stationName="Bethesda RAIN" ngr="SH6201065481">
		<SetofValues parameter="Rainfall" qualifier="Tipping Bucket Raingauge" dataType="Total" period="15 min" units="mm" startDate="2016-02-12" startTime="10:15:00" endDate="2016-02-12" endTime="14:15:00">
			<Value date="2016-02-12" time="10:15:00">0.0</Value>
			<Value date="2016-02-12" time="10:30:00">0.0</Value>
			<Value date="2016-02-12" time="10:45:00">0.0</Value>
			<Value date="2016-02-12" time="11:00:00">0.0</Value>
			<Value date="2016-02-12" time="11:15:00">0.0</Value>
			<Value date="2016-02-12" time="11:30:00">0.0</Value>
			<Value date="2016-02-12" time="11:45:00">0.0</Value>
			<Value date="2016-02-12" time="12:00:00">0.0</Value>
			<Value date="2016-02-12" time="12:15:00">0.0</Value>
			<Value date="2016-02-12" time="12:30:00">0.0</Value>
			<Value date="2016-02-12" time="12:45:00">0.0</Value>
			<Value date="2016-02-12" time="13:00:00">0.0</Value>
			<Value date="2016-02-12" time="13:15:00">0.0</Value>
			<Value date="2016-02-12" time="13:30:00">0.0</Value>
			<Value date="2016-02-12" time="13:45:00">0.0</Value>
			<Value date="2016-02-12" time="14:00:00">0.0</Value>
			<Value date="2016-02-12" time="14:15:00">0.0</Value>
		</SetofValues>
	</Station>
	<Station stationReference="07866" region="EA Wales" stationName="Bala Climate" ngr="SH9352535635">
		<SetofValues parameter="Rainfall" qualifier="Tipping Bucket Raingauge" dataType="Total" period="15 min" units="mm" startDate="2016-02-12" startTime="10:15:00" endDate="2016-02-12" endTime="14:00:00">
			<Value date="2016-02-12" time="10:15:00">0.0</Value>
			<Value date="2016-02-12" time="10:30:00">0.0</Value>
			<Value date="2016-02-12" time="10:45:00">0.0</Value>
			<Value date="2016-02-12" time="11:00:00">0.0</Value>
			<Value date="2016-02-12" time="11:15:00">0.0</Value>
			<Value date="2016-02-12" time="11:30:00">0.0</Value>
			<Value date="2016-02-12" time="11:45:00">0.0</Value>
			<Value date="2016-02-12" time="12:00:00">0.0</Value>
			<Value date="2016-02-12" time="12:15:00">0.0</Value>
			<Value date="2016-02-12" time="12:30:00">0.0</Value>
			<Value date="2016-02-12" time="12:45:00">0.0</Value>
			<Value date="2016-02-12" time="13:00:00">0.0</Value>
			<Value date="2016-02-12" time="13:15:00">0.0</Value>
			<Value date="2016-02-12" time="13:30:00">0.0</Value>
			<Value date="2016-02-12" time="13:45:00">0.0</Value>
			<Value date="2016-02-12" time="14:00:00">0.0</Value>
		</SetofValues>
	</Station>
	<Station stationReference="067638_TG 130" region="EA Wales" stationName="Bangor On Dee No1 LVL" ngr="SJ3894645226">
		<SetofValues parameter="Water Level" qualifier="Stage" dataType="Instantaneous" period="15 min" units="m" startDate="2016-02-12" startTime="10:15:00" endDate="2016-02-12" endTime="14:00:00">
			<Value date="2016-02-12" time="10:15:00">1.733</Value>
			<Value date="2016-02-12" time="10:30:00">1.724</Value>
			<Value date="2016-02-12" time="10:45:00">1.720</Value>
			<Value date="2016-02-12" time="11:00:00">1.717</Value>
			<Value date="2016-02-12" time="11:15:00">1.712</Value>
			<Value date="2016-02-12" time="11:30:00">1.709</Value>
			<Value date="2016-02-12" time="11:45:00">1.704</Value>
			<Value date="2016-02-12" time="12:00:00">1.697</Value>
			<Value date="2016-02-12" time="12:15:00">1.694</Value>
			<Value date="2016-02-12" time="12:30:00">1.690</Value>
			<Value date="2016-02-12" time="12:45:00">1.687</Value>
			<Value date="2016-02-12" time="13:00:00">1.681</Value>
			<Value date="2016-02-12" time="13:15:00">1.681</Value>
			<Value date="2016-02-12" time="13:30:00">1.669</Value>
			<Value date="2016-02-12" time="13:45:00">1.666</Value>
			<Value date="2016-02-12" time="14:00:00">1.661</Value>
		</SetofValues>
	</Station>
	<Station stationReference="067043" region="EA Wales" stationName="Wych Brook" ngr="SJ4197045964">
		<SetofValues parameter="Flow" qualifier="Logged" dataType="Instantaneous" period="15 min" units="m3/s" startDate="2016-02-12" startTime="10:15:00" endDate="2016-02-12" endTime="14:00:00">
			<Value date="2016-02-12" time="10:15:00">1.46</Value>
			<Value date="2016-02-12" time="10:30:00">1.46</Value>
			<Value date="2016-02-12" time="10:45:00">1.46</Value>
			<Value date="2016-02-12" time="11:00:00">1.45</Value>
			<Value date="2016-02-12" time="11:15:00">1.46</Value>
			<Value date="2016-02-12" time="11:30:00">1.44</Value>
			<Value date="2016-02-12" time="11:45:00">1.45</Value>
			<Value date="2016-02-12" time="12:00:00">1.45</Value>
			<Value date="2016-02-12" time="12:15:00">1.46</Value>
			<Value date="2016-02-12" time="12:30:00">1.44</Value>
			<Value date="2016-02-12" time="12:45:00">1.44</Value>
			<Value date="2016-02-12" time="13:00:00">1.43</Value>
			<Value date="2016-02-12" time="13:15:00">1.41</Value>
			<Value date="2016-02-12" time="13:30:00">1.36</Value>
			<Value date="2016-02-12" time="13:45:00">1.28</Value>
			<Value date="2016-02-12" time="14:00:00">1.21</Value>
		</SetofValues>
		<SetofValues parameter="Water Level" qualifier="Stage" dataType="Instantaneous" period="15 min" units="m" startDate="2016-02-12" startTime="10:15:00" endDate="2016-02-12" endTime="14:00:00">
			<Value date="2016-02-12" time="10:15:00">1.013</Value>
			<Value date="2016-02-12" time="10:30:00">1.011</Value>
			<Value date="2016-02-12" time="10:45:00">1.009</Value>
			<Value date="2016-02-12" time="11:00:00">1.008</Value>
			<Value date="2016-02-12" time="11:15:00">1.006</Value>
			<Value date="2016-02-12" time="11:30:00">1.003</Value>
			<Value date="2016-02-12" time="11:45:00">1.002</Value>
			<Value date="2016-02-12" time="12:00:00">1.001</Value>
			<Value date="2016-02-12" time="12:15:00">0.999</Value>
			<Value date="2016-02-12" time="12:30:00">0.997</Value>
			<Value date="2016-02-12" time="12:45:00">0.997</Value>
			<Value date="2016-02-12" time="13:00:00">0.994</Value>
			<Value date="2016-02-12" time="13:15:00">0.989</Value>
			<Value date="2016-02-12" time="13:30:00">0.979</Value>
			<Value date="2016-02-12" time="13:45:00">0.962</Value>
			<Value date="2016-02-12" time="14:00:00">0.943</Value>
		</SetofValues>
	</Station>
	<Station stationReference="067042" region="EA Wales" stationName="Emral Brook" ngr="SJ4200645976">
		<SetofValues parameter="Flow" qualifier="Logged" dataType="Instantaneous" period="15 min" units="m3/s" startDate="2016-02-12" startTime="10:15:00" endDate="2016-02-12" endTime="14:00:00">
			<Value date="2016-02-12" time="10:15:00">1.15</Value>
			<Value date="2016-02-12" time="10:30:00">1.14</Value>
			<Value date="2016-02-12" time="10:45:00">1.13</Value>
			<Value date="2016-02-12" time="11:00:00">1.15</Value>
			<Value date="2016-02-12" time="11:15:00">1.15</Value>
			<Value date="2016-02-12" time="11:30:00">1.15</Value>
			<Value date="2016-02-12" time="11:45:00">1.14</Value>
			<Value date="2016-02-12" time="12:00:00">1.13</Value>
			<Value date="2016-02-12" time="12:15:00">1.14</Value>
			<Value date="2016-02-12" time="12:30:00">1.13</Value>
			<Value date="2016-02-12" time="12:45:00">1.13</Value>
			<Value date="2016-02-12" time="13:00:00">1.15</Value>
			<Value date="2016-02-12" time="13:15:00">1.16</Value>
			<Value date="2016-02-12" time="13:30:00">1.17</Value>
			<Value date="2016-02-12" time="13:45:00">1.20</Value>
			<Value date="2016-02-12" time="14:00:00">1.20</Value>
		</SetofValues>
		<SetofValues parameter="Water Level" qualifier="Stage" dataType="Instantaneous" period="15 min" units="m" startDate="2016-02-12" startTime="10:15:00" endDate="2016-02-12" endTime="14:00:00">
			<Value date="2016-02-12" time="10:15:00">0.983</Value>
			<Value date="2016-02-12" time="10:30:00">0.980</Value>
			<Value date="2016-02-12" time="10:45:00">0.978</Value>
			<Value date="2016-02-12" time="11:00:00">0.977</Value>
			<Value date="2016-02-12" time="11:15:00">0.975</Value>
			<Value date="2016-02-12" time="11:30:00">0.973</Value>
			<Value date="2016-02-12" time="11:45:00">0.972</Value>
			<Value date="2016-02-12" time="12:00:00">0.971</Value>
			<Value date="2016-02-12" time="12:15:00">0.969</Value>
			<Value date="2016-02-12" time="12:30:00">0.967</Value>
			<Value date="2016-02-12" time="12:45:00">0.966</Value>
			<Value date="2016-02-12" time="13:00:00">0.965</Value>
			<Value date="2016-02-12" time="13:15:00">0.961</Value>
			<Value date="2016-02-12" time="13:30:00">0.950</Value>
			<Value date="2016-02-12" time="13:45:00">0.934</Value>
			<Value date="2016-02-12" time="14:00:00">0.915</Value>
		</SetofValues>
	</Station>
	<Station stationReference="067033_TG 148" region="EA Wales" stationName="Chester Weir No3 URG" ngr="SJ4100866018">
		<SetofValues parameter="Water Level" qualifier="Stage" dataType="Instantaneous" period="15 min" units="m" startDate="2016-02-12" startTime="10:15:00" endDate="2016-02-12" endTime="14:15:00">
			<Value date="2016-02-12" time="10:15:00">4.957</Value>
			<Value date="2016-02-12" time="10:30:00">4.957</Value>
			<Value date="2016-02-12" time="10:45:00">4.956</Value>
			<Value date="2016-02-12" time="11:00:00">4.954</Value>
			<Value date="2016-02-12" time="11:15:00">4.954</Value>
			<Value date="2016-02-12" time="11:30:00">4.954</Value>
			<Value date="2016-02-12" time="11:45:00">4.954</Value>
			<Value date="2016-02-12" time="12:00:00">4.951</Value>
			<Value date="2016-02-12" time="12:15:00">4.947</Value>
			<Value date="2016-02-12" time="12:30:00">4.947</Value>
			<Value date="2016-02-12" time="12:45:00">4.947</Value>
			<Value date="2016-02-12" time="13:00:00">4.975</Value>
			<Value date="2016-02-12" time="13:15:00">5.328</Value>
			<Value date="2016-02-12" time="13:30:00">5.575</Value>
			<Value date="2016-02-12" time="13:45:00">5.659</Value>
			<Value date="2016-02-12" time="14:00:00">5.712</Value>
			<Value date="2016-02-12" time="14:15:00">5.724</Value>
		</SetofValues>
		<SetofValues parameter="Flow" qualifier="Logged" dataType="Instantaneous" period="15 min" units="m3/s" startDate="2016-02-12" startTime="10:15:00" endDate="2016-02-12" endTime="14:15:00">
			<Value date="2016-02-12" time="10:15:00">0.000</Value>
			<Value date="2016-02-12" time="10:30:00">0.000</Value>
			<Value date="2016-02-12" time="10:45:00">0.000</Value>
			<Value date="2016-02-12" time="11:00:00">0.000</Value>
			<Value date="2016-02-12" time="11:15:00">0.000</Value>
			<Value date="2016-02-12" time="11:30:00">0.000</Value>
			<Value date="2016-02-12" time="11:45:00">0.000</Value>
			<Value date="2016-02-12" time="12:00:00">0.000</Value>
			<Value date="2016-02-12" time="12:15:00">0.000</Value>
			<Value date="2016-02-12" time="12:30:00">0.000</Value>
			<Value date="2016-02-12" time="12:45:00">0.000</Value>
			<Value date="2016-02-12" time="13:00:00">0.000</Value>
			<Value date="2016-02-12" time="13:15:00">0.000</Value>
			<Value date="2016-02-12" time="13:30:00">0.000</Value>
			<Value date="2016-02-12" time="13:45:00">0.000</Value>
			<Value date="2016-02-12" time="14:00:00">0.000</Value>
			<Value date="2016-02-12" time="14:15:00">0.000</Value>
		</SetofValues>
		<SetofValues parameter="Flow" qualifier="Logged" dataType="Instantaneous" period="15 min" units="m3/s" startDate="2016-02-12" startTime="10:15:00" endDate="2016-02-12" endTime="14:15:00">
			<Value date="2016-02-12" time="10:15:00">143.300</Value>
			<Value date="2016-02-12" time="10:30:00">142.000</Value>
			<Value date="2016-02-12" time="10:45:00">140.100</Value>
			<Value date="2016-02-12" time="11:00:00">142.500</Value>
			<Value date="2016-02-12" time="11:15:00">134.100</Value>
			<Value date="2016-02-12" time="11:30:00">141.600</Value>
			<Value date="2016-02-12" time="11:45:00">141.000</Value>
			<Value date="2016-02-12" time="12:00:00">146.300</Value>
			<Value date="2016-02-12" time="12:15:00">143.600</Value>
			<Value date="2016-02-12" time="12:30:00">144.000</Value>
			<Value date="2016-02-12" time="12:45:00">145.500</Value>
			<Value date="2016-02-12" time="13:00:00">147.000</Value>
			<Value date="2016-02-12" time="13:15:00">75.700</Value>
			<Value date="2016-02-12" time="13:30:00">49.100</Value>
			<Value date="2016-02-12" time="13:45:00">71.000</Value>
			<Value date="2016-02-12" time="14:00:00">83.700</Value>
			<Value date="2016-02-12" time="14:15:00">94.400</Value>
		</SetofValues>
	</Station>
	<Station stationReference="064001_TG 401" region="EA Wales" stationName="Afon Dyfi No2 LVL" ngr="SH7445801929">
		<SetofValues parameter="Water Level" qualifier="Stage" dataType="Instantaneous" period="15 min" units="m" startDate="2016-02-12" startTime="14:15:00" endDate="2016-02-12" endTime="14:15:00">
			<Value date="2016-02-12" time="14:15:00">1.603</Value>
		</SetofValues>
	</Station>
	<Station stationReference="061S0691W_TG_7777" region="EA Wales" stationName="Kiln Park LVL" ngr="SN1255100467">
		<SetofValues parameter="Water Level" qualifier="Stage" dataType="Instantaneous" period="15 min" units="m" startDate="2016-02-12" startTime="14:15:00" endDate="2016-02-12" endTime="14:15:00">
			<Value date="2016-02-12" time="14:15:00">0.800</Value>
		</SetofValues>
	</Station>
	<Station stationReference="060005_TG_9108" region="EA Wales" stationName="Llandovery LVL" ngr="SN7711834338">
		<SetofValues parameter="Water Level" qualifier="Stage" dataType="Instantaneous" period="15 min" units="m" startDate="2016-02-12" startTime="10:15:00" endDate="2016-02-12" endTime="14:00:00">
			<Value date="2016-02-12" time="10:15:00">0.576</Value>
			<Value date="2016-02-12" time="10:30:00">0.576</Value>
			<Value date="2016-02-12" time="10:45:00">0.570</Value>
			<Value date="2016-02-12" time="11:00:00">0.570</Value>
			<Value date="2016-02-12" time="11:15:00">0.570</Value>
			<Value date="2016-02-12" time="11:30:00">0.570</Value>
			<Value date="2016-02-12" time="11:45:00">0.570</Value>
			<Value date="2016-02-12" time="12:00:00">0.570</Value>
			<Value date="2016-02-12" time="12:15:00">0.570</Value>
			<Value date="2016-02-12" time="12:30:00">0.570</Value>
			<Value date="2016-02-12" time="12:45:00">0.570</Value>
			<Value date="2016-02-12" time="13:00:00">0.567</Value>
			<Value date="2016-02-12" time="13:15:00">0.567</Value>
			<Value date="2016-02-12" time="13:30:00">0.567</Value>
			<Value date="2016-02-12" time="13:45:00">0.567</Value>
			<Value date="2016-02-12" time="14:00:00">0.567</Value>
		</SetofValues>
	</Station>
	<Station stationReference="058R0109" region="EA Wales" stationName="Blaen Ogwr Rain" ngr="SS9453794097">
		<SetofValues parameter="Rainfall" qualifier="Tipping Bucket Raingauge" dataType="Total" period="15 min" units="mm" startDate="2016-02-12" startTime="10:15:00" endDate="2016-02-12" endTime="14:15:00">
			<Value date="2016-02-12" time="10:15:00">0.0</Value>
			<Value date="2016-02-12" time="10:30:00">0.0</Value>
			<Value date="2016-02-12" time="10:45:00">0.2</Value>
			<Value date="2016-02-12" time="11:00:00">0.0</Value>
			<Value date="2016-02-12" time="11:15:00">0.0</Value>
			<Value date="2016-02-12" time="11:30:00">0.0</Value>
			<Value date="2016-02-12" time="11:45:00">0.0</Value>
			<Value date="2016-02-12" time="12:00:00">0.0</Value>
			<Value date="2016-02-12" time="12:15:00">0.0</Value>
			<Value date="2016-02-12" time="12:30:00">0.0</Value>
			<Value date="2016-02-12" time="12:45:00">0.0</Value>
			<Value date="2016-02-12" time="13:00:00">0.0</Value>
			<Value date="2016-02-12" time="13:15:00">0.0</Value>
			<Value date="2016-02-12" time="13:30:00">0.0</Value>
			<Value date="2016-02-12" time="13:45:00">0.0</Value>
			<Value date="2016-02-12" time="14:00:00">0.0</Value>
			<Value date="2016-02-12" time="14:15:00">0.0</Value>
		</SetofValues>
	</Station>
</EATimeSeriesDataExchangeFormat>
