<?xml version="1.0" standalone="yes"?>
<EATimeSeriesDataExchangeFormat xmlns="http://www.environment-agency.gov.uk/XMLSchemas/EATimeSeriesDataExchangeFormat" xmlns:md="http://www.environment-agency.gov.uk/XMLSchemas/EAMetadataFormat" xmlns:xsi="http://www.w3.org/2001/XMLSchema-instance" xsi:schemaLocation="http://www.environment-agency.gov.uk/XMLSchemas/EATimeSeriesDataExchangeFormat EATimeSeriesDataExchangeFormat.xsd">
	<md:Publisher>Environment Agency</md:Publisher>
	<md:Source>EA Wales Regional Telemetry System</md:Source>
	<md:Description>Automated telemetry data export process</md:Description>
	<md:Creator>SCX 6</md:Creator>
	<md:Date>2016-02-12</md:Date>
	<md:Time>10:08:37</md:Time>
	<md:Identifier>CYCARSCXAS1</md:Identifier>
	<Station stationReference="RHYMNEY BR_TG 526" region="EA Wales" stationName="Rumney Bridge LVL" ngr="ST2100078590">
		<SetofValues parameter="Water Level" qualifier="Stage" dataType="Instantaneous" period="15 min" units="mAOD" startDate="2016-02-12" startTime="10:00:00" endDate="2016-02-12" endTime="10:00:00">
			<Value date="2016-02-12" time="10:00:00">7.033</Value>
		</SetofValues>
	</Station>
	<Station stationReference="BALA ULTRA_TG 112Stage" region="EA Wales" stationName="Bala Ultrasonic LVL" ngr="SH9409535733">
		<SetofValues parameter="Water Level" qualifier="Stage" dataType="Instantaneous" period="15 min" units="m" startDate="2016-02-12" startTime="09:15:00" endDate="2016-02-12" endTime="10:00:00">
			<Value date="2016-02-12" time="09:15:00">0.847</Value>
			<Value date="2016-02-12" time="09:30:00">0.845</Value>
			<Value date="2016-02-12" time="09:45:00">0.843</Value>
			<Value date="2016-02-12" time="10:00:00">0.841</Value>
		</SetofValues>
	</Station>
	<Station stationReference="990066" region="EA Wales" stationName="Llithfaen Rain" ngr="SH3602642443">
		<SetofValues parameter="Rainfall" qualifier="Tipping Bucket Raingauge" dataType="Total" period="15 min" units="mm" startDate="2016-02-12" startTime="09:15:00" endDate="2016-02-12" endTime="10:00:00">
			<Value date="2016-02-12" time="09:15:00">0.0</Value>
			<Value date="2016-02-12" time="09:30:00">0.0</Value>
			<Value date="2016-02-12" time="09:45:00">0.0</Value>
			<Value date="2016-02-12" time="10:00:00">0.0</Value>
		</SetofValues>
	</Station>
	<Station stationReference="990062" region="EA Wales" stationName="Trearddur Bay Rain" ngr="SH2581077311">
		<SetofValues parameter="Rainfall" qualifier="Tipping Bucket Raingauge" dataType="Total" period="15 min" units="mm" startDate="2016-02-12" startTime="09:15:00" endDate="2016-02-12" endTime="10:00:00">
			<Value date="2016-02-12" time="09:15:00">0.0</Value>
			<Value date="2016-02-12" time="09:30:00">0.0</Value>
			<Value date="2016-02-12" time="09:45:00">0.0</Value>
			<Value date="2016-02-12" time="10:00:00">0.0</Value>
		</SetofValues>
	</Station>
	<Station stationReference="990016P" region="EA Wales" stationName="Tryweryn Dam Pluvio RAIN" ngr="SH8810139945">
		<SetofValues parameter="Rainfall" qualifier="Tipping Bucket Raingauge" dataType="Total" period="15 min" units="mm" startDate="2016-02-12" startTime="09:15:00" endDate="2016-02-12" endTime="10:00:00">
			<Value date="2016-02-12" time="09:15:00">0.0</Value>
			<Value date="2016-02-12" time="09:30:00">0.0</Value>
			<Value date="2016-02-12" time="09:45:00">0.0</Value>
			<Value date="2016-02-12" time="10:00:00">0.0</Value>
		</SetofValues>
	</Station>
	<Station stationReference="60016" region="EA Wales" stationName="Manorafon No2 LVL-River Level" ngr="SN6572524004">
		<SetofValues parameter="Water Level" qualifier="Stage" dataType="Instantaneous" period="15 min" units="m" startDate="2016-02-12" startTime="08:15:00" endDate="2016-02-12" endTime="10:00:00">
			<Value date="2016-02-12" time="08:15:00">1.817</Value>
			<Value date="2016-02-12" time="08:30:00">1.813</Value>
			<Value date="2016-02-12" time="08:45:00">1.810</Value>
			<Value date="2016-02-12" time="09:00:00">1.806</Value>
			<Value date="2016-02-12" time="09:15:00">1.802</Value>
			<Value date="2016-02-12" time="09:30:00">1.799</Value>
			<Value date="2016-02-12" time="09:45:00">1.795</Value>
			<Value date="2016-02-12" time="10:00:00">1.794</Value>
		</SetofValues>
	</Station>
	<Station stationReference="491789" region="EA Wales" stationName="Cogmoors RAIN" ngr="ST1598669586">
		<SetofValues parameter="Rainfall" qualifier="Tipping Bucket Raingauge" dataType="Total" period="15 min" units="mm" startDate="2016-02-12" startTime="08:15:00" endDate="2016-02-12" endTime="10:00:00">
			<Value date="2016-02-12" time="08:15:00">0.0</Value>
			<Value date="2016-02-12" time="08:30:00">0.0</Value>
			<Value date="2016-02-12" time="08:45:00">0.0</Value>
			<Value date="2016-02-12" time="09:00:00">0.0</Value>
			<Value date="2016-02-12" time="09:15:00">0.0</Value>
			<Value date="2016-02-12" time="09:30:00">0.0</Value>
			<Value date="2016-02-12" time="09:45:00">0.0</Value>
			<Value date="2016-02-12" time="10:00:00">0.0</Value>
		</SetofValues>
	</Station>
	<Station stationReference="488028" region="EA Wales" stationName="Rhymney Reservoir RAIN" ngr="SO1048009910">
		<SetofValues parameter="Rainfall" qualifier="Tipping Bucket Raingauge" dataType="Total" period="15 min" units="mm" startDate="2016-02-12" startTime="08:15:00" endDate="2016-02-12" endTime="10:00:00">
			<Value date="2016-02-12" time="08:15:00">0.0</Value>
			<Value date="2016-02-12" time="08:30:00">0.0</Value>
			<Value date="2016-02-12" time="08:45:00">0.0</Value>
			<Value date="2016-02-12" time="09:00:00">0.0</Value>
			<Value date="2016-02-12" time="09:15:00">0.0</Value>
			<Value date="2016-02-12" time="09:30:00">0.0</Value>
			<Value date="2016-02-12" time="09:45:00">0.0</Value>
			<Value date="2016-02-12" time="10:00:00">0.0</Value>
		</SetofValues>
	</Station>
	<Station stationReference="486129" region="EA Wales" stationName="Cwmafon RAIN" ngr="SO2691407036">
		<SetofValues parameter="Rainfall" qualifier="Tipping Bucket Raingauge" dataType="Total" period="15 min" units="mm" startDate="2016-02-12" startTime="08:15:00" endDate="2016-02-12" endTime="10:00:00">
			<Value date="2016-02-12" time="08:15:00">0.0</Value>
			<Value date="2016-02-12" time="08:30:00">0.0</Value>
			<Value date="2016-02-12" time="08:45:00">0.0</Value>
			<Value date="2016-02-12" time="09:00:00">0.0</Value>
			<Value date="2016-02-12" time="09:15:00">0.0</Value>
			<Value date="2016-02-12" time="09:30:00">0.0</Value>
			<Value date="2016-02-12" time="09:45:00">0.0</Value>
			<Value date="2016-02-12" time="10:00:00">0.0</Value>
		</SetofValues>
	</Station>
	<Station stationReference="427444" region="EA Wales" stationName="Penygweli Res RAIN" ngr="SJ2209131983">
		<SetofValues parameter="Rainfall" qualifier="Tipping Bucket Raingauge" dataType="Total" period="15 min" units="mm" startDate="2016-02-12" startTime="08:15:00" endDate="2016-02-12" endTime="10:00:00">
			<Value date="2016-02-12" time="08:15:00">0.0</Value>
			<Value date="2016-02-12" time="08:30:00">0.0</Value>
			<Value date="2016-02-12" time="08:45:00">0.0</Value>
			<Value date="2016-02-12" time="09:00:00">0.0</Value>
			<Value date="2016-02-12" time="09:15:00">0.0</Value>
			<Value date="2016-02-12" time="09:30:00">0.0</Value>
			<Value date="2016-02-12" time="09:45:00">0.0</Value>
			<Value date="2016-02-12" time="10:00:00">0.0</Value>
		</SetofValues>
	</Station>
	<Station stationReference="2720" region="EA Wales" stationName="Llanfyllin (Cain) LVL" ngr="SJ1476719199">
		<SetofValues parameter="Water Level" qualifier="Stage" dataType="Instantaneous" period="15 min" units="m" startDate="2016-02-12" startTime="08:15:00" endDate="2016-02-12" endTime="10:00:00">
			<Value date="2016-02-12" time="08:15:00">0.696</Value>
			<Value date="2016-02-12" time="08:30:00">0.696</Value>
			<Value date="2016-02-12" time="08:45:00">0.694</Value>
			<Value date="2016-02-12" time="09:00:00">0.695</Value>
			<Value date="2016-02-12" time="09:15:00">0.693</Value>
			<Value date="2016-02-12" time="09:30:00">0.693</Value>
			<Value date="2016-02-12" time="09:45:00">0.692</Value>
			<Value date="2016-02-12" time="10:00:00">0.691</Value>
		</SetofValues>
	</Station>
	<Station stationReference="2107" region="EA Wales" stationName="Knighton LVL" ngr="SO2897872376">
		<SetofValues parameter="Water Level" qualifier="Stage" dataType="Instantaneous" period="15 min" units="mASD" startDate="2016-02-12" startTime="09:15:00" endDate="2016-02-12" endTime="10:00:00">
			<Value date="2016-02-12" time="09:15:00">0.898</Value>
			<Value date="2016-02-12" time="09:30:00">0.897</Value>
			<Value date="2016-02-12" time="09:45:00">0.897</Value>
			<Value date="2016-02-12" time="10:00:00">0.896</Value>
		</SetofValues>
	</Station>
	<Station stationReference="067638_TG 130" region="EA Wales" stationName="Bangor On Dee No1 LVL" ngr="SJ3894645226">
		<SetofValues parameter="Water Level" qualifier="Stage" dataType="Instantaneous" period="15 min" units="m" startDate="2016-02-12" startTime="09:15:00" endDate="2016-02-12" endTime="10:00:00">
			<Value date="2016-02-12" time="09:15:00">1.753</Value>
			<Value date="2016-02-12" time="09:30:00">1.750</Value>
			<Value date="2016-02-12" time="09:45:00">1.743</Value>
			<Value date="2016-02-12" time="10:00:00">1.740</Value>
		</SetofValues>
	</Station>
	<Station stationReference="067624_TG 126" region="EA Wales" stationName="Farndon No3 LVL" ngr="SJ4121154347">
		<SetofValues parameter="Water Level" qualifier="Stage" dataType="Instantaneous" period="15 min" units="mAOD" startDate="2016-02-12" startTime="09:15:00" endDate="2016-02-12" endTime="10:00:00">
			<Value date="2016-02-12" time="09:15:00">8.418</Value>
			<Value date="2016-02-12" time="09:30:00">8.411</Value>
			<Value date="2016-02-12" time="09:45:00">8.408</Value>
			<Value date="2016-02-12" time="10:00:00">8.403</Value>
		</SetofValues>
	</Station>
	<Station stationReference="067020_TG 115" region="EA Wales" stationName="Chester Weir No2 LVL" ngr="SJ4081465875">
		<SetofValues parameter="Water Level" qualifier="Downstream Stage" dataType="Instantaneous" period="15 min" units="mAOD" startDate="2016-02-12" startTime="09:15:00" endDate="2016-02-12" endTime="10:00:00">
			<Value date="2016-02-12" time="09:15:00">3.865</Value>
			<Value date="2016-02-12" time="09:30:00">3.862</Value>
			<Value date="2016-02-12" time="09:45:00">3.857</Value>
			<Value date="2016-02-12" time="10:00:00">3.851</Value>
		</SetofValues>
	</Station>
	<Station stationReference="067019_TG 107" region="EA Wales" stationName="Bala Wier X LVL" ngr="SH9318735961">
		<SetofValues parameter="Water Level" qualifier="Stage" dataType="Instantaneous" period="15 min" units="m" startDate="2016-02-12" startTime="09:15:00" endDate="2016-02-12" endTime="10:00:00">
			<Value date="2016-02-12" time="09:15:00">0.839</Value>
			<Value date="2016-02-12" time="09:30:00">0.839</Value>
			<Value date="2016-02-12" time="09:45:00">0.839</Value>
			<Value date="2016-02-12" time="10:00:00">0.839</Value>
		</SetofValues>
	</Station>
	<Station stationReference="067014_TG 120" region="EA Wales" stationName="Corwen No2 LVL" ngr="SJ0690843324">
		<SetofValues parameter="Water Level" qualifier="Stage" dataType="Instantaneous" period="15 min" units="m" startDate="2016-02-12" startTime="09:15:00" endDate="2016-02-12" endTime="10:00:00">
			<Value date="2016-02-12" time="09:15:00">0.962</Value>
			<Value date="2016-02-12" time="09:30:00">0.961</Value>
			<Value date="2016-02-12" time="09:45:00">0.960</Value>
			<Value date="2016-02-12" time="10:00:00">0.959</Value>
		</SetofValues>
	</Station>
	<Station stationReference="066025_TG 9520" region="EA Wales" stationName="Pont Dafydd LVL" ngr="SJ0440974894">
		<SetofValues parameter="Water Level" qualifier="Stage" dataType="Instantaneous" period="15 min" units="m" startDate="2016-02-12" startTime="09:15:00" endDate="2016-02-12" endTime="10:00:00">
			<Value date="2016-02-12" time="09:15:00">2.915</Value>
			<Value date="2016-02-12" time="09:30:00">2.914</Value>
			<Value date="2016-02-12" time="09:45:00">2.913</Value>
			<Value date="2016-02-12" time="10:00:00">2.912</Value>
		</SetofValues>
		<SetofValues parameter="Water Level" qualifier="Stage" dataType="Instantaneous" period="15 min" units="m" startDate="2016-02-12" startTime="09:15:00" endDate="2016-02-12" endTime="10:00:00">
			<Value date="2016-02-12" time="09:15:00">2.913</Value>
			<Value date="2016-02-12" time="09:30:00">2.911</Value>
			<Value date="2016-02-12" time="09:45:00">2.911</Value>
			<Value date="2016-02-12" time="10:00:00">2.910</Value>
		</SetofValues>
	</Station>
	<Station stationReference="065009_TG 1301Stage" region="EA Wales" stationName="Llyn Cwm Dulyn LVL" ngr="SH4890549810">
		<SetofValues parameter="Water Level" qualifier="Stage" dataType="Instantaneous" period="15 min" units="m" startDate="2016-02-12" startTime="09:15:00" endDate="2016-02-12" endTime="10:00:00">
			<Value date="2016-02-12" time="09:15:00">0.243</Value>
			<Value date="2016-02-12" time="09:30:00">0.244</Value>
			<Value date="2016-02-12" time="09:45:00">0.239</Value>
			<Value date="2016-02-12" time="10:00:00">0.239</Value>
		</SetofValues>
	</Station>
	<Station stationReference="063R03852_TelemRainfall" region="EA Wales" stationName="Pwll Peiran RAIN" ngr="SN7728974920">
		<SetofValues parameter="Rainfall" qualifier="Tipping Bucket Raingauge" dataType="Total" period="15 min" units="mm" startDate="2016-02-12" startTime="08:15:00" endDate="2016-02-12" endTime="10:00:00">
			<Value date="2016-02-12" time="08:15:00">0.0</Value>
			<Value date="2016-02-12" time="08:30:00">0.0</Value>
			<Value date="2016-02-12" time="08:45:00">0.0</Value>
			<Value date="2016-02-12" time="09:00:00">0.0</Value>
			<Value date="2016-02-12" time="09:15:00">0.0</Value>
			<Value date="2016-02-12" time="09:30:00">0.0</Value>
			<Value date="2016-02-12" time="09:45:00">0.0</Value>
			<Value date="2016-02-12" time="10:00:00">0.0</Value>
		</SetofValues>
	</Station>
	<Station stationReference="063003/TG 125" region="EA Wales" stationName="Llanrhystud LVL" ngr="SN5418269790">
		<SetofValues parameter="Water Level" qualifier="Stage" dataType="Instantaneous" period="15 min" units="m" startDate="2016-02-12" startTime="08:15:00" endDate="2016-02-12" endTime="10:00:00">
			<Value date="2016-02-12" time="08:15:00">0.307</Value>
			<Value date="2016-02-12" time="08:30:00">0.306</Value>
			<Value date="2016-02-12" time="08:45:00">0.301</Value>
			<Value date="2016-02-12" time="09:00:00">0.301</Value>
			<Value date="2016-02-12" time="09:15:00">0.301</Value>
			<Value date="2016-02-12" time="09:30:00">0.301</Value>
			<Value date="2016-02-12" time="09:45:00">0.303</Value>
			<Value date="2016-02-12" time="10:00:00">0.304</Value>
		</SetofValues>
	</Station>
	<Station stationReference="062S0666W_TG 135" region="EA Wales" stationName="Llandysul LVL" ngr="SN4119240112">
		<SetofValues parameter="Water Level" qualifier="Stage" dataType="Instantaneous" period="15 min" units="m" startDate="2016-02-12" startTime="08:15:00" endDate="2016-02-12" endTime="10:00:00">
			<Value date="2016-02-12" time="08:15:00">0.928</Value>
			<Value date="2016-02-12" time="08:30:00">0.932</Value>
			<Value date="2016-02-12" time="08:45:00">0.931</Value>
			<Value date="2016-02-12" time="09:00:00">0.921</Value>
			<Value date="2016-02-12" time="09:15:00">0.927</Value>
			<Value date="2016-02-12" time="09:30:00">0.925</Value>
			<Value date="2016-02-12" time="09:45:00">0.927</Value>
			<Value date="2016-02-12" time="10:00:00">0.917</Value>
		</SetofValues>
	</Station>
	<Station stationReference="062S0400" region="EA Wales" stationName="Cardigan Quay LVL" ngr="SN1771045872">
		<SetofValues parameter="Water Level" qualifier="Stage" dataType="Instantaneous" period="15 min" units="mAOD" startDate="2016-02-12" startTime="08:15:00" endDate="2016-02-12" endTime="10:00:00">
			<Value date="2016-02-12" time="08:15:00">1.593</Value>
			<Value date="2016-02-12" time="08:30:00">1.904</Value>
			<Value date="2016-02-12" time="08:45:00">2.162</Value>
			<Value date="2016-02-12" time="09:00:00">2.404</Value>
			<Value date="2016-02-12" time="09:15:00">2.605</Value>
			<Value date="2016-02-12" time="09:30:00">2.759</Value>
			<Value date="2016-02-12" time="09:45:00">2.846</Value>
			<Value date="2016-02-12" time="10:00:00">2.895</Value>
		</SetofValues>
	</Station>
	<Station stationReference="062R0431W_RK" region="EA Wales" stationName="Llechryd RAIN" ngr="SN2291343623">
		<SetofValues parameter="Rainfall" qualifier="Tipping Bucket Raingauge" dataType="Total" period="15 min" units="mm" startDate="2016-02-12" startTime="08:15:00" endDate="2016-02-12" endTime="10:00:00">
			<Value date="2016-02-12" time="08:15:00">0.0</Value>
			<Value date="2016-02-12" time="08:30:00">0.0</Value>
			<Value date="2016-02-12" time="08:45:00">0.0</Value>
			<Value date="2016-02-12" time="09:00:00">0.0</Value>
			<Value date="2016-02-12" time="09:15:00">0.0</Value>
			<Value date="2016-02-12" time="09:30:00">0.0</Value>
			<Value date="2016-02-12" time="09:45:00">0.0</Value>
			<Value date="2016-02-12" time="10:00:00">0.0</Value>
		</SetofValues>
	</Station>
	<Station stationReference="062001_TG 9115" region="EA Wales" stationName="Glan Teifi LVL" ngr="SN2445541639">
		<SetofValues parameter="Water Level" qualifier="Stage" dataType="Instantaneous" period="15 min" units="m" startDate="2016-02-12" startTime="08:15:00" endDate="2016-02-12" endTime="10:00:00">
			<Value date="2016-02-12" time="08:15:00">1.768</Value>
			<Value date="2016-02-12" time="08:30:00">1.767</Value>
			<Value date="2016-02-12" time="08:45:00">1.763</Value>
			<Value date="2016-02-12" time="09:00:00">1.763</Value>
			<Value date="2016-02-12" time="09:15:00">1.762</Value>
			<Value date="2016-02-12" time="09:30:00">1.758</Value>
			<Value date="2016-02-12" time="09:45:00">1.758</Value>
			<Value date="2016-02-12" time="10:00:00">1.753</Value>
		</SetofValues>
	</Station>
	<Station stationReference="061S0692W" region="EA Wales" stationName="Stepaside LVL" ngr="SN1377607669">
		<SetofValues parameter="Water Level" qualifier="Stage" dataType="Instantaneous" period="15 min" units="m" startDate="2016-02-12" startTime="08:15:00" endDate="2016-02-12" endTime="10:00:00">
			<Value date="2016-02-12" time="08:15:00">0.332</Value>
			<Value date="2016-02-12" time="08:30:00">0.332</Value>
			<Value date="2016-02-12" time="08:45:00">0.331</Value>
			<Value date="2016-02-12" time="09:00:00">0.330</Value>
			<Value date="2016-02-12" time="09:15:00">0.330</Value>
			<Value date="2016-02-12" time="09:30:00">0.329</Value>
			<Value date="2016-02-12" time="09:45:00">0.328</Value>
			<Value date="2016-02-12" time="10:00:00">0.328</Value>
		</SetofValues>
	</Station>
	<Station stationReference="061S0578W_DL 2100" region="EA Wales" stationName="Middle Mill LVL" ngr="SM8061625658">
		<SetofValues parameter="Water Level" qualifier="Stage" dataType="Instantaneous" period="15 min" units="m" startDate="2016-02-12" startTime="08:15:00" endDate="2016-02-12" endTime="10:00:00">
			<Value date="2016-02-12" time="08:15:00">0.354</Value>
			<Value date="2016-02-12" time="08:30:00">0.352</Value>
			<Value date="2016-02-12" time="08:45:00">0.349</Value>
			<Value date="2016-02-12" time="09:00:00">0.354</Value>
			<Value date="2016-02-12" time="09:15:00">0.354</Value>
			<Value date="2016-02-12" time="09:30:00">0.352</Value>
			<Value date="2016-02-12" time="09:45:00">0.351</Value>
			<Value date="2016-02-12" time="10:00:00">0.351</Value>
		</SetofValues>
	</Station>
	<Station stationReference="061003_TG 114" region="EA Wales" stationName="Cilrhedyn Bridge LVL" ngr="SN0049934907">
		<SetofValues parameter="Water Level" qualifier="Stage" dataType="Instantaneous" period="15 min" units="m" startDate="2016-02-12" startTime="08:15:00" endDate="2016-02-12" endTime="10:00:00">
			<Value date="2016-02-12" time="08:15:00">0.392</Value>
			<Value date="2016-02-12" time="08:30:00">0.394</Value>
			<Value date="2016-02-12" time="08:45:00">0.394</Value>
			<Value date="2016-02-12" time="09:00:00">0.395</Value>
			<Value date="2016-02-12" time="09:15:00">0.393</Value>
			<Value date="2016-02-12" time="09:30:00">0.392</Value>
			<Value date="2016-02-12" time="09:45:00">0.394</Value>
			<Value date="2016-02-12" time="10:00:00">0.395</Value>
		</SetofValues>
	</Station>
	<Station stationReference="060S0680W_TG 136" region="EA Wales" stationName="Pontyates LVL" ngr="SN4692008473">
		<SetofValues parameter="Water Level" qualifier="Stage" dataType="Instantaneous" period="15 min" units="m" startDate="2016-02-12" startTime="08:15:00" endDate="2016-02-12" endTime="10:00:00">
			<Value date="2016-02-12" time="08:15:00">0.553</Value>
			<Value date="2016-02-12" time="08:30:00">0.553</Value>
			<Value date="2016-02-12" time="08:45:00">0.552</Value>
			<Value date="2016-02-12" time="09:00:00">0.551</Value>
			<Value date="2016-02-12" time="09:15:00">0.551</Value>
			<Value date="2016-02-12" time="09:30:00">0.546</Value>
			<Value date="2016-02-12" time="09:45:00">0.549</Value>
			<Value date="2016-02-12" time="10:00:00">0.548</Value>
		</SetofValues>
	</Station>
	<Station stationReference="060S0579W_TG 2080" region="EA Wales" stationName="Login LVL" ngr="SN1659823386">
		<SetofValues parameter="Water Level" qualifier="Stage" dataType="Instantaneous" period="15 min" units="m" startDate="2016-02-12" startTime="08:15:00" endDate="2016-02-12" endTime="10:00:00">
			<Value date="2016-02-12" time="08:15:00">1.235</Value>
			<Value date="2016-02-12" time="08:30:00">1.234</Value>
			<Value date="2016-02-12" time="08:45:00">1.232</Value>
			<Value date="2016-02-12" time="09:00:00">1.232</Value>
			<Value date="2016-02-12" time="09:15:00">1.227</Value>
			<Value date="2016-02-12" time="09:30:00">1.228</Value>
			<Value date="2016-02-12" time="09:45:00">1.227</Value>
			<Value date="2016-02-12" time="10:00:00">1.226</Value>
		</SetofValues>
	</Station>
	<Station stationReference="060S0406W_TG 2131" region="EA Wales" stationName="Pothouse Wharf LVL" ngr="SN4099319786">
		<SetofValues parameter="Water Level" qualifier="Stage" dataType="Instantaneous" period="15 min" units="m" startDate="2016-02-12" startTime="08:15:00" endDate="2016-02-12" endTime="10:00:00">
			<Value date="2016-02-12" time="08:15:00">4.977</Value>
			<Value date="2016-02-12" time="08:30:00">5.052</Value>
			<Value date="2016-02-12" time="08:45:00">5.141</Value>
			<Value date="2016-02-12" time="09:00:00">5.251</Value>
			<Value date="2016-02-12" time="09:15:00">5.320</Value>
			<Value date="2016-02-12" time="09:30:00">5.294</Value>
			<Value date="2016-02-12" time="09:45:00">5.235</Value>
			<Value date="2016-02-12" time="10:00:00">5.143</Value>
		</SetofValues>
	</Station>
	<Station stationReference="060099_TG 9102" region="EA Wales" stationName="Manorafon No2 LVL-River Level" ngr="SN6572524004">
		<SetofValues parameter="Water Level" qualifier="Stage" dataType="Instantaneous" period="15 min" units="m" startDate="2016-02-12" startTime="08:15:00" endDate="2016-02-12" endTime="10:00:00">
			<Value date="2016-02-12" time="08:15:00">1.817</Value>
			<Value date="2016-02-12" time="08:30:00">1.813</Value>
			<Value date="2016-02-12" time="08:45:00">1.810</Value>
			<Value date="2016-02-12" time="09:00:00">1.806</Value>
			<Value date="2016-02-12" time="09:15:00">1.802</Value>
			<Value date="2016-02-12" time="09:30:00">1.799</Value>
			<Value date="2016-02-12" time="09:45:00">1.795</Value>
			<Value date="2016-02-12" time="10:00:00">1.794</Value>
		</SetofValues>
	</Station>
	<Station stationReference="060016" region="EA Wales" stationName="Manorafon No2 LVL-River Level" ngr="SN6572524004">
		<SetofValues parameter="Water Level" qualifier="Stage" dataType="Instantaneous" period="15 min" units="m" startDate="2016-02-12" startTime="08:15:00" endDate="2016-02-12" endTime="10:00:00">
			<Value date="2016-02-12" time="08:15:00">1.817</Value>
			<Value date="2016-02-12" time="08:30:00">1.813</Value>
			<Value date="2016-02-12" time="08:45:00">1.810</Value>
			<Value date="2016-02-12" time="09:00:00">1.806</Value>
			<Value date="2016-02-12" time="09:15:00">1.802</Value>
			<Value date="2016-02-12" time="09:30:00">1.799</Value>
			<Value date="2016-02-12" time="09:45:00">1.795</Value>
			<Value date="2016-02-12" time="10:00:00">1.794</Value>
		</SetofValues>
	</Station>
	<Station stationReference="060012_TG 109" region="EA Wales" stationName="Ddol Las LVL" ngr="SN6501843990">
		<SetofValues parameter="Water Level" qualifier="Stage" dataType="Instantaneous" period="15 min" units="m" startDate="2016-02-12" startTime="08:15:00" endDate="2016-02-12" endTime="10:00:00">
			<Value date="2016-02-12" time="08:15:00">0.535</Value>
			<Value date="2016-02-12" time="08:30:00">0.531</Value>
			<Value date="2016-02-12" time="08:45:00">0.531</Value>
			<Value date="2016-02-12" time="09:00:00">0.531</Value>
			<Value date="2016-02-12" time="09:15:00">0.529</Value>
			<Value date="2016-02-12" time="09:30:00">0.528</Value>
			<Value date="2016-02-12" time="09:45:00">0.527</Value>
			<Value date="2016-02-12" time="10:00:00">0.526</Value>
		</SetofValues>
	</Station>
	<Station stationReference="060009_TG 9107" region="EA Wales" stationName="Felin Y Cwm No1 LVL" ngr="SN7120026573">
		<SetofValues parameter="Water Level" qualifier="Stage" dataType="Instantaneous" period="15 min" units="m" startDate="2016-02-12" startTime="08:15:00" endDate="2016-02-12" endTime="10:00:00">
			<Value date="2016-02-12" time="08:15:00">0.492</Value>
			<Value date="2016-02-12" time="08:30:00">0.491</Value>
			<Value date="2016-02-12" time="08:45:00">0.488</Value>
			<Value date="2016-02-12" time="09:00:00">0.486</Value>
			<Value date="2016-02-12" time="09:15:00">0.484</Value>
			<Value date="2016-02-12" time="09:30:00">0.483</Value>
			<Value date="2016-02-12" time="09:45:00">0.481</Value>
			<Value date="2016-02-12" time="10:00:00">0.482</Value>
		</SetofValues>
	</Station>
	<Station stationReference="060008_TG 104" region="EA Wales" stationName="Ystradffin No2 LVL" ngr="SN7854747239">
		<SetofValues parameter="Water Level" qualifier="Stage" dataType="Instantaneous" period="15 min" units="m" startDate="2016-02-12" startTime="08:15:00" endDate="2016-02-12" endTime="10:00:00">
			<Value date="2016-02-12" time="08:15:00">0.365</Value>
			<Value date="2016-02-12" time="08:30:00">0.365</Value>
			<Value date="2016-02-12" time="08:45:00">0.363</Value>
			<Value date="2016-02-12" time="09:00:00">0.363</Value>
			<Value date="2016-02-12" time="09:15:00">0.363</Value>
			<Value date="2016-02-12" time="09:30:00">0.362</Value>
			<Value date="2016-02-12" time="09:45:00">0.362</Value>
			<Value date="2016-02-12" time="10:00:00">0.363</Value>
		</SetofValues>
	</Station>
	<Station stationReference="060007_TG 9103" region="EA Wales" stationName="Dolau Hirion DTS No1 LVL" ngr="SN7616336232">
		<SetofValues parameter="Water Level" qualifier="Stage" dataType="Instantaneous" period="15 min" units="m" startDate="2016-02-12" startTime="08:15:00" endDate="2016-02-12" endTime="10:00:00">
			<Value date="2016-02-12" time="08:15:00">0.724</Value>
			<Value date="2016-02-12" time="08:30:00">0.722</Value>
			<Value date="2016-02-12" time="08:45:00">0.724</Value>
			<Value date="2016-02-12" time="09:00:00">0.721</Value>
			<Value date="2016-02-12" time="09:15:00">0.718</Value>
			<Value date="2016-02-12" time="09:30:00">0.717</Value>
			<Value date="2016-02-12" time="09:45:00">0.720</Value>
			<Value date="2016-02-12" time="10:00:00">0.715</Value>
		</SetofValues>
	</Station>
	<Station stationReference="059S0671W" region="EA Wales" stationName="Ystradgynlais Level" ngr="SN7858409661">
		<SetofValues parameter="Water Level" qualifier="Stage" dataType="Instantaneous" period="15 min" units="m" startDate="2016-02-12" startTime="08:15:00" endDate="2016-02-12" endTime="10:00:00">
			<Value date="2016-02-12" time="08:15:00">0.666</Value>
			<Value date="2016-02-12" time="08:30:00">0.662</Value>
			<Value date="2016-02-12" time="08:45:00">0.662</Value>
			<Value date="2016-02-12" time="09:00:00">0.658</Value>
			<Value date="2016-02-12" time="09:15:00">0.658</Value>
			<Value date="2016-02-12" time="09:30:00">0.655</Value>
			<Value date="2016-02-12" time="09:45:00">0.653</Value>
			<Value date="2016-02-12" time="10:00:00">0.650</Value>
		</SetofValues>
	</Station>
	<Station stationReference="059S0670W/TG 223" region="EA Wales" stationName="Teddybear Bridge LVL" ngr="SN7885210543">
		<SetofValues parameter="Water Level" qualifier="Stage" dataType="Instantaneous" period="15 min" units="m" startDate="2016-02-12" startTime="08:15:00" endDate="2016-02-12" endTime="10:00:00">
			<Value date="2016-02-12" time="08:15:00">0.862</Value>
			<Value date="2016-02-12" time="08:30:00">0.857</Value>
			<Value date="2016-02-12" time="08:45:00">0.854</Value>
			<Value date="2016-02-12" time="09:00:00">0.850</Value>
			<Value date="2016-02-12" time="09:15:00">0.851</Value>
			<Value date="2016-02-12" time="09:30:00">0.849</Value>
			<Value date="2016-02-12" time="09:45:00">0.845</Value>
			<Value date="2016-02-12" time="10:00:00">0.845</Value>
		</SetofValues>
	</Station>
	<Station stationReference="058S0671W" region="EA Wales" stationName="Llanmaes LVL" ngr="SS9857068962">
		<SetofValues parameter="Water Level" qualifier="Stage" dataType="Instantaneous" period="15 min" units="m" startDate="2016-02-12" startTime="08:15:00" endDate="2016-02-12" endTime="10:00:00">
			<Value date="2016-02-12" time="08:15:00">0.679</Value>
			<Value date="2016-02-12" time="08:30:00">0.678</Value>
			<Value date="2016-02-12" time="08:45:00">0.679</Value>
			<Value date="2016-02-12" time="09:00:00">0.678</Value>
			<Value date="2016-02-12" time="09:15:00">0.678</Value>
			<Value date="2016-02-12" time="09:30:00">0.677</Value>
			<Value date="2016-02-12" time="09:45:00">0.677</Value>
			<Value date="2016-02-12" time="10:00:00">0.677</Value>
		</SetofValues>
	</Station>
	<Station stationReference="058S0665W_TG 220" region="EA Wales" stationName="Old Mill LVL" ngr="SS9713381350">
		<SetofValues parameter="Water Level" qualifier="Stage" dataType="Instantaneous" period="15 min" units="m" startDate="2016-02-12" startTime="08:15:00" endDate="2016-02-12" endTime="10:00:00">
			<Value date="2016-02-12" time="08:15:00">0.265</Value>
			<Value date="2016-02-12" time="08:30:00">0.265</Value>
			<Value date="2016-02-12" time="08:45:00">0.266</Value>
			<Value date="2016-02-12" time="09:00:00">0.265</Value>
			<Value date="2016-02-12" time="09:15:00">0.265</Value>
			<Value date="2016-02-12" time="09:30:00">0.264</Value>
			<Value date="2016-02-12" time="09:45:00">0.264</Value>
			<Value date="2016-02-12" time="10:00:00">0.263</Value>
		</SetofValues>
	</Station>
	<Station stationReference="058R0659W_RK" region="EA Wales" stationName="Crynant RAIN" ngr="SN7892503982">
		<SetofValues parameter="Rainfall" qualifier="Tipping Bucket Raingauge" dataType="Total" period="15 min" units="mm" startDate="2016-02-12" startTime="08:15:00" endDate="2016-02-12" endTime="10:00:00">
			<Value date="2016-02-12" time="08:15:00">0.0</Value>
			<Value date="2016-02-12" time="08:30:00">0.0</Value>
			<Value date="2016-02-12" time="08:45:00">0.0</Value>
			<Value date="2016-02-12" time="09:00:00">0.0</Value>
			<Value date="2016-02-12" time="09:15:00">0.0</Value>
			<Value date="2016-02-12" time="09:30:00">0.0</Value>
			<Value date="2016-02-12" time="09:45:00">0.0</Value>
			<Value date="2016-02-12" time="10:00:00">0.0</Value>
		</SetofValues>
	</Station>
	<Station stationReference="058006_TG 208" region="EA Wales" stationName="Pontneddfechan LVL" ngr="SN9144308141">
		<SetofValues parameter="Water Level" qualifier="Stage" dataType="Instantaneous" period="15 min" units="m" startDate="2016-02-12" startTime="08:15:00" endDate="2016-02-12" endTime="10:00:00">
			<Value date="2016-02-12" time="08:15:00">0.507</Value>
			<Value date="2016-02-12" time="08:30:00">0.506</Value>
			<Value date="2016-02-12" time="08:45:00">0.506</Value>
			<Value date="2016-02-12" time="09:00:00">0.505</Value>
			<Value date="2016-02-12" time="09:15:00">0.504</Value>
			<Value date="2016-02-12" time="09:30:00">0.504</Value>
			<Value date="2016-02-12" time="09:45:00">0.503</Value>
			<Value date="2016-02-12" time="10:00:00">0.502</Value>
		</SetofValues>
	</Station>
	<Station stationReference="057040" region="EA Wales" stationName="Brittania bridge LVL" ngr="ST0336190980">
		<SetofValues parameter="Water Level" qualifier="Stage" dataType="Instantaneous" period="15 min" units="m" startDate="2016-02-12" startTime="08:15:00" endDate="2016-02-12" endTime="10:00:00">
			<Value date="2016-02-12" time="08:15:00">0.283</Value>
			<Value date="2016-02-12" time="08:30:00">0.283</Value>
			<Value date="2016-02-12" time="08:45:00">0.283</Value>
			<Value date="2016-02-12" time="09:00:00">0.287</Value>
			<Value date="2016-02-12" time="09:15:00">0.293</Value>
			<Value date="2016-02-12" time="09:30:00">0.291</Value>
			<Value date="2016-02-12" time="09:45:00">0.287</Value>
			<Value date="2016-02-12" time="10:00:00">0.283</Value>
		</SetofValues>
	</Station>
	<Station stationReference="057007R" region="EA Wales" stationName="Trelewis RG" ngr="ST1031399169">
		<SetofValues parameter="Rainfall" qualifier="Tipping Bucket Raingauge" dataType="Total" period="15 min" units="mm" startDate="2016-02-12" startTime="08:15:00" endDate="2016-02-12" endTime="10:00:00">
			<Value date="2016-02-12" time="08:15:00">0.0</Value>
			<Value date="2016-02-12" time="08:30:00">0.0</Value>
			<Value date="2016-02-12" time="08:45:00">0.0</Value>
			<Value date="2016-02-12" time="09:00:00">0.0</Value>
			<Value date="2016-02-12" time="09:15:00">0.0</Value>
			<Value date="2016-02-12" time="09:30:00">0.0</Value>
			<Value date="2016-02-12" time="09:45:00">0.0</Value>
			<Value date="2016-02-12" time="10:00:00">0.0</Value>
		</SetofValues>
	</Station>
	<Station stationReference="056809" region="EA Wales" stationName="Maes Y Rhiw RAIN" ngr="ST2710794882">
		<SetofValues parameter="Rainfall" qualifier="Tipping Bucket Raingauge" dataType="Total" period="15 min" units="mm" startDate="2016-02-12" startTime="08:15:00" endDate="2016-02-12" endTime="10:00:00">
			<Value date="2016-02-12" time="08:15:00">0.0</Value>
			<Value date="2016-02-12" time="08:30:00">0.0</Value>
			<Value date="2016-02-12" time="08:45:00">0.0</Value>
			<Value date="2016-02-12" time="09:00:00">0.0</Value>
			<Value date="2016-02-12" time="09:15:00">0.0</Value>
			<Value date="2016-02-12" time="09:30:00">0.0</Value>
			<Value date="2016-02-12" time="09:45:00">0.0</Value>
			<Value date="2016-02-12" time="10:00:00">0.0</Value>
		</SetofValues>
	</Station>
	<Station stationReference="056019/TG 400" region="EA Wales" stationName="Aberbeeg LVL" ngr="SO2100001490">
		<SetofValues parameter="Water Level" qualifier="Stage" dataType="Instantaneous" period="15 min" units="m" startDate="2016-02-12" startTime="08:15:00" endDate="2016-02-12" endTime="10:00:00">
			<Value date="2016-02-12" time="08:15:00">0.401</Value>
			<Value date="2016-02-12" time="08:30:00">0.399</Value>
			<Value date="2016-02-12" time="08:45:00">0.399</Value>
			<Value date="2016-02-12" time="09:00:00">0.399</Value>
			<Value date="2016-02-12" time="09:15:00">0.399</Value>
			<Value date="2016-02-12" time="09:30:00">0.398</Value>
			<Value date="2016-02-12" time="09:45:00">0.397</Value>
			<Value date="2016-02-12" time="10:00:00">0.397</Value>
		</SetofValues>
	</Station>
	<Station stationReference="055032_TG 307" region="EA Wales" stationName="Caban Elan LVL" ngr="SN9283064598">
		<SetofValues parameter="Water Level" qualifier="Stage" dataType="Instantaneous" period="15 min" units="m" startDate="2016-02-12" startTime="09:30:00" endDate="2016-02-12" endTime="10:00:00">
			<Value date="2016-02-12" time="09:30:00">0.613</Value>
			<Value date="2016-02-12" time="09:45:00">0.612</Value>
			<Value date="2016-02-12" time="10:00:00">0.611</Value>
		</SetofValues>
	</Station>
	<Station stationReference="0534546" region="EA Wales" stationName="Ysbyty Ifan RAIN" ngr="SH8105945583">
		<SetofValues parameter="Rainfall" qualifier="Tipping Bucket Raingauge" dataType="Total" period="15 min" units="mm" startDate="2016-02-12" startTime="09:15:00" endDate="2016-02-12" endTime="10:00:00">
			<Value date="2016-02-12" time="09:15:00">0.0</Value>
			<Value date="2016-02-12" time="09:30:00">0.0</Value>
			<Value date="2016-02-12" time="09:45:00">0.0</Value>
			<Value date="2016-02-12" time="10:00:00">0.0</Value>
		</SetofValues>
	</Station>
</EATimeSeriesDataExchangeFormat>
