<?xml version="1.0" standalone="yes"?>
<EATimeSeriesDataExchangeFormat xmlns="http://www.environment-agency.gov.uk/XMLSchemas/EATimeSeriesDataExchangeFormat" xmlns:md="http://www.environment-agency.gov.uk/XMLSchemas/EAMetadataFormat" xmlns:xsi="http://www.w3.org/2001/XMLSchema-instance" xsi:schemaLocation="http://www.environment-agency.gov.uk/XMLSchemas/EATimeSeriesDataExchangeFormat EATimeSeriesDataExchangeFormat.xsd">
	<md:Publisher>Environment Agency</md:Publisher>
	<md:Source>EA Wales Regional Telemetry System</md:Source>
	<md:Description>Automated telemetry data export process</md:Description>
	<md:Creator>SCX 6</md:Creator>
	<md:Date>2016-02-12</md:Date>
	<md:Time>10:47:07</md:Time>
	<md:Identifier>CYCARSCXAS1</md:Identifier>
	<Station stationReference="TINTERN_TG 335" region="EA Wales" stationName="Tintern Abbey Mill LVL" ngr="SO5300000290">
		<SetofValues parameter="Water Level" qualifier="Stage" dataType="Instantaneous" period="15 min" units="mAOD" startDate="2016-02-12" startTime="10:45:00" endDate="2016-02-12" endTime="10:45:00">
			<Value date="2016-02-12" time="10:45:00">7.881</Value>
		</SetofValues>
	</Station>
	<Station stationReference="RHYMNEY BR_TG 526" region="EA Wales" stationName="Rumney Bridge LVL" ngr="ST2100078590">
		<SetofValues parameter="Water Level" qualifier="Stage" dataType="Instantaneous" period="15 min" units="mAOD" startDate="2016-02-12" startTime="10:45:00" endDate="2016-02-12" endTime="10:45:00">
			<Value date="2016-02-12" time="10:45:00">5.812</Value>
		</SetofValues>
	</Station>
	<Station stationReference="059S0591W" region="EA Wales" stationName="Pontycob LVL" ngr="SS5792597149">
		<SetofValues parameter="Water Level" qualifier="Stage" dataType="Instantaneous" period="15 min" units="mAOD" startDate="2016-02-12" startTime="10:45:00" endDate="2016-02-12" endTime="10:45:00">
			<Value date="2016-02-12" time="10:45:00">3.626</Value>
		</SetofValues>
	</Station>
	<Station stationReference="055045" region="EA Wales" stationName="Tintern Abbey Mill LVL" ngr="SO5300000290">
		<SetofValues parameter="Water Level" qualifier="Stage" dataType="Instantaneous" period="15 min" units="mAOD" startDate="2016-02-12" startTime="10:45:00" endDate="2016-02-12" endTime="10:45:00">
			<Value date="2016-02-12" time="10:45:00">7.881</Value>
		</SetofValues>
	</Station>
	<Station stationReference="055037_TG 334" region="EA Wales" stationName="Chepstow Bridge LVL" ngr="ST5362694320">
		<SetofValues parameter="Water Level" qualifier="Stage" dataType="Instantaneous" period="15 min" units="m" startDate="2016-02-12" startTime="10:45:00" endDate="2016-02-12" endTime="10:45:00">
			<Value date="2016-02-12" time="10:45:00">6.534</Value>
		</SetofValues>
	</Station>
</EATimeSeriesDataExchangeFormat>
