<?xml version="1.0" standalone="yes"?>
<EATimeSeriesDataExchangeFormat xmlns="http://www.environment-agency.gov.uk/XMLSchemas/EATimeSeriesDataExchangeFormat" xmlns:md="http://www.environment-agency.gov.uk/XMLSchemas/EAMetadataFormat" xmlns:xsi="http://www.w3.org/2001/XMLSchema-instance" xsi:schemaLocation="http://www.environment-agency.gov.uk/XMLSchemas/EATimeSeriesDataExchangeFormat EATimeSeriesDataExchangeFormat.xsd">
	<md:Publisher>Environment Agency</md:Publisher>
	<md:Source>EA Wales Regional Telemetry System</md:Source>
	<md:Description>Automated telemetry data export process</md:Description>
	<md:Creator>SCX 6</md:Creator>
	<md:Date>2016-02-12</md:Date>
	<md:Time>11:08:37</md:Time>
	<md:Identifier>CYCARSCXAS1</md:Identifier>
	<Station stationReference="2028" region="EA Wales" stationName="Llanymynech LVL" ngr="SJ2529419641">
		<SetofValues parameter="Water Level" qualifier="Stage" dataType="Instantaneous" period="15 min" units="mASD" startDate="2016-02-12" startTime="10:15:00" endDate="2016-02-12" endTime="11:00:00">
			<Value date="2016-02-12" time="10:15:00">2.277</Value>
			<Value date="2016-02-12" time="10:30:00">2.274</Value>
			<Value date="2016-02-12" time="10:45:00">2.272</Value>
			<Value date="2016-02-12" time="11:00:00">2.269</Value>
		</SetofValues>
	</Station>
</EATimeSeriesDataExchangeFormat>
