<?xml version="1.0" standalone="yes"?>
<EATimeSeriesDataExchangeFormat xmlns="http://www.environment-agency.gov.uk/XMLSchemas/EATimeSeriesDataExchangeFormat" xmlns:md="http://www.environment-agency.gov.uk/XMLSchemas/EAMetadataFormat" xmlns:xsi="http://www.w3.org/2001/XMLSchema-instance" xsi:schemaLocation="http://www.environment-agency.gov.uk/XMLSchemas/EATimeSeriesDataExchangeFormat EATimeSeriesDataExchangeFormat.xsd">
	<md:Publisher>Environment Agency</md:Publisher>
	<md:Source>EA Wales Regional Telemetry System</md:Source>
	<md:Description>Automated telemetry data export process</md:Description>
	<md:Creator>SCX 6</md:Creator>
	<md:Date>2016-02-12</md:Date>
	<md:Time>14:45:31</md:Time>
	<md:Identifier>CYCARSCXAS1</md:Identifier>
	<Station stationReference="067015_TG 132" region="EA Wales" stationName="Manley Hall No1 LVL-River Level" ngr="SJ3484041474">
		<SetofValues parameter="Water Level" qualifier="Stage" dataType="Instantaneous" period="15 min" units="m" startDate="2016-02-12" startTime="14:15:00" endDate="2016-02-12" endTime="14:30:00">
			<Value date="2016-02-12" time="14:15:00">1.204</Value>
			<Value date="2016-02-12" time="14:30:00">1.202</Value>
		</SetofValues>
	</Station>
	<Station stationReference="066011_TG_9202" region="EA Wales" stationName="Cwmlanerch LVL" ngr="SH8011857978">
		<SetofValues parameter="Water Level" qualifier="Stage" dataType="Instantaneous" period="15 min" units="m" startDate="2016-02-12" startTime="14:15:00" endDate="2016-02-12" endTime="14:30:00">
			<Value date="2016-02-12" time="14:15:00">1.131</Value>
			<Value date="2016-02-12" time="14:30:00">1.129</Value>
		</SetofValues>
	</Station>
</EATimeSeriesDataExchangeFormat>
