<?xml version="1.0" standalone="yes"?>
<EATimeSeriesDataExchangeFormat xmlns="http://www.environment-agency.gov.uk/XMLSchemas/EATimeSeriesDataExchangeFormat" xmlns:md="http://www.environment-agency.gov.uk/XMLSchemas/EAMetadataFormat" xmlns:xsi="http://www.w3.org/2001/XMLSchema-instance" xsi:schemaLocation="http://www.environment-agency.gov.uk/XMLSchemas/EATimeSeriesDataExchangeFormat EATimeSeriesDataExchangeFormat.xsd">
	<md:Publisher>Environment Agency</md:Publisher>
	<md:Source>EA Wales Regional Telemetry System</md:Source>
	<md:Description>Automated telemetry data export process</md:Description>
	<md:Creator>SCX 6</md:Creator>
	<md:Date>2016-02-12</md:Date>
	<md:Time>12:50:43</md:Time>
	<md:Identifier>CYCARSCXAS1</md:Identifier>
	<Station stationReference="066634" region="EA Wales" stationName="Llandudno Pier TLG" ngr="SH7854983195">
		<SetofValues parameter="Water Level" qualifier="Stage" dataType="Instantaneous" period="15 min" units="mAOD" startDate="2016-02-12" startTime="12:30:00" endDate="2016-02-12" endTime="12:30:00">
			<Value date="2016-02-12" time="12:30:00">4.244</Value>
		</SetofValues>
	</Station>
</EATimeSeriesDataExchangeFormat>
