<?xml version="1.0" standalone="yes"?>
<EATimeSeriesDataExchangeFormat xmlns="http://www.environment-agency.gov.uk/XMLSchemas/EATimeSeriesDataExchangeFormat" xmlns:md="http://www.environment-agency.gov.uk/XMLSchemas/EAMetadataFormat" xmlns:xsi="http://www.w3.org/2001/XMLSchema-instance" xsi:schemaLocation="http://www.environment-agency.gov.uk/XMLSchemas/EATimeSeriesDataExchangeFormat EATimeSeriesDataExchangeFormat.xsd">
	<md:Publisher>Environment Agency</md:Publisher>
	<md:Source>EA Wales Regional Telemetry System</md:Source>
	<md:Description>Automated telemetry data export process</md:Description>
	<md:Creator>SCX 6</md:Creator>
	<md:Date>2016-02-12</md:Date>
	<md:Time>14:08:17</md:Time>
	<md:Identifier>CYCARSCXAS1</md:Identifier>
	<Station stationReference="61005" region="EA Wales" stationName="Treffgarne">
		<SetofValues parameter="Water Level" qualifier="Stage" dataType="Instantaneous" period="15 min" units="m" startDate="2016-02-12" startTime="11:45:00" endDate="2016-02-12" endTime="14:00:00">
			<Value date="2016-02-12" time="11:45:00">0.667</Value>
			<Value date="2016-02-12" time="12:00:00">0.665</Value>
			<Value date="2016-02-12" time="12:15:00">0.665</Value>
			<Value date="2016-02-12" time="12:30:00">0.665</Value>
			<Value date="2016-02-12" time="12:45:00">0.664</Value>
			<Value date="2016-02-12" time="13:00:00">0.665</Value>
			<Value date="2016-02-12" time="13:15:00">0.665</Value>
			<Value date="2016-02-12" time="13:30:00">0.663</Value>
			<Value date="2016-02-12" time="13:45:00">0.661</Value>
			<Value date="2016-02-12" time="14:00:00">0.664</Value>
		</SetofValues>
	</Station>
	<Station stationReference="499555" region="EA Wales" stationName="Llangendeirne RAIN" ngr="SN4547213724">
		<SetofValues parameter="Rainfall" qualifier="Tipping Bucket Raingauge" dataType="Total" period="15 min" units="mm" startDate="2016-02-12" startTime="10:15:00" endDate="2016-02-12" endTime="14:00:00">
			<Value date="2016-02-12" time="10:15:00">0.0</Value>
			<Value date="2016-02-12" time="10:30:00">0.0</Value>
			<Value date="2016-02-12" time="10:45:00">0.0</Value>
			<Value date="2016-02-12" time="11:00:00">0.0</Value>
			<Value date="2016-02-12" time="11:15:00">0.0</Value>
			<Value date="2016-02-12" time="11:30:00">0.0</Value>
			<Value date="2016-02-12" time="11:45:00">0.0</Value>
			<Value date="2016-02-12" time="12:00:00">0.0</Value>
			<Value date="2016-02-12" time="12:15:00">0.0</Value>
			<Value date="2016-02-12" time="12:30:00">0.0</Value>
			<Value date="2016-02-12" time="12:45:00">0.0</Value>
			<Value date="2016-02-12" time="13:00:00">0.0</Value>
			<Value date="2016-02-12" time="13:15:00">0.0</Value>
			<Value date="2016-02-12" time="13:30:00">0.0</Value>
			<Value date="2016-02-12" time="13:45:00">0.0</Value>
			<Value date="2016-02-12" time="14:00:00">0.0</Value>
		</SetofValues>
	</Station>
	<Station stationReference="498721" region="EA Wales" stationName="Garnswllt RAIN" ngr="SN6206309860">
		<SetofValues parameter="Rainfall" qualifier="Tipping Bucket Raingauge" dataType="Total" period="15 min" units="mm" startDate="2016-02-12" startTime="10:15:00" endDate="2016-02-12" endTime="14:00:00">
			<Value date="2016-02-12" time="10:15:00">0.0</Value>
			<Value date="2016-02-12" time="10:30:00">0.0</Value>
			<Value date="2016-02-12" time="10:45:00">0.0</Value>
			<Value date="2016-02-12" time="11:00:00">0.0</Value>
			<Value date="2016-02-12" time="11:15:00">0.0</Value>
			<Value date="2016-02-12" time="11:30:00">0.0</Value>
			<Value date="2016-02-12" time="11:45:00">0.0</Value>
			<Value date="2016-02-12" time="12:00:00">0.0</Value>
			<Value date="2016-02-12" time="12:15:00">0.0</Value>
			<Value date="2016-02-12" time="12:30:00">0.0</Value>
			<Value date="2016-02-12" time="12:45:00">0.0</Value>
			<Value date="2016-02-12" time="13:00:00">0.0</Value>
			<Value date="2016-02-12" time="13:15:00">0.0</Value>
			<Value date="2016-02-12" time="13:30:00">0.0</Value>
			<Value date="2016-02-12" time="13:45:00">0.0</Value>
			<Value date="2016-02-12" time="14:00:00">0.0</Value>
		</SetofValues>
	</Station>
	<Station stationReference="465260" region="EA Wales" stationName="Ciloerwynt RAIN" ngr="SN8822062974">
		<SetofValues parameter="Rainfall" qualifier="Tipping Bucket Raingauge" dataType="Total" period="15 min" units="mm" startDate="2016-02-12" startTime="13:15:00" endDate="2016-02-12" endTime="14:00:00">
			<Value date="2016-02-12" time="13:15:00">0.0</Value>
			<Value date="2016-02-12" time="13:30:00">0.0</Value>
			<Value date="2016-02-12" time="13:45:00">0.0</Value>
			<Value date="2016-02-12" time="14:00:00">0.0</Value>
		</SetofValues>
	</Station>
	<Station stationReference="066011_TG_9202" region="EA Wales" stationName="Cwmlanerch LVL" ngr="SH8011857978">
		<SetofValues parameter="Water Level" qualifier="Stage" dataType="Instantaneous" period="15 min" units="m" startDate="2016-02-12" startTime="13:45:00" endDate="2016-02-12" endTime="14:00:00">
			<Value date="2016-02-12" time="13:45:00">1.133</Value>
			<Value date="2016-02-12" time="14:00:00">1.132</Value>
		</SetofValues>
	</Station>
	<Station stationReference="066001_TG 500" region="EA Wales" stationName="Pont Y Cambwll LVL" ngr="SJ0698870974">
		<SetofValues parameter="Water Level" qualifier="Stage" dataType="Instantaneous" period="15 min" units="m" startDate="2016-02-12" startTime="10:15:00" endDate="2016-02-12" endTime="14:00:00">
			<Value date="2016-02-12" time="10:15:00">1.511</Value>
			<Value date="2016-02-12" time="10:30:00">1.506</Value>
			<Value date="2016-02-12" time="10:45:00">1.498</Value>
			<Value date="2016-02-12" time="11:00:00">1.496</Value>
			<Value date="2016-02-12" time="11:15:00">1.495</Value>
			<Value date="2016-02-12" time="11:30:00">1.493</Value>
			<Value date="2016-02-12" time="11:45:00">1.492</Value>
			<Value date="2016-02-12" time="12:00:00">1.490</Value>
			<Value date="2016-02-12" time="12:15:00">1.485</Value>
			<Value date="2016-02-12" time="12:30:00">1.485</Value>
			<Value date="2016-02-12" time="12:45:00">1.479</Value>
			<Value date="2016-02-12" time="13:00:00">1.482</Value>
			<Value date="2016-02-12" time="13:15:00">1.476</Value>
			<Value date="2016-02-12" time="13:30:00">1.473</Value>
			<Value date="2016-02-12" time="13:45:00">1.472</Value>
			<Value date="2016-02-12" time="14:00:00">1.467</Value>
		</SetofValues>
	</Station>
	<Station stationReference="064011_TG 414" region="EA Wales" stationName="Afon Cerist No1 LVL" ngr="SH8192816305">
		<SetofValues parameter="Water Level" qualifier="Stage" dataType="Instantaneous" period="15 min" units="m" startDate="2016-02-12" startTime="10:15:00" endDate="2016-02-12" endTime="14:00:00">
			<Value date="2016-02-12" time="10:15:00">0.155</Value>
			<Value date="2016-02-12" time="10:30:00">0.154</Value>
			<Value date="2016-02-12" time="10:45:00">0.154</Value>
			<Value date="2016-02-12" time="11:00:00">0.154</Value>
			<Value date="2016-02-12" time="11:15:00">0.154</Value>
			<Value date="2016-02-12" time="11:30:00">0.153</Value>
			<Value date="2016-02-12" time="11:45:00">0.153</Value>
			<Value date="2016-02-12" time="12:00:00">0.153</Value>
			<Value date="2016-02-12" time="12:15:00">0.152</Value>
			<Value date="2016-02-12" time="12:30:00">0.153</Value>
			<Value date="2016-02-12" time="12:45:00">0.152</Value>
			<Value date="2016-02-12" time="13:00:00">0.151</Value>
			<Value date="2016-02-12" time="13:15:00">0.151</Value>
			<Value date="2016-02-12" time="13:30:00">0.151</Value>
			<Value date="2016-02-12" time="13:45:00">0.152</Value>
			<Value date="2016-02-12" time="14:00:00">0.151</Value>
		</SetofValues>
	</Station>
	<Station stationReference="063S0814W" region="EA Wales" stationName="Frongoch LVL" ngr="SN7238774513">
		<SetofValues parameter="Rainfall" qualifier="Tipping Bucket Raingauge" dataType="Total" period="15 min" units="mm" startDate="2016-02-12" startTime="10:15:00" endDate="2016-02-12" endTime="14:00:00">
			<Value date="2016-02-12" time="10:15:00">0.0</Value>
			<Value date="2016-02-12" time="10:30:00">0.0</Value>
			<Value date="2016-02-12" time="10:45:00">0.0</Value>
			<Value date="2016-02-12" time="11:00:00">0.0</Value>
			<Value date="2016-02-12" time="11:15:00">0.0</Value>
			<Value date="2016-02-12" time="11:30:00">0.0</Value>
			<Value date="2016-02-12" time="11:45:00">0.0</Value>
			<Value date="2016-02-12" time="12:00:00">0.0</Value>
			<Value date="2016-02-12" time="12:15:00">0.0</Value>
			<Value date="2016-02-12" time="12:30:00">0.0</Value>
			<Value date="2016-02-12" time="12:45:00">0.0</Value>
			<Value date="2016-02-12" time="13:00:00">0.0</Value>
			<Value date="2016-02-12" time="13:15:00">0.0</Value>
			<Value date="2016-02-12" time="13:30:00">0.0</Value>
			<Value date="2016-02-12" time="13:45:00">0.0</Value>
			<Value date="2016-02-12" time="14:00:00">0.0</Value>
		</SetofValues>
	</Station>
	<Station stationReference="063S0810WStage" region="EA Wales" stationName="Cwm Rheidol" ngr="SN6931979398">
		<SetofValues parameter="Water Level" qualifier="Stage" dataType="Instantaneous" period="15 min" units="m" startDate="2016-02-12" startTime="10:15:00" endDate="2016-02-12" endTime="14:00:00">
			<Value date="2016-02-12" time="10:15:00">0.460</Value>
			<Value date="2016-02-12" time="10:30:00">0.459</Value>
			<Value date="2016-02-12" time="10:45:00">0.459</Value>
			<Value date="2016-02-12" time="11:00:00">0.442</Value>
			<Value date="2016-02-12" time="11:15:00">0.445</Value>
			<Value date="2016-02-12" time="11:30:00">0.443</Value>
			<Value date="2016-02-12" time="11:45:00">0.461</Value>
			<Value date="2016-02-12" time="12:00:00">0.459</Value>
			<Value date="2016-02-12" time="12:15:00">0.459</Value>
			<Value date="2016-02-12" time="12:30:00">0.458</Value>
			<Value date="2016-02-12" time="12:45:00">0.331</Value>
			<Value date="2016-02-12" time="13:00:00">0.319</Value>
			<Value date="2016-02-12" time="13:15:00">0.320</Value>
			<Value date="2016-02-12" time="13:30:00">0.318</Value>
			<Value date="2016-02-12" time="13:45:00">0.319</Value>
			<Value date="2016-02-12" time="14:00:00">0.318</Value>
		</SetofValues>
	</Station>
	<Station stationReference="063S0674W/TG 9134" region="EA Wales" stationName="Llangorwen LVL" ngr="SN6029083780">
		<SetofValues parameter="Water Level" qualifier="Stage" dataType="Instantaneous" period="15 min" units="m" startDate="2016-02-12" startTime="10:15:00" endDate="2016-02-12" endTime="14:00:00">
			<Value date="2016-02-12" time="10:15:00">0.504</Value>
			<Value date="2016-02-12" time="10:30:00">0.501</Value>
			<Value date="2016-02-12" time="10:45:00">0.504</Value>
			<Value date="2016-02-12" time="11:00:00">0.500</Value>
			<Value date="2016-02-12" time="11:15:00">0.501</Value>
			<Value date="2016-02-12" time="11:30:00">0.502</Value>
			<Value date="2016-02-12" time="11:45:00">0.501</Value>
			<Value date="2016-02-12" time="12:00:00">0.501</Value>
			<Value date="2016-02-12" time="12:15:00">0.501</Value>
			<Value date="2016-02-12" time="12:30:00">0.497</Value>
			<Value date="2016-02-12" time="12:45:00">0.501</Value>
			<Value date="2016-02-12" time="13:00:00">0.496</Value>
			<Value date="2016-02-12" time="13:15:00">0.500</Value>
			<Value date="2016-02-12" time="13:30:00">0.499</Value>
			<Value date="2016-02-12" time="13:45:00">0.496</Value>
			<Value date="2016-02-12" time="14:00:00">0.497</Value>
		</SetofValues>
	</Station>
	<Station stationReference="063R0678W_RK" region="EA Wales" stationName="Bow Street RAIN" ngr="SN6195684241">
		<SetofValues parameter="Rainfall" qualifier="Tipping Bucket Raingauge" dataType="Total" period="15 min" units="mm" startDate="2016-02-12" startTime="10:15:00" endDate="2016-02-12" endTime="14:00:00">
			<Value date="2016-02-12" time="10:15:00">0.0</Value>
			<Value date="2016-02-12" time="10:30:00">0.0</Value>
			<Value date="2016-02-12" time="10:45:00">0.0</Value>
			<Value date="2016-02-12" time="11:00:00">0.0</Value>
			<Value date="2016-02-12" time="11:15:00">0.0</Value>
			<Value date="2016-02-12" time="11:30:00">0.0</Value>
			<Value date="2016-02-12" time="11:45:00">0.0</Value>
			<Value date="2016-02-12" time="12:00:00">0.0</Value>
			<Value date="2016-02-12" time="12:15:00">0.0</Value>
			<Value date="2016-02-12" time="12:30:00">0.0</Value>
			<Value date="2016-02-12" time="12:45:00">0.0</Value>
			<Value date="2016-02-12" time="13:00:00">0.0</Value>
			<Value date="2016-02-12" time="13:15:00">0.0</Value>
			<Value date="2016-02-12" time="13:30:00">0.0</Value>
			<Value date="2016-02-12" time="13:45:00">0.0</Value>
			<Value date="2016-02-12" time="14:00:00">0.0</Value>
		</SetofValues>
	</Station>
	<Station stationReference="063002/DL 2820" region="EA Wales" stationName="Llanbadarn LVL" ngr="SN6010480378">
		<SetofValues parameter="Water Level" qualifier="Stage" dataType="Instantaneous" period="15 min" units="m" startDate="2016-02-12" startTime="10:15:00" endDate="2016-02-12" endTime="14:00:00">
			<Value date="2016-02-12" time="10:15:00">0.547</Value>
			<Value date="2016-02-12" time="10:30:00">0.537</Value>
			<Value date="2016-02-12" time="10:45:00">0.553</Value>
			<Value date="2016-02-12" time="11:00:00">0.552</Value>
			<Value date="2016-02-12" time="11:15:00">0.535</Value>
			<Value date="2016-02-12" time="11:30:00">0.538</Value>
			<Value date="2016-02-12" time="11:45:00">0.537</Value>
			<Value date="2016-02-12" time="12:00:00">0.519</Value>
			<Value date="2016-02-12" time="12:15:00">0.538</Value>
			<Value date="2016-02-12" time="12:30:00">0.538</Value>
			<Value date="2016-02-12" time="12:45:00">0.525</Value>
			<Value date="2016-02-12" time="13:00:00">0.536</Value>
			<Value date="2016-02-12" time="13:15:00">0.522</Value>
			<Value date="2016-02-12" time="13:30:00">0.525</Value>
			<Value date="2016-02-12" time="13:45:00">0.529</Value>
			<Value date="2016-02-12" time="14:00:00">0.531</Value>
		</SetofValues>
	</Station>
	<Station stationReference="062S0577W_TG 2110" region="EA Wales" stationName="Pont Llanio LVL" ngr="SN6523956896">
		<SetofValues parameter="Water Level" qualifier="Stage" dataType="Instantaneous" period="15 min" units="m" startDate="2016-02-12" startTime="10:15:00" endDate="2016-02-12" endTime="14:00:00">
			<Value date="2016-02-12" time="10:15:00">1.221</Value>
			<Value date="2016-02-12" time="10:30:00">1.221</Value>
			<Value date="2016-02-12" time="10:45:00">1.217</Value>
			<Value date="2016-02-12" time="11:00:00">1.215</Value>
			<Value date="2016-02-12" time="11:15:00">1.214</Value>
			<Value date="2016-02-12" time="11:30:00">1.213</Value>
			<Value date="2016-02-12" time="11:45:00">1.210</Value>
			<Value date="2016-02-12" time="12:00:00">1.209</Value>
			<Value date="2016-02-12" time="12:15:00">1.206</Value>
			<Value date="2016-02-12" time="12:30:00">1.202</Value>
			<Value date="2016-02-12" time="12:45:00">1.202</Value>
			<Value date="2016-02-12" time="13:00:00">1.198</Value>
			<Value date="2016-02-12" time="13:15:00">1.200</Value>
			<Value date="2016-02-12" time="13:30:00">1.197</Value>
			<Value date="2016-02-12" time="13:45:00">1.192</Value>
			<Value date="2016-02-12" time="14:00:00">1.192</Value>
		</SetofValues>
	</Station>
	<Station stationReference="062S0398W_TG 2860" region="EA Wales" stationName="Tregaron LVL" ngr="SN6785459591">
		<SetofValues parameter="Water Level" qualifier="Stage" dataType="Instantaneous" period="15 min" units="m" startDate="2016-02-12" startTime="10:15:00" endDate="2016-02-12" endTime="14:00:00">
			<Value date="2016-02-12" time="10:15:00">0.483</Value>
			<Value date="2016-02-12" time="10:30:00">0.480</Value>
			<Value date="2016-02-12" time="10:45:00">0.479</Value>
			<Value date="2016-02-12" time="11:00:00">0.480</Value>
			<Value date="2016-02-12" time="11:15:00">0.479</Value>
			<Value date="2016-02-12" time="11:30:00">0.476</Value>
			<Value date="2016-02-12" time="11:45:00">0.478</Value>
			<Value date="2016-02-12" time="12:00:00">0.472</Value>
			<Value date="2016-02-12" time="12:15:00">0.474</Value>
			<Value date="2016-02-12" time="12:30:00">0.477</Value>
			<Value date="2016-02-12" time="12:45:00">0.472</Value>
			<Value date="2016-02-12" time="13:00:00">0.472</Value>
			<Value date="2016-02-12" time="13:15:00">0.471</Value>
			<Value date="2016-02-12" time="13:30:00">0.474</Value>
			<Value date="2016-02-12" time="13:45:00">0.472</Value>
			<Value date="2016-02-12" time="14:00:00">0.474</Value>
		</SetofValues>
	</Station>
	<Station stationReference="062S0397W" region="EA Wales" stationName="Tregaron LVL" ngr="SN6785459591">
		<SetofValues parameter="Water Level" qualifier="Stage" dataType="Instantaneous" period="15 min" units="m" startDate="2016-02-12" startTime="10:15:00" endDate="2016-02-12" endTime="14:00:00">
			<Value date="2016-02-12" time="10:15:00">0.482</Value>
			<Value date="2016-02-12" time="10:30:00">0.479</Value>
			<Value date="2016-02-12" time="10:45:00">0.478</Value>
			<Value date="2016-02-12" time="11:00:00">0.479</Value>
			<Value date="2016-02-12" time="11:15:00">0.478</Value>
			<Value date="2016-02-12" time="11:30:00">0.475</Value>
			<Value date="2016-02-12" time="11:45:00">0.477</Value>
			<Value date="2016-02-12" time="12:00:00">0.471</Value>
			<Value date="2016-02-12" time="12:15:00">0.473</Value>
			<Value date="2016-02-12" time="12:30:00">0.476</Value>
			<Value date="2016-02-12" time="12:45:00">0.471</Value>
			<Value date="2016-02-12" time="13:00:00">0.471</Value>
			<Value date="2016-02-12" time="13:15:00">0.469</Value>
			<Value date="2016-02-12" time="13:30:00">0.473</Value>
			<Value date="2016-02-12" time="13:45:00">0.471</Value>
			<Value date="2016-02-12" time="14:00:00">0.473</Value>
		</SetofValues>
	</Station>
	<Station stationReference="062S0397" region="EA Wales" stationName="Tregaron LVL" ngr="SN6785459591">
		<SetofValues parameter="Water Level" qualifier="Stage" dataType="Instantaneous" period="15 min" units="m" startDate="2016-02-12" startTime="10:15:00" endDate="2016-02-12" endTime="14:00:00">
			<Value date="2016-02-12" time="10:15:00">0.482</Value>
			<Value date="2016-02-12" time="10:30:00">0.479</Value>
			<Value date="2016-02-12" time="10:45:00">0.478</Value>
			<Value date="2016-02-12" time="11:00:00">0.479</Value>
			<Value date="2016-02-12" time="11:15:00">0.478</Value>
			<Value date="2016-02-12" time="11:30:00">0.475</Value>
			<Value date="2016-02-12" time="11:45:00">0.477</Value>
			<Value date="2016-02-12" time="12:00:00">0.471</Value>
			<Value date="2016-02-12" time="12:15:00">0.473</Value>
			<Value date="2016-02-12" time="12:30:00">0.476</Value>
			<Value date="2016-02-12" time="12:45:00">0.471</Value>
			<Value date="2016-02-12" time="13:00:00">0.471</Value>
			<Value date="2016-02-12" time="13:15:00">0.469</Value>
			<Value date="2016-02-12" time="13:30:00">0.473</Value>
			<Value date="2016-02-12" time="13:45:00">0.471</Value>
			<Value date="2016-02-12" time="14:00:00">0.473</Value>
		</SetofValues>
	</Station>
	<Station stationReference="062R0422W_RK_DL 2740" region="EA Wales" stationName="Pontrydfendigaid No2 RAIN" ngr="SN7284066410">
		<SetofValues parameter="Rainfall" qualifier="Tipping Bucket Raingauge" dataType="Total" period="15 min" units="mm" startDate="2016-02-12" startTime="10:15:00" endDate="2016-02-12" endTime="14:00:00">
			<Value date="2016-02-12" time="10:15:00">0.0</Value>
			<Value date="2016-02-12" time="10:30:00">0.0</Value>
			<Value date="2016-02-12" time="10:45:00">0.0</Value>
			<Value date="2016-02-12" time="11:00:00">0.0</Value>
			<Value date="2016-02-12" time="11:15:00">0.0</Value>
			<Value date="2016-02-12" time="11:30:00">0.0</Value>
			<Value date="2016-02-12" time="11:45:00">0.0</Value>
			<Value date="2016-02-12" time="12:00:00">0.0</Value>
			<Value date="2016-02-12" time="12:15:00">0.0</Value>
			<Value date="2016-02-12" time="12:30:00">0.0</Value>
			<Value date="2016-02-12" time="12:45:00">0.0</Value>
			<Value date="2016-02-12" time="13:00:00">0.0</Value>
			<Value date="2016-02-12" time="13:15:00">0.0</Value>
			<Value date="2016-02-12" time="13:30:00">0.0</Value>
			<Value date="2016-02-12" time="13:45:00">0.0</Value>
			<Value date="2016-02-12" time="14:00:00">0.0</Value>
		</SetofValues>
	</Station>
	<Station stationReference="061S0682W_TG 9138" region="EA Wales" stationName="Haverfordwest LVL" ngr="SM9533515945">
		<SetofValues parameter="Water Level" qualifier="Stage" dataType="Instantaneous" period="15 min" units="m" startDate="2016-02-12" startTime="12:00:00" endDate="2016-02-12" endTime="14:00:00">
			<Value date="2016-02-12" time="12:00:00">0.728</Value>
			<Value date="2016-02-12" time="12:15:00">0.726</Value>
			<Value date="2016-02-12" time="12:30:00">0.724</Value>
			<Value date="2016-02-12" time="12:45:00">0.724</Value>
			<Value date="2016-02-12" time="13:00:00">0.724</Value>
			<Value date="2016-02-12" time="13:15:00">0.723</Value>
			<Value date="2016-02-12" time="13:30:00">0.721</Value>
			<Value date="2016-02-12" time="13:45:00">0.722</Value>
			<Value date="2016-02-12" time="14:00:00">0.722</Value>
		</SetofValues>
	</Station>
	<Station stationReference="061005" region="EA Wales" stationName="Treffgarne" ngr="SM1958622429">
		<SetofValues parameter="Water Level" qualifier="Stage" dataType="Instantaneous" period="15 min" units="m" startDate="2016-02-12" startTime="11:45:00" endDate="2016-02-12" endTime="14:00:00">
			<Value date="2016-02-12" time="11:45:00">0.667</Value>
			<Value date="2016-02-12" time="12:00:00">0.665</Value>
			<Value date="2016-02-12" time="12:15:00">0.665</Value>
			<Value date="2016-02-12" time="12:30:00">0.665</Value>
			<Value date="2016-02-12" time="12:45:00">0.664</Value>
			<Value date="2016-02-12" time="13:00:00">0.665</Value>
			<Value date="2016-02-12" time="13:15:00">0.665</Value>
			<Value date="2016-02-12" time="13:30:00">0.663</Value>
			<Value date="2016-02-12" time="13:45:00">0.661</Value>
			<Value date="2016-02-12" time="14:00:00">0.664</Value>
		</SetofValues>
	</Station>
	<Station stationReference="060S0687W" region="EA Wales" stationName="Llanddowror LVL">
		<SetofValues parameter="Water Level" qualifier="Stage" dataType="Instantaneous" period="15 min" units="m" startDate="2016-02-12" startTime="10:15:00" endDate="2016-02-12" endTime="14:00:00">
			<Value date="2016-02-12" time="10:15:00">0.276</Value>
			<Value date="2016-02-12" time="10:30:00">0.275</Value>
			<Value date="2016-02-12" time="10:45:00">0.279</Value>
			<Value date="2016-02-12" time="11:00:00">0.277</Value>
			<Value date="2016-02-12" time="11:15:00">0.276</Value>
			<Value date="2016-02-12" time="11:30:00">0.275</Value>
			<Value date="2016-02-12" time="11:45:00">0.274</Value>
			<Value date="2016-02-12" time="12:00:00">0.274</Value>
			<Value date="2016-02-12" time="12:15:00">0.275</Value>
			<Value date="2016-02-12" time="12:30:00">0.273</Value>
			<Value date="2016-02-12" time="12:45:00">0.274</Value>
			<Value date="2016-02-12" time="13:00:00">0.276</Value>
			<Value date="2016-02-12" time="13:15:00">0.272</Value>
			<Value date="2016-02-12" time="13:30:00">0.271</Value>
			<Value date="2016-02-12" time="13:45:00">0.274</Value>
			<Value date="2016-02-12" time="14:00:00">0.272</Value>
		</SetofValues>
	</Station>
	<Station stationReference="060S0685W_TG 9139" region="EA Wales" stationName="Llangadog LVL" ngr="SN7056328588">
		<SetofValues parameter="Water Level" qualifier="Stage" dataType="Instantaneous" period="15 min" units="m" startDate="2016-02-12" startTime="10:15:00" endDate="2016-02-12" endTime="14:00:00">
			<Value date="2016-02-12" time="10:15:00">0.696</Value>
			<Value date="2016-02-12" time="10:30:00">0.696</Value>
			<Value date="2016-02-12" time="10:45:00">0.696</Value>
			<Value date="2016-02-12" time="11:00:00">0.696</Value>
			<Value date="2016-02-12" time="11:15:00">0.694</Value>
			<Value date="2016-02-12" time="11:30:00">0.694</Value>
			<Value date="2016-02-12" time="11:45:00">0.694</Value>
			<Value date="2016-02-12" time="12:00:00">0.693</Value>
			<Value date="2016-02-12" time="12:15:00">0.692</Value>
			<Value date="2016-02-12" time="12:30:00">0.691</Value>
			<Value date="2016-02-12" time="12:45:00">0.691</Value>
			<Value date="2016-02-12" time="13:00:00">0.692</Value>
			<Value date="2016-02-12" time="13:15:00">0.689</Value>
			<Value date="2016-02-12" time="13:30:00">0.688</Value>
			<Value date="2016-02-12" time="13:45:00">0.689</Value>
			<Value date="2016-02-12" time="14:00:00">0.689</Value>
		</SetofValues>
	</Station>
	<Station stationReference="060S0661W_TG 9132" region="EA Wales" stationName="Llanwrda LVL" ngr="SN7146531526">
		<SetofValues parameter="Water Level" qualifier="Stage" dataType="Instantaneous" period="15 min" units="m" startDate="2016-02-12" startTime="10:15:00" endDate="2016-02-12" endTime="14:00:00">
			<Value date="2016-02-12" time="10:15:00">0.510</Value>
			<Value date="2016-02-12" time="10:30:00">0.509</Value>
			<Value date="2016-02-12" time="10:45:00">0.509</Value>
			<Value date="2016-02-12" time="11:00:00">0.509</Value>
			<Value date="2016-02-12" time="11:15:00">0.508</Value>
			<Value date="2016-02-12" time="11:30:00">0.508</Value>
			<Value date="2016-02-12" time="11:45:00">0.507</Value>
			<Value date="2016-02-12" time="12:00:00">0.506</Value>
			<Value date="2016-02-12" time="12:15:00">0.506</Value>
			<Value date="2016-02-12" time="12:30:00">0.506</Value>
			<Value date="2016-02-12" time="12:45:00">0.505</Value>
			<Value date="2016-02-12" time="13:00:00">0.506</Value>
			<Value date="2016-02-12" time="13:15:00">0.505</Value>
			<Value date="2016-02-12" time="13:30:00">0.505</Value>
			<Value date="2016-02-12" time="13:45:00">0.504</Value>
			<Value date="2016-02-12" time="14:00:00">0.504</Value>
		</SetofValues>
	</Station>
	<Station stationReference="060S0579W_TG 2080" region="EA Wales" stationName="Login LVL" ngr="SN1659823386">
		<SetofValues parameter="Water Level" qualifier="Stage" dataType="Instantaneous" period="15 min" units="m" startDate="2016-02-12" startTime="10:15:00" endDate="2016-02-12" endTime="14:00:00">
			<Value date="2016-02-12" time="10:15:00">1.223</Value>
			<Value date="2016-02-12" time="10:30:00">1.219</Value>
			<Value date="2016-02-12" time="10:45:00">1.221</Value>
			<Value date="2016-02-12" time="11:00:00">1.220</Value>
			<Value date="2016-02-12" time="11:15:00">1.218</Value>
			<Value date="2016-02-12" time="11:30:00">1.218</Value>
			<Value date="2016-02-12" time="11:45:00">1.222</Value>
			<Value date="2016-02-12" time="12:00:00">1.217</Value>
			<Value date="2016-02-12" time="12:15:00">1.214</Value>
			<Value date="2016-02-12" time="12:30:00">1.213</Value>
			<Value date="2016-02-12" time="12:45:00">1.211</Value>
			<Value date="2016-02-12" time="13:00:00">1.211</Value>
			<Value date="2016-02-12" time="13:15:00">1.213</Value>
			<Value date="2016-02-12" time="13:30:00">1.210</Value>
			<Value date="2016-02-12" time="13:45:00">1.216</Value>
			<Value date="2016-02-12" time="14:00:00">1.211</Value>
		</SetofValues>
	</Station>
	<Station stationReference="060S0036W_TG 9124" region="EA Wales" stationName="Llangendeirne LVL" ngr="SN4547913709">
		<SetofValues parameter="Water Level" qualifier="Stage" dataType="Instantaneous" period="15 min" units="m" startDate="2016-02-12" startTime="10:15:00" endDate="2016-02-12" endTime="14:00:00">
			<Value date="2016-02-12" time="10:15:00">0.846</Value>
			<Value date="2016-02-12" time="10:30:00">0.843</Value>
			<Value date="2016-02-12" time="10:45:00">0.839</Value>
			<Value date="2016-02-12" time="11:00:00">0.838</Value>
			<Value date="2016-02-12" time="11:15:00">0.836</Value>
			<Value date="2016-02-12" time="11:30:00">0.833</Value>
			<Value date="2016-02-12" time="11:45:00">0.831</Value>
			<Value date="2016-02-12" time="12:00:00">0.828</Value>
			<Value date="2016-02-12" time="12:15:00">0.829</Value>
			<Value date="2016-02-12" time="12:30:00">0.826</Value>
			<Value date="2016-02-12" time="12:45:00">0.824</Value>
			<Value date="2016-02-12" time="13:00:00">0.822</Value>
			<Value date="2016-02-12" time="13:15:00">0.822</Value>
			<Value date="2016-02-12" time="13:30:00">0.821</Value>
			<Value date="2016-02-12" time="13:45:00">0.818</Value>
			<Value date="2016-02-12" time="14:00:00">0.815</Value>
		</SetofValues>
	</Station>
	<Station stationReference="060R0686W_DL 2780" region="EA Wales" stationName="Cynghordy RAIN" ngr="SN8029239931">
		<SetofValues parameter="Rainfall" qualifier="Tipping Bucket Raingauge" dataType="Total" period="15 min" units="mm" startDate="2016-02-12" startTime="10:15:00" endDate="2016-02-12" endTime="14:00:00">
			<Value date="2016-02-12" time="10:15:00">0.0</Value>
			<Value date="2016-02-12" time="10:30:00">0.0</Value>
			<Value date="2016-02-12" time="10:45:00">0.0</Value>
			<Value date="2016-02-12" time="11:00:00">0.0</Value>
			<Value date="2016-02-12" time="11:15:00">0.0</Value>
			<Value date="2016-02-12" time="11:30:00">0.0</Value>
			<Value date="2016-02-12" time="11:45:00">0.0</Value>
			<Value date="2016-02-12" time="12:00:00">0.0</Value>
			<Value date="2016-02-12" time="12:15:00">0.0</Value>
			<Value date="2016-02-12" time="12:30:00">0.0</Value>
			<Value date="2016-02-12" time="12:45:00">0.0</Value>
			<Value date="2016-02-12" time="13:00:00">0.0</Value>
			<Value date="2016-02-12" time="13:15:00">0.0</Value>
			<Value date="2016-02-12" time="13:30:00">0.0</Value>
			<Value date="2016-02-12" time="13:45:00">0.0</Value>
			<Value date="2016-02-12" time="14:00:00">0.0</Value>
		</SetofValues>
	</Station>
	<Station stationReference="060R0676W_DL 2690" region="EA Wales" stationName="Myddfai RAIN" ngr="SN7753229750">
		<SetofValues parameter="Rainfall" qualifier="Tipping Bucket Raingauge" dataType="Total" period="15 min" units="mm" startDate="2016-02-12" startTime="10:15:00" endDate="2016-02-12" endTime="14:00:00">
			<Value date="2016-02-12" time="10:15:00">0.0</Value>
			<Value date="2016-02-12" time="10:30:00">0.0</Value>
			<Value date="2016-02-12" time="10:45:00">0.0</Value>
			<Value date="2016-02-12" time="11:00:00">0.0</Value>
			<Value date="2016-02-12" time="11:15:00">0.0</Value>
			<Value date="2016-02-12" time="11:30:00">0.0</Value>
			<Value date="2016-02-12" time="11:45:00">0.0</Value>
			<Value date="2016-02-12" time="12:00:00">0.0</Value>
			<Value date="2016-02-12" time="12:15:00">0.0</Value>
			<Value date="2016-02-12" time="12:30:00">0.0</Value>
			<Value date="2016-02-12" time="12:45:00">0.0</Value>
			<Value date="2016-02-12" time="13:00:00">0.0</Value>
			<Value date="2016-02-12" time="13:15:00">0.0</Value>
			<Value date="2016-02-12" time="13:30:00">0.0</Value>
			<Value date="2016-02-12" time="13:45:00">0.0</Value>
			<Value date="2016-02-12" time="14:00:00">0.0</Value>
		</SetofValues>
	</Station>
	<Station stationReference="060R0672W_DL 2720" region="EA Wales" stationName="Trelech RAIN" ngr="SN2800030400">
		<SetofValues parameter="Rainfall" qualifier="Tipping Bucket Raingauge" dataType="Total" period="15 min" units="mm" startDate="2016-02-12" startTime="10:15:00" endDate="2016-02-12" endTime="14:00:00">
			<Value date="2016-02-12" time="10:15:00">0.0</Value>
			<Value date="2016-02-12" time="10:30:00">0.0</Value>
			<Value date="2016-02-12" time="10:45:00">0.0</Value>
			<Value date="2016-02-12" time="11:00:00">0.0</Value>
			<Value date="2016-02-12" time="11:15:00">0.0</Value>
			<Value date="2016-02-12" time="11:30:00">0.0</Value>
			<Value date="2016-02-12" time="11:45:00">0.0</Value>
			<Value date="2016-02-12" time="12:00:00">0.0</Value>
			<Value date="2016-02-12" time="12:15:00">0.0</Value>
			<Value date="2016-02-12" time="12:30:00">0.0</Value>
			<Value date="2016-02-12" time="12:45:00">0.0</Value>
			<Value date="2016-02-12" time="13:00:00">0.0</Value>
			<Value date="2016-02-12" time="13:15:00">0.0</Value>
			<Value date="2016-02-12" time="13:30:00">0.0</Value>
			<Value date="2016-02-12" time="13:45:00">0.0</Value>
			<Value date="2016-02-12" time="14:00:00">0.0</Value>
		</SetofValues>
	</Station>
	<Station stationReference="060R0415" region="EA Wales" stationName="Caio RAIN" ngr="SN6748339675">
		<SetofValues parameter="Rainfall" qualifier="Tipping Bucket Raingauge" dataType="Total" period="15 min" units="mm" startDate="2016-02-12" startTime="12:00:00" endDate="2016-02-12" endTime="14:00:00">
			<Value date="2016-02-12" time="12:00:00">0.0</Value>
			<Value date="2016-02-12" time="12:15:00">0.0</Value>
			<Value date="2016-02-12" time="12:30:00">0.0</Value>
			<Value date="2016-02-12" time="12:45:00">0.0</Value>
			<Value date="2016-02-12" time="13:00:00">0.0</Value>
			<Value date="2016-02-12" time="13:15:00">0.0</Value>
			<Value date="2016-02-12" time="13:30:00">0.0</Value>
			<Value date="2016-02-12" time="13:45:00">0.0</Value>
			<Value date="2016-02-12" time="14:00:00">0.0</Value>
		</SetofValues>
	</Station>
	<Station stationReference="060R0178W_DL 2510" region="EA Wales" stationName="Abergorlech RAIN" ngr="SN5861933806">
		<SetofValues parameter="Rainfall" qualifier="Tipping Bucket Raingauge" dataType="Total" period="15 min" units="mm" startDate="2016-02-12" startTime="12:00:00" endDate="2016-02-12" endTime="14:00:00">
			<Value date="2016-02-12" time="12:00:00">0.0</Value>
			<Value date="2016-02-12" time="12:15:00">0.0</Value>
			<Value date="2016-02-12" time="12:30:00">0.0</Value>
			<Value date="2016-02-12" time="12:45:00">0.0</Value>
			<Value date="2016-02-12" time="13:00:00">0.0</Value>
			<Value date="2016-02-12" time="13:15:00">0.0</Value>
			<Value date="2016-02-12" time="13:30:00">0.0</Value>
			<Value date="2016-02-12" time="13:45:00">0.0</Value>
			<Value date="2016-02-12" time="14:00:00">0.0</Value>
		</SetofValues>
	</Station>
	<Station stationReference="060010_TG 9101" region="EA Wales" stationName="Capel Dewi LVL" ngr="SN4853320603">
		<SetofValues parameter="Water Level" qualifier="Stage" dataType="Instantaneous" period="15 min" units="m" startDate="2016-02-12" startTime="10:30:00" endDate="2016-02-12" endTime="14:00:00">
			<Value date="2016-02-12" time="10:30:00">1.950</Value>
			<Value date="2016-02-12" time="10:45:00">1.945</Value>
			<Value date="2016-02-12" time="11:00:00">1.940</Value>
			<Value date="2016-02-12" time="11:15:00">1.934</Value>
			<Value date="2016-02-12" time="11:30:00">1.928</Value>
			<Value date="2016-02-12" time="11:45:00">1.923</Value>
			<Value date="2016-02-12" time="12:00:00">1.918</Value>
			<Value date="2016-02-12" time="12:15:00">1.913</Value>
			<Value date="2016-02-12" time="12:30:00">1.908</Value>
			<Value date="2016-02-12" time="12:45:00">1.903</Value>
			<Value date="2016-02-12" time="13:00:00">1.898</Value>
			<Value date="2016-02-12" time="13:15:00">1.892</Value>
			<Value date="2016-02-12" time="13:30:00">1.885</Value>
			<Value date="2016-02-12" time="13:45:00">1.876</Value>
			<Value date="2016-02-12" time="14:00:00">1.872</Value>
		</SetofValues>
	</Station>
	<Station stationReference="060005" region="EA Wales" stationName="Llandovery LVL" ngr="SN7711834338">
		<SetofValues parameter="Water Level" qualifier="Stage" dataType="Instantaneous" period="15 min" units="m" startDate="2016-02-12" startTime="10:15:00" endDate="2016-02-12" endTime="14:00:00">
			<Value date="2016-02-12" time="10:15:00">0.576</Value>
			<Value date="2016-02-12" time="10:30:00">0.576</Value>
			<Value date="2016-02-12" time="10:45:00">0.570</Value>
			<Value date="2016-02-12" time="11:00:00">0.570</Value>
			<Value date="2016-02-12" time="11:15:00">0.570</Value>
			<Value date="2016-02-12" time="11:30:00">0.570</Value>
			<Value date="2016-02-12" time="11:45:00">0.570</Value>
			<Value date="2016-02-12" time="12:00:00">0.570</Value>
			<Value date="2016-02-12" time="12:15:00">0.570</Value>
			<Value date="2016-02-12" time="12:30:00">0.570</Value>
			<Value date="2016-02-12" time="12:45:00">0.570</Value>
			<Value date="2016-02-12" time="13:00:00">0.567</Value>
			<Value date="2016-02-12" time="13:15:00">0.567</Value>
			<Value date="2016-02-12" time="13:30:00">0.567</Value>
			<Value date="2016-02-12" time="13:45:00">0.567</Value>
			<Value date="2016-02-12" time="14:00:00">0.567</Value>
		</SetofValues>
	</Station>
	<Station stationReference="060004_TG 9111" region="EA Wales" stationName="Glasfryn Ford LVL" ngr="SN2898517478">
		<SetofValues parameter="Water Level" qualifier="Stage" dataType="Instantaneous" period="15 min" units="m" startDate="2016-02-12" startTime="10:15:00" endDate="2016-02-12" endTime="14:00:00">
			<Value date="2016-02-12" time="10:15:00">0.804</Value>
			<Value date="2016-02-12" time="10:30:00">0.804</Value>
			<Value date="2016-02-12" time="10:45:00">0.803</Value>
			<Value date="2016-02-12" time="11:00:00">0.803</Value>
			<Value date="2016-02-12" time="11:15:00">0.803</Value>
			<Value date="2016-02-12" time="11:30:00">0.802</Value>
			<Value date="2016-02-12" time="11:45:00">0.802</Value>
			<Value date="2016-02-12" time="12:00:00">0.801</Value>
			<Value date="2016-02-12" time="12:15:00">0.801</Value>
			<Value date="2016-02-12" time="12:30:00">0.805</Value>
			<Value date="2016-02-12" time="12:45:00">0.800</Value>
			<Value date="2016-02-12" time="13:00:00">0.800</Value>
			<Value date="2016-02-12" time="13:15:00">0.799</Value>
			<Value date="2016-02-12" time="13:30:00">0.799</Value>
			<Value date="2016-02-12" time="13:45:00">0.799</Value>
			<Value date="2016-02-12" time="14:00:00">0.799</Value>
		</SetofValues>
	</Station>
	<Station stationReference="060001_TG 9128" region="EA Wales" stationName="Ty Castell LVL" ngr="SN4913620370">
		<SetofValues parameter="Water Level" qualifier="Stage" dataType="Instantaneous" period="15 min" units="m" startDate="2016-02-12" startTime="12:00:00" endDate="2016-02-12" endTime="14:00:00">
			<Value date="2016-02-12" time="12:00:00">2.068</Value>
			<Value date="2016-02-12" time="12:15:00">2.068</Value>
			<Value date="2016-02-12" time="12:30:00">2.057</Value>
			<Value date="2016-02-12" time="12:45:00">2.051</Value>
			<Value date="2016-02-12" time="13:00:00">2.045</Value>
			<Value date="2016-02-12" time="13:15:00">2.041</Value>
			<Value date="2016-02-12" time="13:30:00">2.026</Value>
			<Value date="2016-02-12" time="13:45:00">2.020</Value>
			<Value date="2016-02-12" time="14:00:00">2.023</Value>
		</SetofValues>
	</Station>
	<Station stationReference="059S0711W" region="EA Wales" stationName="Llanelli TLG" ngr="SS5038498626">
		<SetofValues parameter="Water Level" qualifier="Stage" dataType="Instantaneous" period="15 min" units="m" startDate="2016-02-12" startTime="10:15:00" endDate="2016-02-12" endTime="14:00:00">
			<Value date="2016-02-12" time="10:15:00">3.690</Value>
			<Value date="2016-02-12" time="10:30:00">3.332</Value>
			<Value date="2016-02-12" time="10:45:00">2.953</Value>
			<Value date="2016-02-12" time="11:00:00">2.497</Value>
			<Value date="2016-02-12" time="11:15:00">2.085</Value>
			<Value date="2016-02-12" time="11:30:00">1.707</Value>
			<Value date="2016-02-12" time="11:45:00">1.321</Value>
			<Value date="2016-02-12" time="12:00:00">1.090</Value>
			<Value date="2016-02-12" time="12:15:00">1.027</Value>
			<Value date="2016-02-12" time="12:30:00">0.994</Value>
			<Value date="2016-02-12" time="12:45:00">0.964</Value>
			<Value date="2016-02-12" time="13:00:00">0.952</Value>
			<Value date="2016-02-12" time="13:15:00">0.939</Value>
			<Value date="2016-02-12" time="13:30:00">0.932</Value>
			<Value date="2016-02-12" time="13:45:00">0.923</Value>
			<Value date="2016-02-12" time="14:00:00">0.918</Value>
		</SetofValues>
	</Station>
	<Station stationReference="059S0592W" region="EA Wales" stationName="Llangennech LVL" ngr="SN5626901954">
		<SetofValues parameter="Water Level" qualifier="Stage" dataType="Instantaneous" period="15 min" units="m" startDate="2016-02-12" startTime="10:15:00" endDate="2016-02-12" endTime="14:00:00">
			<Value date="2016-02-12" time="10:15:00">0.475</Value>
			<Value date="2016-02-12" time="10:30:00">0.467</Value>
			<Value date="2016-02-12" time="10:45:00">0.474</Value>
			<Value date="2016-02-12" time="11:00:00">0.473</Value>
			<Value date="2016-02-12" time="11:15:00">0.471</Value>
			<Value date="2016-02-12" time="11:30:00">0.472</Value>
			<Value date="2016-02-12" time="11:45:00">0.471</Value>
			<Value date="2016-02-12" time="12:00:00">0.475</Value>
			<Value date="2016-02-12" time="12:15:00">0.472</Value>
			<Value date="2016-02-12" time="12:30:00">0.462</Value>
			<Value date="2016-02-12" time="12:45:00">0.463</Value>
			<Value date="2016-02-12" time="13:00:00">0.473</Value>
			<Value date="2016-02-12" time="13:15:00">0.465</Value>
			<Value date="2016-02-12" time="13:30:00">0.475</Value>
			<Value date="2016-02-12" time="13:45:00">0.470</Value>
			<Value date="2016-02-12" time="14:00:00">0.459</Value>
		</SetofValues>
	</Station>
	<Station stationReference="059S0591W" region="EA Wales" stationName="Pontycob LVL" ngr="SS5792597149">
		<SetofValues parameter="Water Level" qualifier="Stage" dataType="Instantaneous" period="15 min" units="mAOD" startDate="2016-02-12" startTime="11:00:00" endDate="2016-02-12" endTime="14:00:00">
			<Value date="2016-02-12" time="11:00:00">3.286</Value>
			<Value date="2016-02-12" time="11:15:00">3.212</Value>
			<Value date="2016-02-12" time="11:30:00">3.212</Value>
			<Value date="2016-02-12" time="11:45:00">3.212</Value>
			<Value date="2016-02-12" time="12:00:00">3.215</Value>
			<Value date="2016-02-12" time="12:15:00">3.212</Value>
			<Value date="2016-02-12" time="12:30:00">3.211</Value>
			<Value date="2016-02-12" time="12:45:00">3.211</Value>
			<Value date="2016-02-12" time="13:00:00">3.211</Value>
			<Value date="2016-02-12" time="13:15:00">3.211</Value>
			<Value date="2016-02-12" time="13:30:00">3.210</Value>
			<Value date="2016-02-12" time="13:45:00">3.211</Value>
			<Value date="2016-02-12" time="14:00:00">3.210</Value>
		</SetofValues>
	</Station>
	<Station stationReference="059S0546W" region="EA Wales" stationName="Clarion Close LVL" ngr="SS6829697865">
		<SetofValues parameter="Water Level" qualifier="Stage" dataType="Instantaneous" period="15 min" units="m" startDate="2016-02-12" startTime="10:15:00" endDate="2016-02-12" endTime="14:00:00">
			<Value date="2016-02-12" time="10:15:00">0.346</Value>
			<Value date="2016-02-12" time="10:30:00">0.345</Value>
			<Value date="2016-02-12" time="10:45:00">0.344</Value>
			<Value date="2016-02-12" time="11:00:00">0.344</Value>
			<Value date="2016-02-12" time="11:15:00">0.343</Value>
			<Value date="2016-02-12" time="11:30:00">0.342</Value>
			<Value date="2016-02-12" time="11:45:00">0.341</Value>
			<Value date="2016-02-12" time="12:00:00">0.341</Value>
			<Value date="2016-02-12" time="12:15:00">0.340</Value>
			<Value date="2016-02-12" time="12:30:00">0.340</Value>
			<Value date="2016-02-12" time="12:45:00">0.339</Value>
			<Value date="2016-02-12" time="13:00:00">0.338</Value>
			<Value date="2016-02-12" time="13:15:00">0.337</Value>
			<Value date="2016-02-12" time="13:30:00">0.337</Value>
			<Value date="2016-02-12" time="13:45:00">0.336</Value>
			<Value date="2016-02-12" time="14:00:00">0.335</Value>
		</SetofValues>
	</Station>
	<Station stationReference="059S0525W_TG 9216" region="EA Wales" stationName="Craig Y Nos LVL" ngr="SN8409215512">
		<SetofValues parameter="Water Level" qualifier="Stage" dataType="Instantaneous" period="15 min" units="m" startDate="2016-02-12" startTime="12:00:00" endDate="2016-02-12" endTime="14:00:00">
			<Value date="2016-02-12" time="12:00:00">0.630</Value>
			<Value date="2016-02-12" time="12:15:00">0.631</Value>
			<Value date="2016-02-12" time="12:30:00">0.632</Value>
			<Value date="2016-02-12" time="12:45:00">0.628</Value>
			<Value date="2016-02-12" time="13:00:00">0.628</Value>
			<Value date="2016-02-12" time="13:15:00">0.628</Value>
			<Value date="2016-02-12" time="13:30:00">0.629</Value>
			<Value date="2016-02-12" time="13:45:00">0.622</Value>
			<Value date="2016-02-12" time="14:00:00">0.624</Value>
		</SetofValues>
	</Station>
	<Station stationReference="059R738W" region="EA Wales" stationName="Felinfoel RAIN" ngr="SN5158902326">
		<SetofValues parameter="Rainfall" qualifier="Tipping Bucket Raingauge" dataType="Total" period="15 min" units="mm" startDate="2016-02-12" startTime="10:15:00" endDate="2016-02-12" endTime="14:00:00">
			<Value date="2016-02-12" time="10:15:00">0.0</Value>
			<Value date="2016-02-12" time="10:30:00">0.0</Value>
			<Value date="2016-02-12" time="10:45:00">0.0</Value>
			<Value date="2016-02-12" time="11:00:00">0.0</Value>
			<Value date="2016-02-12" time="11:15:00">0.0</Value>
			<Value date="2016-02-12" time="11:30:00">0.0</Value>
			<Value date="2016-02-12" time="11:45:00">0.0</Value>
			<Value date="2016-02-12" time="12:00:00">0.0</Value>
			<Value date="2016-02-12" time="12:15:00">0.0</Value>
			<Value date="2016-02-12" time="12:30:00">0.0</Value>
			<Value date="2016-02-12" time="12:45:00">0.0</Value>
			<Value date="2016-02-12" time="13:00:00">0.0</Value>
			<Value date="2016-02-12" time="13:15:00">0.0</Value>
			<Value date="2016-02-12" time="13:30:00">0.0</Value>
			<Value date="2016-02-12" time="13:45:00">0.0</Value>
			<Value date="2016-02-12" time="14:00:00">0.0</Value>
		</SetofValues>
	</Station>
	<Station stationReference="059R0739W" region="EA Wales" stationName="Bynea RAIN" ngr="SS5414598182">
		<SetofValues parameter="Rainfall" qualifier="Tipping Bucket Raingauge" dataType="Total" period="15 min" units="mm" startDate="2016-02-12" startTime="14:00:00" endDate="2016-02-12" endTime="14:00:00">
			<Value date="2016-02-12" time="14:00:00">0.0</Value>
		</SetofValues>
	</Station>
	<Station stationReference="059R0735W" region="EA Wales" stationName="Gowerton RAIN" ngr="SS5949896941">
		<SetofValues parameter="Rainfall" qualifier="Tipping Bucket Raingauge" dataType="Total" period="15 min" units="mm" startDate="2016-02-12" startTime="10:15:00" endDate="2016-02-12" endTime="14:00:00">
			<Value date="2016-02-12" time="10:15:00">0.0</Value>
			<Value date="2016-02-12" time="10:30:00">0.2</Value>
			<Value date="2016-02-12" time="10:45:00">0.0</Value>
			<Value date="2016-02-12" time="11:00:00">0.0</Value>
			<Value date="2016-02-12" time="11:15:00">0.0</Value>
			<Value date="2016-02-12" time="11:30:00">0.0</Value>
			<Value date="2016-02-12" time="11:45:00">0.0</Value>
			<Value date="2016-02-12" time="12:00:00">0.0</Value>
			<Value date="2016-02-12" time="12:15:00">0.0</Value>
			<Value date="2016-02-12" time="12:30:00">0.0</Value>
			<Value date="2016-02-12" time="12:45:00">0.0</Value>
			<Value date="2016-02-12" time="13:00:00">0.0</Value>
			<Value date="2016-02-12" time="13:15:00">0.0</Value>
			<Value date="2016-02-12" time="13:30:00">0.0</Value>
			<Value date="2016-02-12" time="13:45:00">0.0</Value>
			<Value date="2016-02-12" time="14:00:00">0.0</Value>
		</SetofValues>
	</Station>
	<Station stationReference="059R0692W" region="EA Wales" stationName="Dan Yr Ogof RAIN" ngr="SN8421716333">
		<SetofValues parameter="Rainfall" qualifier="Tipping Bucket Raingauge" dataType="Total" period="15 min" units="mm" startDate="2016-02-12" startTime="12:00:00" endDate="2016-02-12" endTime="14:00:00">
			<Value date="2016-02-12" time="12:00:00">0.0</Value>
			<Value date="2016-02-12" time="12:15:00">0.0</Value>
			<Value date="2016-02-12" time="12:30:00">0.0</Value>
			<Value date="2016-02-12" time="12:45:00">0.0</Value>
			<Value date="2016-02-12" time="13:00:00">0.0</Value>
			<Value date="2016-02-12" time="13:15:00">0.0</Value>
			<Value date="2016-02-12" time="13:30:00">0.0</Value>
			<Value date="2016-02-12" time="13:45:00">0.0</Value>
			<Value date="2016-02-12" time="14:00:00">0.0</Value>
		</SetofValues>
	</Station>
	<Station stationReference="059R0684W_DL 2830" region="EA Wales" stationName="Spyte RAIN" ngr="SN6713303997">
		<SetofValues parameter="Rainfall" qualifier="Tipping Bucket Raingauge" dataType="Total" period="15 min" units="mm" startDate="2016-02-12" startTime="12:00:00" endDate="2016-02-12" endTime="14:00:00">
			<Value date="2016-02-12" time="12:00:00">0.0</Value>
			<Value date="2016-02-12" time="12:15:00">0.0</Value>
			<Value date="2016-02-12" time="12:30:00">0.0</Value>
			<Value date="2016-02-12" time="12:45:00">0.0</Value>
			<Value date="2016-02-12" time="13:00:00">0.0</Value>
			<Value date="2016-02-12" time="13:15:00">0.0</Value>
			<Value date="2016-02-12" time="13:30:00">0.0</Value>
			<Value date="2016-02-12" time="13:45:00">0.0</Value>
			<Value date="2016-02-12" time="14:00:00">0.0</Value>
		</SetofValues>
	</Station>
	<Station stationReference="059R0683W_RK" region="EA Wales" stationName="Brynamman RAIN" ngr="SN7195415093">
		<SetofValues parameter="Rainfall" qualifier="Tipping Bucket Raingauge" dataType="Total" period="15 min" units="mm" startDate="2016-02-12" startTime="10:15:00" endDate="2016-02-12" endTime="14:00:00">
			<Value date="2016-02-12" time="10:15:00">0.0</Value>
			<Value date="2016-02-12" time="10:30:00">0.0</Value>
			<Value date="2016-02-12" time="10:45:00">0.0</Value>
			<Value date="2016-02-12" time="11:00:00">0.0</Value>
			<Value date="2016-02-12" time="11:15:00">0.0</Value>
			<Value date="2016-02-12" time="11:30:00">0.0</Value>
			<Value date="2016-02-12" time="11:45:00">0.0</Value>
			<Value date="2016-02-12" time="12:00:00">0.0</Value>
			<Value date="2016-02-12" time="12:15:00">0.0</Value>
			<Value date="2016-02-12" time="12:30:00">0.0</Value>
			<Value date="2016-02-12" time="12:45:00">0.0</Value>
			<Value date="2016-02-12" time="13:00:00">0.0</Value>
			<Value date="2016-02-12" time="13:15:00">0.0</Value>
			<Value date="2016-02-12" time="13:30:00">0.0</Value>
			<Value date="2016-02-12" time="13:45:00">0.0</Value>
			<Value date="2016-02-12" time="14:00:00">0.0</Value>
		</SetofValues>
	</Station>
	<Station stationReference="059R0681W_RK" region="EA Wales" stationName="Ystradowen RAIN" ngr="SN7445711042">
		<SetofValues parameter="Rainfall" qualifier="Tipping Bucket Raingauge" dataType="Total" period="15 min" units="mm" startDate="2016-02-12" startTime="12:00:00" endDate="2016-02-12" endTime="14:00:00">
			<Value date="2016-02-12" time="12:00:00">0.0</Value>
			<Value date="2016-02-12" time="12:15:00">0.0</Value>
			<Value date="2016-02-12" time="12:30:00">0.0</Value>
			<Value date="2016-02-12" time="12:45:00">0.0</Value>
			<Value date="2016-02-12" time="13:00:00">0.0</Value>
			<Value date="2016-02-12" time="13:15:00">0.0</Value>
			<Value date="2016-02-12" time="13:30:00">0.0</Value>
			<Value date="2016-02-12" time="13:45:00">0.0</Value>
			<Value date="2016-02-12" time="14:00:00">0.0</Value>
		</SetofValues>
	</Station>
	<Station stationReference="059R0120" region="EA Wales" stationName="Birchgrove RAIN" ngr="SS7096199110">
		<SetofValues parameter="Rainfall" qualifier="Tipping Bucket Raingauge" dataType="Total" period="15 min" units="mm" startDate="2016-02-12" startTime="10:15:00" endDate="2016-02-12" endTime="14:00:00">
			<Value date="2016-02-12" time="10:15:00">0.0</Value>
			<Value date="2016-02-12" time="10:30:00">0.0</Value>
			<Value date="2016-02-12" time="10:45:00">0.0</Value>
			<Value date="2016-02-12" time="11:00:00">0.0</Value>
			<Value date="2016-02-12" time="11:15:00">0.0</Value>
			<Value date="2016-02-12" time="11:30:00">0.0</Value>
			<Value date="2016-02-12" time="11:45:00">0.0</Value>
			<Value date="2016-02-12" time="12:00:00">0.0</Value>
			<Value date="2016-02-12" time="12:15:00">0.0</Value>
			<Value date="2016-02-12" time="12:30:00">0.0</Value>
			<Value date="2016-02-12" time="12:45:00">0.0</Value>
			<Value date="2016-02-12" time="13:00:00">0.0</Value>
			<Value date="2016-02-12" time="13:15:00">0.0</Value>
			<Value date="2016-02-12" time="13:30:00">0.0</Value>
			<Value date="2016-02-12" time="13:45:00">0.0</Value>
			<Value date="2016-02-12" time="14:00:00">0.0</Value>
		</SetofValues>
	</Station>
	<Station stationReference="058S0671W" region="EA Wales" stationName="Llanmaes LVL" ngr="SS9857068962">
		<SetofValues parameter="Water Level" qualifier="Stage" dataType="Instantaneous" period="15 min" units="m" startDate="2016-02-12" startTime="10:15:00" endDate="2016-02-12" endTime="14:00:00">
			<Value date="2016-02-12" time="10:15:00">0.678</Value>
			<Value date="2016-02-12" time="10:30:00">0.678</Value>
			<Value date="2016-02-12" time="10:45:00">0.678</Value>
			<Value date="2016-02-12" time="11:00:00">0.677</Value>
			<Value date="2016-02-12" time="11:15:00">0.677</Value>
			<Value date="2016-02-12" time="11:30:00">0.677</Value>
			<Value date="2016-02-12" time="11:45:00">0.678</Value>
			<Value date="2016-02-12" time="12:00:00">0.677</Value>
			<Value date="2016-02-12" time="12:15:00">0.677</Value>
			<Value date="2016-02-12" time="12:30:00">0.676</Value>
			<Value date="2016-02-12" time="12:45:00">0.676</Value>
			<Value date="2016-02-12" time="13:00:00">0.676</Value>
			<Value date="2016-02-12" time="13:15:00">0.676</Value>
			<Value date="2016-02-12" time="13:30:00">0.676</Value>
			<Value date="2016-02-12" time="13:45:00">0.677</Value>
			<Value date="2016-02-12" time="14:00:00">0.676</Value>
		</SetofValues>
	</Station>
	<Station stationReference="058R0688W" region="EA Wales" stationName="Resolven RAIN" ngr="SN8247602537">
		<SetofValues parameter="Rainfall" qualifier="Tipping Bucket Raingauge" dataType="Total" period="15 min" units="mm" startDate="2016-02-12" startTime="10:15:00" endDate="2016-02-12" endTime="14:00:00">
			<Value date="2016-02-12" time="10:15:00">0.0</Value>
			<Value date="2016-02-12" time="10:30:00">0.0</Value>
			<Value date="2016-02-12" time="10:45:00">0.0</Value>
			<Value date="2016-02-12" time="11:00:00">0.0</Value>
			<Value date="2016-02-12" time="11:15:00">0.0</Value>
			<Value date="2016-02-12" time="11:30:00">0.0</Value>
			<Value date="2016-02-12" time="11:45:00">0.0</Value>
			<Value date="2016-02-12" time="12:00:00">0.0</Value>
			<Value date="2016-02-12" time="12:15:00">0.0</Value>
			<Value date="2016-02-12" time="12:30:00">0.0</Value>
			<Value date="2016-02-12" time="12:45:00">0.0</Value>
			<Value date="2016-02-12" time="13:00:00">0.0</Value>
			<Value date="2016-02-12" time="13:15:00">0.0</Value>
			<Value date="2016-02-12" time="13:30:00">0.0</Value>
			<Value date="2016-02-12" time="13:45:00">0.0</Value>
			<Value date="2016-02-12" time="14:00:00">0.0</Value>
		</SetofValues>
	</Station>
	<Station stationReference="058R0415" region="EA Wales" stationName="Brackla RAIN" ngr="SS9169080283">
		<SetofValues parameter="Rainfall" qualifier="Tipping Bucket Raingauge" dataType="Total" period="15 min" units="mm" startDate="2016-02-12" startTime="10:15:00" endDate="2016-02-12" endTime="14:00:00">
			<Value date="2016-02-12" time="10:15:00">0.0</Value>
			<Value date="2016-02-12" time="10:30:00">0.0</Value>
			<Value date="2016-02-12" time="10:45:00">0.0</Value>
			<Value date="2016-02-12" time="11:00:00">0.0</Value>
			<Value date="2016-02-12" time="11:15:00">0.0</Value>
			<Value date="2016-02-12" time="11:30:00">0.2</Value>
			<Value date="2016-02-12" time="11:45:00">0.0</Value>
			<Value date="2016-02-12" time="12:00:00">0.0</Value>
			<Value date="2016-02-12" time="12:15:00">0.0</Value>
			<Value date="2016-02-12" time="12:30:00">0.0</Value>
			<Value date="2016-02-12" time="12:45:00">0.0</Value>
			<Value date="2016-02-12" time="13:00:00">0.0</Value>
			<Value date="2016-02-12" time="13:15:00">0.0</Value>
			<Value date="2016-02-12" time="13:30:00">0.0</Value>
			<Value date="2016-02-12" time="13:45:00">0.0</Value>
			<Value date="2016-02-12" time="14:00:00">0.0</Value>
		</SetofValues>
	</Station>
	<Station stationReference="058R0407W" region="EA Wales" stationName="Fforch Dwm RAIN" ngr="SS8209197249">
		<SetofValues parameter="Rainfall" qualifier="Tipping Bucket Raingauge" dataType="Total" period="15 min" units="mm" startDate="2016-02-12" startTime="10:15:00" endDate="2016-02-12" endTime="14:00:00">
			<Value date="2016-02-12" time="10:15:00">0.0</Value>
			<Value date="2016-02-12" time="10:30:00">0.0</Value>
			<Value date="2016-02-12" time="10:45:00">0.0</Value>
			<Value date="2016-02-12" time="11:00:00">0.0</Value>
			<Value date="2016-02-12" time="11:15:00">0.0</Value>
			<Value date="2016-02-12" time="11:30:00">0.0</Value>
			<Value date="2016-02-12" time="11:45:00">0.0</Value>
			<Value date="2016-02-12" time="12:00:00">0.0</Value>
			<Value date="2016-02-12" time="12:15:00">0.0</Value>
			<Value date="2016-02-12" time="12:30:00">0.0</Value>
			<Value date="2016-02-12" time="12:45:00">0.0</Value>
			<Value date="2016-02-12" time="13:00:00">0.0</Value>
			<Value date="2016-02-12" time="13:15:00">0.0</Value>
			<Value date="2016-02-12" time="13:30:00">0.0</Value>
			<Value date="2016-02-12" time="13:45:00">0.0</Value>
			<Value date="2016-02-12" time="14:00:00">0.0</Value>
		</SetofValues>
	</Station>
	<Station stationReference="058005_TG 201" region="EA Wales" stationName="Brynmenyn LVL" ngr="SS9038484416">
		<SetofValues parameter="Water Level" qualifier="Stage" dataType="Instantaneous" period="15 min" units="m" startDate="2016-02-12" startTime="10:15:00" endDate="2016-02-12" endTime="14:00:00">
			<Value date="2016-02-12" time="10:15:00">0.587</Value>
			<Value date="2016-02-12" time="10:30:00">0.587</Value>
			<Value date="2016-02-12" time="10:45:00">0.586</Value>
			<Value date="2016-02-12" time="11:00:00">0.586</Value>
			<Value date="2016-02-12" time="11:15:00">0.586</Value>
			<Value date="2016-02-12" time="11:30:00">0.585</Value>
			<Value date="2016-02-12" time="11:45:00">0.585</Value>
			<Value date="2016-02-12" time="12:00:00">0.584</Value>
			<Value date="2016-02-12" time="12:15:00">0.584</Value>
			<Value date="2016-02-12" time="12:30:00">0.583</Value>
			<Value date="2016-02-12" time="12:45:00">0.582</Value>
			<Value date="2016-02-12" time="13:00:00">0.582</Value>
			<Value date="2016-02-12" time="13:15:00">0.581</Value>
			<Value date="2016-02-12" time="13:30:00">0.580</Value>
			<Value date="2016-02-12" time="13:45:00">0.579</Value>
			<Value date="2016-02-12" time="14:00:00">0.579</Value>
		</SetofValues>
	</Station>
</EATimeSeriesDataExchangeFormat>
