<?xml version="1.0" standalone="yes"?>
<EATimeSeriesDataExchangeFormat xmlns="http://www.environment-agency.gov.uk/XMLSchemas/EATimeSeriesDataExchangeFormat" xmlns:md="http://www.environment-agency.gov.uk/XMLSchemas/EAMetadataFormat" xmlns:xsi="http://www.w3.org/2001/XMLSchema-instance" xsi:schemaLocation="http://www.environment-agency.gov.uk/XMLSchemas/EATimeSeriesDataExchangeFormat EATimeSeriesDataExchangeFormat.xsd">
	<md:Publisher>Environment Agency</md:Publisher>
	<md:Source>EA Wales Regional Telemetry System</md:Source>
	<md:Description>Automated telemetry data export process</md:Description>
	<md:Creator>SCX 6</md:Creator>
	<md:Date>2016-02-12</md:Date>
	<md:Time>12:36:11</md:Time>
	<md:Identifier>CYCARSCXAS1</md:Identifier>
	<Station stationReference="066634" region="EA Wales" stationName="Llandudno Pier TLG" ngr="SH7854983195">
		<SetofValues parameter="Water Level" qualifier="Stage" dataType="Instantaneous" period="15 min" units="mAOD" startDate="2016-02-12" startTime="12:15:00" endDate="2016-02-12" endTime="12:15:00">
			<Value date="2016-02-12" time="12:15:00">4.046</Value>
		</SetofValues>
	</Station>
	<Station stationReference="061S0691W_TG_7777" region="EA Wales" stationName="Kiln Park LVL" ngr="SN1255100467">
		<SetofValues parameter="Water Level" qualifier="Stage" dataType="Instantaneous" period="15 min" units="m" startDate="2016-02-12" startTime="12:30:00" endDate="2016-02-12" endTime="12:30:00">
			<Value date="2016-02-12" time="12:30:00">0.926</Value>
		</SetofValues>
	</Station>
	<Station stationReference="059R0739W" region="EA Wales" stationName="Bynea RAIN" ngr="SS5414598182">
		<SetofValues parameter="Rainfall" qualifier="Tipping Bucket Raingauge" dataType="Total" period="15 min" units="mm" startDate="2016-02-12" startTime="12:30:00" endDate="2016-02-12" endTime="12:30:00">
			<Value date="2016-02-12" time="12:30:00">0.0</Value>
		</SetofValues>
	</Station>
	<Station stationReference="056R0516E_TG 403Stage" region="EA Wales" stationName="Crai Reservoir LVL-Outflow Level">
		<SetofValues parameter="Water Level" qualifier="Stage" dataType="Instantaneous" period="15 min" units="m" startDate="2016-02-12" startTime="12:15:00" endDate="2016-02-12" endTime="12:30:00">
			<Value date="2016-02-12" time="12:15:00">0.758</Value>
			<Value date="2016-02-12" time="12:30:00">0.756</Value>
		</SetofValues>
	</Station>
	<Station stationReference="056R0516E_TG 403" region="EA Wales" stationName="Crai Reservoir Rainfall" ngr="SN8840522259">
		<SetofValues parameter="Rainfall" qualifier="Tipping Bucket Raingauge" dataType="Total" period="15 min" units="mm" startDate="2016-02-12" startTime="12:15:00" endDate="2016-02-12" endTime="12:30:00">
			<Value date="2016-02-12" time="12:15:00">0.0</Value>
			<Value date="2016-02-12" time="12:30:00">0.0</Value>
		</SetofValues>
	</Station>
</EATimeSeriesDataExchangeFormat>
