<?xml version="1.0" standalone="yes"?>
<EATimeSeriesDataExchangeFormat xmlns="http://www.environment-agency.gov.uk/XMLSchemas/EATimeSeriesDataExchangeFormat" xmlns:md="http://www.environment-agency.gov.uk/XMLSchemas/EAMetadataFormat" xmlns:xsi="http://www.w3.org/2001/XMLSchema-instance" xsi:schemaLocation="http://www.environment-agency.gov.uk/XMLSchemas/EATimeSeriesDataExchangeFormat EATimeSeriesDataExchangeFormat.xsd">
	<md:Publisher>Environment Agency</md:Publisher>
	<md:Source>EA Wales Regional Telemetry System</md:Source>
	<md:Description>Automated telemetry data export process</md:Description>
	<md:Creator>SCX 6</md:Creator>
	<md:Date>2016-02-12</md:Date>
	<md:Time>13:30:43</md:Time>
	<md:Identifier>CYCARSCXAS1</md:Identifier>
	<Station stationReference="061S0692W" region="EA Wales" stationName="Stepaside LVL" ngr="SN1377607669">
		<SetofValues parameter="Water Level" qualifier="Stage" dataType="Instantaneous" period="15 min" units="m" startDate="2016-02-12" startTime="10:15:00" endDate="2016-02-12" endTime="13:15:00">
			<Value date="2016-02-12" time="10:15:00">0.328</Value>
			<Value date="2016-02-12" time="10:30:00">0.327</Value>
			<Value date="2016-02-12" time="10:45:00">0.327</Value>
			<Value date="2016-02-12" time="11:00:00">0.327</Value>
			<Value date="2016-02-12" time="11:15:00">0.331</Value>
			<Value date="2016-02-12" time="11:30:00">0.334</Value>
			<Value date="2016-02-12" time="11:45:00">0.334</Value>
			<Value date="2016-02-12" time="12:00:00">0.334</Value>
			<Value date="2016-02-12" time="12:15:00">0.333</Value>
			<Value date="2016-02-12" time="12:30:00">0.334</Value>
			<Value date="2016-02-12" time="12:45:00">0.334</Value>
			<Value date="2016-02-12" time="13:00:00">0.333</Value>
			<Value date="2016-02-12" time="13:15:00">0.333</Value>
		</SetofValues>
	</Station>
	<Station stationReference="061002_TG 113" region="EA Wales" stationName="Canaston Bridge LVL" ngr="SN0720015299">
		<SetofValues parameter="Water Level" qualifier="Stage" dataType="Instantaneous" period="15 min" units="m" startDate="2016-02-12" startTime="13:15:00" endDate="2016-02-12" endTime="13:30:00">
			<Value date="2016-02-12" time="13:15:00">0.923</Value>
			<Value date="2016-02-12" time="13:30:00">0.922</Value>
		</SetofValues>
	</Station>
</EATimeSeriesDataExchangeFormat>
