<?xml version="1.0" standalone="yes"?>
<EATimeSeriesDataExchangeFormat xmlns="http://www.environment-agency.gov.uk/XMLSchemas/EATimeSeriesDataExchangeFormat" xmlns:md="http://www.environment-agency.gov.uk/XMLSchemas/EAMetadataFormat" xmlns:xsi="http://www.w3.org/2001/XMLSchema-instance" xsi:schemaLocation="http://www.environment-agency.gov.uk/XMLSchemas/EATimeSeriesDataExchangeFormat EATimeSeriesDataExchangeFormat.xsd">
	<md:Publisher>Environment Agency</md:Publisher>
	<md:Source>EA Wales Regional Telemetry System</md:Source>
	<md:Description>Automated telemetry data export process</md:Description>
	<md:Creator>SCX 6</md:Creator>
	<md:Date>2016-02-12</md:Date>
	<md:Time>10:21:01</md:Time>
	<md:Identifier>CYCARSCXAS1</md:Identifier>
	<Station stationReference="TINTERN_TG 335" region="EA Wales" stationName="Tintern Abbey Mill LVL" ngr="SO5300000290">
		<SetofValues parameter="Water Level" qualifier="Stage" dataType="Instantaneous" period="15 min" units="mAOD" startDate="2016-02-12" startTime="10:15:00" endDate="2016-02-12" endTime="10:15:00">
			<Value date="2016-02-12" time="10:15:00">8.294</Value>
		</SetofValues>
	</Station>
	<Station stationReference="RHYMNEY BR_TG 526" region="EA Wales" stationName="Rumney Bridge LVL" ngr="ST2100078590">
		<SetofValues parameter="Water Level" qualifier="Stage" dataType="Instantaneous" period="15 min" units="mAOD" startDate="2016-02-12" startTime="10:15:00" endDate="2016-02-12" endTime="10:15:00">
			<Value date="2016-02-12" time="10:15:00">6.702</Value>
		</SetofValues>
	</Station>
	<Station stationReference="522340" region="EA Wales" stationName="Llanbrynmair RAIN" ngr="SH9189806843">
		<SetofValues parameter="Rainfall" qualifier="Tipping Bucket Raingauge" dataType="Total" period="15 min" units="mm" startDate="2016-02-12" startTime="10:15:00" endDate="2016-02-12" endTime="10:15:00">
			<Value date="2016-02-12" time="10:15:00">0.0</Value>
		</SetofValues>
	</Station>
	<Station stationReference="1765" region="EA Wales" stationName="Henfryn RAIN" ngr="SO0308392592">
		<SetofValues parameter="Rainfall" qualifier="15" dataType="Total" period="15 min" units="mm" startDate="2016-02-12" startTime="09:15:00" endDate="2016-02-12" endTime="10:15:00">
			<Value date="2016-02-12" time="09:15:00">0.4</Value>
			<Value date="2016-02-12" time="09:30:00">0.0</Value>
			<Value date="2016-02-12" time="09:45:00">0.0</Value>
			<Value date="2016-02-12" time="10:00:00">0.0</Value>
			<Value date="2016-02-12" time="10:15:00">0.0</Value>
		</SetofValues>
	</Station>
	<Station stationReference="060010_TG 9101" region="EA Wales" stationName="Capel Dewi LVL" ngr="SN4853320603">
		<SetofValues parameter="Water Level" qualifier="Stage" dataType="Instantaneous" period="15 min" units="m" startDate="2016-02-12" startTime="08:15:00" endDate="2016-02-12" endTime="10:15:00">
			<Value date="2016-02-12" time="08:15:00">1.970</Value>
			<Value date="2016-02-12" time="08:30:00">1.970</Value>
			<Value date="2016-02-12" time="08:45:00">1.974</Value>
			<Value date="2016-02-12" time="09:00:00">1.974</Value>
			<Value date="2016-02-12" time="09:15:00">1.972</Value>
			<Value date="2016-02-12" time="09:30:00">1.969</Value>
			<Value date="2016-02-12" time="09:45:00">1.965</Value>
			<Value date="2016-02-12" time="10:00:00">1.960</Value>
			<Value date="2016-02-12" time="10:15:00">1.955</Value>
		</SetofValues>
	</Station>
	<Station stationReference="059R0739W" region="EA Wales" stationName="Bynea RAIN" ngr="SS5414598182">
		<SetofValues parameter="Rainfall" qualifier="Tipping Bucket Raingauge" dataType="Total" period="15 min" units="mm" startDate="2016-02-12" startTime="10:00:00" endDate="2016-02-12" endTime="10:15:00">
			<Value date="2016-02-12" time="10:00:00">0.0</Value>
			<Value date="2016-02-12" time="10:15:00">0.0</Value>
		</SetofValues>
	</Station>
	<Station stationReference="055045" region="EA Wales" stationName="Tintern Abbey Mill LVL" ngr="SO5300000290">
		<SetofValues parameter="Water Level" qualifier="Stage" dataType="Instantaneous" period="15 min" units="mAOD" startDate="2016-02-12" startTime="10:15:00" endDate="2016-02-12" endTime="10:15:00">
			<Value date="2016-02-12" time="10:15:00">8.294</Value>
		</SetofValues>
	</Station>
	<Station stationReference="055037_TG 334" region="EA Wales" stationName="Chepstow Bridge LVL" ngr="ST5362694320">
		<SetofValues parameter="Water Level" qualifier="Stage" dataType="Instantaneous" period="15 min" units="m" startDate="2016-02-12" startTime="10:15:00" endDate="2016-02-12" endTime="10:15:00">
			<Value date="2016-02-12" time="10:15:00">7.290</Value>
		</SetofValues>
	</Station>
</EATimeSeriesDataExchangeFormat>
