<?xml version="1.0" standalone="yes"?>
<EATimeSeriesDataExchangeFormat xmlns="http://www.environment-agency.gov.uk/XMLSchemas/EATimeSeriesDataExchangeFormat" xmlns:md="http://www.environment-agency.gov.uk/XMLSchemas/EAMetadataFormat" xmlns:xsi="http://www.w3.org/2001/XMLSchema-instance" xsi:schemaLocation="http://www.environment-agency.gov.uk/XMLSchemas/EATimeSeriesDataExchangeFormat EATimeSeriesDataExchangeFormat.xsd">
	<md:Publisher>Environment Agency</md:Publisher>
	<md:Source>EA Wales Regional Telemetry System</md:Source>
	<md:Description>Automated telemetry data export process</md:Description>
	<md:Creator>SCX 6</md:Creator>
	<md:Date>2016-02-12</md:Date>
	<md:Time>14:32:57</md:Time>
	<md:Identifier>CYCARSCXAS1</md:Identifier>
	<Station stationReference="Pont_Felindre_001Stage" region="EA Wales" stationName="Pont Felindre LVL" ngr="SN7792234260">
		<SetofValues parameter="Water Level" qualifier="Stage" dataType="Instantaneous" period="15 min" units="m" startDate="2016-02-12" startTime="10:15:00" endDate="2016-02-12" endTime="14:30:00">
			<Value date="2016-02-12" time="10:15:00">0.855</Value>
			<Value date="2016-02-12" time="10:30:00">0.854</Value>
			<Value date="2016-02-12" time="10:45:00">0.855</Value>
			<Value date="2016-02-12" time="11:00:00">0.852</Value>
			<Value date="2016-02-12" time="11:15:00">0.852</Value>
			<Value date="2016-02-12" time="11:30:00">0.851</Value>
			<Value date="2016-02-12" time="11:45:00">0.850</Value>
			<Value date="2016-02-12" time="12:00:00">0.850</Value>
			<Value date="2016-02-12" time="12:15:00">0.851</Value>
			<Value date="2016-02-12" time="12:30:00">0.849</Value>
			<Value date="2016-02-12" time="12:45:00">0.850</Value>
			<Value date="2016-02-12" time="13:00:00">0.849</Value>
			<Value date="2016-02-12" time="13:15:00">0.847</Value>
			<Value date="2016-02-12" time="13:30:00">0.848</Value>
			<Value date="2016-02-12" time="13:45:00">0.846</Value>
			<Value date="2016-02-12" time="14:00:00">0.844</Value>
			<Value date="2016-02-12" time="14:15:00">0.844</Value>
			<Value date="2016-02-12" time="14:30:00">0.845</Value>
		</SetofValues>
	</Station>
	<Station stationReference="061S0691W_TG_7777" region="EA Wales" stationName="Kiln Park LVL" ngr="SN1255100467">
		<SetofValues parameter="Water Level" qualifier="Stage" dataType="Instantaneous" period="15 min" units="m" startDate="2016-02-12" startTime="14:30:00" endDate="2016-02-12" endTime="14:30:00">
			<Value date="2016-02-12" time="14:30:00">0.786</Value>
		</SetofValues>
	</Station>
	<Station stationReference="061R0673W_DL 2680" region="EA Wales" stationName="Clarbeston Road RAIN" ngr="SN0111920971">
		<SetofValues parameter="Rainfall" qualifier="Tipping Bucket Raingauge" dataType="Total" period="15 min" units="mm" startDate="2016-02-12" startTime="14:15:00" endDate="2016-02-12" endTime="14:30:00">
			<Value date="2016-02-12" time="14:15:00">0.0</Value>
			<Value date="2016-02-12" time="14:30:00">0.0</Value>
		</SetofValues>
	</Station>
	<Station stationReference="058803_TG 503" region="EA Wales" stationName="Cowbridge No2 LVL" ngr="SS9962074660">
		<SetofValues parameter="Water Level" qualifier="Stage" dataType="Instantaneous" period="15 min" units="m" startDate="2016-02-12" startTime="14:15:00" endDate="2016-02-12" endTime="14:30:00">
			<Value date="2016-02-12" time="14:15:00">0.564</Value>
			<Value date="2016-02-12" time="14:30:00">0.562</Value>
		</SetofValues>
	</Station>
</EATimeSeriesDataExchangeFormat>
