<?xml version="1.0" standalone="yes"?>
<EATimeSeriesDataExchangeFormat xmlns="http://www.environment-agency.gov.uk/XMLSchemas/EATimeSeriesDataExchangeFormat" xmlns:md="http://www.environment-agency.gov.uk/XMLSchemas/EAMetadataFormat" xmlns:xsi="http://www.w3.org/2001/XMLSchema-instance" xsi:schemaLocation="http://www.environment-agency.gov.uk/XMLSchemas/EATimeSeriesDataExchangeFormat EATimeSeriesDataExchangeFormat.xsd">
	<md:Publisher>Environment Agency</md:Publisher>
	<md:Source>EA Wales Regional Telemetry System</md:Source>
	<md:Description>Automated telemetry data export process</md:Description>
	<md:Creator>SCX 6</md:Creator>
	<md:Date>2016-02-12</md:Date>
	<md:Time>11:38:15</md:Time>
	<md:Identifier>CYCARSCXAS1</md:Identifier>
	<Station stationReference="059R0739W" region="EA Wales" stationName="Bynea RAIN" ngr="SS5414598182">
		<SetofValues parameter="Rainfall" qualifier="Tipping Bucket Raingauge" dataType="Total" period="15 min" units="mm" startDate="2016-02-12" startTime="11:30:00" endDate="2016-02-12" endTime="11:30:00">
			<Value date="2016-02-12" time="11:30:00">0.0</Value>
		</SetofValues>
	</Station>
	<Station stationReference="058S0688W_TG 222" region="EA Wales" stationName="Aberkenfig LVL" ngr="SS8973484308">
		<SetofValues parameter="Water Level" qualifier="Stage" dataType="Instantaneous" period="15 min" units="m" startDate="2016-02-12" startTime="10:15:00" endDate="2016-02-12" endTime="11:30:00">
			<Value date="2016-02-12" time="10:15:00">0.684</Value>
			<Value date="2016-02-12" time="10:30:00">0.677</Value>
			<Value date="2016-02-12" time="10:45:00">0.658</Value>
			<Value date="2016-02-12" time="11:00:00">0.684</Value>
			<Value date="2016-02-12" time="11:15:00">0.679</Value>
			<Value date="2016-02-12" time="11:30:00">0.672</Value>
		</SetofValues>
	</Station>
</EATimeSeriesDataExchangeFormat>
