<?xml version="1.0" standalone="yes"?>
<EATimeSeriesDataExchangeFormat xmlns="http://www.environment-agency.gov.uk/XMLSchemas/EATimeSeriesDataExchangeFormat" xmlns:md="http://www.environment-agency.gov.uk/XMLSchemas/EAMetadataFormat" xmlns:xsi="http://www.w3.org/2001/XMLSchema-instance" xsi:schemaLocation="http://www.environment-agency.gov.uk/XMLSchemas/EATimeSeriesDataExchangeFormat EATimeSeriesDataExchangeFormat.xsd">
	<md:Publisher>Environment Agency</md:Publisher>
	<md:Source>EA Wales Regional Telemetry System</md:Source>
	<md:Description>Automated telemetry data export process</md:Description>
	<md:Creator>SCX 6</md:Creator>
	<md:Date>2016-02-12</md:Date>
	<md:Time>14:14:20</md:Time>
	<md:Identifier>CYCARSCXAS1</md:Identifier>
	<Station stationReference="067624" region="EA Wales" stationName="Farndon LVL">
		<SetofValues parameter="Water Level" qualifier="Stage" dataType="Instantaneous" period="15 min" units="m" startDate="2016-02-12" startTime="10:15:00" endDate="2016-02-12" endTime="14:00:00">
			<Value date="2016-02-12" time="10:15:00">8.399</Value>
			<Value date="2016-02-12" time="10:30:00">8.393</Value>
			<Value date="2016-02-12" time="10:45:00">8.390</Value>
			<Value date="2016-02-12" time="11:00:00">8.383</Value>
			<Value date="2016-02-12" time="11:15:00">8.379</Value>
			<Value date="2016-02-12" time="11:30:00">8.374</Value>
			<Value date="2016-02-12" time="11:45:00">8.370</Value>
			<Value date="2016-02-12" time="12:00:00">8.363</Value>
			<Value date="2016-02-12" time="12:15:00">8.359</Value>
			<Value date="2016-02-12" time="12:30:00">8.354</Value>
			<Value date="2016-02-12" time="12:45:00">8.348</Value>
			<Value date="2016-02-12" time="13:00:00">8.343</Value>
			<Value date="2016-02-12" time="13:15:00">8.338</Value>
			<Value date="2016-02-12" time="13:30:00">8.332</Value>
			<Value date="2016-02-12" time="13:45:00">8.326</Value>
			<Value date="2016-02-12" time="14:00:00">8.320</Value>
		</SetofValues>
	</Station>
</EATimeSeriesDataExchangeFormat>
