<?xml version="1.0" standalone="yes"?>
<EATimeSeriesDataExchangeFormat xmlns="http://www.environment-agency.gov.uk/XMLSchemas/EATimeSeriesDataExchangeFormat" xmlns:md="http://www.environment-agency.gov.uk/XMLSchemas/EAMetadataFormat" xmlns:xsi="http://www.w3.org/2001/XMLSchema-instance" xsi:schemaLocation="http://www.environment-agency.gov.uk/XMLSchemas/EATimeSeriesDataExchangeFormat EATimeSeriesDataExchangeFormat.xsd">
	<md:Publisher>Environment Agency</md:Publisher>
	<md:Source>EA Wales Regional Telemetry System</md:Source>
	<md:Description>Automated telemetry data export process</md:Description>
	<md:Creator>SCX 6</md:Creator>
	<md:Date>2016-02-12</md:Date>
	<md:Time>10:08:49</md:Time>
	<md:Identifier>CYCARSCXAS1</md:Identifier>
	<Station stationReference="067624" region="EA Wales" stationName="Farndon LVL">
		<SetofValues parameter="Water Level" qualifier="Stage" dataType="Instantaneous" period="15 min" units="m" startDate="2016-02-12" startTime="09:15:00" endDate="2016-02-12" endTime="10:00:00">
			<Value date="2016-02-12" time="09:15:00">8.418</Value>
			<Value date="2016-02-12" time="09:30:00">8.411</Value>
			<Value date="2016-02-12" time="09:45:00">8.408</Value>
			<Value date="2016-02-12" time="10:00:00">8.403</Value>
		</SetofValues>
	</Station>
	<Station stationReference="067020" region="EA Wales" stationName="Chester Weir  LVL">
		<SetofValues parameter="Water Level" qualifier="Downstream Stage" dataType="Instantaneous" period="15 min" units="m" startDate="2016-02-12" startTime="09:15:00" endDate="2016-02-12" endTime="10:00:00">
			<Value date="2016-02-12" time="09:15:00">3.865</Value>
			<Value date="2016-02-12" time="09:30:00">3.862</Value>
			<Value date="2016-02-12" time="09:45:00">3.857</Value>
			<Value date="2016-02-12" time="10:00:00">3.851</Value>
		</SetofValues>
		<SetofValues parameter="Water Level" qualifier="Stage" dataType="Instantaneous" period="15 min" units="m" startDate="2016-02-12" startTime="09:15:00" endDate="2016-02-12" endTime="10:00:00">
			<Value date="2016-02-12" time="09:15:00">4.962</Value>
			<Value date="2016-02-12" time="09:30:00">4.961</Value>
			<Value date="2016-02-12" time="09:45:00">4.960</Value>
			<Value date="2016-02-12" time="10:00:00">4.960</Value>
		</SetofValues>
	</Station>
	<Station stationReference="067001" region="EA Wales" stationName="Bala GS LVL">
		<SetofValues parameter="Water Level" qualifier="Stage" dataType="Instantaneous" period="15 min" units="m" startDate="2016-02-12" startTime="09:15:00" endDate="2016-02-12" endTime="09:45:00">
			<Value date="2016-02-12" time="09:15:00">0.809</Value>
			<Value date="2016-02-12" time="09:30:00">0.806</Value>
			<Value date="2016-02-12" time="09:45:00">0.805</Value>
		</SetofValues>
	</Station>
</EATimeSeriesDataExchangeFormat>
