<?xml version="1.0" standalone="yes"?>
<EATimeSeriesDataExchangeFormat xmlns="http://www.environment-agency.gov.uk/XMLSchemas/EATimeSeriesDataExchangeFormat" xmlns:md="http://www.environment-agency.gov.uk/XMLSchemas/EAMetadataFormat" xmlns:xsi="http://www.w3.org/2001/XMLSchema-instance" xsi:schemaLocation="http://www.environment-agency.gov.uk/XMLSchemas/EATimeSeriesDataExchangeFormat EATimeSeriesDataExchangeFormat.xsd">
	<md:Publisher>Environment Agency</md:Publisher>
	<md:Source>EA Wales Regional Telemetry System</md:Source>
	<md:Description>Automated telemetry data export process</md:Description>
	<md:Creator>SCX 6</md:Creator>
	<md:Date>2016-02-12</md:Date>
	<md:Time>10:17:52</md:Time>
	<md:Identifier>CYCARSCXAS1</md:Identifier>
	<Station stationReference="060005_TG_9108" region="EA Wales" stationName="Llandovery LVL" ngr="SN7711834338">
		<SetofValues parameter="Water Level" qualifier="Stage" dataType="Instantaneous" period="15 min" units="m" startDate="2016-02-12" startTime="08:15:00" endDate="2016-02-12" endTime="10:00:00">
			<Value date="2016-02-12" time="08:15:00">0.579</Value>
			<Value date="2016-02-12" time="08:30:00">0.579</Value>
			<Value date="2016-02-12" time="08:45:00">0.579</Value>
			<Value date="2016-02-12" time="09:00:00">0.576</Value>
			<Value date="2016-02-12" time="09:15:00">0.576</Value>
			<Value date="2016-02-12" time="09:30:00">0.576</Value>
			<Value date="2016-02-12" time="09:45:00">0.576</Value>
			<Value date="2016-02-12" time="10:00:00">0.576</Value>
		</SetofValues>
	</Station>
	<Station stationReference="059S0591W" region="EA Wales" stationName="Pontycob LVL" ngr="SS5792597149">
		<SetofValues parameter="Water Level" qualifier="Stage" dataType="Instantaneous" period="15 min" units="mAOD" startDate="2016-02-12" startTime="10:15:00" endDate="2016-02-12" endTime="10:15:00">
			<Value date="2016-02-12" time="10:15:00">4.457</Value>
		</SetofValues>
	</Station>
	<Station stationReference="056815_TG 9412" region="EA Wales" stationName="Risca LVL" ngr="ST2372090380">
		<SetofValues parameter="Water Level" qualifier="Stage" dataType="Instantaneous" period="15 min" units="m" startDate="2016-02-12" startTime="08:15:00" endDate="2016-02-12" endTime="10:15:00">
			<Value date="2016-02-12" time="08:15:00">1.045</Value>
			<Value date="2016-02-12" time="08:30:00">1.044</Value>
			<Value date="2016-02-12" time="08:45:00">1.044</Value>
			<Value date="2016-02-12" time="09:00:00">1.044</Value>
			<Value date="2016-02-12" time="09:15:00">1.044</Value>
			<Value date="2016-02-12" time="09:30:00">1.044</Value>
			<Value date="2016-02-12" time="09:45:00">1.044</Value>
			<Value date="2016-02-12" time="10:00:00">1.044</Value>
			<Value date="2016-02-12" time="10:15:00">1.044</Value>
		</SetofValues>
		<SetofValues parameter="Water Level" qualifier="Stage" dataType="Instantaneous" period="15 min" units="m" startDate="2016-02-12" startTime="08:15:00" endDate="2016-02-12" endTime="10:15:00">
			<Value date="2016-02-12" time="08:15:00">0.856</Value>
			<Value date="2016-02-12" time="08:30:00">0.845</Value>
			<Value date="2016-02-12" time="08:45:00">0.858</Value>
			<Value date="2016-02-12" time="09:00:00">0.833</Value>
			<Value date="2016-02-12" time="09:15:00">0.835</Value>
			<Value date="2016-02-12" time="09:30:00">0.844</Value>
			<Value date="2016-02-12" time="09:45:00">0.829</Value>
			<Value date="2016-02-12" time="10:00:00">0.833</Value>
			<Value date="2016-02-12" time="10:15:00">0.846</Value>
		</SetofValues>
	</Station>
	<Station stationReference="055023_TG 322" region="EA Wales" stationName="Redbrook LVL" ngr="SO5276011074">
		<SetofValues parameter="Water Level" qualifier="Stage" dataType="Instantaneous" period="15 min" units="m" startDate="2016-02-12" startTime="10:15:00" endDate="2016-02-12" endTime="10:15:00">
			<Value date="2016-02-12" time="10:15:00">3.192</Value>
		</SetofValues>
	</Station>
</EATimeSeriesDataExchangeFormat>
