<?xml version="1.0" standalone="yes"?>
<EATimeSeriesDataExchangeFormat xmlns="http://www.environment-agency.gov.uk/XMLSchemas/EATimeSeriesDataExchangeFormat" xmlns:md="http://www.environment-agency.gov.uk/XMLSchemas/EAMetadataFormat" xmlns:xsi="http://www.w3.org/2001/XMLSchema-instance" xsi:schemaLocation="http://www.environment-agency.gov.uk/XMLSchemas/EATimeSeriesDataExchangeFormat EATimeSeriesDataExchangeFormat.xsd">
	<md:Publisher>Environment Agency</md:Publisher>
	<md:Source>EA Wales Regional Telemetry System</md:Source>
	<md:Description>Automated telemetry data export process</md:Description>
	<md:Creator>SCX 6</md:Creator>
	<md:Date>2016-02-12</md:Date>
	<md:Time>13:11:56</md:Time>
	<md:Identifier>CYCARSCXAS1</md:Identifier>
	<Station stationReference="2107" region="EA Wales" stationName="Knighton LVL" ngr="SO2897872376">
		<SetofValues parameter="Water Level" qualifier="Stage" dataType="Instantaneous" period="15 min" units="mASD" startDate="2016-02-12" startTime="12:15:00" endDate="2016-02-12" endTime="13:00:00">
			<Value date="2016-02-12" time="12:15:00">0.891</Value>
			<Value date="2016-02-12" time="12:30:00">0.890</Value>
			<Value date="2016-02-12" time="12:45:00">0.890</Value>
			<Value date="2016-02-12" time="13:00:00">0.889</Value>
		</SetofValues>
	</Station>
	<Station stationReference="055013_TG 326" region="EA Wales" stationName="Titley Mill LVL" ngr="SO3283058490">
		<SetofValues parameter="Water Level" qualifier="Stage" dataType="Instantaneous" period="15 min" units="m" startDate="2016-02-12" startTime="12:15:00" endDate="2016-02-12" endTime="13:00:00">
			<Value date="2016-02-12" time="12:15:00">0.597</Value>
			<Value date="2016-02-12" time="12:30:00">0.597</Value>
			<Value date="2016-02-12" time="12:45:00">0.594</Value>
			<Value date="2016-02-12" time="13:00:00">0.594</Value>
		</SetofValues>
	</Station>
</EATimeSeriesDataExchangeFormat>
