<?xml version="1.0" standalone="yes"?>
<EATimeSeriesDataExchangeFormat xmlns="http://www.environment-agency.gov.uk/XMLSchemas/EATimeSeriesDataExchangeFormat" xmlns:md="http://www.environment-agency.gov.uk/XMLSchemas/EAMetadataFormat" xmlns:xsi="http://www.w3.org/2001/XMLSchema-instance" xsi:schemaLocation="http://www.environment-agency.gov.uk/XMLSchemas/EATimeSeriesDataExchangeFormat EATimeSeriesDataExchangeFormat.xsd">
	<md:Publisher>Environment Agency</md:Publisher>
	<md:Source>EA Wales Regional Telemetry System</md:Source>
	<md:Description>Automated telemetry data export process</md:Description>
	<md:Creator>SCX 6</md:Creator>
	<md:Date>2016-02-12</md:Date>
	<md:Time>12:17:16</md:Time>
	<md:Identifier>CYCARSCXAS1</md:Identifier>
	<Station stationReference="067003_TG 143" region="EA Wales" stationName="Llyn Brenig Outflow" ngr="SH9746553919">
		<SetofValues parameter="Water Level" qualifier="Stage" dataType="Instantaneous" period="15 min" units="m" startDate="2016-02-12" startTime="10:15:00" endDate="2016-02-12" endTime="12:00:00">
			<Value date="2016-02-12" time="10:15:00">0.619</Value>
			<Value date="2016-02-12" time="10:30:00">0.618</Value>
			<Value date="2016-02-12" time="10:45:00">0.617</Value>
			<Value date="2016-02-12" time="11:00:00">0.617</Value>
			<Value date="2016-02-12" time="11:15:00">0.616</Value>
			<Value date="2016-02-12" time="11:30:00">0.618</Value>
			<Value date="2016-02-12" time="11:45:00">0.617</Value>
			<Value date="2016-02-12" time="12:00:00">0.616</Value>
		</SetofValues>
	</Station>
	<Station stationReference="061S0691W_TG_7777" region="EA Wales" stationName="Kiln Park LVL" ngr="SN1255100467">
		<SetofValues parameter="Water Level" qualifier="Stage" dataType="Instantaneous" period="15 min" units="m" startDate="2016-02-12" startTime="12:00:00" endDate="2016-02-12" endTime="12:15:00">
			<Value date="2016-02-12" time="12:00:00">0.978</Value>
			<Value date="2016-02-12" time="12:15:00">0.952</Value>
		</SetofValues>
	</Station>
	<Station stationReference="059R0739W" region="EA Wales" stationName="Bynea RAIN" ngr="SS5414598182">
		<SetofValues parameter="Rainfall" qualifier="Tipping Bucket Raingauge" dataType="Total" period="15 min" units="mm" startDate="2016-02-12" startTime="12:00:00" endDate="2016-02-12" endTime="12:00:00">
			<Value date="2016-02-12" time="12:00:00">0.0</Value>
		</SetofValues>
	</Station>
	<Station stationReference="055013_TG 326" region="EA Wales" stationName="Titley Mill LVL" ngr="SO3283058490">
		<SetofValues parameter="Water Level" qualifier="Stage" dataType="Instantaneous" period="15 min" units="m" startDate="2016-02-12" startTime="11:15:00" endDate="2016-02-12" endTime="12:00:00">
			<Value date="2016-02-12" time="11:15:00">0.600</Value>
			<Value date="2016-02-12" time="11:30:00">0.601</Value>
			<Value date="2016-02-12" time="11:45:00">0.599</Value>
			<Value date="2016-02-12" time="12:00:00">0.598</Value>
		</SetofValues>
	</Station>
</EATimeSeriesDataExchangeFormat>
