<?xml version="1.0" standalone="yes"?>
<EATimeSeriesDataExchangeFormat xmlns="http://www.environment-agency.gov.uk/XMLSchemas/EATimeSeriesDataExchangeFormat" xmlns:md="http://www.environment-agency.gov.uk/XMLSchemas/EAMetadataFormat" xmlns:xsi="http://www.w3.org/2001/XMLSchema-instance" xsi:schemaLocation="http://www.environment-agency.gov.uk/XMLSchemas/EATimeSeriesDataExchangeFormat EATimeSeriesDataExchangeFormat.xsd">
	<md:Publisher>Environment Agency</md:Publisher>
	<md:Source>EA Wales Regional Telemetry System</md:Source>
	<md:Description>Automated telemetry data export process</md:Description>
	<md:Creator>SCX 6</md:Creator>
	<md:Date>2016-02-12</md:Date>
	<md:Time>11:28:45</md:Time>
	<md:Identifier>CYCARSCXAS1</md:Identifier>
	<Station stationReference="61005" region="EA Wales" stationName="Treffgarne">
		<SetofValues parameter="Water Level" qualifier="Stage" dataType="Instantaneous" period="15 min" units="m" startDate="2016-02-12" startTime="08:15:00" endDate="2016-02-12" endTime="10:00:00">
			<Value date="2016-02-12" time="08:15:00">0.692</Value>
			<Value date="2016-02-12" time="08:30:00">0.691</Value>
			<Value date="2016-02-12" time="08:45:00">0.690</Value>
			<Value date="2016-02-12" time="09:00:00">0.688</Value>
			<Value date="2016-02-12" time="09:15:00">0.687</Value>
			<Value date="2016-02-12" time="09:30:00">0.690</Value>
			<Value date="2016-02-12" time="09:45:00">0.684</Value>
			<Value date="2016-02-12" time="10:00:00">0.688</Value>
		</SetofValues>
	</Station>
</EATimeSeriesDataExchangeFormat>
