<?xml version="1.0" standalone="yes"?>
<EATimeSeriesDataExchangeFormat xmlns="http://www.environment-agency.gov.uk/XMLSchemas/EATimeSeriesDataExchangeFormat" xmlns:md="http://www.environment-agency.gov.uk/XMLSchemas/EAMetadataFormat" xmlns:xsi="http://www.w3.org/2001/XMLSchema-instance" xsi:schemaLocation="http://www.environment-agency.gov.uk/XMLSchemas/EATimeSeriesDataExchangeFormat EATimeSeriesDataExchangeFormat.xsd">
	<md:Publisher>Environment Agency</md:Publisher>
	<md:Source>Midland Regional Telemetry System</md:Source>
	<md:Description>Automated telemetry data export process</md:Description>
	<md:Creator>SCX 6</md:Creator>
	<md:Date>2016-02-12</md:Date>
	<md:Time>15:41:35</md:Time>
	<md:Identifier>MISAPSCXAS1</md:Identifier>
	<Station stationReference="4435" region="Midland" stationName="Triumph Rd Total FLOW" ngr="SK54973929">
		<SetofValues parameter="Water Level" qualifier="Stage" dataType="Instantaneous" period="15 min" units="mASD" startDate="2016-02-12" startTime="04:15:00" endDate="2016-02-12" endTime="15:30:00">
			<Value date="2016-02-12" time="04:15:00">0.188</Value>
			<Value date="2016-02-12" time="04:30:00">0.188</Value>
			<Value date="2016-02-12" time="04:45:00">0.189</Value>
			<Value date="2016-02-12" time="05:00:00">0.187</Value>
			<Value date="2016-02-12" time="05:15:00">0.188</Value>
			<Value date="2016-02-12" time="05:30:00">0.185</Value>
			<Value date="2016-02-12" time="05:45:00">0.187</Value>
			<Value date="2016-02-12" time="06:00:00">0.188</Value>
			<Value date="2016-02-12" time="06:15:00">0.189</Value>
			<Value date="2016-02-12" time="06:30:00">0.187</Value>
			<Value date="2016-02-12" time="06:45:00">0.189</Value>
			<Value date="2016-02-12" time="07:00:00">0.186</Value>
			<Value date="2016-02-12" time="07:15:00">0.188</Value>
			<Value date="2016-02-12" time="07:30:00">0.188</Value>
			<Value date="2016-02-12" time="07:45:00">0.185</Value>
			<Value date="2016-02-12" time="08:00:00">0.185</Value>
			<Value date="2016-02-12" time="08:15:00">0.186</Value>
			<Value date="2016-02-12" time="08:30:00">0.187</Value>
			<Value date="2016-02-12" time="08:45:00">0.188</Value>
			<Value date="2016-02-12" time="09:00:00">0.183</Value>
			<Value date="2016-02-12" time="09:15:00">0.188</Value>
			<Value date="2016-02-12" time="09:30:00">0.188</Value>
			<Value date="2016-02-12" time="09:45:00">0.185</Value>
			<Value date="2016-02-12" time="10:00:00">0.186</Value>
			<Value date="2016-02-12" time="10:15:00">0.186</Value>
			<Value date="2016-02-12" time="10:30:00">0.187</Value>
			<Value date="2016-02-12" time="10:45:00">0.184</Value>
			<Value date="2016-02-12" time="11:00:00">0.186</Value>
			<Value date="2016-02-12" time="11:15:00">0.188</Value>
			<Value date="2016-02-12" time="11:30:00">0.188</Value>
			<Value date="2016-02-12" time="11:45:00">0.187</Value>
			<Value date="2016-02-12" time="12:00:00">0.186</Value>
			<Value date="2016-02-12" time="12:15:00">0.187</Value>
			<Value date="2016-02-12" time="12:30:00">0.190</Value>
			<Value date="2016-02-12" time="12:45:00">0.187</Value>
			<Value date="2016-02-12" time="13:00:00">0.189</Value>
			<Value date="2016-02-12" time="13:15:00">0.188</Value>
			<Value date="2016-02-12" time="13:30:00">0.185</Value>
			<Value date="2016-02-12" time="13:45:00">0.185</Value>
			<Value date="2016-02-12" time="14:00:00">0.189</Value>
			<Value date="2016-02-12" time="14:15:00">0.188</Value>
			<Value date="2016-02-12" time="14:30:00">0.188</Value>
			<Value date="2016-02-12" time="14:45:00">0.190</Value>
			<Value date="2016-02-12" time="15:00:00">0.185</Value>
			<Value date="2016-02-12" time="15:15:00">0.188</Value>
			<Value date="2016-02-12" time="15:30:00">0.186</Value>
		</SetofValues>
	</Station>
	<Station stationReference="4118" region="Midland" stationName="Perlethorpe LVL" ngr="SK64707121">
		<SetofValues parameter="Water Level" qualifier="Stage" dataType="Instantaneous" period="15 min" units="mASD" startDate="2016-02-11" startTime="04:15:00" endDate="2016-02-12" endTime="15:30:00">
			<Value date="2016-02-11" time="04:15:00">0.286</Value>
			<Value date="2016-02-11" time="04:30:00">0.286</Value>
			<Value date="2016-02-11" time="04:45:00">0.285</Value>
			<Value date="2016-02-11" time="05:00:00">0.285</Value>
			<Value date="2016-02-11" time="05:15:00">0.285</Value>
			<Value date="2016-02-11" time="05:30:00">0.284</Value>
			<Value date="2016-02-11" time="05:45:00">0.284</Value>
			<Value date="2016-02-11" time="06:00:00">0.283</Value>
			<Value date="2016-02-11" time="06:15:00">0.283</Value>
			<Value date="2016-02-11" time="06:30:00">0.282</Value>
			<Value date="2016-02-11" time="06:45:00">0.282</Value>
			<Value date="2016-02-11" time="07:00:00">0.281</Value>
			<Value date="2016-02-11" time="07:15:00">0.280</Value>
			<Value date="2016-02-11" time="07:30:00">0.280</Value>
			<Value date="2016-02-11" time="07:45:00">0.280</Value>
			<Value date="2016-02-11" time="08:00:00">0.280</Value>
			<Value date="2016-02-11" time="08:15:00">0.279</Value>
			<Value date="2016-02-11" time="08:30:00">0.279</Value>
			<Value date="2016-02-11" time="08:45:00">0.279</Value>
			<Value date="2016-02-11" time="09:00:00">0.279</Value>
			<Value date="2016-02-11" time="09:15:00">0.279</Value>
			<Value date="2016-02-11" time="09:30:00">0.279</Value>
			<Value date="2016-02-11" time="09:45:00">0.279</Value>
			<Value date="2016-02-11" time="10:00:00">0.280</Value>
			<Value date="2016-02-11" time="10:15:00">0.279</Value>
			<Value date="2016-02-11" time="10:30:00">0.279</Value>
			<Value date="2016-02-11" time="10:45:00">0.279</Value>
			<Value date="2016-02-11" time="11:00:00">0.279</Value>
			<Value date="2016-02-11" time="11:15:00">0.279</Value>
			<Value date="2016-02-11" time="11:30:00">0.279</Value>
			<Value date="2016-02-11" time="11:45:00">0.279</Value>
			<Value date="2016-02-11" time="12:00:00">0.279</Value>
			<Value date="2016-02-11" time="12:15:00">0.278</Value>
			<Value date="2016-02-11" time="12:30:00">0.278</Value>
			<Value date="2016-02-11" time="12:45:00">0.279</Value>
			<Value date="2016-02-11" time="13:00:00">0.279</Value>
			<Value date="2016-02-11" time="13:15:00">0.279</Value>
			<Value date="2016-02-11" time="13:30:00">0.279</Value>
			<Value date="2016-02-11" time="13:45:00">0.279</Value>
			<Value date="2016-02-11" time="14:00:00">0.279</Value>
			<Value date="2016-02-11" time="14:15:00">0.279</Value>
			<Value date="2016-02-11" time="14:30:00">0.279</Value>
			<Value date="2016-02-11" time="14:45:00">0.279</Value>
			<Value date="2016-02-11" time="15:00:00">0.279</Value>
			<Value date="2016-02-11" time="15:15:00">0.279</Value>
			<Value date="2016-02-11" time="15:30:00">0.279</Value>
			<Value date="2016-02-11" time="15:45:00">0.279</Value>
			<Value date="2016-02-11" time="16:00:00">0.279</Value>
			<Value date="2016-02-11" time="16:15:00">0.279</Value>
			<Value date="2016-02-11" time="16:30:00">0.279</Value>
			<Value date="2016-02-11" time="16:45:00">0.278</Value>
			<Value date="2016-02-11" time="17:00:00">0.278</Value>
			<Value date="2016-02-11" time="17:15:00">0.278</Value>
			<Value date="2016-02-11" time="17:30:00">0.278</Value>
			<Value date="2016-02-11" time="17:45:00">0.278</Value>
			<Value date="2016-02-11" time="18:00:00">0.278</Value>
			<Value date="2016-02-11" time="18:15:00">0.278</Value>
			<Value date="2016-02-11" time="18:30:00">0.278</Value>
			<Value date="2016-02-11" time="18:45:00">0.279</Value>
			<Value date="2016-02-11" time="19:00:00">0.279</Value>
			<Value date="2016-02-11" time="19:15:00">0.279</Value>
			<Value date="2016-02-11" time="19:30:00">0.279</Value>
			<Value date="2016-02-11" time="19:45:00">0.278</Value>
			<Value date="2016-02-11" time="20:00:00">0.279</Value>
			<Value date="2016-02-11" time="20:15:00">0.279</Value>
			<Value date="2016-02-11" time="20:30:00">0.278</Value>
			<Value date="2016-02-11" time="20:45:00">0.279</Value>
			<Value date="2016-02-11" time="21:00:00">0.278</Value>
			<Value date="2016-02-11" time="21:15:00">0.278</Value>
			<Value date="2016-02-11" time="21:30:00">0.278</Value>
			<Value date="2016-02-11" time="21:45:00">0.278</Value>
			<Value date="2016-02-11" time="22:00:00">0.278</Value>
			<Value date="2016-02-11" time="22:15:00">0.278</Value>
			<Value date="2016-02-11" time="22:30:00">0.278</Value>
			<Value date="2016-02-11" time="22:45:00">0.277</Value>
			<Value date="2016-02-11" time="23:00:00">0.277</Value>
			<Value date="2016-02-11" time="23:15:00">0.277</Value>
			<Value date="2016-02-11" time="23:30:00">0.277</Value>
			<Value date="2016-02-11" time="23:45:00">0.276</Value>
			<Value date="2016-02-12" time="00:00:00">0.276</Value>
			<Value date="2016-02-12" time="00:15:00">0.276</Value>
			<Value date="2016-02-12" time="00:30:00">0.275</Value>
			<Value date="2016-02-12" time="00:45:00">0.275</Value>
			<Value date="2016-02-12" time="01:00:00">0.275</Value>
			<Value date="2016-02-12" time="01:15:00">0.274</Value>
			<Value date="2016-02-12" time="01:30:00">0.274</Value>
			<Value date="2016-02-12" time="01:45:00">0.273</Value>
			<Value date="2016-02-12" time="02:00:00">0.273</Value>
			<Value date="2016-02-12" time="02:15:00">0.273</Value>
			<Value date="2016-02-12" time="02:30:00">0.272</Value>
			<Value date="2016-02-12" time="02:45:00">0.272</Value>
			<Value date="2016-02-12" time="03:00:00">0.272</Value>
			<Value date="2016-02-12" time="03:15:00">0.272</Value>
			<Value date="2016-02-12" time="03:30:00">0.271</Value>
			<Value date="2016-02-12" time="03:45:00">0.271</Value>
			<Value date="2016-02-12" time="04:00:00">0.271</Value>
			<Value date="2016-02-12" time="04:15:00">0.270</Value>
			<Value date="2016-02-12" time="04:30:00">0.270</Value>
			<Value date="2016-02-12" time="04:45:00">0.270</Value>
			<Value date="2016-02-12" time="05:00:00">0.270</Value>
			<Value date="2016-02-12" time="05:15:00">0.270</Value>
			<Value date="2016-02-12" time="05:30:00">0.269</Value>
			<Value date="2016-02-12" time="05:45:00">0.269</Value>
			<Value date="2016-02-12" time="06:00:00">0.269</Value>
			<Value date="2016-02-12" time="06:15:00">0.269</Value>
			<Value date="2016-02-12" time="06:30:00">0.268</Value>
			<Value date="2016-02-12" time="06:45:00">0.268</Value>
			<Value date="2016-02-12" time="07:00:00">0.268</Value>
			<Value date="2016-02-12" time="07:15:00">0.268</Value>
			<Value date="2016-02-12" time="07:30:00">0.268</Value>
			<Value date="2016-02-12" time="07:45:00">0.268</Value>
			<Value date="2016-02-12" time="08:00:00">0.268</Value>
			<Value date="2016-02-12" time="08:15:00">0.268</Value>
			<Value date="2016-02-12" time="08:30:00">0.268</Value>
			<Value date="2016-02-12" time="08:45:00">0.268</Value>
			<Value date="2016-02-12" time="09:00:00">0.268</Value>
			<Value date="2016-02-12" time="09:15:00">0.268</Value>
			<Value date="2016-02-12" time="09:30:00">0.268</Value>
			<Value date="2016-02-12" time="09:45:00">0.268</Value>
			<Value date="2016-02-12" time="10:00:00">0.268</Value>
			<Value date="2016-02-12" time="10:15:00">0.268</Value>
			<Value date="2016-02-12" time="10:30:00">0.268</Value>
			<Value date="2016-02-12" time="10:45:00">0.268</Value>
			<Value date="2016-02-12" time="11:00:00">0.269</Value>
			<Value date="2016-02-12" time="11:15:00">0.269</Value>
			<Value date="2016-02-12" time="11:30:00">0.269</Value>
			<Value date="2016-02-12" time="11:45:00">0.269</Value>
			<Value date="2016-02-12" time="12:00:00">0.269</Value>
			<Value date="2016-02-12" time="12:15:00">0.269</Value>
			<Value date="2016-02-12" time="12:30:00">0.269</Value>
			<Value date="2016-02-12" time="12:45:00">0.269</Value>
			<Value date="2016-02-12" time="13:00:00">0.269</Value>
			<Value date="2016-02-12" time="13:15:00">0.269</Value>
			<Value date="2016-02-12" time="13:30:00">0.270</Value>
			<Value date="2016-02-12" time="13:45:00">0.270</Value>
			<Value date="2016-02-12" time="14:00:00">0.270</Value>
			<Value date="2016-02-12" time="14:15:00">0.270</Value>
			<Value date="2016-02-12" time="14:30:00">0.270</Value>
			<Value date="2016-02-12" time="14:45:00">0.270</Value>
			<Value date="2016-02-12" time="15:00:00">0.270</Value>
			<Value date="2016-02-12" time="15:15:00">0.270</Value>
			<Value date="2016-02-12" time="15:30:00">0.270</Value>
		</SetofValues>
	</Station>
	<Station stationReference="2038" region="Midland" stationName="Llanyblodwel LVL" ngr="SJ25232244">
		<SetofValues parameter="Water Level" qualifier="Stage" dataType="Instantaneous" period="15 min" units="mASD" startDate="2016-02-12" startTime="15:15:00" endDate="2016-02-12" endTime="15:30:00">
			<Value date="2016-02-12" time="15:15:00">0.821</Value>
			<Value date="2016-02-12" time="15:30:00">0.818</Value>
		</SetofValues>
	</Station>
</EATimeSeriesDataExchangeFormat>
