<?xml version="1.0" standalone="yes"?>
<EATimeSeriesDataExchangeFormat xmlns="http://www.environment-agency.gov.uk/XMLSchemas/EATimeSeriesDataExchangeFormat" xmlns:md="http://www.environment-agency.gov.uk/XMLSchemas/EAMetadataFormat" xmlns:xsi="http://www.w3.org/2001/XMLSchema-instance" xsi:schemaLocation="http://www.environment-agency.gov.uk/XMLSchemas/EATimeSeriesDataExchangeFormat EATimeSeriesDataExchangeFormat.xsd">
	<md:Publisher>Environment Agency</md:Publisher>
	<md:Source>Midland Regional Telemetry System</md:Source>
	<md:Description>Automated telemetry data export process</md:Description>
	<md:Creator>SCX 6</md:Creator>
	<md:Date>2016-02-12</md:Date>
	<md:Time>12:35:51</md:Time>
	<md:Identifier>MISAPSCXAS1</md:Identifier>
	<Station stationReference="4878" region="Midland" stationName="Brookvale Rd LVL" ngr="SP08229090">
		<SetofValues parameter="Water Level" qualifier="Stage" dataType="Instantaneous" period="15 min" units="mASD" startDate="2016-02-12" startTime="04:15:00" endDate="2016-02-12" endTime="12:30:00">
			<Value date="2016-02-12" time="04:15:00">0.475</Value>
			<Value date="2016-02-12" time="04:30:00">0.476</Value>
			<Value date="2016-02-12" time="04:45:00">0.476</Value>
			<Value date="2016-02-12" time="05:00:00">0.477</Value>
			<Value date="2016-02-12" time="05:15:00">0.477</Value>
			<Value date="2016-02-12" time="05:30:00">0.477</Value>
			<Value date="2016-02-12" time="05:45:00">0.476</Value>
			<Value date="2016-02-12" time="06:00:00">0.475</Value>
			<Value date="2016-02-12" time="06:15:00">0.474</Value>
			<Value date="2016-02-12" time="06:30:00">0.472</Value>
			<Value date="2016-02-12" time="06:45:00">0.472</Value>
			<Value date="2016-02-12" time="07:00:00">0.471</Value>
			<Value date="2016-02-12" time="07:15:00">0.469</Value>
			<Value date="2016-02-12" time="07:30:00">0.468</Value>
			<Value date="2016-02-12" time="07:45:00">0.466</Value>
			<Value date="2016-02-12" time="08:00:00">0.465</Value>
			<Value date="2016-02-12" time="08:15:00">0.464</Value>
			<Value date="2016-02-12" time="08:30:00">0.462</Value>
			<Value date="2016-02-12" time="08:45:00">0.461</Value>
			<Value date="2016-02-12" time="09:00:00">0.460</Value>
			<Value date="2016-02-12" time="09:15:00">0.460</Value>
			<Value date="2016-02-12" time="09:30:00">0.459</Value>
			<Value date="2016-02-12" time="09:45:00">0.458</Value>
			<Value date="2016-02-12" time="10:00:00">0.457</Value>
			<Value date="2016-02-12" time="10:15:00">0.456</Value>
			<Value date="2016-02-12" time="10:30:00">0.456</Value>
			<Value date="2016-02-12" time="10:45:00">0.456</Value>
			<Value date="2016-02-12" time="11:00:00">0.454</Value>
			<Value date="2016-02-12" time="11:15:00">0.453</Value>
			<Value date="2016-02-12" time="11:30:00">0.452</Value>
			<Value date="2016-02-12" time="11:45:00">0.451</Value>
			<Value date="2016-02-12" time="12:00:00">0.450</Value>
			<Value date="2016-02-12" time="12:15:00">0.448</Value>
			<Value date="2016-02-12" time="12:30:00">0.443</Value>
		</SetofValues>
	</Station>
</EATimeSeriesDataExchangeFormat>
