<?xml version="1.0" standalone="yes"?>
<EATimeSeriesDataExchangeFormat xmlns="http://www.environment-agency.gov.uk/XMLSchemas/EATimeSeriesDataExchangeFormat" xmlns:md="http://www.environment-agency.gov.uk/XMLSchemas/EAMetadataFormat" xmlns:xsi="http://www.w3.org/2001/XMLSchema-instance" xsi:schemaLocation="http://www.environment-agency.gov.uk/XMLSchemas/EATimeSeriesDataExchangeFormat EATimeSeriesDataExchangeFormat.xsd">
	<md:Publisher>Environment Agency</md:Publisher>
	<md:Source>Midland Regional Telemetry System</md:Source>
	<md:Description>Automated telemetry data export process</md:Description>
	<md:Creator>SCX 6</md:Creator>
	<md:Date>2016-02-12</md:Date>
	<md:Time>14:03:01</md:Time>
	<md:Identifier>MISAPSCXAS1</md:Identifier>
	<Station stationReference="4003" region="Midland" stationName="Water Orton LVL" ngr="SP1694091460">
		<SetofValues parameter="Water Level" qualifier="Stage" dataType="Instantaneous" period="15 min" units="mASD" startDate="2016-02-12" startTime="13:15:00" endDate="2016-02-12" endTime="14:00:00">
			<Value date="2016-02-12" time="13:15:00">0.359</Value>
			<Value date="2016-02-12" time="13:30:00">0.359</Value>
			<Value date="2016-02-12" time="13:45:00">0.359</Value>
			<Value date="2016-02-12" time="14:00:00">0.358</Value>
		</SetofValues>
		<SetofValues parameter="Water Level" qualifier="Downstream Stage" dataType="Instantaneous" period="15 min" units="mASD" startDate="2016-02-12" startTime="13:15:00" endDate="2016-02-12" endTime="14:00:00">
			<Value date="2016-02-12" time="13:15:00">0.182</Value>
			<Value date="2016-02-12" time="13:30:00">0.176</Value>
			<Value date="2016-02-12" time="13:45:00">0.186</Value>
			<Value date="2016-02-12" time="14:00:00">0.167</Value>
		</SetofValues>
	</Station>
	<Station stationReference="3347" region="Midland" stationName="Loggerheads RAIN" ngr="SJ747342">
		<SetofValues parameter="Rainfall" qualifier="Tipping Bucket Raingauge" dataType="Total" period="15 min" units="mm" startDate="2016-02-12" startTime="13:15:00" endDate="2016-02-12" endTime="14:00:00">
			<Value date="2016-02-12" time="13:15:00">0.0</Value>
			<Value date="2016-02-12" time="13:30:00">0.0</Value>
			<Value date="2016-02-12" time="13:45:00">0.0</Value>
			<Value date="2016-02-12" time="14:00:00">0.0</Value>
		</SetofValues>
	</Station>
	<Station stationReference="3167" region="Midland" stationName="Frankley RAIN" ngr="SP00728015">
		<SetofValues parameter="Temperature" qualifier="Dry Bulb" dataType="Instantaneous" period="15 min" units="deg C" startDate="2016-02-12" startTime="14:00:00" endDate="2016-02-12" endTime="14:00:00">
			<Value date="2016-02-12" time="14:00:00">5.6</Value>
		</SetofValues>
		<SetofValues parameter="Rainfall" qualifier="Tipping Bucket Raingauge" dataType="Total" period="15 min" units="mm" startDate="2016-02-12" startTime="13:15:00" endDate="2016-02-12" endTime="14:00:00">
			<Value date="2016-02-12" time="13:15:00">0.0</Value>
			<Value date="2016-02-12" time="13:30:00">0.0</Value>
			<Value date="2016-02-12" time="13:45:00">0.0</Value>
			<Value date="2016-02-12" time="14:00:00">0.0</Value>
		</SetofValues>
	</Station>
	<Station stationReference="3096" region="Midland" stationName="Barnhurst RAIN" ngr="SJ8979601959">
		<SetofValues parameter="Rainfall" qualifier="Tipping Bucket Raingauge" dataType="Total" period="15 min" units="mm" startDate="2016-02-12" startTime="13:15:00" endDate="2016-02-12" endTime="14:00:00">
			<Value date="2016-02-12" time="13:15:00">0.0</Value>
			<Value date="2016-02-12" time="13:30:00">0.0</Value>
			<Value date="2016-02-12" time="13:45:00">0.0</Value>
			<Value date="2016-02-12" time="14:00:00">0.0</Value>
		</SetofValues>
	</Station>
	<Station stationReference="3026" region="Midland" stationName="Hollies RAIN" ngr="SJ81572243">
		<SetofValues parameter="Rainfall" qualifier="Tipping Bucket Raingauge" dataType="Total" period="15 min" units="mm" startDate="2016-02-12" startTime="13:15:00" endDate="2016-02-12" endTime="14:00:00">
			<Value date="2016-02-12" time="13:15:00">0.0</Value>
			<Value date="2016-02-12" time="13:30:00">0.0</Value>
			<Value date="2016-02-12" time="13:45:00">0.0</Value>
			<Value date="2016-02-12" time="14:00:00">0.0</Value>
		</SetofValues>
	</Station>
	<Station stationReference="3025" region="Midland" stationName="Rodbaston RAIN" ngr="SJ92071159">
		<SetofValues parameter="Rainfall" qualifier="Tipping Bucket Raingauge" dataType="Total" period="15 min" units="mm" startDate="2016-02-12" startTime="13:15:00" endDate="2016-02-12" endTime="14:00:00">
			<Value date="2016-02-12" time="13:15:00">0.0</Value>
			<Value date="2016-02-12" time="13:30:00">0.0</Value>
			<Value date="2016-02-12" time="13:45:00">0.0</Value>
			<Value date="2016-02-12" time="14:00:00">0.0</Value>
		</SetofValues>
	</Station>
	<Station stationReference="2900" region="Midland" stationName="Walton LVL" ngr="SP2859853167">
		<SetofValues parameter="Water Level" qualifier="Stage" dataType="Instantaneous" period="15 min" units="mASD" startDate="2016-02-12" startTime="13:15:00" endDate="2016-02-12" endTime="14:00:00">
			<Value date="2016-02-12" time="13:15:00">0.514</Value>
			<Value date="2016-02-12" time="13:30:00">0.512</Value>
			<Value date="2016-02-12" time="13:45:00">0.512</Value>
			<Value date="2016-02-12" time="14:00:00">0.512</Value>
		</SetofValues>
	</Station>
	<Station stationReference="2872" region="Midland" stationName="Perdiswell LVL" ngr="SO85535777">
		<SetofValues parameter="Water Level" qualifier="Stage" dataType="Instantaneous" period="15 min" units="mASD" startDate="2016-02-12" startTime="13:15:00" endDate="2016-02-12" endTime="14:00:00">
			<Value date="2016-02-12" time="13:15:00">0.431</Value>
			<Value date="2016-02-12" time="13:30:00">0.432</Value>
			<Value date="2016-02-12" time="13:45:00">0.431</Value>
			<Value date="2016-02-12" time="14:00:00">0.432</Value>
		</SetofValues>
	</Station>
	<Station stationReference="2711" region="Midland" stationName="Sedgeberrow PS" ngr="SP0260938700">
		<SetofValues parameter="Water Level" qualifier="Stage" dataType="Instantaneous" period="15 min" units="mASD" startDate="2016-02-12" startTime="13:15:00" endDate="2016-02-12" endTime="14:00:00">
			<Value date="2016-02-12" time="13:15:00">0.534</Value>
			<Value date="2016-02-12" time="13:30:00">0.531</Value>
			<Value date="2016-02-12" time="13:45:00">0.531</Value>
			<Value date="2016-02-12" time="14:00:00">0.534</Value>
		</SetofValues>
	</Station>
	<Station stationReference="2706" region="Midland" stationName="Wombourne LVL" ngr="SO8623992608">
		<SetofValues parameter="Water Level" qualifier="Stage" dataType="Instantaneous" period="15 min" units="mASD" startDate="2016-02-12" startTime="13:15:00" endDate="2016-02-12" endTime="14:00:00">
			<Value date="2016-02-12" time="13:15:00">0.291</Value>
			<Value date="2016-02-12" time="13:30:00">0.286</Value>
			<Value date="2016-02-12" time="13:45:00">0.286</Value>
			<Value date="2016-02-12" time="14:00:00">0.283</Value>
		</SetofValues>
	</Station>
	<Station stationReference="2669" region="Midland" stationName="Shifnal LVL" ngr="SJ7444808607">
		<SetofValues parameter="Water Level" qualifier="Stage" dataType="Instantaneous" period="15 min" units="mASD" startDate="2016-02-12" startTime="13:15:00" endDate="2016-02-12" endTime="14:00:00">
			<Value date="2016-02-12" time="13:15:00">0.204</Value>
			<Value date="2016-02-12" time="13:30:00">0.205</Value>
			<Value date="2016-02-12" time="13:45:00">0.204</Value>
			<Value date="2016-02-12" time="14:00:00">0.205</Value>
		</SetofValues>
	</Station>
	<Station stationReference="2666" region="Midland" stationName="Matson Place LVL" ngr="SO8402517084">
		<SetofValues parameter="Water Level" qualifier="Stage" dataType="Instantaneous" period="15 min" units="mASD" startDate="2016-02-12" startTime="13:15:00" endDate="2016-02-12" endTime="14:00:00">
			<Value date="2016-02-12" time="13:15:00">0.304</Value>
			<Value date="2016-02-12" time="13:30:00">0.303</Value>
			<Value date="2016-02-12" time="13:45:00">0.303</Value>
			<Value date="2016-02-12" time="14:00:00">0.303</Value>
		</SetofValues>
	</Station>
	<Station stationReference="2662" region="Midland" stationName="Abbeymead Avenue LVL" ngr="SO8616315834">
		<SetofValues parameter="Water Level" qualifier="Stage" dataType="Instantaneous" period="15 min" units="mASD" startDate="2016-02-12" startTime="13:15:00" endDate="2016-02-12" endTime="14:00:00">
			<Value date="2016-02-12" time="13:15:00">0.172</Value>
			<Value date="2016-02-12" time="13:30:00">0.172</Value>
			<Value date="2016-02-12" time="13:45:00">0.173</Value>
			<Value date="2016-02-12" time="14:00:00">0.173</Value>
		</SetofValues>
	</Station>
	<Station stationReference="2661" region="Midland" stationName="Witcombe LVL" ngr="SO9030515725">
		<SetofValues parameter="Water Level" qualifier="Stage" dataType="Instantaneous" period="15 min" units="mASD" startDate="2016-02-12" startTime="13:15:00" endDate="2016-02-12" endTime="14:00:00">
			<Value date="2016-02-12" time="13:15:00">0.175</Value>
			<Value date="2016-02-12" time="13:30:00">0.176</Value>
			<Value date="2016-02-12" time="13:45:00">0.177</Value>
			<Value date="2016-02-12" time="14:00:00">0.177</Value>
		</SetofValues>
	</Station>
	<Station stationReference="2649" region="Midland" stationName="Clay Coton LVL" ngr="SP5938176922">
		<SetofValues parameter="Water Level" qualifier="Stage" dataType="Instantaneous" period="15 min" units="mASD" startDate="2016-02-12" startTime="13:15:00" endDate="2016-02-12" endTime="14:00:00">
			<Value date="2016-02-12" time="13:15:00">0.552</Value>
			<Value date="2016-02-12" time="13:30:00">0.547</Value>
			<Value date="2016-02-12" time="13:45:00">0.542</Value>
			<Value date="2016-02-12" time="14:00:00">0.538</Value>
		</SetofValues>
	</Station>
	<Station stationReference="2648" region="Midland" stationName="Toddington LVL" ngr="SP0338633481">
		<SetofValues parameter="Water Level" qualifier="Stage" dataType="Instantaneous" period="15 min" units="mASD" startDate="2016-02-12" startTime="13:15:00" endDate="2016-02-12" endTime="14:00:00">
			<Value date="2016-02-12" time="13:15:00">0.434</Value>
			<Value date="2016-02-12" time="13:30:00">0.433</Value>
			<Value date="2016-02-12" time="13:45:00">0.433</Value>
			<Value date="2016-02-12" time="14:00:00">0.433</Value>
		</SetofValues>
	</Station>
	<Station stationReference="2642" region="Midland" stationName="Worcester LVL" ngr="SO8401456544">
		<SetofValues parameter="Water Level" qualifier="Stage" dataType="Instantaneous" period="15 min" units="mASD" startDate="2016-02-12" startTime="13:15:00" endDate="2016-02-12" endTime="14:00:00">
			<Value date="2016-02-12" time="13:15:00">4.788</Value>
			<Value date="2016-02-12" time="13:30:00">4.780</Value>
			<Value date="2016-02-12" time="13:45:00">4.780</Value>
			<Value date="2016-02-12" time="14:00:00">4.778</Value>
		</SetofValues>
	</Station>
	<Station stationReference="2641" region="Midland" stationName="Wightwick LVL" ngr="SO8707398305">
		<SetofValues parameter="Water Level" qualifier="Stage" dataType="Instantaneous" period="15 min" units="mASD" startDate="2016-02-12" startTime="13:15:00" endDate="2016-02-12" endTime="14:00:00">
			<Value date="2016-02-12" time="13:15:00">0.347</Value>
			<Value date="2016-02-12" time="13:30:00">0.347</Value>
			<Value date="2016-02-12" time="13:45:00">0.347</Value>
			<Value date="2016-02-12" time="14:00:00">0.345</Value>
		</SetofValues>
	</Station>
	<Station stationReference="2639" region="Midland" stationName="Dutlas LVL" ngr="SO21147806">
		<SetofValues parameter="Water Level" qualifier="Stage" dataType="Instantaneous" period="15 min" units="mASD" startDate="2016-02-12" startTime="13:15:00" endDate="2016-02-12" endTime="14:00:00">
			<Value date="2016-02-12" time="13:15:00">0.412</Value>
			<Value date="2016-02-12" time="13:30:00">0.413</Value>
			<Value date="2016-02-12" time="13:45:00">0.414</Value>
			<Value date="2016-02-12" time="14:00:00">0.413</Value>
		</SetofValues>
	</Station>
	<Station stationReference="2629" region="Midland" stationName="Lydney LVL" ngr="SO6316603576">
		<SetofValues parameter="Water Level" qualifier="Stage" dataType="Instantaneous" period="15 min" units="mASD" startDate="2016-02-12" startTime="13:15:00" endDate="2016-02-12" endTime="14:00:00">
			<Value date="2016-02-12" time="13:15:00">0.494</Value>
			<Value date="2016-02-12" time="13:30:00">0.491</Value>
			<Value date="2016-02-12" time="13:45:00">0.490</Value>
			<Value date="2016-02-12" time="14:00:00">0.490</Value>
		</SetofValues>
	</Station>
	<Station stationReference="2626" region="Midland" stationName="Feckenham LVL" ngr="SP0047561175">
		<SetofValues parameter="Water Level" qualifier="Stage" dataType="Instantaneous" period="15 min" units="mASD" startDate="2016-02-12" startTime="13:15:00" endDate="2016-02-12" endTime="14:00:00">
			<Value date="2016-02-12" time="13:15:00">0.150</Value>
			<Value date="2016-02-12" time="13:30:00">0.150</Value>
			<Value date="2016-02-12" time="13:45:00">0.149</Value>
			<Value date="2016-02-12" time="14:00:00">0.149</Value>
		</SetofValues>
	</Station>
	<Station stationReference="2625" region="Midland" stationName="Ludlow Teme LVL" ngr="SO51997424">
		<SetofValues parameter="Water Level" qualifier="Stage" dataType="Instantaneous" period="15 min" units="mASD" startDate="2016-02-12" startTime="13:15:00" endDate="2016-02-12" endTime="14:00:00">
			<Value date="2016-02-12" time="13:15:00">1.839</Value>
			<Value date="2016-02-12" time="13:30:00">1.826</Value>
			<Value date="2016-02-12" time="13:45:00">1.832</Value>
			<Value date="2016-02-12" time="14:00:00">1.838</Value>
		</SetofValues>
	</Station>
	<Station stationReference="2621" region="Midland" stationName="Henley LVL" ngr="SP1527966559">
		<SetofValues parameter="Water Level" qualifier="Stage" dataType="Instantaneous" period="15 min" units="mASD" startDate="2016-02-12" startTime="13:15:00" endDate="2016-02-12" endTime="14:00:00">
			<Value date="2016-02-12" time="13:15:00">0.495</Value>
			<Value date="2016-02-12" time="13:30:00">0.495</Value>
			<Value date="2016-02-12" time="13:45:00">0.495</Value>
			<Value date="2016-02-12" time="14:00:00">0.495</Value>
		</SetofValues>
	</Station>
	<Station stationReference="2619" region="Midland" stationName="Sandhurst LVL" ngr="SO8279221039">
		<SetofValues parameter="Water Level" qualifier="Stage" dataType="Instantaneous" period="15 min" units="mASD" startDate="2016-02-12" startTime="13:15:00" endDate="2016-02-12" endTime="14:00:00">
			<Value date="2016-02-12" time="13:15:00">3.724</Value>
			<Value date="2016-02-12" time="13:30:00">3.726</Value>
			<Value date="2016-02-12" time="13:45:00">3.731</Value>
			<Value date="2016-02-12" time="14:00:00">3.733</Value>
		</SetofValues>
	</Station>
	<Station stationReference="2618" region="Midland" stationName="Sandhurst LVL" ngr="SO8277821023">
		<SetofValues parameter="Water Level" qualifier="Stage" dataType="Instantaneous" period="15 min" units="mASD" startDate="2016-02-12" startTime="13:15:00" endDate="2016-02-12" endTime="14:00:00">
			<Value date="2016-02-12" time="13:15:00">3.959</Value>
			<Value date="2016-02-12" time="13:30:00">3.941</Value>
			<Value date="2016-02-12" time="13:45:00">3.930</Value>
			<Value date="2016-02-12" time="14:00:00">3.918</Value>
		</SetofValues>
	</Station>
	<Station stationReference="2616" region="Midland" stationName="Kempsey LVL" ngr="SO8508451171">
		<SetofValues parameter="Water Level" qualifier="Stage" dataType="Instantaneous" period="15 min" units="mASD" startDate="2016-02-12" startTime="13:15:00" endDate="2016-02-12" endTime="14:00:00">
			<Value date="2016-02-12" time="13:15:00">6.450</Value>
			<Value date="2016-02-12" time="13:30:00">6.451</Value>
			<Value date="2016-02-12" time="13:45:00">6.449</Value>
			<Value date="2016-02-12" time="14:00:00">6.447</Value>
		</SetofValues>
	</Station>
	<Station stationReference="2615" region="Midland" stationName="Bidford LVL" ngr="SP0985451769">
		<SetofValues parameter="Water Level" qualifier="Stage" dataType="Instantaneous" period="15 min" units="mASD" startDate="2016-02-12" startTime="13:15:00" endDate="2016-02-12" endTime="14:00:00">
			<Value date="2016-02-12" time="13:15:00">1.456</Value>
			<Value date="2016-02-12" time="13:30:00">1.456</Value>
			<Value date="2016-02-12" time="13:45:00">1.455</Value>
			<Value date="2016-02-12" time="14:00:00">1.454</Value>
		</SetofValues>
	</Station>
	<Station stationReference="2611" region="Midland" stationName="Stanford River LVL" ngr="SP5952680311">
		<SetofValues parameter="Water Level" qualifier="Stage" dataType="Instantaneous" period="15 min" units="mASD" startDate="2016-02-12" startTime="13:15:00" endDate="2016-02-12" endTime="14:00:00">
			<Value date="2016-02-12" time="13:15:00">0.934</Value>
			<Value date="2016-02-12" time="13:30:00">0.931</Value>
			<Value date="2016-02-12" time="13:45:00">0.931</Value>
			<Value date="2016-02-12" time="14:00:00">0.925</Value>
		</SetofValues>
	</Station>
	<Station stationReference="2609" region="Midland" stationName="Kites Hardwick LVL" ngr="SP4675068593">
		<SetofValues parameter="Water Level" qualifier="Stage" dataType="Instantaneous" period="15 min" units="mASD" startDate="2016-02-12" startTime="13:15:00" endDate="2016-02-12" endTime="14:00:00">
			<Value date="2016-02-12" time="13:15:00">0.430</Value>
			<Value date="2016-02-12" time="13:30:00">0.429</Value>
			<Value date="2016-02-12" time="13:45:00">0.428</Value>
			<Value date="2016-02-12" time="14:00:00">0.427</Value>
		</SetofValues>
		<SetofValues parameter="Water Level" qualifier="Downstream Stage" dataType="Instantaneous" period="15 min" units="mASD" startDate="2016-02-12" startTime="13:15:00" endDate="2016-02-12" endTime="14:00:00">
			<Value date="2016-02-12" time="13:15:00">0.422</Value>
			<Value date="2016-02-12" time="13:30:00">0.417</Value>
			<Value date="2016-02-12" time="13:45:00">0.418</Value>
			<Value date="2016-02-12" time="14:00:00">0.418</Value>
		</SetofValues>
	</Station>
	<Station stationReference="2607" region="Midland" stationName="Bromsberrow LVL" ngr="SO7446333229">
		<SetofValues parameter="Water Level" qualifier="Stage" dataType="Instantaneous" period="15 min" units="mASD" startDate="2016-02-12" startTime="13:15:00" endDate="2016-02-12" endTime="14:00:00">
			<Value date="2016-02-12" time="13:15:00">0.196</Value>
			<Value date="2016-02-12" time="13:30:00">0.196</Value>
			<Value date="2016-02-12" time="13:45:00">0.196</Value>
			<Value date="2016-02-12" time="14:00:00">0.195</Value>
		</SetofValues>
	</Station>
	<Station stationReference="2603" region="Midland" stationName="Cambridge LVL" ngr="SO7507503576">
		<SetofValues parameter="Water Level" qualifier="Stage" dataType="Instantaneous" period="15 min" units="mASD" startDate="2016-02-12" startTime="13:15:00" endDate="2016-02-12" endTime="14:00:00">
			<Value date="2016-02-12" time="13:15:00">0.315</Value>
			<Value date="2016-02-12" time="13:30:00">0.315</Value>
			<Value date="2016-02-12" time="13:45:00">0.315</Value>
			<Value date="2016-02-12" time="14:00:00">0.315</Value>
		</SetofValues>
	</Station>
	<Station stationReference="2516" region="Midland" stationName="Halesowen LVL" ngr="SO9592484993">
		<SetofValues parameter="Water Level" qualifier="Stage" dataType="Instantaneous" period="15 min" units="mASD" startDate="2016-02-12" startTime="13:15:00" endDate="2016-02-12" endTime="14:00:00">
			<Value date="2016-02-12" time="13:15:00">0.617</Value>
			<Value date="2016-02-12" time="13:30:00">0.616</Value>
			<Value date="2016-02-12" time="13:45:00">0.615</Value>
			<Value date="2016-02-12" time="14:00:00">0.615</Value>
		</SetofValues>
	</Station>
	<Station stationReference="2425" region="Midland" stationName="Bodiam Avenue LVL" ngr="SO8148114888">
		<SetofValues parameter="Water Level" qualifier="Stage" dataType="Instantaneous" period="15 min" units="mASD" startDate="2016-02-12" startTime="13:15:00" endDate="2016-02-12" endTime="14:00:00">
			<Value date="2016-02-12" time="13:15:00">0.436</Value>
			<Value date="2016-02-12" time="13:30:00">0.436</Value>
			<Value date="2016-02-12" time="13:45:00">0.435</Value>
			<Value date="2016-02-12" time="14:00:00">0.435</Value>
		</SetofValues>
	</Station>
	<Station stationReference="2292" region="Midland" stationName="Avonmouth Lighthouse TL" ngr="ST5026079050">
		<SetofValues parameter="Water Level" qualifier="Stage" dataType="Instantaneous" period="5 min" units="mASD" startDate="2016-02-12" startTime="13:05:00" endDate="2016-02-12" endTime="14:00:00">
			<Value date="2016-02-12" time="13:05:00">6.811</Value>
			<Value date="2016-02-12" time="13:10:00">6.635</Value>
			<Value date="2016-02-12" time="13:15:00">6.461</Value>
			<Value date="2016-02-12" time="13:20:00">6.291</Value>
			<Value date="2016-02-12" time="13:25:00">6.112</Value>
			<Value date="2016-02-12" time="13:30:00">5.944</Value>
			<Value date="2016-02-12" time="13:35:00">5.773</Value>
			<Value date="2016-02-12" time="13:40:00">5.623</Value>
			<Value date="2016-02-12" time="13:45:00">5.441</Value>
			<Value date="2016-02-12" time="13:50:00">5.273</Value>
			<Value date="2016-02-12" time="13:55:00">5.109</Value>
			<Value date="2016-02-12" time="14:00:00">4.942</Value>
		</SetofValues>
	</Station>
	<Station stationReference="2226A" region="Midland" stationName="Slad Road LVL" ngr="SO8530205456">
		<SetofValues parameter="Water Level" qualifier="Downstream Stage" dataType="Instantaneous" period="15 min" units="mASD" startDate="2016-02-12" startTime="13:15:00" endDate="2016-02-12" endTime="14:00:00">
			<Value date="2016-02-12" time="13:15:00">0.116</Value>
			<Value date="2016-02-12" time="13:30:00">0.115</Value>
			<Value date="2016-02-12" time="13:45:00">0.118</Value>
			<Value date="2016-02-12" time="14:00:00">0.115</Value>
		</SetofValues>
	</Station>
	<Station stationReference="2226" region="Midland" stationName="Slad Road LVL" ngr="SO8530205456">
		<SetofValues parameter="Water Level" qualifier="Stage" dataType="Instantaneous" period="15 min" units="mASD" startDate="2016-02-12" startTime="13:15:00" endDate="2016-02-12" endTime="14:00:00">
			<Value date="2016-02-12" time="13:15:00">0.293</Value>
			<Value date="2016-02-12" time="13:30:00">0.294</Value>
			<Value date="2016-02-12" time="13:45:00">0.293</Value>
			<Value date="2016-02-12" time="14:00:00">0.293</Value>
		</SetofValues>
	</Station>
	<Station stationReference="2225" region="Midland" stationName="Bodiam Avenue LVL" ngr="SO8148114888">
		<SetofValues parameter="Water Level" qualifier="Stage" dataType="Instantaneous" period="15 min" units="mASD" startDate="2016-02-12" startTime="13:15:00" endDate="2016-02-12" endTime="14:00:00">
			<Value date="2016-02-12" time="13:15:00">0.088</Value>
			<Value date="2016-02-12" time="13:30:00">0.086</Value>
			<Value date="2016-02-12" time="13:45:00">0.085</Value>
			<Value date="2016-02-12" time="14:00:00">0.086</Value>
		</SetofValues>
	</Station>
	<Station stationReference="2221" region="Midland" stationName="Clomoney Way LVL" ngr="SO8585820345">
		<SetofValues parameter="Water Level" qualifier="Stage" dataType="Instantaneous" period="15 min" units="mASD" startDate="2016-02-12" startTime="13:15:00" endDate="2016-02-12" endTime="14:00:00">
			<Value date="2016-02-12" time="13:15:00">0.485</Value>
			<Value date="2016-02-12" time="13:30:00">0.485</Value>
			<Value date="2016-02-12" time="13:45:00">0.484</Value>
			<Value date="2016-02-12" time="14:00:00">0.484</Value>
		</SetofValues>
	</Station>
	<Station stationReference="2218" region="Midland" stationName="Charterhouse Bridge LVL" ngr="SP3440078240">
		<SetofValues parameter="Water Level" qualifier="Stage" dataType="Instantaneous" period="15 min" units="mASD" startDate="2016-02-12" startTime="13:15:00" endDate="2016-02-12" endTime="14:00:00">
			<Value date="2016-02-12" time="13:15:00">0.226</Value>
			<Value date="2016-02-12" time="13:30:00">0.226</Value>
			<Value date="2016-02-12" time="13:45:00">0.227</Value>
			<Value date="2016-02-12" time="14:00:00">0.227</Value>
		</SetofValues>
	</Station>
	<Station stationReference="2216" region="Midland" stationName="Torrington Ave LVL" ngr="SP2788077700">
		<SetofValues parameter="Water Level" qualifier="Stage" dataType="Instantaneous" period="15 min" units="mASD" startDate="2016-02-12" startTime="13:15:00" endDate="2016-02-12" endTime="14:00:00">
			<Value date="2016-02-12" time="13:15:00">0.032</Value>
			<Value date="2016-02-12" time="13:30:00">0.032</Value>
			<Value date="2016-02-12" time="13:45:00">0.032</Value>
			<Value date="2016-02-12" time="14:00:00">0.032</Value>
		</SetofValues>
	</Station>
	<Station stationReference="2215" region="Midland" stationName="Henry Parkes Road LVL" ngr="SP3065077380">
		<SetofValues parameter="Water Level" qualifier="Stage" dataType="Instantaneous" period="15 min" units="mASD" startDate="2016-02-12" startTime="13:15:00" endDate="2016-02-12" endTime="14:00:00">
			<Value date="2016-02-12" time="13:15:00">0.327</Value>
			<Value date="2016-02-12" time="13:30:00">0.326</Value>
			<Value date="2016-02-12" time="13:45:00">0.327</Value>
			<Value date="2016-02-12" time="14:00:00">0.327</Value>
		</SetofValues>
	</Station>
	<Station stationReference="2213" region="Midland" stationName="Hope Street LVL" ngr="SP3259478873">
		<SetofValues parameter="Water Level" qualifier="Stage" dataType="Instantaneous" period="15 min" units="mASD" startDate="2016-02-12" startTime="13:15:00" endDate="2016-02-12" endTime="14:00:00">
			<Value date="2016-02-12" time="13:15:00">0.434</Value>
			<Value date="2016-02-12" time="13:30:00">0.434</Value>
			<Value date="2016-02-12" time="13:45:00">0.437</Value>
			<Value date="2016-02-12" time="14:00:00">0.441</Value>
		</SetofValues>
	</Station>
	<Station stationReference="2209" region="Midland" stationName="Blackburn Road" ngr="SP3493783312">
		<SetofValues parameter="Water Level" qualifier="Stage" dataType="Instantaneous" period="15 min" units="mASD" startDate="2016-02-12" startTime="13:15:00" endDate="2016-02-12" endTime="14:00:00">
			<Value date="2016-02-12" time="13:15:00">0.327</Value>
			<Value date="2016-02-12" time="13:30:00">0.328</Value>
			<Value date="2016-02-12" time="13:45:00">0.324</Value>
			<Value date="2016-02-12" time="14:00:00">0.317</Value>
		</SetofValues>
	</Station>
	<Station stationReference="2207" region="Midland" stationName="Hall Green Road LVL" ngr="SP3577082600">
		<SetofValues parameter="Water Level" qualifier="Stage" dataType="Instantaneous" period="15 min" units="mASD" startDate="2016-02-12" startTime="13:15:00" endDate="2016-02-12" endTime="14:00:00">
			<Value date="2016-02-12" time="13:15:00">0.220</Value>
			<Value date="2016-02-12" time="13:30:00">0.222</Value>
			<Value date="2016-02-12" time="13:45:00">0.229</Value>
			<Value date="2016-02-12" time="14:00:00">0.231</Value>
		</SetofValues>
	</Station>
	<Station stationReference="2195" region="Midland" stationName="Sharpness TL" ngr="SO6674102185">
		<SetofValues parameter="Water Level" qualifier="Stage" dataType="Instantaneous" period="5 min" units="mASD" startDate="2016-02-12" startTime="13:05:00" endDate="2016-02-12" endTime="14:00:00">
			<Value date="2016-02-12" time="13:05:00">4.130</Value>
			<Value date="2016-02-12" time="13:10:00">3.996</Value>
			<Value date="2016-02-12" time="13:15:00">3.871</Value>
			<Value date="2016-02-12" time="13:20:00">3.750</Value>
			<Value date="2016-02-12" time="13:25:00">3.657</Value>
			<Value date="2016-02-12" time="13:30:00">3.539</Value>
			<Value date="2016-02-12" time="13:35:00">3.456</Value>
			<Value date="2016-02-12" time="13:40:00">3.355</Value>
			<Value date="2016-02-12" time="13:45:00">3.253</Value>
			<Value date="2016-02-12" time="13:50:00">3.150</Value>
			<Value date="2016-02-12" time="13:55:00">3.064</Value>
			<Value date="2016-02-12" time="14:00:00">2.971</Value>
		</SetofValues>
	</Station>
	<Station stationReference="2188" region="Midland" stationName="Leigh Court LVL" ngr="SO8651625343">
		<SetofValues parameter="Water Level" qualifier="Stage" dataType="Instantaneous" period="15 min" units="mASD" startDate="2016-02-12" startTime="13:15:00" endDate="2016-02-12" endTime="14:00:00">
			<Value date="2016-02-12" time="13:15:00">2.988</Value>
			<Value date="2016-02-12" time="13:30:00">2.988</Value>
			<Value date="2016-02-12" time="13:45:00">2.987</Value>
			<Value date="2016-02-12" time="14:00:00">2.988</Value>
		</SetofValues>
	</Station>
	<Station stationReference="2180" region="Midland" stationName="Bridgnorth LVL" ngr="SO71899311">
		<SetofValues parameter="Water Level" qualifier="Stage" dataType="Instantaneous" period="15 min" units="mASD" startDate="2016-02-12" startTime="13:15:00" endDate="2016-02-12" endTime="14:00:00">
			<Value date="2016-02-12" time="13:15:00">3.765</Value>
			<Value date="2016-02-12" time="13:30:00">3.757</Value>
			<Value date="2016-02-12" time="13:45:00">3.751</Value>
			<Value date="2016-02-12" time="14:00:00">3.739</Value>
		</SetofValues>
	</Station>
	<Station stationReference="2170" region="Midland" stationName="Crudgington FLOW" ngr="SJ64051754">
		<SetofValues parameter="Water Level" qualifier="Stage" dataType="Instantaneous" period="15 min" units="mASD" startDate="2016-02-12" startTime="13:15:00" endDate="2016-02-12" endTime="14:00:00">
			<Value date="2016-02-12" time="13:15:00">0.645</Value>
			<Value date="2016-02-12" time="13:30:00">0.643</Value>
			<Value date="2016-02-12" time="13:45:00">0.640</Value>
			<Value date="2016-02-12" time="14:00:00">0.637</Value>
		</SetofValues>
	</Station>
	<Station stationReference="2169" region="Midland" stationName="Ludlow LVL" ngr="SO50937608">
		<SetofValues parameter="Water Level" qualifier="Stage" dataType="Instantaneous" period="15 min" units="mASD" startDate="2016-02-12" startTime="13:15:00" endDate="2016-02-12" endTime="14:00:00">
			<Value date="2016-02-12" time="13:15:00">1.444</Value>
			<Value date="2016-02-12" time="13:30:00">1.444</Value>
			<Value date="2016-02-12" time="13:45:00">1.442</Value>
			<Value date="2016-02-12" time="14:00:00">1.442</Value>
		</SetofValues>
	</Station>
	<Station stationReference="2167" region="Midland" stationName="Kidderminster Callows Lane FLOW" ngr="SO8301576839">
		<SetofValues parameter="Water Level" qualifier="Stage" dataType="Instantaneous" period="15 min" units="mASD" startDate="2016-02-12" startTime="13:15:00" endDate="2016-02-12" endTime="14:00:00">
			<Value date="2016-02-12" time="13:15:00">0.998</Value>
			<Value date="2016-02-12" time="13:30:00">0.998</Value>
			<Value date="2016-02-12" time="13:45:00">1.000</Value>
			<Value date="2016-02-12" time="14:00:00">0.999</Value>
		</SetofValues>
		<SetofValues parameter="Flow" dataType="Instantaneous" period="15 min" units="Ml/d" startDate="2016-02-12" startTime="13:15:00" endDate="2016-02-12" endTime="14:00:00">
			<Value date="2016-02-12" time="13:15:00">329.36</Value>
			<Value date="2016-02-12" time="13:30:00">330.83</Value>
			<Value date="2016-02-12" time="13:45:00">331.95</Value>
			<Value date="2016-02-12" time="14:00:00">334.71</Value>
		</SetofValues>
	</Station>
	<Station stationReference="2165" region="Midland" stationName="Gloucester Docks LVL" ngr="SO8268718488">
		<SetofValues parameter="Water Level" qualifier="Stage" dataType="Instantaneous" period="15 min" units="mASD" startDate="2016-02-12" startTime="13:15:00" endDate="2016-02-12" endTime="14:00:00">
			<Value date="2016-02-12" time="13:15:00">3.709</Value>
			<Value date="2016-02-12" time="13:30:00">3.688</Value>
			<Value date="2016-02-12" time="13:45:00">3.657</Value>
			<Value date="2016-02-12" time="14:00:00">3.628</Value>
		</SetofValues>
	</Station>
	<Station stationReference="2153" region="Midland" stationName="Epney TL" ngr="SO7608711002">
		<SetofValues parameter="Water Level" qualifier="Stage" dataType="Instantaneous" period="15 min" units="mASD" startDate="2016-02-12" startTime="13:15:00" endDate="2016-02-12" endTime="14:00:00">
			<Value date="2016-02-12" time="13:15:00">3.681</Value>
			<Value date="2016-02-12" time="13:30:00">3.558</Value>
			<Value date="2016-02-12" time="13:45:00">3.463</Value>
			<Value date="2016-02-12" time="14:00:00">3.387</Value>
		</SetofValues>
	</Station>
	<Station stationReference="2139" region="Midland" stationName="Charlton Kings LVL" ngr="SO9647120822">
		<SetofValues parameter="Water Level" qualifier="Stage" dataType="Instantaneous" period="15 min" units="mASD" startDate="2016-02-12" startTime="13:15:00" endDate="2016-02-12" endTime="14:00:00">
			<Value date="2016-02-12" time="13:15:00">0.477</Value>
			<Value date="2016-02-12" time="13:30:00">0.476</Value>
			<Value date="2016-02-12" time="13:45:00">0.477</Value>
			<Value date="2016-02-12" time="14:00:00">0.477</Value>
		</SetofValues>
	</Station>
	<Station stationReference="2134" region="Midland" stationName="Buildwas FLOW" ngr="SJ64550440">
		<SetofValues parameter="Flow" dataType="Instantaneous" period="15 min" units="m3/s" startDate="2016-02-12" startTime="13:15:00" endDate="2016-02-12" endTime="14:00:00">
			<Value date="2016-02-12" time="13:15:00">293.358</Value>
			<Value date="2016-02-12" time="13:30:00">292.113</Value>
			<Value date="2016-02-12" time="13:45:00">291.599</Value>
			<Value date="2016-02-12" time="14:00:00">296.037</Value>
		</SetofValues>
		<SetofValues parameter="Water Level" qualifier="Stage" dataType="Instantaneous" period="15 min" units="mASD" startDate="2016-02-12" startTime="13:15:00" endDate="2016-02-12" endTime="14:00:00">
			<Value date="2016-02-12" time="13:15:00">4.487</Value>
			<Value date="2016-02-12" time="13:30:00">4.494</Value>
			<Value date="2016-02-12" time="13:45:00">4.485</Value>
			<Value date="2016-02-12" time="14:00:00">4.479</Value>
		</SetofValues>
	</Station>
	<Station stationReference="2133" region="Midland" stationName="Wyre Piddle LVL" ngr="SO9625947611">
		<SetofValues parameter="Water Level" qualifier="Stage" dataType="Instantaneous" period="15 min" units="mASD" startDate="2016-02-12" startTime="13:15:00" endDate="2016-02-12" endTime="14:00:00">
			<Value date="2016-02-12" time="13:15:00">0.325</Value>
			<Value date="2016-02-12" time="13:30:00">0.325</Value>
			<Value date="2016-02-12" time="13:45:00">0.324</Value>
			<Value date="2016-02-12" time="14:00:00">0.324</Value>
		</SetofValues>
	</Station>
	<Station stationReference="2129" region="Midland" stationName="Coventry Hollyhead Rd LVL" ngr="SP3094180088">
		<SetofValues parameter="Water Level" qualifier="Stage" dataType="Instantaneous" period="15 min" units="mASD" startDate="2016-02-12" startTime="13:15:00" endDate="2016-02-12" endTime="14:00:00">
			<Value date="2016-02-12" time="13:15:00">0.157</Value>
			<Value date="2016-02-12" time="13:30:00">0.158</Value>
			<Value date="2016-02-12" time="13:45:00">0.159</Value>
			<Value date="2016-02-12" time="14:00:00">0.159</Value>
		</SetofValues>
	</Station>
	<Station stationReference="2128" region="Midland" stationName="Bredon FLOW" ngr="SO9206537238">
		<SetofValues parameter="Water Level" qualifier="Stage" dataType="Instantaneous" period="15 min" units="mASD" startDate="2016-02-12" startTime="13:15:00" endDate="2016-02-12" endTime="14:00:00">
			<Value date="2016-02-12" time="13:15:00">2.530</Value>
			<Value date="2016-02-12" time="13:30:00">2.530</Value>
			<Value date="2016-02-12" time="13:45:00">2.529</Value>
			<Value date="2016-02-12" time="14:00:00">2.528</Value>
		</SetofValues>
	</Station>
	<Station stationReference="2124" region="Midland" stationName="Parkend LVL" ngr="SO6167707481">
		<SetofValues parameter="Water Level" qualifier="Stage" dataType="Instantaneous" period="15 min" units="mASD" startDate="2016-02-12" startTime="13:15:00" endDate="2016-02-12" endTime="14:00:00">
			<Value date="2016-02-12" time="13:15:00">0.335</Value>
			<Value date="2016-02-12" time="13:30:00">0.334</Value>
			<Value date="2016-02-12" time="13:45:00">0.333</Value>
			<Value date="2016-02-12" time="14:00:00">0.331</Value>
		</SetofValues>
	</Station>
	<Station stationReference="2107" region="Midland" stationName="Knighton LVL" ngr="SO28987238">
		<SetofValues parameter="Water Level" qualifier="Stage" dataType="Instantaneous" period="15 min" units="mASD" startDate="2016-02-12" startTime="13:15:00" endDate="2016-02-12" endTime="14:00:00">
			<Value date="2016-02-12" time="13:15:00">0.888</Value>
			<Value date="2016-02-12" time="13:30:00">0.888</Value>
			<Value date="2016-02-12" time="13:45:00">0.887</Value>
			<Value date="2016-02-12" time="14:00:00">0.886</Value>
		</SetofValues>
	</Station>
	<Station stationReference="2104" region="Midland" stationName="Broom LVL" ngr="SP0863853580">
		<SetofValues parameter="Water Level" qualifier="Stage" dataType="Instantaneous" period="15 min" units="mASD" startDate="2016-02-12" startTime="13:15:00" endDate="2016-02-12" endTime="14:00:00">
			<Value date="2016-02-12" time="13:15:00">0.300</Value>
			<Value date="2016-02-12" time="13:30:00">0.300</Value>
			<Value date="2016-02-12" time="13:45:00">0.299</Value>
			<Value date="2016-02-12" time="14:00:00">0.299</Value>
		</SetofValues>
	</Station>
	<Station stationReference="2102" region="Midland" stationName="Minsterworth LVL" ngr="SO7693116918">
		<SetofValues parameter="Water Level" qualifier="Stage" dataType="Instantaneous" period="15 min" units="mASD" startDate="2016-02-12" startTime="13:15:00" endDate="2016-02-12" endTime="14:00:00">
			<Value date="2016-02-12" time="13:15:00">3.822</Value>
			<Value date="2016-02-12" time="13:30:00">3.709</Value>
			<Value date="2016-02-12" time="13:45:00">3.628</Value>
			<Value date="2016-02-12" time="14:00:00">3.551</Value>
		</SetofValues>
	</Station>
	<Station stationReference="2099" region="Midland" stationName="Tewks Upper Pound LVL" ngr="SO8942333387">
		<SetofValues parameter="Water Level" qualifier="Downstream Stage" dataType="Instantaneous" period="15 min" units="mASD" startDate="2016-02-12" startTime="13:15:00" endDate="2016-02-12" endTime="14:00:00">
			<Value date="2016-02-12" time="13:15:00">4.003</Value>
			<Value date="2016-02-12" time="13:30:00">4.003</Value>
			<Value date="2016-02-12" time="13:45:00">4.003</Value>
			<Value date="2016-02-12" time="14:00:00">4.004</Value>
		</SetofValues>
	</Station>
	<Station stationReference="2098" region="Midland" stationName="Tewks Upper Pound LVL" ngr="SO8945033390">
		<SetofValues parameter="Water Level" qualifier="Stage" dataType="Instantaneous" period="15 min" units="mASD" startDate="2016-02-12" startTime="13:15:00" endDate="2016-02-12" endTime="14:00:00">
			<Value date="2016-02-12" time="13:15:00">4.018</Value>
			<Value date="2016-02-12" time="13:30:00">4.017</Value>
			<Value date="2016-02-12" time="13:45:00">4.017</Value>
			<Value date="2016-02-12" time="14:00:00">4.018</Value>
		</SetofValues>
	</Station>
	<Station stationReference="2097" region="Midland" stationName="Pershore LVL" ngr="SO9519045509">
		<SetofValues parameter="Water Level" qualifier="Stage" dataType="Instantaneous" period="15 min" units="mASD" startDate="2016-02-12" startTime="13:15:00" endDate="2016-02-12" endTime="14:00:00">
			<Value date="2016-02-12" time="13:15:00">3.452</Value>
			<Value date="2016-02-12" time="13:30:00">3.449</Value>
			<Value date="2016-02-12" time="13:45:00">3.449</Value>
			<Value date="2016-02-12" time="14:00:00">3.447</Value>
		</SetofValues>
	</Station>
	<Station stationReference="2095" region="Midland" stationName="Little Alne LVL" ngr="SP1416161060">
		<SetofValues parameter="Water Level" qualifier="Stage" dataType="Instantaneous" period="15 min" units="mASD" startDate="2016-02-12" startTime="13:15:00" endDate="2016-02-12" endTime="14:00:00">
			<Value date="2016-02-12" time="13:15:00">1.020</Value>
			<Value date="2016-02-12" time="13:30:00">1.019</Value>
			<Value date="2016-02-12" time="13:45:00">1.019</Value>
			<Value date="2016-02-12" time="14:00:00">1.019</Value>
		</SetofValues>
	</Station>
	<Station stationReference="2094" region="Midland" stationName="Studley LVL" ngr="SP0763463999">
		<SetofValues parameter="Water Level" qualifier="Stage" dataType="Instantaneous" period="15 min" units="mASD" startDate="2016-02-12" startTime="13:15:00" endDate="2016-02-12" endTime="14:00:00">
			<Value date="2016-02-12" time="13:15:00">0.679</Value>
			<Value date="2016-02-12" time="13:30:00">0.680</Value>
			<Value date="2016-02-12" time="13:45:00">0.679</Value>
			<Value date="2016-02-12" time="14:00:00">0.679</Value>
		</SetofValues>
	</Station>
	<Station stationReference="2093" region="Midland" stationName="Stratford LVL" ngr="SP2049854852">
		<SetofValues parameter="Water Level" qualifier="Stage" dataType="Instantaneous" period="15 min" units="mASD" startDate="2016-02-12" startTime="13:15:00" endDate="2016-02-12" endTime="14:00:00">
			<Value date="2016-02-12" time="13:15:00">0.728</Value>
			<Value date="2016-02-12" time="13:30:00">0.729</Value>
			<Value date="2016-02-12" time="13:45:00">0.726</Value>
			<Value date="2016-02-12" time="14:00:00">0.725</Value>
		</SetofValues>
	</Station>
	<Station stationReference="2092" region="Midland" stationName="Shipston LVL" ngr="SP2604240517">
		<SetofValues parameter="Water Level" qualifier="Stage" dataType="Instantaneous" period="15 min" units="mASD" startDate="2016-02-12" startTime="13:15:00" endDate="2016-02-12" endTime="14:00:00">
			<Value date="2016-02-12" time="13:15:00">0.711</Value>
			<Value date="2016-02-12" time="13:30:00">0.712</Value>
			<Value date="2016-02-12" time="13:45:00">0.714</Value>
			<Value date="2016-02-12" time="14:00:00">0.714</Value>
		</SetofValues>
	</Station>
	<Station stationReference="2087" region="Midland" stationName="Mythe Bridge LVL" ngr="SO8889933722">
		<SetofValues parameter="Water Level" qualifier="Stage" dataType="Instantaneous" period="15 min" units="mASD" startDate="2016-02-12" startTime="13:15:00" endDate="2016-02-12" endTime="14:00:00">
			<Value date="2016-02-12" time="13:15:00">4.063</Value>
			<Value date="2016-02-12" time="13:30:00">4.057</Value>
			<Value date="2016-02-12" time="13:45:00">4.059</Value>
			<Value date="2016-02-12" time="14:00:00">4.061</Value>
		</SetofValues>
	</Station>
	<Station stationReference="2086" region="Midland" stationName="Bransford LVL" ngr="SO80385324">
		<SetofValues parameter="Water Level" qualifier="Stage" dataType="Instantaneous" period="15 min" units="mASD" startDate="2016-02-12" startTime="13:15:00" endDate="2016-02-12" endTime="14:00:00">
			<Value date="2016-02-12" time="13:15:00">2.501</Value>
			<Value date="2016-02-12" time="13:30:00">2.503</Value>
			<Value date="2016-02-12" time="13:45:00">2.496</Value>
			<Value date="2016-02-12" time="14:00:00">2.489</Value>
		</SetofValues>
	</Station>
	<Station stationReference="2085" region="Midland" stationName="Diglis LVL" ngr="SO84695353">
		<SetofValues parameter="Water Level" qualifier="Stage" dataType="Instantaneous" period="15 min" units="mASD" startDate="2016-02-12" startTime="13:15:00" endDate="2016-02-12" endTime="14:00:00">
			<Value date="2016-02-12" time="13:15:00">4.260</Value>
			<Value date="2016-02-12" time="13:30:00">4.255</Value>
			<Value date="2016-02-12" time="13:45:00">4.255</Value>
			<Value date="2016-02-12" time="14:00:00">4.248</Value>
		</SetofValues>
	</Station>
	<Station stationReference="2077" region="Midland" stationName="Welshbridge LVL" ngr="SJ48881273">
		<SetofValues parameter="Water Level" qualifier="Stage" dataType="Instantaneous" period="15 min" units="mASD" startDate="2016-02-12" startTime="13:15:00" endDate="2016-02-12" endTime="14:00:00">
			<Value date="2016-02-12" time="13:15:00">2.696</Value>
			<Value date="2016-02-12" time="13:30:00">2.705</Value>
			<Value date="2016-02-12" time="13:45:00">2.680</Value>
			<Value date="2016-02-12" time="14:00:00">2.668</Value>
		</SetofValues>
	</Station>
	<Station stationReference="2071" region="Midland" stationName="Ashleworth LVL" ngr="SO8182924969">
		<SetofValues parameter="Water Level" qualifier="Stage" dataType="Instantaneous" period="15 min" units="mASD" startDate="2016-02-12" startTime="13:15:00" endDate="2016-02-12" endTime="14:00:00">
			<Value date="2016-02-12" time="13:15:00">4.560</Value>
			<Value date="2016-02-12" time="13:30:00">4.554</Value>
			<Value date="2016-02-12" time="13:45:00">4.545</Value>
			<Value date="2016-02-12" time="14:00:00">4.556</Value>
		</SetofValues>
	</Station>
	<Station stationReference="2067" region="Midland" stationName="Swindon LVL" ngr="SO86129056">
		<SetofValues parameter="Water Level" qualifier="Stage" dataType="Instantaneous" period="15 min" units="mASD" startDate="2016-02-12" startTime="13:15:00" endDate="2016-02-12" endTime="14:00:00">
			<Value date="2016-02-12" time="13:15:00">1.233</Value>
			<Value date="2016-02-12" time="13:30:00">1.235</Value>
			<Value date="2016-02-12" time="13:45:00">1.234</Value>
			<Value date="2016-02-12" time="14:00:00">1.234</Value>
		</SetofValues>
	</Station>
	<Station stationReference="2057" region="Midland" stationName="Haw Bridge LVL" ngr="SO8449127878">
		<SetofValues parameter="Water Level" qualifier="Stage" dataType="Instantaneous" period="15 min" units="mASD" startDate="2016-02-12" startTime="13:15:00" endDate="2016-02-12" endTime="14:00:00">
			<Value date="2016-02-12" time="13:15:00">5.012</Value>
			<Value date="2016-02-12" time="13:30:00">5.013</Value>
			<Value date="2016-02-12" time="13:45:00">5.012</Value>
			<Value date="2016-02-12" time="14:00:00">5.012</Value>
		</SetofValues>
	</Station>
	<Station stationReference="2054" region="Midland" stationName="Onibury LVL" ngr="SO45477898">
		<SetofValues parameter="Water Level" qualifier="Stage" dataType="Instantaneous" period="15 min" units="mASD" startDate="2016-02-12" startTime="13:15:00" endDate="2016-02-12" endTime="14:00:00">
			<Value date="2016-02-12" time="13:15:00">1.287</Value>
			<Value date="2016-02-12" time="13:30:00">1.286</Value>
			<Value date="2016-02-12" time="13:45:00">1.285</Value>
			<Value date="2016-02-12" time="14:00:00">1.285</Value>
		</SetofValues>
	</Station>
	<Station stationReference="2050" region="Midland" stationName="Eathorpe LVL" ngr="SP3885368829">
		<SetofValues parameter="Water Level" qualifier="Stage" dataType="Instantaneous" period="15 min" units="mASD" startDate="2016-02-12" startTime="13:15:00" endDate="2016-02-12" endTime="14:00:00">
			<Value date="2016-02-12" time="13:15:00">0.752</Value>
			<Value date="2016-02-12" time="13:30:00">0.752</Value>
			<Value date="2016-02-12" time="13:45:00">0.752</Value>
			<Value date="2016-02-12" time="14:00:00">0.750</Value>
		</SetofValues>
	</Station>
	<Station stationReference="2049" region="Midland" stationName="Leamington Pdw LVL" ngr="SP3085865437">
		<SetofValues parameter="Water Level" qualifier="Stage" dataType="Instantaneous" period="15 min" units="mASD" startDate="2016-02-12" startTime="13:15:00" endDate="2016-02-12" endTime="14:00:00">
			<Value date="2016-02-12" time="13:15:00">0.363</Value>
			<Value date="2016-02-12" time="13:30:00">0.363</Value>
			<Value date="2016-02-12" time="13:45:00">0.362</Value>
			<Value date="2016-02-12" time="14:00:00">0.362</Value>
		</SetofValues>
	</Station>
	<Station stationReference="2048" region="Midland" stationName="Wellesbourne LVL" ngr="SP2727155587">
		<SetofValues parameter="Water Level" qualifier="Stage" dataType="Instantaneous" period="15 min" units="mASD" startDate="2016-02-12" startTime="13:15:00" endDate="2016-02-12" endTime="14:00:00">
			<Value date="2016-02-12" time="13:15:00">0.251</Value>
			<Value date="2016-02-12" time="13:30:00">0.251</Value>
			<Value date="2016-02-12" time="13:45:00">0.251</Value>
			<Value date="2016-02-12" time="14:00:00">0.251</Value>
		</SetofValues>
	</Station>
	<Station stationReference="2040" region="Midland" stationName="Tibberton LVL" ngr="SJ68072049">
		<SetofValues parameter="Water Level" qualifier="Stage" dataType="Instantaneous" period="15 min" units="mASD" startDate="2016-02-12" startTime="13:15:00" endDate="2016-02-12" endTime="14:00:00">
			<Value date="2016-02-12" time="13:15:00">0.339</Value>
			<Value date="2016-02-12" time="13:30:00">0.339</Value>
			<Value date="2016-02-12" time="13:45:00">0.339</Value>
			<Value date="2016-02-12" time="14:00:00">0.339</Value>
		</SetofValues>
	</Station>
	<Station stationReference="2039" region="Midland" stationName="Newnham Bridge LVL" ngr="SO64406928">
		<SetofValues parameter="Water Level" qualifier="Stage" dataType="Instantaneous" period="15 min" units="mASD" startDate="2016-02-12" startTime="13:15:00" endDate="2016-02-12" endTime="14:00:00">
			<Value date="2016-02-12" time="13:15:00">0.635</Value>
			<Value date="2016-02-12" time="13:30:00">0.635</Value>
			<Value date="2016-02-12" time="13:45:00">0.635</Value>
			<Value date="2016-02-12" time="14:00:00">0.635</Value>
		</SetofValues>
	</Station>
	<Station stationReference="2036" region="Midland" stationName="Hinton On Green LVL" ngr="SP0236840680">
		<SetofValues parameter="Water Level" qualifier="Stage" dataType="Instantaneous" period="15 min" units="mASD" startDate="2016-02-12" startTime="13:15:00" endDate="2016-02-12" endTime="14:00:00">
			<Value date="2016-02-12" time="13:15:00">0.273</Value>
			<Value date="2016-02-12" time="13:30:00">0.273</Value>
			<Value date="2016-02-12" time="13:45:00">0.273</Value>
			<Value date="2016-02-12" time="14:00:00">0.273</Value>
		</SetofValues>
	</Station>
	<Station stationReference="2034" region="Midland" stationName="Oak Cottage LVL" ngr="SO77107642">
		<SetofValues parameter="Water Level" qualifier="Stage" dataType="Instantaneous" period="15 min" units="mASD" startDate="2016-02-12" startTime="13:15:00" endDate="2016-02-12" endTime="14:00:00">
			<Value date="2016-02-12" time="13:15:00">0.278</Value>
			<Value date="2016-02-12" time="13:30:00">0.278</Value>
			<Value date="2016-02-12" time="13:45:00">0.278</Value>
			<Value date="2016-02-12" time="14:00:00">0.278</Value>
		</SetofValues>
	</Station>
	<Station stationReference="2032" region="Midland" stationName="Saxons Lode FLOW" ngr="SO8634939041">
		<SetofValues parameter="Water Level" qualifier="Stage" dataType="Instantaneous" period="15 min" units="mASD" startDate="2016-02-12" startTime="13:15:00" endDate="2016-02-12" endTime="14:00:00">
			<Value date="2016-02-12" time="13:15:00">4.784</Value>
			<Value date="2016-02-12" time="13:30:00">4.782</Value>
			<Value date="2016-02-12" time="13:45:00">4.780</Value>
			<Value date="2016-02-12" time="14:00:00">4.781</Value>
		</SetofValues>
		<SetofValues parameter="Flow" dataType="Instantaneous" period="15 min" units="m3/s" startDate="2016-02-12" startTime="13:15:00" endDate="2016-02-12" endTime="14:00:00">
			<Value date="2016-02-12" time="13:15:00">355.871</Value>
			<Value date="2016-02-12" time="13:30:00">355.354</Value>
			<Value date="2016-02-12" time="13:45:00">357.592</Value>
			<Value date="2016-02-12" time="14:00:00">356.144</Value>
		</SetofValues>
	</Station>
	<Station stationReference="2029" region="Midland" stationName="Knightsford Bridge LVL" ngr="SO73495573">
		<SetofValues parameter="Water Level" qualifier="Stage" dataType="Instantaneous" period="15 min" units="mASD" startDate="2016-02-12" startTime="13:15:00" endDate="2016-02-12" endTime="14:00:00">
			<Value date="2016-02-12" time="13:15:00">1.478</Value>
			<Value date="2016-02-12" time="13:30:00">1.476</Value>
			<Value date="2016-02-12" time="13:45:00">1.472</Value>
			<Value date="2016-02-12" time="14:00:00">1.472</Value>
		</SetofValues>
	</Station>
	<Station stationReference="2027" region="Midland" stationName="Ebley Mill LVL" ngr="SO8301404627">
		<SetofValues parameter="Water Level" qualifier="Stage" dataType="Instantaneous" period="15 min" units="mASD" startDate="2016-02-12" startTime="13:15:00" endDate="2016-02-12" endTime="14:00:00">
			<Value date="2016-02-12" time="13:15:00">0.700</Value>
			<Value date="2016-02-12" time="13:30:00">0.701</Value>
			<Value date="2016-02-12" time="13:45:00">0.703</Value>
			<Value date="2016-02-12" time="14:00:00">0.703</Value>
		</SetofValues>
	</Station>
	<Station stationReference="2024" region="Midland" stationName="Burcote LVL" ngr="SO74609534">
		<SetofValues parameter="Water Level" qualifier="Stage" dataType="Instantaneous" period="15 min" units="mASD" startDate="2016-02-12" startTime="13:15:00" endDate="2016-02-12" endTime="14:00:00">
			<Value date="2016-02-12" time="13:15:00">0.338</Value>
			<Value date="2016-02-12" time="13:30:00">0.337</Value>
			<Value date="2016-02-12" time="13:45:00">0.337</Value>
			<Value date="2016-02-12" time="14:00:00">0.337</Value>
		</SetofValues>
	</Station>
	<Station stationReference="2023" region="Midland" stationName="Offenham LVL" ngr="SP0629144920">
		<SetofValues parameter="Water Level" qualifier="Stage" dataType="Instantaneous" period="15 min" units="mASD" startDate="2016-02-12" startTime="13:15:00" endDate="2016-02-12" endTime="14:00:00">
			<Value date="2016-02-12" time="13:15:00">0.375</Value>
			<Value date="2016-02-12" time="13:30:00">0.375</Value>
			<Value date="2016-02-12" time="13:45:00">0.374</Value>
			<Value date="2016-02-12" time="14:00:00">0.374</Value>
		</SetofValues>
	</Station>
	<Station stationReference="2019" region="Midland" stationName="Stareton LVL" ngr="SP3328771535">
		<SetofValues parameter="Water Level" qualifier="Stage" dataType="Instantaneous" period="15 min" units="mASD" startDate="2016-02-12" startTime="13:15:00" endDate="2016-02-12" endTime="14:00:00">
			<Value date="2016-02-12" time="13:15:00">0.443</Value>
			<Value date="2016-02-12" time="13:30:00">0.442</Value>
			<Value date="2016-02-12" time="13:45:00">0.442</Value>
			<Value date="2016-02-12" time="14:00:00">0.440</Value>
		</SetofValues>
	</Station>
	<Station stationReference="2018" region="Midland" stationName="Hookagate LVL" ngr="SJ46570923">
		<SetofValues parameter="Water Level" qualifier="Stage" dataType="Instantaneous" period="15 min" units="mASD" startDate="2016-02-12" startTime="13:15:00" endDate="2016-02-12" endTime="14:00:00">
			<Value date="2016-02-12" time="13:15:00">0.602</Value>
			<Value date="2016-02-12" time="13:30:00">0.602</Value>
			<Value date="2016-02-12" time="13:45:00">0.601</Value>
			<Value date="2016-02-12" time="14:00:00">0.601</Value>
		</SetofValues>
	</Station>
	<Station stationReference="2017" region="Midland" stationName="Wedderburn Bridge LVL" ngr="SO7766423340">
		<SetofValues parameter="Water Level" qualifier="Stage" dataType="Instantaneous" period="15 min" units="mASD" startDate="2016-02-12" startTime="13:15:00" endDate="2016-02-12" endTime="14:00:00">
			<Value date="2016-02-12" time="13:15:00">1.098</Value>
			<Value date="2016-02-12" time="13:30:00">1.103</Value>
			<Value date="2016-02-12" time="13:45:00">1.106</Value>
			<Value date="2016-02-12" time="14:00:00">1.109</Value>
		</SetofValues>
	</Station>
	<Station stationReference="2016" region="Midland" stationName="Rodington LVL" ngr="SJ58911417">
		<SetofValues parameter="Water Level" qualifier="Stage" dataType="Instantaneous" period="15 min" units="mASD" startDate="2016-02-12" startTime="13:15:00" endDate="2016-02-12" endTime="14:00:00">
			<Value date="2016-02-12" time="13:15:00">0.631</Value>
			<Value date="2016-02-12" time="13:30:00">0.629</Value>
			<Value date="2016-02-12" time="13:45:00">0.626</Value>
			<Value date="2016-02-12" time="14:00:00">0.628</Value>
		</SetofValues>
	</Station>
	<Station stationReference="2015" region="Midland" stationName="Besford Bridge LVL" ngr="SO9269346252">
		<SetofValues parameter="Water Level" qualifier="Stage" dataType="Instantaneous" period="15 min" units="mASD" startDate="2016-02-12" startTime="13:15:00" endDate="2016-02-12" endTime="14:00:00">
			<Value date="2016-02-12" time="13:15:00">0.607</Value>
			<Value date="2016-02-12" time="13:30:00">0.607</Value>
			<Value date="2016-02-12" time="13:45:00">0.607</Value>
			<Value date="2016-02-12" time="14:00:00">0.607</Value>
		</SetofValues>
	</Station>
	<Station stationReference="2012" region="Midland" stationName="Walcot LVL" ngr="SJ59181228">
		<SetofValues parameter="Water Level" qualifier="Stage" dataType="Instantaneous" period="15 min" units="mASD" startDate="2016-02-12" startTime="13:15:00" endDate="2016-02-12" endTime="14:00:00">
			<Value date="2016-02-12" time="13:15:00">1.362</Value>
			<Value date="2016-02-12" time="13:30:00">1.358</Value>
			<Value date="2016-02-12" time="13:45:00">1.354</Value>
			<Value date="2016-02-12" time="14:00:00">1.350</Value>
		</SetofValues>
	</Station>
	<Station stationReference="2011" region="Midland" stationName="Harford Hill LVL" ngr="SO86866193">
		<SetofValues parameter="Water Level" qualifier="Stage" dataType="Instantaneous" period="15 min" units="mASD" startDate="2016-02-12" startTime="13:15:00" endDate="2016-02-12" endTime="14:00:00">
			<Value date="2016-02-12" time="13:15:00">0.326</Value>
			<Value date="2016-02-12" time="13:30:00">0.327</Value>
			<Value date="2016-02-12" time="13:45:00">0.327</Value>
			<Value date="2016-02-12" time="14:00:00">0.329</Value>
		</SetofValues>
	</Station>
	<Station stationReference="2010" region="Midland" stationName="Alscot Park LVL" ngr="SP2083350643">
		<SetofValues parameter="Water Level" qualifier="Stage" dataType="Instantaneous" period="15 min" units="mASD" startDate="2016-02-12" startTime="13:15:00" endDate="2016-02-12" endTime="14:00:00">
			<Value date="2016-02-12" time="13:15:00">0.582</Value>
			<Value date="2016-02-12" time="13:30:00">0.582</Value>
			<Value date="2016-02-12" time="13:45:00">0.582</Value>
			<Value date="2016-02-12" time="14:00:00">0.581</Value>
		</SetofValues>
	</Station>
	<Station stationReference="2008" region="Midland" stationName="Tenbury LVL" ngr="SO59776852">
		<SetofValues parameter="Water Level" qualifier="Stage" dataType="Instantaneous" period="15 min" units="mASD" startDate="2016-02-12" startTime="13:15:00" endDate="2016-02-12" endTime="14:00:00">
			<Value date="2016-02-12" time="13:15:00">1.604</Value>
			<Value date="2016-02-12" time="13:30:00">1.602</Value>
			<Value date="2016-02-12" time="13:45:00">1.600</Value>
			<Value date="2016-02-12" time="14:00:00">1.597</Value>
		</SetofValues>
	</Station>
	<Station stationReference="2005" region="Midland" stationName="Montford FLOW" ngr="SJ4119014460">
		<SetofValues parameter="Water Level" qualifier="Stage" dataType="Instantaneous" period="15 min" units="mASD" startDate="2016-02-12" startTime="13:15:00" endDate="2016-02-12" endTime="14:00:00">
			<Value date="2016-02-12" time="13:15:00">4.840</Value>
			<Value date="2016-02-12" time="13:30:00">4.832</Value>
			<Value date="2016-02-12" time="13:45:00">4.824</Value>
			<Value date="2016-02-12" time="14:00:00">4.817</Value>
		</SetofValues>
		<SetofValues parameter="Flow" qualifier="Speed" dataType="Instantaneous" period="15 min" units="Ml/d" startDate="2016-02-12" startTime="13:15:00" endDate="2016-02-12" endTime="14:00:00">
			<Value date="2016-02-12" time="13:15:00">14188.09</Value>
			<Value date="2016-02-12" time="13:30:00">14141.87</Value>
			<Value date="2016-02-12" time="13:45:00">14111.63</Value>
			<Value date="2016-02-12" time="14:00:00">14109.55</Value>
		</SetofValues>
	</Station>
	<Station stationReference="2004" region="Midland" stationName="Stoneleigh LVL" ngr="SP3315573096">
		<SetofValues parameter="Water Level" qualifier="Stage" dataType="Instantaneous" period="15 min" units="mASD" startDate="2016-02-12" startTime="13:15:00" endDate="2016-02-12" endTime="14:00:00">
			<Value date="2016-02-12" time="13:15:00">0.483</Value>
			<Value date="2016-02-12" time="13:30:00">0.481</Value>
			<Value date="2016-02-12" time="13:45:00">0.481</Value>
			<Value date="2016-02-12" time="14:00:00">0.480</Value>
		</SetofValues>
	</Station>
	<Station stationReference="2002" region="Midland" stationName="Evesham LVL" ngr="SP0400743741">
		<SetofValues parameter="Water Level" qualifier="Stage" dataType="Instantaneous" period="15 min" units="mASD" startDate="2016-02-12" startTime="13:15:00" endDate="2016-02-12" endTime="14:00:00">
			<Value date="2016-02-12" time="13:15:00">0.915</Value>
			<Value date="2016-02-12" time="13:30:00">0.913</Value>
			<Value date="2016-02-12" time="13:45:00">0.912</Value>
			<Value date="2016-02-12" time="14:00:00">0.909</Value>
		</SetofValues>
	</Station>
	<Station stationReference="2001" region="Midland" stationName="Bewdley FLOW" ngr="SO78237616">
		<SetofValues parameter="Water Level" qualifier="Stage" dataType="Instantaneous" period="15 min" units="mASD" startDate="2016-02-12" startTime="13:15:00" endDate="2016-02-12" endTime="14:00:00">
			<Value date="2016-02-12" time="13:15:00">3.715</Value>
			<Value date="2016-02-12" time="13:30:00">3.711</Value>
			<Value date="2016-02-12" time="13:45:00">3.707</Value>
			<Value date="2016-02-12" time="14:00:00">3.699</Value>
		</SetofValues>
		<SetofValues parameter="Flow" dataType="Instantaneous" period="15 min" units="m3/s" startDate="2016-02-12" startTime="13:15:00" endDate="2016-02-12" endTime="14:00:00">
			<Value date="2016-02-12" time="13:15:00">269.752</Value>
			<Value date="2016-02-12" time="13:30:00">269.229</Value>
			<Value date="2016-02-12" time="13:45:00">269.279</Value>
			<Value date="2016-02-12" time="14:00:00">268.475</Value>
		</SetofValues>
	</Station>
	<Station stationReference="1814" region="Midland" stationName="Corley RAIN" ngr="SP3004387105">
		<SetofValues parameter="Rainfall" qualifier="Tipping Bucket Raingauge" dataType="Total" period="15 min" units="mm" startDate="2016-02-12" startTime="13:15:00" endDate="2016-02-12" endTime="14:00:00">
			<Value date="2016-02-12" time="13:15:00">0.0</Value>
			<Value date="2016-02-12" time="13:30:00">0.0</Value>
			<Value date="2016-02-12" time="13:45:00">0.0</Value>
			<Value date="2016-02-12" time="14:00:00">0.0</Value>
		</SetofValues>
	</Station>
	<Station stationReference="1812" region="Midland" stationName="Taynton RAIN" ngr="SO7169722417">
		<SetofValues parameter="Rainfall" qualifier="Tipping Bucket Raingauge" dataType="Total" period="15 min" units="mm" startDate="2016-02-12" startTime="13:15:00" endDate="2016-02-12" endTime="14:00:00">
			<Value date="2016-02-12" time="13:15:00">0.0</Value>
			<Value date="2016-02-12" time="13:30:00">0.0</Value>
			<Value date="2016-02-12" time="13:45:00">0.0</Value>
			<Value date="2016-02-12" time="14:00:00">0.0</Value>
		</SetofValues>
	</Station>
	<Station stationReference="1773" region="Midland" stationName="Hindlip RAIN" ngr="SO8810058200">
		<SetofValues parameter="Rainfall" qualifier="Tipping Bucket Raingauge" dataType="Total" period="15 min" units="mm" startDate="2016-02-12" startTime="13:15:00" endDate="2016-02-12" endTime="14:00:00">
			<Value date="2016-02-12" time="13:15:00">0.0</Value>
			<Value date="2016-02-12" time="13:30:00">0.0</Value>
			<Value date="2016-02-12" time="13:45:00">0.0</Value>
			<Value date="2016-02-12" time="14:00:00">0.0</Value>
		</SetofValues>
	</Station>
	<Station stationReference="1771" region="Midland" stationName="Prees RAIN" ngr="SJ57243506">
		<SetofValues parameter="Rainfall" qualifier="Tipping Bucket Raingauge" dataType="Total" period="15 min" units="mm" startDate="2016-02-12" startTime="13:15:00" endDate="2016-02-12" endTime="14:00:00">
			<Value date="2016-02-12" time="13:15:00">0.0</Value>
			<Value date="2016-02-12" time="13:30:00">0.0</Value>
			<Value date="2016-02-12" time="13:45:00">0.0</Value>
			<Value date="2016-02-12" time="14:00:00">0.0</Value>
		</SetofValues>
	</Station>
	<Station stationReference="1770" region="Midland" stationName="Braunston RAIN" ngr="SP5310465845">
		<SetofValues parameter="Rainfall" qualifier="Tipping Bucket Raingauge" dataType="Total" period="15 min" units="mm" startDate="2016-02-12" startTime="13:15:00" endDate="2016-02-12" endTime="14:00:00">
			<Value date="2016-02-12" time="13:15:00">0.0</Value>
			<Value date="2016-02-12" time="13:30:00">0.0</Value>
			<Value date="2016-02-12" time="13:45:00">0.0</Value>
			<Value date="2016-02-12" time="14:00:00">0.0</Value>
		</SetofValues>
	</Station>
	<Station stationReference="1769" region="Midland" stationName="Crowle RAIN" ngr="SO9345555757">
		<SetofValues parameter="Rainfall" qualifier="Tipping Bucket Raingauge" dataType="Total" period="15 min" units="mm" startDate="2016-02-12" startTime="13:15:00" endDate="2016-02-12" endTime="14:00:00">
			<Value date="2016-02-12" time="13:15:00">0.0</Value>
			<Value date="2016-02-12" time="13:30:00">0.0</Value>
			<Value date="2016-02-12" time="13:45:00">0.0</Value>
			<Value date="2016-02-12" time="14:00:00">0.0</Value>
		</SetofValues>
	</Station>
	<Station stationReference="1761" region="Midland" stationName="Chipping Campden RAIN" ngr="SP1631739235">
		<SetofValues parameter="Rainfall" qualifier="Tipping Bucket Raingauge" dataType="Total" period="15 min" units="mm" startDate="2016-02-12" startTime="13:15:00" endDate="2016-02-12" endTime="14:00:00">
			<Value date="2016-02-12" time="13:15:00">0.0</Value>
			<Value date="2016-02-12" time="13:30:00">0.0</Value>
			<Value date="2016-02-12" time="13:45:00">0.0</Value>
			<Value date="2016-02-12" time="14:00:00">0.0</Value>
		</SetofValues>
	</Station>
	<Station stationReference="1760" region="Midland" stationName="Sheriffs Lench RAIN" ngr="SP0184749158">
		<SetofValues parameter="Rainfall" qualifier="Tipping Bucket Raingauge" dataType="Total" period="15 min" units="mm" startDate="2016-02-12" startTime="13:15:00" endDate="2016-02-12" endTime="14:00:00">
			<Value date="2016-02-12" time="13:15:00">0.0</Value>
			<Value date="2016-02-12" time="13:30:00">0.0</Value>
			<Value date="2016-02-12" time="13:45:00">0.0</Value>
			<Value date="2016-02-12" time="14:00:00">0.0</Value>
		</SetofValues>
	</Station>
	<Station stationReference="1748" region="Midland" stationName="Burwarton RAIN" ngr="SO60798720">
		<SetofValues parameter="Rainfall" qualifier="Tipping Bucket Raingauge" dataType="Total" period="15 min" units="mm" startDate="2016-02-12" startTime="13:15:00" endDate="2016-02-12" endTime="14:00:00">
			<Value date="2016-02-12" time="13:15:00">0.0</Value>
			<Value date="2016-02-12" time="13:30:00">0.0</Value>
			<Value date="2016-02-12" time="13:45:00">0.0</Value>
			<Value date="2016-02-12" time="14:00:00">0.0</Value>
		</SetofValues>
	</Station>
	<Station stationReference="1747" region="Midland" stationName="Ercall RAIN" ngr="SJ66512333">
		<SetofValues parameter="Rainfall" qualifier="Tipping Bucket Raingauge" dataType="Total" period="15 min" units="mm" startDate="2016-02-12" startTime="13:15:00" endDate="2016-02-12" endTime="14:00:00">
			<Value date="2016-02-12" time="13:15:00">0.0</Value>
			<Value date="2016-02-12" time="13:30:00">0.0</Value>
			<Value date="2016-02-12" time="13:45:00">0.0</Value>
			<Value date="2016-02-12" time="14:00:00">0.0</Value>
		</SetofValues>
	</Station>
	<Station stationReference="1740" region="Midland" stationName="Kings Newnham RAIN" ngr="SP4606577380">
		<SetofValues parameter="Rainfall" qualifier="Tipping Bucket Raingauge" dataType="Total" period="15 min" units="mm" startDate="2016-02-12" startTime="13:15:00" endDate="2016-02-12" endTime="14:00:00">
			<Value date="2016-02-12" time="13:15:00">0.0</Value>
			<Value date="2016-02-12" time="13:30:00">0.0</Value>
			<Value date="2016-02-12" time="13:45:00">0.0</Value>
			<Value date="2016-02-12" time="14:00:00">0.0</Value>
		</SetofValues>
	</Station>
	<Station stationReference="1712" region="Midland" stationName="Cosford Ww RAIN" ngr="SJ7802004670">
		<SetofValues parameter="Rainfall" qualifier="Tipping Bucket Raingauge" dataType="Total" period="15 min" units="mm" startDate="2016-02-12" startTime="13:15:00" endDate="2016-02-12" endTime="14:00:00">
			<Value date="2016-02-12" time="13:15:00">0.0</Value>
			<Value date="2016-02-12" time="13:30:00">0.0</Value>
			<Value date="2016-02-12" time="13:45:00">0.0</Value>
			<Value date="2016-02-12" time="14:00:00">0.0</Value>
		</SetofValues>
	</Station>
	<Station stationReference="1552" region="Midland" stationName="Bratch RAIN" ngr="SO8699793783">
		<SetofValues parameter="Rainfall" qualifier="Tipping Bucket Raingauge" dataType="Total" period="15 min" units="mm" startDate="2016-02-12" startTime="13:15:00" endDate="2016-02-12" endTime="14:00:00">
			<Value date="2016-02-12" time="13:15:00">0.0</Value>
			<Value date="2016-02-12" time="13:30:00">0.0</Value>
			<Value date="2016-02-12" time="13:45:00">0.0</Value>
			<Value date="2016-02-12" time="14:00:00">0.0</Value>
		</SetofValues>
	</Station>
	<Station stationReference="1548" region="Midland" stationName="Trimpley RAIN" ngr="SO77287893">
		<SetofValues parameter="Rainfall" qualifier="Tipping Bucket Raingauge" dataType="Total" period="15 min" units="mm" startDate="2016-02-12" startTime="13:15:00" endDate="2016-02-12" endTime="14:00:00">
			<Value date="2016-02-12" time="13:15:00">0.0</Value>
			<Value date="2016-02-12" time="13:30:00">0.0</Value>
			<Value date="2016-02-12" time="13:45:00">0.0</Value>
			<Value date="2016-02-12" time="14:00:00">0.0</Value>
		</SetofValues>
	</Station>
	<Station stationReference="1413" region="Midland" stationName="Hartlebury RAIN" ngr="SO84656978">
		<SetofValues parameter="Rainfall" qualifier="Tipping Bucket Raingauge" dataType="Total" period="15 min" units="mm" startDate="2016-02-12" startTime="13:15:00" endDate="2016-02-12" endTime="14:00:00">
			<Value date="2016-02-12" time="13:15:00">0.0</Value>
			<Value date="2016-02-12" time="13:30:00">0.0</Value>
			<Value date="2016-02-12" time="13:45:00">0.0</Value>
			<Value date="2016-02-12" time="14:00:00">0.0</Value>
		</SetofValues>
	</Station>
	<Station stationReference="1412" region="Midland" stationName="Bishop Castle RAIN" ngr="SO33808729">
		<SetofValues parameter="Temperature" qualifier="Dry Bulb" dataType="Instantaneous" period="15 min" units="deg C" startDate="2016-02-12" startTime="13:15:00" endDate="2016-02-12" endTime="14:00:00">
			<Value date="2016-02-12" time="13:15:00">4.6</Value>
			<Value date="2016-02-12" time="13:30:00">4.5</Value>
			<Value date="2016-02-12" time="13:45:00">4.8</Value>
			<Value date="2016-02-12" time="14:00:00">5.0</Value>
		</SetofValues>
		<SetofValues parameter="Rainfall" qualifier="Tipping Bucket Raingauge" dataType="Total" period="15 min" units="mm" startDate="2016-02-12" startTime="13:15:00" endDate="2016-02-12" endTime="14:00:00">
			<Value date="2016-02-12" time="13:15:00">0.0</Value>
			<Value date="2016-02-12" time="13:30:00">0.0</Value>
			<Value date="2016-02-12" time="13:45:00">0.0</Value>
			<Value date="2016-02-12" time="14:00:00">0.0</Value>
		</SetofValues>
	</Station>
	<Station stationReference="1332" region="Midland" stationName="Walkmills RAIN" ngr="SO46759932">
		<SetofValues parameter="Rainfall" qualifier="Tipping Bucket Raingauge" dataType="Total" period="15 min" units="mm" startDate="2016-02-12" startTime="13:15:00" endDate="2016-02-12" endTime="14:00:00">
			<Value date="2016-02-12" time="13:15:00">0.0</Value>
			<Value date="2016-02-12" time="13:30:00">0.0</Value>
			<Value date="2016-02-12" time="13:45:00">0.0</Value>
			<Value date="2016-02-12" time="14:00:00">0.0</Value>
		</SetofValues>
	</Station>
	<Station stationReference="1331" region="Midland" stationName="Willey RAIN" ngr="SO68169994">
		<SetofValues parameter="Rainfall" qualifier="Tipping Bucket Raingauge" dataType="Total" period="15 min" units="mm" startDate="2016-02-12" startTime="13:15:00" endDate="2016-02-12" endTime="14:00:00">
			<Value date="2016-02-12" time="13:15:00">0.0</Value>
			<Value date="2016-02-12" time="13:30:00">0.0</Value>
			<Value date="2016-02-12" time="13:45:00">0.0</Value>
			<Value date="2016-02-12" time="14:00:00">0.0</Value>
		</SetofValues>
	</Station>
	<Station stationReference="1201" region="Midland" stationName="Alvechurch RAIN" ngr="SP0317771748">
		<SetofValues parameter="Rainfall" qualifier="Tipping Bucket Raingauge" dataType="Total" period="15 min" units="mm" startDate="2016-02-12" startTime="13:15:00" endDate="2016-02-12" endTime="14:00:00">
			<Value date="2016-02-12" time="13:15:00">0.0</Value>
			<Value date="2016-02-12" time="13:30:00">0.0</Value>
			<Value date="2016-02-12" time="13:45:00">0.0</Value>
			<Value date="2016-02-12" time="14:00:00">0.0</Value>
		</SetofValues>
	</Station>
	<Station stationReference="1165" region="Midland" stationName="Wellesbourne RAIN" ngr="SP2709556470">
		<SetofValues parameter="Rainfall" qualifier="Tipping Bucket Raingauge" dataType="Total" period="15 min" units="mm" startDate="2016-02-12" startTime="13:15:00" endDate="2016-02-12" endTime="14:00:00">
			<Value date="2016-02-12" time="13:15:00">0.0</Value>
			<Value date="2016-02-12" time="13:30:00">0.0</Value>
			<Value date="2016-02-12" time="13:45:00">0.0</Value>
			<Value date="2016-02-12" time="14:00:00">0.0</Value>
		</SetofValues>
	</Station>
	<Station stationReference="1155" region="Midland" stationName="Stanford Reservoir RAIN" ngr="SP5958380259">
		<SetofValues parameter="Rainfall" qualifier="Tipping Bucket Raingauge" dataType="Total" period="15 min" units="mm" startDate="2016-02-12" startTime="13:15:00" endDate="2016-02-12" endTime="14:00:00">
			<Value date="2016-02-12" time="13:15:00">0.0</Value>
			<Value date="2016-02-12" time="13:30:00">0.0</Value>
			<Value date="2016-02-12" time="13:45:00">0.0</Value>
			<Value date="2016-02-12" time="14:00:00">0.0</Value>
		</SetofValues>
	</Station>
	<Station stationReference="1141" region="Midland" stationName="Miserden RAIN" ngr="SO9367908745">
		<SetofValues parameter="Rainfall" qualifier="Tipping Bucket Raingauge" dataType="Total" period="15 min" units="mm" startDate="2016-02-12" startTime="13:15:00" endDate="2016-02-12" endTime="14:00:00">
			<Value date="2016-02-12" time="13:15:00">0.0</Value>
			<Value date="2016-02-12" time="13:30:00">0.0</Value>
			<Value date="2016-02-12" time="13:45:00">0.0</Value>
			<Value date="2016-02-12" time="14:00:00">0.0</Value>
		</SetofValues>
	</Station>
	<Station stationReference="1140" region="Midland" stationName="Dowdeswell RAIN" ngr="SO9876919616">
		<SetofValues parameter="Rainfall" qualifier="Tipping Bucket Raingauge" dataType="Total" period="15 min" units="mm" startDate="2016-02-12" startTime="13:15:00" endDate="2016-02-12" endTime="14:00:00">
			<Value date="2016-02-12" time="13:15:00">0.0</Value>
			<Value date="2016-02-12" time="13:30:00">0.0</Value>
			<Value date="2016-02-12" time="13:45:00">0.0</Value>
			<Value date="2016-02-12" time="14:00:00">0.0</Value>
		</SetofValues>
	</Station>
	<Station stationReference="1121" region="Midland" stationName="Monkmoor RAIN" ngr="SJ51681360">
		<SetofValues parameter="Rainfall" qualifier="Tipping Bucket Raingauge" dataType="Total" period="15 min" units="mm" startDate="2016-02-12" startTime="13:15:00" endDate="2016-02-12" endTime="14:00:00">
			<Value date="2016-02-12" time="13:15:00">0.0</Value>
			<Value date="2016-02-12" time="13:30:00">0.0</Value>
			<Value date="2016-02-12" time="13:45:00">0.0</Value>
			<Value date="2016-02-12" time="14:00:00">0.0</Value>
		</SetofValues>
	</Station>
	<Station stationReference="1119" region="Midland" stationName="Ledbury Wrw RAIN" ngr="SO7023337123">
		<SetofValues parameter="Rainfall" qualifier="Tipping Bucket Raingauge" dataType="Total" period="15 min" units="mm" startDate="2016-02-12" startTime="13:15:00" endDate="2016-02-12" endTime="14:00:00">
			<Value date="2016-02-12" time="13:15:00">0.0</Value>
			<Value date="2016-02-12" time="13:30:00">0.0</Value>
			<Value date="2016-02-12" time="13:45:00">0.0</Value>
			<Value date="2016-02-12" time="14:00:00">0.0</Value>
		</SetofValues>
	</Station>
	<Station stationReference="1117" region="Midland" stationName="Parkend RAIN" ngr="SO5785106873">
		<SetofValues parameter="Rainfall" qualifier="Tipping Bucket Raingauge" dataType="Total" period="15 min" units="mm" startDate="2016-02-12" startTime="13:15:00" endDate="2016-02-12" endTime="14:00:00">
			<Value date="2016-02-12" time="13:15:00">0.0</Value>
			<Value date="2016-02-12" time="13:30:00">0.0</Value>
			<Value date="2016-02-12" time="13:45:00">0.0</Value>
			<Value date="2016-02-12" time="14:00:00">0.0</Value>
		</SetofValues>
	</Station>
	<Station stationReference="1112" region="Midland" stationName="Minchinhampton RAIN" ngr="ST8888898411">
		<SetofValues parameter="Rainfall" qualifier="Tipping Bucket Raingauge" dataType="Total" period="15 min" units="mm" startDate="2016-02-12" startTime="13:15:00" endDate="2016-02-12" endTime="14:00:00">
			<Value date="2016-02-12" time="13:15:00">0.0</Value>
			<Value date="2016-02-12" time="13:30:00">0.0</Value>
			<Value date="2016-02-12" time="13:45:00">0.0</Value>
			<Value date="2016-02-12" time="14:00:00">0.0</Value>
		</SetofValues>
	</Station>
	<Station stationReference="1087" region="Midland" stationName="Shipston RAIN" ngr="SP2678441058">
		<SetofValues parameter="Rainfall" qualifier="Tipping Bucket Raingauge" dataType="Total" period="15 min" units="mm" startDate="2016-02-12" startTime="13:15:00" endDate="2016-02-12" endTime="14:00:00">
			<Value date="2016-02-12" time="13:15:00">0.0</Value>
			<Value date="2016-02-12" time="13:30:00">0.0</Value>
			<Value date="2016-02-12" time="13:45:00">0.0</Value>
			<Value date="2016-02-12" time="14:00:00">0.0</Value>
		</SetofValues>
	</Station>
	<Station stationReference="1086" region="Midland" stationName="Stratford Milcote RAIN" ngr="SP1817452979">
		<SetofValues parameter="Rainfall" qualifier="Tipping Bucket Raingauge" dataType="Total" period="15 min" units="mm" startDate="2016-02-12" startTime="13:15:00" endDate="2016-02-12" endTime="14:00:00">
			<Value date="2016-02-12" time="13:15:00">0.0</Value>
			<Value date="2016-02-12" time="13:30:00">0.0</Value>
			<Value date="2016-02-12" time="13:45:00">0.0</Value>
			<Value date="2016-02-12" time="14:00:00">0.0</Value>
		</SetofValues>
	</Station>
	<Station stationReference="1082" region="Midland" stationName="Knightcote RAIN" ngr="SP3983554472">
		<SetofValues parameter="Rainfall" qualifier="Tipping Bucket Raingauge" dataType="Total" period="15 min" units="mm" startDate="2016-02-12" startTime="13:15:00" endDate="2016-02-12" endTime="14:00:00">
			<Value date="2016-02-12" time="13:15:00">0.0</Value>
			<Value date="2016-02-12" time="13:30:00">0.0</Value>
			<Value date="2016-02-12" time="13:45:00">0.0</Value>
			<Value date="2016-02-12" time="14:00:00">0.0</Value>
		</SetofValues>
	</Station>
	<Station stationReference="1045" region="Midland" stationName="Finham RAIN" ngr="SP3351873951">
		<SetofValues parameter="Rainfall" qualifier="Tipping Bucket Raingauge" dataType="Total" period="15 min" units="mm" startDate="2016-02-12" startTime="13:15:00" endDate="2016-02-12" endTime="14:00:00">
			<Value date="2016-02-12" time="13:15:00">0.0</Value>
			<Value date="2016-02-12" time="13:30:00">0.0</Value>
			<Value date="2016-02-12" time="13:45:00">0.0</Value>
			<Value date="2016-02-12" time="14:00:00">0.0</Value>
		</SetofValues>
	</Station>
	<Station stationReference="1040" region="Midland" stationName="Henley In Arden Ps RAIN" ngr="SP1549467906">
		<SetofValues parameter="Rainfall" qualifier="Tipping Bucket Raingauge" dataType="Total" period="15 min" units="mm" startDate="2016-02-12" startTime="13:15:00" endDate="2016-02-12" endTime="14:00:00">
			<Value date="2016-02-12" time="13:15:00">0.0</Value>
			<Value date="2016-02-12" time="13:30:00">0.0</Value>
			<Value date="2016-02-12" time="13:45:00">0.0</Value>
			<Value date="2016-02-12" time="14:00:00">0.0</Value>
		</SetofValues>
	</Station>
</EATimeSeriesDataExchangeFormat>
