<?xml version="1.0" standalone="yes"?>
<EATimeSeriesDataExchangeFormat xmlns="http://www.environment-agency.gov.uk/XMLSchemas/EATimeSeriesDataExchangeFormat" xmlns:md="http://www.environment-agency.gov.uk/XMLSchemas/EAMetadataFormat" xmlns:xsi="http://www.w3.org/2001/XMLSchema-instance" xsi:schemaLocation="http://www.environment-agency.gov.uk/XMLSchemas/EATimeSeriesDataExchangeFormat EATimeSeriesDataExchangeFormat.xsd">
	<md:Publisher>Environment Agency</md:Publisher>
	<md:Source>Midland Regional Telemetry System</md:Source>
	<md:Description>Automated telemetry data export process</md:Description>
	<md:Creator>SCX 6</md:Creator>
	<md:Date>2016-02-12</md:Date>
	<md:Time>10:17:26</md:Time>
	<md:Identifier>MISAPSCXAS1</md:Identifier>
	<Station stationReference="2195" region="Midland" stationName="Sharpness TL" ngr="SO6674102185">
		<SetofValues parameter="Water Level" qualifier="Stage" dataType="Instantaneous" period="5 min" units="mASD" startDate="2016-02-12" startTime="10:05:00" endDate="2016-02-12" endTime="10:15:00">
			<Value date="2016-02-12" time="10:05:00">9.785</Value>
			<Value date="2016-02-12" time="10:10:00">9.857</Value>
			<Value date="2016-02-12" time="10:15:00">9.956</Value>
		</SetofValues>
	</Station>
	<Station stationReference="2077" region="Midland" stationName="Welshbridge LVL" ngr="SJ48881273">
		<SetofValues parameter="Water Level" qualifier="Stage" dataType="Instantaneous" period="15 min" units="mASD" startDate="2016-02-12" startTime="10:15:00" endDate="2016-02-12" endTime="10:15:00">
			<Value date="2016-02-12" time="10:15:00">2.772</Value>
		</SetofValues>
	</Station>
	<Station stationReference="2032" region="Midland" stationName="Saxons Lode FLOW" ngr="SO8634939041">
		<SetofValues parameter="Water Level" qualifier="Stage" dataType="Instantaneous" period="15 min" units="mASD" startDate="2016-02-12" startTime="10:15:00" endDate="2016-02-12" endTime="10:15:00">
			<Value date="2016-02-12" time="10:15:00">4.782</Value>
		</SetofValues>
	</Station>
	<Station stationReference="2001" region="Midland" stationName="Bewdley FLOW" ngr="SO78237616">
		<SetofValues parameter="Water Level" qualifier="Stage" dataType="Instantaneous" period="15 min" units="mASD" startDate="2016-02-12" startTime="10:15:00" endDate="2016-02-12" endTime="10:15:00">
			<Value date="2016-02-12" time="10:15:00">3.791</Value>
		</SetofValues>
		<SetofValues parameter="Flow" dataType="Instantaneous" period="15 min" units="m3/s" startDate="2016-02-12" startTime="10:15:00" endDate="2016-02-12" endTime="10:15:00">
			<Value date="2016-02-12" time="10:15:00">281.069</Value>
		</SetofValues>
	</Station>
</EATimeSeriesDataExchangeFormat>
