<?xml version="1.0" standalone="yes"?>
<EATimeSeriesDataExchangeFormat xmlns="http://www.environment-agency.gov.uk/XMLSchemas/EATimeSeriesDataExchangeFormat" xmlns:md="http://www.environment-agency.gov.uk/XMLSchemas/EAMetadataFormat" xmlns:xsi="http://www.w3.org/2001/XMLSchema-instance" xsi:schemaLocation="http://www.environment-agency.gov.uk/XMLSchemas/EATimeSeriesDataExchangeFormat EATimeSeriesDataExchangeFormat.xsd">
	<md:Publisher>Environment Agency</md:Publisher>
	<md:Source>Midland Regional Telemetry System</md:Source>
	<md:Description>Automated telemetry data export process</md:Description>
	<md:Creator>SCX 6</md:Creator>
	<md:Date>2016-02-12</md:Date>
	<md:Time>14:33:10</md:Time>
	<md:Identifier>MISAPSCXAS1</md:Identifier>
	<Station stationReference="4007" region="Midland" stationName="Shardlow FLOW" ngr="SK4480029960">
		<SetofValues parameter="Flow" dataType="Instantaneous" period="15 min" units="m3/s" startDate="2016-02-12" startTime="11:45:00" endDate="2016-02-12" endTime="14:30:00">
			<Value date="2016-02-12" time="11:45:00">104.000</Value>
			<Value date="2016-02-12" time="12:00:00">103.000</Value>
			<Value date="2016-02-12" time="12:15:00">103.500</Value>
			<Value date="2016-02-12" time="12:30:00">103.000</Value>
			<Value date="2016-02-12" time="12:45:00">102.500</Value>
			<Value date="2016-02-12" time="13:00:00">102.500</Value>
			<Value date="2016-02-12" time="13:15:00">103.000</Value>
			<Value date="2016-02-12" time="13:30:00">103.000</Value>
			<Value date="2016-02-12" time="13:45:00">101.500</Value>
			<Value date="2016-02-12" time="14:00:00">101.500</Value>
			<Value date="2016-02-12" time="14:15:00">101.000</Value>
			<Value date="2016-02-12" time="14:30:00">101.000</Value>
		</SetofValues>
	</Station>
</EATimeSeriesDataExchangeFormat>
