<?xml version="1.0" standalone="yes"?>
<EATimeSeriesDataExchangeFormat xmlns="http://www.environment-agency.gov.uk/XMLSchemas/EATimeSeriesDataExchangeFormat" xmlns:md="http://www.environment-agency.gov.uk/XMLSchemas/EAMetadataFormat" xmlns:xsi="http://www.w3.org/2001/XMLSchema-instance" xsi:schemaLocation="http://www.environment-agency.gov.uk/XMLSchemas/EATimeSeriesDataExchangeFormat EATimeSeriesDataExchangeFormat.xsd">
	<md:Publisher>Environment Agency</md:Publisher>
	<md:Source>Midland Regional Telemetry System</md:Source>
	<md:Description>Automated telemetry data export process</md:Description>
	<md:Creator>SCX 6</md:Creator>
	<md:Date>2016-02-12</md:Date>
	<md:Time>11:02:16</md:Time>
	<md:Identifier>MISAPSCXAS1</md:Identifier>
	<Station stationReference="4022GW" region="Midland" stationName="North Muskham FLOW" ngr="SK8043060560">
		<SetofValues parameter="Water Level" qualifier="Groundwater" dataType="Instantaneous" period="15 min" units="mBDAT" startDate="2016-02-12" startTime="09:15:00" endDate="2016-02-12" endTime="11:00:00">
			<Value date="2016-02-12" time="09:15:00">2.984</Value>
			<Value date="2016-02-12" time="09:30:00">2.991</Value>
			<Value date="2016-02-12" time="09:45:00">2.996</Value>
			<Value date="2016-02-12" time="10:00:00">3.002</Value>
			<Value date="2016-02-12" time="10:15:00">3.008</Value>
			<Value date="2016-02-12" time="10:30:00">3.014</Value>
			<Value date="2016-02-12" time="10:45:00">3.018</Value>
			<Value date="2016-02-12" time="11:00:00">3.023</Value>
		</SetofValues>
	</Station>
	<Station stationReference="4022" region="Midland" stationName="North Muskham FLOW" ngr="SK8043060560">
		<SetofValues parameter="Water Level" qualifier="Stage" dataType="Instantaneous" period="15 min" units="mASD" startDate="2016-02-12" startTime="09:15:00" endDate="2016-02-12" endTime="11:00:00">
			<Value date="2016-02-12" time="09:15:00">1.653</Value>
			<Value date="2016-02-12" time="09:30:00">1.644</Value>
			<Value date="2016-02-12" time="09:45:00">1.638</Value>
			<Value date="2016-02-12" time="10:00:00">1.630</Value>
			<Value date="2016-02-12" time="10:15:00">1.624</Value>
			<Value date="2016-02-12" time="10:30:00">1.617</Value>
			<Value date="2016-02-12" time="10:45:00">1.610</Value>
			<Value date="2016-02-12" time="11:00:00">1.604</Value>
		</SetofValues>
		<SetofValues parameter="Flow" dataType="Instantaneous" period="15 min" units="Ml/d" startDate="2016-02-12" startTime="09:15:00" endDate="2016-02-12" endTime="11:00:00">
			<Value date="2016-02-12" time="09:15:00">19570.72</Value>
			<Value date="2016-02-12" time="09:30:00">19452.96</Value>
			<Value date="2016-02-12" time="09:45:00">19366.21</Value>
			<Value date="2016-02-12" time="10:00:00">19275.32</Value>
			<Value date="2016-02-12" time="10:15:00">19171.56</Value>
			<Value date="2016-02-12" time="10:30:00">19065.28</Value>
			<Value date="2016-02-12" time="10:45:00">18950.89</Value>
			<Value date="2016-02-12" time="11:00:00">18853.17</Value>
		</SetofValues>
	</Station>
	<Station stationReference="3580" region="Midland" stationName="Carsington Dam RAIN">
		<SetofValues parameter="Rainfall" qualifier="Tipping Bucket Raingauge" dataType="Total" period="15 min" units="mm" startDate="2016-02-12" startTime="10:15:00" endDate="2016-02-12" endTime="11:00:00">
			<Value date="2016-02-12" time="10:15:00">0.2</Value>
			<Value date="2016-02-12" time="10:30:00">0.4</Value>
			<Value date="2016-02-12" time="10:45:00">0.2</Value>
			<Value date="2016-02-12" time="11:00:00">0.2</Value>
		</SetofValues>
	</Station>
	<Station stationReference="3574" region="Midland" stationName="Draycott RAIN" ngr="SK4310033580">
		<SetofValues parameter="Rainfall" qualifier="Tipping Bucket Raingauge" dataType="Total" period="15 min" units="mm" startDate="2016-02-12" startTime="10:15:00" endDate="2016-02-12" endTime="11:00:00">
			<Value date="2016-02-12" time="10:15:00">0.0</Value>
			<Value date="2016-02-12" time="10:30:00">0.0</Value>
			<Value date="2016-02-12" time="10:45:00">0.0</Value>
			<Value date="2016-02-12" time="11:00:00">0.4</Value>
		</SetofValues>
	</Station>
	<Station stationReference="3347" region="Midland" stationName="Loggerheads RAIN" ngr="SJ747342">
		<SetofValues parameter="Rainfall" qualifier="Tipping Bucket Raingauge" dataType="Total" period="15 min" units="mm" startDate="2016-02-12" startTime="10:15:00" endDate="2016-02-12" endTime="11:00:00">
			<Value date="2016-02-12" time="10:15:00">0.0</Value>
			<Value date="2016-02-12" time="10:30:00">0.2</Value>
			<Value date="2016-02-12" time="10:45:00">0.0</Value>
			<Value date="2016-02-12" time="11:00:00">0.0</Value>
		</SetofValues>
	</Station>
	<Station stationReference="3167" region="Midland" stationName="Frankley RAIN" ngr="SP00728015">
		<SetofValues parameter="Temperature" qualifier="Dry Bulb" dataType="Instantaneous" period="15 min" units="deg C" startDate="2016-02-12" startTime="11:00:00" endDate="2016-02-12" endTime="11:00:00">
			<Value date="2016-02-12" time="11:00:00">4.4</Value>
		</SetofValues>
		<SetofValues parameter="Rainfall" qualifier="Tipping Bucket Raingauge" dataType="Total" period="15 min" units="mm" startDate="2016-02-12" startTime="10:15:00" endDate="2016-02-12" endTime="11:00:00">
			<Value date="2016-02-12" time="10:15:00">0.0</Value>
			<Value date="2016-02-12" time="10:30:00">0.0</Value>
			<Value date="2016-02-12" time="10:45:00">0.0</Value>
			<Value date="2016-02-12" time="11:00:00">0.0</Value>
		</SetofValues>
	</Station>
	<Station stationReference="2872" region="Midland" stationName="Perdiswell LVL" ngr="SO85535777">
		<SetofValues parameter="Water Level" qualifier="Stage" dataType="Instantaneous" period="15 min" units="mASD" startDate="2016-02-12" startTime="10:15:00" endDate="2016-02-12" endTime="11:00:00">
			<Value date="2016-02-12" time="10:15:00">0.436</Value>
			<Value date="2016-02-12" time="10:30:00">0.434</Value>
			<Value date="2016-02-12" time="10:45:00">0.434</Value>
			<Value date="2016-02-12" time="11:00:00">0.434</Value>
		</SetofValues>
	</Station>
	<Station stationReference="2711" region="Midland" stationName="Sedgeberrow PS" ngr="SP0260938700">
		<SetofValues parameter="Water Level" qualifier="Stage" dataType="Instantaneous" period="15 min" units="mASD" startDate="2016-02-12" startTime="10:15:00" endDate="2016-02-12" endTime="11:00:00">
			<Value date="2016-02-12" time="10:15:00">0.534</Value>
			<Value date="2016-02-12" time="10:30:00">0.534</Value>
			<Value date="2016-02-12" time="10:45:00">0.535</Value>
			<Value date="2016-02-12" time="11:00:00">0.530</Value>
		</SetofValues>
	</Station>
	<Station stationReference="2666" region="Midland" stationName="Matson Place LVL" ngr="SO8402517084">
		<SetofValues parameter="Water Level" qualifier="Stage" dataType="Instantaneous" period="15 min" units="mASD" startDate="2016-02-12" startTime="10:15:00" endDate="2016-02-12" endTime="11:00:00">
			<Value date="2016-02-12" time="10:15:00">0.305</Value>
			<Value date="2016-02-12" time="10:30:00">0.305</Value>
			<Value date="2016-02-12" time="10:45:00">0.305</Value>
			<Value date="2016-02-12" time="11:00:00">0.305</Value>
		</SetofValues>
	</Station>
	<Station stationReference="2662" region="Midland" stationName="Abbeymead Avenue LVL" ngr="SO8616315834">
		<SetofValues parameter="Water Level" qualifier="Stage" dataType="Instantaneous" period="15 min" units="mASD" startDate="2016-02-12" startTime="10:15:00" endDate="2016-02-12" endTime="11:00:00">
			<Value date="2016-02-12" time="10:15:00">0.162</Value>
			<Value date="2016-02-12" time="10:30:00">0.162</Value>
			<Value date="2016-02-12" time="10:45:00">0.161</Value>
			<Value date="2016-02-12" time="11:00:00">0.161</Value>
		</SetofValues>
	</Station>
	<Station stationReference="2661" region="Midland" stationName="Witcombe LVL" ngr="SO9030515725">
		<SetofValues parameter="Water Level" qualifier="Stage" dataType="Instantaneous" period="15 min" units="mASD" startDate="2016-02-12" startTime="10:15:00" endDate="2016-02-12" endTime="11:00:00">
			<Value date="2016-02-12" time="10:15:00">0.175</Value>
			<Value date="2016-02-12" time="10:30:00">0.174</Value>
			<Value date="2016-02-12" time="10:45:00">0.177</Value>
			<Value date="2016-02-12" time="11:00:00">0.180</Value>
		</SetofValues>
	</Station>
	<Station stationReference="2648" region="Midland" stationName="Toddington LVL" ngr="SP0338633481">
		<SetofValues parameter="Water Level" qualifier="Stage" dataType="Instantaneous" period="15 min" units="mASD" startDate="2016-02-12" startTime="10:15:00" endDate="2016-02-12" endTime="11:00:00">
			<Value date="2016-02-12" time="10:15:00">0.435</Value>
			<Value date="2016-02-12" time="10:30:00">0.434</Value>
			<Value date="2016-02-12" time="10:45:00">0.434</Value>
			<Value date="2016-02-12" time="11:00:00">0.434</Value>
		</SetofValues>
	</Station>
	<Station stationReference="2642" region="Midland" stationName="Worcester LVL" ngr="SO8401456544">
		<SetofValues parameter="Water Level" qualifier="Stage" dataType="Instantaneous" period="15 min" units="mASD" startDate="2016-02-12" startTime="10:15:00" endDate="2016-02-12" endTime="11:00:00">
			<Value date="2016-02-12" time="10:15:00">4.815</Value>
			<Value date="2016-02-12" time="10:30:00">4.812</Value>
			<Value date="2016-02-12" time="10:45:00">4.811</Value>
			<Value date="2016-02-12" time="11:00:00">4.809</Value>
		</SetofValues>
	</Station>
	<Station stationReference="2629" region="Midland" stationName="Lydney LVL" ngr="SO6316603576">
		<SetofValues parameter="Water Level" qualifier="Stage" dataType="Instantaneous" period="15 min" units="mASD" startDate="2016-02-12" startTime="10:15:00" endDate="2016-02-12" endTime="11:00:00">
			<Value date="2016-02-12" time="10:15:00">0.496</Value>
			<Value date="2016-02-12" time="10:30:00">0.499</Value>
			<Value date="2016-02-12" time="10:45:00">0.490</Value>
			<Value date="2016-02-12" time="11:00:00">0.492</Value>
		</SetofValues>
	</Station>
	<Station stationReference="2626" region="Midland" stationName="Feckenham LVL" ngr="SP0047561175">
		<SetofValues parameter="Water Level" qualifier="Stage" dataType="Instantaneous" period="15 min" units="mASD" startDate="2016-02-12" startTime="10:15:00" endDate="2016-02-12" endTime="11:00:00">
			<Value date="2016-02-12" time="10:15:00">0.153</Value>
			<Value date="2016-02-12" time="10:30:00">0.152</Value>
			<Value date="2016-02-12" time="10:45:00">0.152</Value>
			<Value date="2016-02-12" time="11:00:00">0.152</Value>
		</SetofValues>
	</Station>
	<Station stationReference="2621" region="Midland" stationName="Henley LVL" ngr="SP1527966559">
		<SetofValues parameter="Water Level" qualifier="Stage" dataType="Instantaneous" period="15 min" units="mASD" startDate="2016-02-12" startTime="10:15:00" endDate="2016-02-12" endTime="11:00:00">
			<Value date="2016-02-12" time="10:15:00">0.497</Value>
			<Value date="2016-02-12" time="10:30:00">0.496</Value>
			<Value date="2016-02-12" time="10:45:00">0.498</Value>
			<Value date="2016-02-12" time="11:00:00">0.496</Value>
		</SetofValues>
	</Station>
	<Station stationReference="2619" region="Midland" stationName="Sandhurst LVL" ngr="SO8279221039">
		<SetofValues parameter="Water Level" qualifier="Stage" dataType="Instantaneous" period="15 min" units="mASD" startDate="2016-02-12" startTime="10:15:00" endDate="2016-02-12" endTime="11:00:00">
			<Value date="2016-02-12" time="10:15:00">3.698</Value>
			<Value date="2016-02-12" time="10:30:00">3.695</Value>
			<Value date="2016-02-12" time="10:45:00">3.692</Value>
			<Value date="2016-02-12" time="11:00:00">3.690</Value>
		</SetofValues>
	</Station>
	<Station stationReference="2618" region="Midland" stationName="Sandhurst LVL" ngr="SO8277821023">
		<SetofValues parameter="Water Level" qualifier="Stage" dataType="Instantaneous" period="15 min" units="mASD" startDate="2016-02-12" startTime="10:15:00" endDate="2016-02-12" endTime="11:00:00">
			<Value date="2016-02-12" time="10:15:00">3.688</Value>
			<Value date="2016-02-12" time="10:30:00">3.685</Value>
			<Value date="2016-02-12" time="10:45:00">3.684</Value>
			<Value date="2016-02-12" time="11:00:00">3.681</Value>
		</SetofValues>
	</Station>
	<Station stationReference="2616" region="Midland" stationName="Kempsey LVL" ngr="SO8508451171">
		<SetofValues parameter="Water Level" qualifier="Stage" dataType="Instantaneous" period="15 min" units="mASD" startDate="2016-02-12" startTime="10:30:00" endDate="2016-02-12" endTime="11:00:00">
			<Value date="2016-02-12" time="10:30:00">6.467</Value>
			<Value date="2016-02-12" time="10:45:00">6.471</Value>
			<Value date="2016-02-12" time="11:00:00">6.467</Value>
		</SetofValues>
	</Station>
	<Station stationReference="2611" region="Midland" stationName="Stanford River LVL" ngr="SP5952680311">
		<SetofValues parameter="Water Level" qualifier="Stage" dataType="Instantaneous" period="15 min" units="mASD" startDate="2016-02-12" startTime="09:15:00" endDate="2016-02-12" endTime="11:00:00">
			<Value date="2016-02-12" time="09:15:00">0.931</Value>
			<Value date="2016-02-12" time="09:30:00">0.931</Value>
			<Value date="2016-02-12" time="09:45:00">0.929</Value>
			<Value date="2016-02-12" time="10:00:00">0.932</Value>
			<Value date="2016-02-12" time="10:15:00">0.934</Value>
			<Value date="2016-02-12" time="10:30:00">0.935</Value>
			<Value date="2016-02-12" time="10:45:00">0.934</Value>
			<Value date="2016-02-12" time="11:00:00">0.932</Value>
		</SetofValues>
	</Station>
	<Station stationReference="2607" region="Midland" stationName="Bromsberrow LVL" ngr="SO7446333229">
		<SetofValues parameter="Water Level" qualifier="Stage" dataType="Instantaneous" period="15 min" units="mASD" startDate="2016-02-12" startTime="10:15:00" endDate="2016-02-12" endTime="11:00:00">
			<Value date="2016-02-12" time="10:15:00">0.197</Value>
			<Value date="2016-02-12" time="10:30:00">0.197</Value>
			<Value date="2016-02-12" time="10:45:00">0.198</Value>
			<Value date="2016-02-12" time="11:00:00">0.197</Value>
		</SetofValues>
	</Station>
	<Station stationReference="2603" region="Midland" stationName="Cambridge LVL" ngr="SO7507503576">
		<SetofValues parameter="Water Level" qualifier="Stage" dataType="Instantaneous" period="15 min" units="mASD" startDate="2016-02-12" startTime="10:15:00" endDate="2016-02-12" endTime="11:00:00">
			<Value date="2016-02-12" time="10:15:00">0.318</Value>
			<Value date="2016-02-12" time="10:30:00">0.318</Value>
			<Value date="2016-02-12" time="10:45:00">0.308</Value>
			<Value date="2016-02-12" time="11:00:00">0.308</Value>
		</SetofValues>
	</Station>
	<Station stationReference="2425" region="Midland" stationName="Bodiam Avenue LVL" ngr="SO8148114888">
		<SetofValues parameter="Water Level" qualifier="Stage" dataType="Instantaneous" period="15 min" units="mASD" startDate="2016-02-12" startTime="10:15:00" endDate="2016-02-12" endTime="11:00:00">
			<Value date="2016-02-12" time="10:15:00">0.440</Value>
			<Value date="2016-02-12" time="10:30:00">0.441</Value>
			<Value date="2016-02-12" time="10:45:00">0.440</Value>
			<Value date="2016-02-12" time="11:00:00">0.439</Value>
		</SetofValues>
	</Station>
	<Station stationReference="2292" region="Midland" stationName="Avonmouth Lighthouse TL" ngr="ST5026079050">
		<SetofValues parameter="Water Level" qualifier="Stage" dataType="Instantaneous" period="5 min" units="mASD" startDate="2016-02-12" startTime="10:05:00" endDate="2016-02-12" endTime="11:00:00">
			<Value date="2016-02-12" time="10:05:00">14.059</Value>
			<Value date="2016-02-12" time="10:10:00">13.966</Value>
			<Value date="2016-02-12" time="10:15:00">13.859</Value>
			<Value date="2016-02-12" time="10:20:00">13.740</Value>
			<Value date="2016-02-12" time="10:25:00">13.602</Value>
			<Value date="2016-02-12" time="10:30:00">13.448</Value>
			<Value date="2016-02-12" time="10:35:00">13.277</Value>
			<Value date="2016-02-12" time="10:40:00">13.111</Value>
			<Value date="2016-02-12" time="10:45:00">12.947</Value>
			<Value date="2016-02-12" time="10:50:00">12.765</Value>
			<Value date="2016-02-12" time="10:55:00">12.554</Value>
			<Value date="2016-02-12" time="11:00:00">12.336</Value>
		</SetofValues>
	</Station>
	<Station stationReference="2226A" region="Midland" stationName="Slad Road LVL" ngr="SO8530205456">
		<SetofValues parameter="Water Level" qualifier="Downstream Stage" dataType="Instantaneous" period="15 min" units="mASD" startDate="2016-02-12" startTime="10:15:00" endDate="2016-02-12" endTime="11:00:00">
			<Value date="2016-02-12" time="10:15:00">0.112</Value>
			<Value date="2016-02-12" time="10:30:00">0.113</Value>
			<Value date="2016-02-12" time="10:45:00">0.111</Value>
			<Value date="2016-02-12" time="11:00:00">0.114</Value>
		</SetofValues>
	</Station>
	<Station stationReference="2226" region="Midland" stationName="Slad Road LVL" ngr="SO8530205456">
		<SetofValues parameter="Water Level" qualifier="Stage" dataType="Instantaneous" period="15 min" units="mASD" startDate="2016-02-12" startTime="10:15:00" endDate="2016-02-12" endTime="11:00:00">
			<Value date="2016-02-12" time="10:15:00">0.284</Value>
			<Value date="2016-02-12" time="10:30:00">0.287</Value>
			<Value date="2016-02-12" time="10:45:00">0.288</Value>
			<Value date="2016-02-12" time="11:00:00">0.289</Value>
		</SetofValues>
	</Station>
	<Station stationReference="2225" region="Midland" stationName="Bodiam Avenue LVL" ngr="SO8148114888">
		<SetofValues parameter="Water Level" qualifier="Stage" dataType="Instantaneous" period="15 min" units="mASD" startDate="2016-02-12" startTime="10:15:00" endDate="2016-02-12" endTime="11:00:00">
			<Value date="2016-02-12" time="10:15:00">0.089</Value>
			<Value date="2016-02-12" time="10:30:00">0.089</Value>
			<Value date="2016-02-12" time="10:45:00">0.088</Value>
			<Value date="2016-02-12" time="11:00:00">0.088</Value>
		</SetofValues>
	</Station>
	<Station stationReference="2221" region="Midland" stationName="Clomoney Way LVL" ngr="SO8585820345">
		<SetofValues parameter="Water Level" qualifier="Stage" dataType="Instantaneous" period="15 min" units="mASD" startDate="2016-02-12" startTime="10:15:00" endDate="2016-02-12" endTime="11:00:00">
			<Value date="2016-02-12" time="10:15:00">0.488</Value>
			<Value date="2016-02-12" time="10:30:00">0.486</Value>
			<Value date="2016-02-12" time="10:45:00">0.487</Value>
			<Value date="2016-02-12" time="11:00:00">0.486</Value>
		</SetofValues>
	</Station>
	<Station stationReference="2218" region="Midland" stationName="Charterhouse Bridge LVL" ngr="SP3440078240">
		<SetofValues parameter="Water Level" qualifier="Stage" dataType="Instantaneous" period="15 min" units="mASD" startDate="2016-02-12" startTime="10:15:00" endDate="2016-02-12" endTime="11:00:00">
			<Value date="2016-02-12" time="10:15:00">0.230</Value>
			<Value date="2016-02-12" time="10:30:00">0.231</Value>
			<Value date="2016-02-12" time="10:45:00">0.233</Value>
			<Value date="2016-02-12" time="11:00:00">0.232</Value>
		</SetofValues>
	</Station>
	<Station stationReference="2216" region="Midland" stationName="Torrington Ave LVL" ngr="SP2788077700">
		<SetofValues parameter="Water Level" qualifier="Stage" dataType="Instantaneous" period="15 min" units="mASD" startDate="2016-02-12" startTime="10:15:00" endDate="2016-02-12" endTime="11:00:00">
			<Value date="2016-02-12" time="10:15:00">0.035</Value>
			<Value date="2016-02-12" time="10:30:00">0.034</Value>
			<Value date="2016-02-12" time="10:45:00">0.034</Value>
			<Value date="2016-02-12" time="11:00:00">0.035</Value>
		</SetofValues>
	</Station>
	<Station stationReference="2195" region="Midland" stationName="Sharpness TL" ngr="SO6674102185">
		<SetofValues parameter="Water Level" qualifier="Stage" dataType="Instantaneous" period="5 min" units="mASD" startDate="2016-02-12" startTime="10:20:00" endDate="2016-02-12" endTime="11:00:00">
			<Value date="2016-02-12" time="10:20:00">10.011</Value>
			<Value date="2016-02-12" time="10:25:00">10.040</Value>
			<Value date="2016-02-12" time="10:30:00">10.046</Value>
			<Value date="2016-02-12" time="10:35:00">9.992</Value>
			<Value date="2016-02-12" time="10:40:00">9.871</Value>
			<Value date="2016-02-12" time="10:45:00">9.767</Value>
			<Value date="2016-02-12" time="10:50:00">9.617</Value>
			<Value date="2016-02-12" time="10:55:00">9.410</Value>
			<Value date="2016-02-12" time="11:00:00">9.178</Value>
		</SetofValues>
	</Station>
	<Station stationReference="2170" region="Midland" stationName="Crudgington FLOW" ngr="SJ64051754">
		<SetofValues parameter="Water Level" qualifier="Stage" dataType="Instantaneous" period="15 min" units="mASD" startDate="2016-02-12" startTime="10:15:00" endDate="2016-02-12" endTime="11:00:00">
			<Value date="2016-02-12" time="10:15:00">0.675</Value>
			<Value date="2016-02-12" time="10:30:00">0.671</Value>
			<Value date="2016-02-12" time="10:45:00">0.668</Value>
			<Value date="2016-02-12" time="11:00:00">0.666</Value>
		</SetofValues>
	</Station>
	<Station stationReference="2167" region="Midland" stationName="Kidderminster Callows Lane FLOW" ngr="SO8301576839">
		<SetofValues parameter="Water Level" qualifier="Stage" dataType="Instantaneous" period="15 min" units="mASD" startDate="2016-02-12" startTime="10:15:00" endDate="2016-02-12" endTime="11:00:00">
			<Value date="2016-02-12" time="10:15:00">0.979</Value>
			<Value date="2016-02-12" time="10:30:00">0.979</Value>
			<Value date="2016-02-12" time="10:45:00">0.980</Value>
			<Value date="2016-02-12" time="11:00:00">0.982</Value>
		</SetofValues>
		<SetofValues parameter="Flow" dataType="Instantaneous" period="15 min" units="Ml/d" startDate="2016-02-12" startTime="10:15:00" endDate="2016-02-12" endTime="11:00:00">
			<Value date="2016-02-12" time="10:15:00">302.31</Value>
			<Value date="2016-02-12" time="10:30:00">303.52</Value>
			<Value date="2016-02-12" time="10:45:00">304.91</Value>
			<Value date="2016-02-12" time="11:00:00">304.91</Value>
		</SetofValues>
	</Station>
	<Station stationReference="2165" region="Midland" stationName="Gloucester Docks LVL" ngr="SO8268718488">
		<SetofValues parameter="Water Level" qualifier="Stage" dataType="Instantaneous" period="15 min" units="mASD" startDate="2016-02-12" startTime="10:15:00" endDate="2016-02-12" endTime="11:00:00">
			<Value date="2016-02-12" time="10:15:00">3.296</Value>
			<Value date="2016-02-12" time="10:30:00">3.285</Value>
			<Value date="2016-02-12" time="10:45:00">3.287</Value>
			<Value date="2016-02-12" time="11:00:00">3.280</Value>
		</SetofValues>
	</Station>
	<Station stationReference="2153" region="Midland" stationName="Epney TL" ngr="SO7608711002">
		<SetofValues parameter="Water Level" qualifier="Stage" dataType="Instantaneous" period="15 min" units="mASD" startDate="2016-02-12" startTime="10:15:00" endDate="2016-02-12" endTime="11:00:00">
			<Value date="2016-02-12" time="10:15:00">4.169</Value>
			<Value date="2016-02-12" time="10:30:00">5.412</Value>
			<Value date="2016-02-12" time="10:45:00">6.140</Value>
			<Value date="2016-02-12" time="11:00:00">6.423</Value>
		</SetofValues>
	</Station>
	<Station stationReference="2139" region="Midland" stationName="Charlton Kings LVL" ngr="SO9647120822">
		<SetofValues parameter="Water Level" qualifier="Stage" dataType="Instantaneous" period="15 min" units="mASD" startDate="2016-02-12" startTime="10:15:00" endDate="2016-02-12" endTime="11:00:00">
			<Value date="2016-02-12" time="10:15:00">0.478</Value>
			<Value date="2016-02-12" time="10:30:00">0.478</Value>
			<Value date="2016-02-12" time="10:45:00">0.479</Value>
			<Value date="2016-02-12" time="11:00:00">0.477</Value>
		</SetofValues>
	</Station>
	<Station stationReference="2134" region="Midland" stationName="Buildwas FLOW" ngr="SJ64550440">
		<SetofValues parameter="Flow" dataType="Instantaneous" period="15 min" units="m3/s" startDate="2016-02-12" startTime="10:15:00" endDate="2016-02-12" endTime="11:00:00">
			<Value date="2016-02-12" time="10:15:00">301.407</Value>
			<Value date="2016-02-12" time="10:30:00">299.876</Value>
			<Value date="2016-02-12" time="10:45:00">303.082</Value>
			<Value date="2016-02-12" time="11:00:00">296.078</Value>
		</SetofValues>
	</Station>
	<Station stationReference="2133" region="Midland" stationName="Wyre Piddle LVL" ngr="SO9625947611">
		<SetofValues parameter="Water Level" qualifier="Stage" dataType="Instantaneous" period="15 min" units="mASD" startDate="2016-02-12" startTime="10:15:00" endDate="2016-02-12" endTime="11:00:00">
			<Value date="2016-02-12" time="10:15:00">0.327</Value>
			<Value date="2016-02-12" time="10:30:00">0.327</Value>
			<Value date="2016-02-12" time="10:45:00">0.327</Value>
			<Value date="2016-02-12" time="11:00:00">0.327</Value>
		</SetofValues>
	</Station>
	<Station stationReference="2128" region="Midland" stationName="Bredon FLOW" ngr="SO9206537238">
		<SetofValues parameter="Water Level" qualifier="Stage" dataType="Instantaneous" period="15 min" units="mASD" startDate="2016-02-12" startTime="10:15:00" endDate="2016-02-12" endTime="11:00:00">
			<Value date="2016-02-12" time="10:15:00">2.535</Value>
			<Value date="2016-02-12" time="10:30:00">2.535</Value>
			<Value date="2016-02-12" time="10:45:00">2.535</Value>
			<Value date="2016-02-12" time="11:00:00">2.535</Value>
		</SetofValues>
		<SetofValues parameter="Flow" dataType="Instantaneous" period="15 min" units="m3/s" startDate="2016-02-12" startTime="10:15:00" endDate="2016-02-12" endTime="11:00:00">
			<Value date="2016-02-12" time="10:15:00">0.000</Value>
			<Value date="2016-02-12" time="10:30:00">0.000</Value>
			<Value date="2016-02-12" time="10:45:00">0.000</Value>
			<Value date="2016-02-12" time="11:00:00">0.000</Value>
		</SetofValues>
	</Station>
	<Station stationReference="2102" region="Midland" stationName="Minsterworth LVL" ngr="SO7693116918">
		<SetofValues parameter="Water Level" qualifier="Stage" dataType="Instantaneous" period="15 min" units="mASD" startDate="2016-02-12" startTime="10:15:00" endDate="2016-02-12" endTime="11:00:00">
			<Value date="2016-02-12" time="10:15:00">3.164</Value>
			<Value date="2016-02-12" time="10:30:00">3.161</Value>
			<Value date="2016-02-12" time="10:45:00">4.974</Value>
			<Value date="2016-02-12" time="11:00:00">5.508</Value>
		</SetofValues>
	</Station>
	<Station stationReference="2099" region="Midland" stationName="Tewks Upper Pound LVL" ngr="SO8942333387">
		<SetofValues parameter="Water Level" qualifier="Downstream Stage" dataType="Instantaneous" period="15 min" units="mASD" startDate="2016-02-12" startTime="10:15:00" endDate="2016-02-12" endTime="11:00:00">
			<Value date="2016-02-12" time="10:15:00">4.007</Value>
			<Value date="2016-02-12" time="10:30:00">4.006</Value>
			<Value date="2016-02-12" time="10:45:00">4.006</Value>
			<Value date="2016-02-12" time="11:00:00">4.007</Value>
		</SetofValues>
	</Station>
	<Station stationReference="2098" region="Midland" stationName="Tewks Upper Pound LVL" ngr="SO8945033390">
		<SetofValues parameter="Water Level" qualifier="Stage" dataType="Instantaneous" period="15 min" units="mASD" startDate="2016-02-12" startTime="10:15:00" endDate="2016-02-12" endTime="11:00:00">
			<Value date="2016-02-12" time="10:15:00">4.020</Value>
			<Value date="2016-02-12" time="10:30:00">4.020</Value>
			<Value date="2016-02-12" time="10:45:00">4.019</Value>
			<Value date="2016-02-12" time="11:00:00">4.021</Value>
		</SetofValues>
	</Station>
	<Station stationReference="2097" region="Midland" stationName="Pershore LVL" ngr="SO9519045509">
		<SetofValues parameter="Water Level" qualifier="Stage" dataType="Instantaneous" period="15 min" units="mASD" startDate="2016-02-12" startTime="10:15:00" endDate="2016-02-12" endTime="11:00:00">
			<Value date="2016-02-12" time="10:15:00">3.468</Value>
			<Value date="2016-02-12" time="10:30:00">3.467</Value>
			<Value date="2016-02-12" time="10:45:00">3.464</Value>
			<Value date="2016-02-12" time="11:00:00">3.464</Value>
		</SetofValues>
	</Station>
	<Station stationReference="2087" region="Midland" stationName="Mythe Bridge LVL" ngr="SO8889933722">
		<SetofValues parameter="Water Level" qualifier="Stage" dataType="Instantaneous" period="15 min" units="mASD" startDate="2016-02-12" startTime="10:15:00" endDate="2016-02-12" endTime="11:00:00">
			<Value date="2016-02-12" time="10:15:00">4.063</Value>
			<Value date="2016-02-12" time="10:30:00">4.059</Value>
			<Value date="2016-02-12" time="10:45:00">4.057</Value>
			<Value date="2016-02-12" time="11:00:00">4.066</Value>
		</SetofValues>
	</Station>
	<Station stationReference="2086" region="Midland" stationName="Bransford LVL" ngr="SO80385324">
		<SetofValues parameter="Water Level" qualifier="Stage" dataType="Instantaneous" period="15 min" units="mASD" startDate="2016-02-12" startTime="10:15:00" endDate="2016-02-12" endTime="11:00:00">
			<Value date="2016-02-12" time="10:15:00">2.542</Value>
			<Value date="2016-02-12" time="10:30:00">2.534</Value>
			<Value date="2016-02-12" time="10:45:00">2.537</Value>
			<Value date="2016-02-12" time="11:00:00">2.534</Value>
		</SetofValues>
	</Station>
	<Station stationReference="2085" region="Midland" stationName="Diglis LVL" ngr="SO84695353">
		<SetofValues parameter="Water Level" qualifier="Stage" dataType="Instantaneous" period="15 min" units="mASD" startDate="2016-02-12" startTime="10:15:00" endDate="2016-02-12" endTime="11:00:00">
			<Value date="2016-02-12" time="10:15:00">4.283</Value>
			<Value date="2016-02-12" time="10:30:00">4.275</Value>
			<Value date="2016-02-12" time="10:45:00">4.280</Value>
			<Value date="2016-02-12" time="11:00:00">4.268</Value>
		</SetofValues>
	</Station>
	<Station stationReference="2071" region="Midland" stationName="Ashleworth LVL" ngr="SO8182924969">
		<SetofValues parameter="Water Level" qualifier="Stage" dataType="Instantaneous" period="15 min" units="mASD" startDate="2016-02-12" startTime="10:15:00" endDate="2016-02-12" endTime="11:00:00">
			<Value date="2016-02-12" time="10:15:00">4.481</Value>
			<Value date="2016-02-12" time="10:30:00">4.475</Value>
			<Value date="2016-02-12" time="10:45:00">4.478</Value>
			<Value date="2016-02-12" time="11:00:00">4.471</Value>
		</SetofValues>
	</Station>
	<Station stationReference="2057" region="Midland" stationName="Haw Bridge LVL" ngr="SO8449127878">
		<SetofValues parameter="Water Level" qualifier="Stage" dataType="Instantaneous" period="15 min" units="mASD" startDate="2016-02-12" startTime="10:15:00" endDate="2016-02-12" endTime="11:00:00">
			<Value date="2016-02-12" time="10:15:00">5.012</Value>
			<Value date="2016-02-12" time="10:30:00">5.013</Value>
			<Value date="2016-02-12" time="10:45:00">5.012</Value>
			<Value date="2016-02-12" time="11:00:00">5.012</Value>
		</SetofValues>
	</Station>
	<Station stationReference="2052" region="Midland" stationName="Ternhill (Bailey Brook)" ngr="SJ62853149">
		<SetofValues parameter="Water Level" qualifier="1" dataType="Instantaneous" period="15 min" units="mASD" startDate="2016-02-12" startTime="10:15:00" endDate="2016-02-12" endTime="11:00:00">
			<Value date="2016-02-12" time="10:15:00">0.454</Value>
			<Value date="2016-02-12" time="10:30:00">0.454</Value>
			<Value date="2016-02-12" time="10:45:00">0.455</Value>
			<Value date="2016-02-12" time="11:00:00">0.452</Value>
		</SetofValues>
	</Station>
	<Station stationReference="2040" region="Midland" stationName="Tibberton LVL" ngr="SJ68072049">
		<SetofValues parameter="Water Level" qualifier="Stage" dataType="Instantaneous" period="15 min" units="mASD" startDate="2016-02-12" startTime="10:15:00" endDate="2016-02-12" endTime="11:00:00">
			<Value date="2016-02-12" time="10:15:00">0.340</Value>
			<Value date="2016-02-12" time="10:30:00">0.340</Value>
			<Value date="2016-02-12" time="10:45:00">0.340</Value>
			<Value date="2016-02-12" time="11:00:00">0.340</Value>
		</SetofValues>
	</Station>
	<Station stationReference="2036" region="Midland" stationName="Hinton On Green LVL" ngr="SP0236840680">
		<SetofValues parameter="Water Level" qualifier="Stage" dataType="Instantaneous" period="15 min" units="mASD" startDate="2016-02-12" startTime="10:15:00" endDate="2016-02-12" endTime="11:00:00">
			<Value date="2016-02-12" time="10:15:00">0.276</Value>
			<Value date="2016-02-12" time="10:30:00">0.275</Value>
			<Value date="2016-02-12" time="10:45:00">0.275</Value>
			<Value date="2016-02-12" time="11:00:00">0.275</Value>
		</SetofValues>
	</Station>
	<Station stationReference="2034" region="Midland" stationName="Oak Cottage LVL" ngr="SO77107642">
		<SetofValues parameter="Water Level" qualifier="Stage" dataType="Instantaneous" period="15 min" units="mASD" startDate="2016-02-12" startTime="10:15:00" endDate="2016-02-12" endTime="11:00:00">
			<Value date="2016-02-12" time="10:15:00">0.281</Value>
			<Value date="2016-02-12" time="10:30:00">0.281</Value>
			<Value date="2016-02-12" time="10:45:00">0.281</Value>
			<Value date="2016-02-12" time="11:00:00">0.281</Value>
		</SetofValues>
	</Station>
	<Station stationReference="2032" region="Midland" stationName="Saxons Lode FLOW" ngr="SO8634939041">
		<SetofValues parameter="Water Level" qualifier="Stage" dataType="Instantaneous" period="15 min" units="mASD" startDate="2016-02-12" startTime="10:30:00" endDate="2016-02-12" endTime="11:00:00">
			<Value date="2016-02-12" time="10:30:00">4.786</Value>
			<Value date="2016-02-12" time="10:45:00">4.786</Value>
			<Value date="2016-02-12" time="11:00:00">4.784</Value>
		</SetofValues>
	</Station>
	<Station stationReference="2029" region="Midland" stationName="Knightsford Bridge LVL" ngr="SO73495573">
		<SetofValues parameter="Water Level" qualifier="Stage" dataType="Instantaneous" period="15 min" units="mASD" startDate="2016-02-12" startTime="10:15:00" endDate="2016-02-12" endTime="11:00:00">
			<Value date="2016-02-12" time="10:15:00">1.509</Value>
			<Value date="2016-02-12" time="10:30:00">1.504</Value>
			<Value date="2016-02-12" time="10:45:00">1.502</Value>
			<Value date="2016-02-12" time="11:00:00">1.499</Value>
		</SetofValues>
	</Station>
	<Station stationReference="2027" region="Midland" stationName="Ebley Mill LVL" ngr="SO8301404627">
		<SetofValues parameter="Water Level" qualifier="Stage" dataType="Instantaneous" period="15 min" units="mASD" startDate="2016-02-12" startTime="10:15:00" endDate="2016-02-12" endTime="11:00:00">
			<Value date="2016-02-12" time="10:15:00">0.691</Value>
			<Value date="2016-02-12" time="10:30:00">0.692</Value>
			<Value date="2016-02-12" time="10:45:00">0.688</Value>
			<Value date="2016-02-12" time="11:00:00">0.692</Value>
		</SetofValues>
	</Station>
	<Station stationReference="2024" region="Midland" stationName="Burcote LVL" ngr="SO74609534">
		<SetofValues parameter="Water Level" qualifier="Stage" dataType="Instantaneous" period="15 min" units="mASD" startDate="2016-02-12" startTime="10:15:00" endDate="2016-02-12" endTime="11:00:00">
			<Value date="2016-02-12" time="10:15:00">0.342</Value>
			<Value date="2016-02-12" time="10:30:00">0.340</Value>
			<Value date="2016-02-12" time="10:45:00">0.340</Value>
			<Value date="2016-02-12" time="11:00:00">0.340</Value>
		</SetofValues>
	</Station>
	<Station stationReference="2017" region="Midland" stationName="Wedderburn Bridge LVL" ngr="SO7766423340">
		<SetofValues parameter="Water Level" qualifier="Stage" dataType="Instantaneous" period="15 min" units="mASD" startDate="2016-02-12" startTime="10:15:00" endDate="2016-02-12" endTime="11:00:00">
			<Value date="2016-02-12" time="10:15:00">1.122</Value>
			<Value date="2016-02-12" time="10:30:00">1.118</Value>
			<Value date="2016-02-12" time="10:45:00">1.115</Value>
			<Value date="2016-02-12" time="11:00:00">1.111</Value>
		</SetofValues>
	</Station>
	<Station stationReference="2016" region="Midland" stationName="Rodington LVL" ngr="SJ58911417">
		<SetofValues parameter="Water Level" qualifier="Stage" dataType="Instantaneous" period="15 min" units="mASD" startDate="2016-02-12" startTime="10:15:00" endDate="2016-02-12" endTime="11:00:00">
			<Value date="2016-02-12" time="10:15:00">0.639</Value>
			<Value date="2016-02-12" time="10:30:00">0.638</Value>
			<Value date="2016-02-12" time="10:45:00">0.636</Value>
			<Value date="2016-02-12" time="11:00:00">0.635</Value>
		</SetofValues>
	</Station>
	<Station stationReference="2015" region="Midland" stationName="Besford Bridge LVL" ngr="SO9269346252">
		<SetofValues parameter="Water Level" qualifier="Stage" dataType="Instantaneous" period="15 min" units="mASD" startDate="2016-02-12" startTime="10:15:00" endDate="2016-02-12" endTime="11:00:00">
			<Value date="2016-02-12" time="10:15:00">0.598</Value>
			<Value date="2016-02-12" time="10:30:00">0.598</Value>
			<Value date="2016-02-12" time="10:45:00">0.599</Value>
			<Value date="2016-02-12" time="11:00:00">0.600</Value>
		</SetofValues>
	</Station>
	<Station stationReference="2011" region="Midland" stationName="Harford Hill LVL" ngr="SO86866193">
		<SetofValues parameter="Water Level" qualifier="Stage" dataType="Instantaneous" period="15 min" units="mASD" startDate="2016-02-12" startTime="10:15:00" endDate="2016-02-12" endTime="11:00:00">
			<Value date="2016-02-12" time="10:15:00">0.326</Value>
			<Value date="2016-02-12" time="10:30:00">0.326</Value>
			<Value date="2016-02-12" time="10:45:00">0.326</Value>
			<Value date="2016-02-12" time="11:00:00">0.326</Value>
		</SetofValues>
	</Station>
	<Station stationReference="2005" region="Midland" stationName="Montford FLOW" ngr="SJ4119014460">
		<SetofValues parameter="Water Level" qualifier="Stage" dataType="Instantaneous" period="15 min" units="mASD" startDate="2016-02-12" startTime="10:15:00" endDate="2016-02-12" endTime="11:00:00">
			<Value date="2016-02-12" time="10:15:00">4.934</Value>
			<Value date="2016-02-12" time="10:30:00">4.926</Value>
			<Value date="2016-02-12" time="10:45:00">4.918</Value>
			<Value date="2016-02-12" time="11:00:00">4.910</Value>
		</SetofValues>
		<SetofValues parameter="Flow" qualifier="Speed" dataType="Instantaneous" period="15 min" units="Ml/d" startDate="2016-02-12" startTime="10:15:00" endDate="2016-02-12" endTime="11:00:00">
			<Value date="2016-02-12" time="10:15:00">14480.47</Value>
			<Value date="2016-02-12" time="10:30:00">14472.43</Value>
			<Value date="2016-02-12" time="10:45:00">14437.79</Value>
			<Value date="2016-02-12" time="11:00:00">14431.56</Value>
		</SetofValues>
	</Station>
	<Station stationReference="2002" region="Midland" stationName="Evesham LVL" ngr="SP0400743741">
		<SetofValues parameter="Water Level" qualifier="Stage" dataType="Instantaneous" period="15 min" units="mASD" startDate="2016-02-12" startTime="10:15:00" endDate="2016-02-12" endTime="11:00:00">
			<Value date="2016-02-12" time="10:15:00">0.937</Value>
			<Value date="2016-02-12" time="10:30:00">0.937</Value>
			<Value date="2016-02-12" time="10:45:00">0.935</Value>
			<Value date="2016-02-12" time="11:00:00">0.933</Value>
		</SetofValues>
	</Station>
	<Station stationReference="2001" region="Midland" stationName="Bewdley FLOW" ngr="SO78237616">
		<SetofValues parameter="Water Level" qualifier="Stage" dataType="Instantaneous" period="15 min" units="mASD" startDate="2016-02-12" startTime="10:30:00" endDate="2016-02-12" endTime="11:00:00">
			<Value date="2016-02-12" time="10:30:00">3.787</Value>
			<Value date="2016-02-12" time="10:45:00">3.783</Value>
			<Value date="2016-02-12" time="11:00:00">3.772</Value>
		</SetofValues>
	</Station>
	<Station stationReference="1812" region="Midland" stationName="Taynton RAIN" ngr="SO7169722417">
		<SetofValues parameter="Rainfall" qualifier="Tipping Bucket Raingauge" dataType="Total" period="15 min" units="mm" startDate="2016-02-12" startTime="10:15:00" endDate="2016-02-12" endTime="11:00:00">
			<Value date="2016-02-12" time="10:15:00">0.0</Value>
			<Value date="2016-02-12" time="10:30:00">0.0</Value>
			<Value date="2016-02-12" time="10:45:00">0.0</Value>
			<Value date="2016-02-12" time="11:00:00">0.0</Value>
		</SetofValues>
	</Station>
	<Station stationReference="1773" region="Midland" stationName="Hindlip RAIN" ngr="SO8810058200">
		<SetofValues parameter="Rainfall" qualifier="Tipping Bucket Raingauge" dataType="Total" period="15 min" units="mm" startDate="2016-02-12" startTime="10:15:00" endDate="2016-02-12" endTime="11:00:00">
			<Value date="2016-02-12" time="10:15:00">0.0</Value>
			<Value date="2016-02-12" time="10:30:00">0.0</Value>
			<Value date="2016-02-12" time="10:45:00">0.0</Value>
			<Value date="2016-02-12" time="11:00:00">0.0</Value>
		</SetofValues>
	</Station>
	<Station stationReference="1771" region="Midland" stationName="Prees RAIN" ngr="SJ57243506">
		<SetofValues parameter="Rainfall" qualifier="Tipping Bucket Raingauge" dataType="Total" period="15 min" units="mm" startDate="2016-02-12" startTime="10:15:00" endDate="2016-02-12" endTime="11:00:00">
			<Value date="2016-02-12" time="10:15:00">0.0</Value>
			<Value date="2016-02-12" time="10:30:00">0.0</Value>
			<Value date="2016-02-12" time="10:45:00">0.0</Value>
			<Value date="2016-02-12" time="11:00:00">0.0</Value>
		</SetofValues>
	</Station>
	<Station stationReference="1769" region="Midland" stationName="Crowle RAIN" ngr="SO9345555757">
		<SetofValues parameter="Rainfall" qualifier="Tipping Bucket Raingauge" dataType="Total" period="15 min" units="mm" startDate="2016-02-12" startTime="10:15:00" endDate="2016-02-12" endTime="11:00:00">
			<Value date="2016-02-12" time="10:15:00">0.0</Value>
			<Value date="2016-02-12" time="10:30:00">0.0</Value>
			<Value date="2016-02-12" time="10:45:00">0.0</Value>
			<Value date="2016-02-12" time="11:00:00">0.0</Value>
		</SetofValues>
	</Station>
	<Station stationReference="1761" region="Midland" stationName="Chipping Campden RAIN" ngr="SP1631739235">
		<SetofValues parameter="Rainfall" qualifier="Tipping Bucket Raingauge" dataType="Total" period="15 min" units="mm" startDate="2016-02-12" startTime="10:15:00" endDate="2016-02-12" endTime="11:00:00">
			<Value date="2016-02-12" time="10:15:00">0.0</Value>
			<Value date="2016-02-12" time="10:30:00">0.0</Value>
			<Value date="2016-02-12" time="10:45:00">0.0</Value>
			<Value date="2016-02-12" time="11:00:00">0.0</Value>
		</SetofValues>
	</Station>
	<Station stationReference="1760" region="Midland" stationName="Sheriffs Lench RAIN" ngr="SP0184749158">
		<SetofValues parameter="Rainfall" qualifier="Tipping Bucket Raingauge" dataType="Total" period="15 min" units="mm" startDate="2016-02-12" startTime="10:15:00" endDate="2016-02-12" endTime="11:00:00">
			<Value date="2016-02-12" time="10:15:00">0.0</Value>
			<Value date="2016-02-12" time="10:30:00">0.0</Value>
			<Value date="2016-02-12" time="10:45:00">0.0</Value>
			<Value date="2016-02-12" time="11:00:00">0.0</Value>
		</SetofValues>
	</Station>
	<Station stationReference="1747" region="Midland" stationName="Ercall RAIN" ngr="SJ66512333">
		<SetofValues parameter="Rainfall" qualifier="Tipping Bucket Raingauge" dataType="Total" period="15 min" units="mm" startDate="2016-02-12" startTime="10:15:00" endDate="2016-02-12" endTime="11:00:00">
			<Value date="2016-02-12" time="10:15:00">0.0</Value>
			<Value date="2016-02-12" time="10:30:00">0.0</Value>
			<Value date="2016-02-12" time="10:45:00">0.0</Value>
			<Value date="2016-02-12" time="11:00:00">0.0</Value>
		</SetofValues>
	</Station>
	<Station stationReference="1712" region="Midland" stationName="Cosford Ww RAIN" ngr="SJ7802004670">
		<SetofValues parameter="Rainfall" qualifier="Tipping Bucket Raingauge" dataType="Total" period="15 min" units="mm" startDate="2016-02-12" startTime="10:15:00" endDate="2016-02-12" endTime="11:00:00">
			<Value date="2016-02-12" time="10:15:00">0.0</Value>
			<Value date="2016-02-12" time="10:30:00">0.0</Value>
			<Value date="2016-02-12" time="10:45:00">0.0</Value>
			<Value date="2016-02-12" time="11:00:00">0.0</Value>
		</SetofValues>
	</Station>
	<Station stationReference="1552" region="Midland" stationName="Bratch RAIN" ngr="SO8699793783">
		<SetofValues parameter="Rainfall" qualifier="Tipping Bucket Raingauge" dataType="Total" period="15 min" units="mm" startDate="2016-02-12" startTime="10:15:00" endDate="2016-02-12" endTime="11:00:00">
			<Value date="2016-02-12" time="10:15:00">0.0</Value>
			<Value date="2016-02-12" time="10:30:00">0.0</Value>
			<Value date="2016-02-12" time="10:45:00">0.0</Value>
			<Value date="2016-02-12" time="11:00:00">0.0</Value>
		</SetofValues>
	</Station>
	<Station stationReference="1548" region="Midland" stationName="Trimpley RAIN" ngr="SO77287893">
		<SetofValues parameter="Rainfall" qualifier="Tipping Bucket Raingauge" dataType="Total" period="15 min" units="mm" startDate="2016-02-12" startTime="10:15:00" endDate="2016-02-12" endTime="11:00:00">
			<Value date="2016-02-12" time="10:15:00">0.0</Value>
			<Value date="2016-02-12" time="10:30:00">0.0</Value>
			<Value date="2016-02-12" time="10:45:00">0.0</Value>
			<Value date="2016-02-12" time="11:00:00">0.0</Value>
		</SetofValues>
	</Station>
	<Station stationReference="1413" region="Midland" stationName="Hartlebury RAIN" ngr="SO84656978">
		<SetofValues parameter="Rainfall" qualifier="Tipping Bucket Raingauge" dataType="Total" period="15 min" units="mm" startDate="2016-02-12" startTime="10:15:00" endDate="2016-02-12" endTime="11:00:00">
			<Value date="2016-02-12" time="10:15:00">0.0</Value>
			<Value date="2016-02-12" time="10:30:00">0.0</Value>
			<Value date="2016-02-12" time="10:45:00">0.0</Value>
			<Value date="2016-02-12" time="11:00:00">0.0</Value>
		</SetofValues>
	</Station>
	<Station stationReference="1332" region="Midland" stationName="Walkmills RAIN" ngr="SO46759932">
		<SetofValues parameter="Rainfall" qualifier="Tipping Bucket Raingauge" dataType="Total" period="15 min" units="mm" startDate="2016-02-12" startTime="10:15:00" endDate="2016-02-12" endTime="11:00:00">
			<Value date="2016-02-12" time="10:15:00">0.0</Value>
			<Value date="2016-02-12" time="10:30:00">0.0</Value>
			<Value date="2016-02-12" time="10:45:00">0.0</Value>
			<Value date="2016-02-12" time="11:00:00">0.0</Value>
		</SetofValues>
	</Station>
	<Station stationReference="1331" region="Midland" stationName="Willey RAIN" ngr="SO68169994">
		<SetofValues parameter="Rainfall" qualifier="Tipping Bucket Raingauge" dataType="Total" period="15 min" units="mm" startDate="2016-02-12" startTime="10:15:00" endDate="2016-02-12" endTime="11:00:00">
			<Value date="2016-02-12" time="10:15:00">0.0</Value>
			<Value date="2016-02-12" time="10:30:00">0.0</Value>
			<Value date="2016-02-12" time="10:45:00">0.0</Value>
			<Value date="2016-02-12" time="11:00:00">0.0</Value>
		</SetofValues>
	</Station>
	<Station stationReference="1201" region="Midland" stationName="Alvechurch RAIN" ngr="SP0317771748">
		<SetofValues parameter="Rainfall" qualifier="Tipping Bucket Raingauge" dataType="Total" period="15 min" units="mm" startDate="2016-02-12" startTime="10:15:00" endDate="2016-02-12" endTime="11:00:00">
			<Value date="2016-02-12" time="10:15:00">0.0</Value>
			<Value date="2016-02-12" time="10:30:00">0.0</Value>
			<Value date="2016-02-12" time="10:45:00">0.0</Value>
			<Value date="2016-02-12" time="11:00:00">0.0</Value>
		</SetofValues>
	</Station>
	<Station stationReference="1155" region="Midland" stationName="Stanford Reservoir RAIN" ngr="SP5958380259">
		<SetofValues parameter="Rainfall" qualifier="Tipping Bucket Raingauge" dataType="Total" period="15 min" units="mm" startDate="2016-02-12" startTime="10:15:00" endDate="2016-02-12" endTime="11:00:00">
			<Value date="2016-02-12" time="10:15:00">0.0</Value>
			<Value date="2016-02-12" time="10:30:00">0.0</Value>
			<Value date="2016-02-12" time="10:45:00">0.0</Value>
			<Value date="2016-02-12" time="11:00:00">0.0</Value>
		</SetofValues>
	</Station>
	<Station stationReference="1141" region="Midland" stationName="Miserden RAIN" ngr="SO9367908745">
		<SetofValues parameter="Rainfall" qualifier="Tipping Bucket Raingauge" dataType="Total" period="15 min" units="mm" startDate="2016-02-12" startTime="10:15:00" endDate="2016-02-12" endTime="11:00:00">
			<Value date="2016-02-12" time="10:15:00">0.0</Value>
			<Value date="2016-02-12" time="10:30:00">0.0</Value>
			<Value date="2016-02-12" time="10:45:00">0.0</Value>
			<Value date="2016-02-12" time="11:00:00">0.0</Value>
		</SetofValues>
	</Station>
	<Station stationReference="1140" region="Midland" stationName="Dowdeswell RAIN" ngr="SO9876919616">
		<SetofValues parameter="Rainfall" qualifier="Tipping Bucket Raingauge" dataType="Total" period="15 min" units="mm" startDate="2016-02-12" startTime="10:15:00" endDate="2016-02-12" endTime="11:00:00">
			<Value date="2016-02-12" time="10:15:00">0.0</Value>
			<Value date="2016-02-12" time="10:30:00">0.0</Value>
			<Value date="2016-02-12" time="10:45:00">0.0</Value>
			<Value date="2016-02-12" time="11:00:00">0.0</Value>
		</SetofValues>
	</Station>
	<Station stationReference="1121" region="Midland" stationName="Monkmoor RAIN" ngr="SJ51681360">
		<SetofValues parameter="Rainfall" qualifier="Tipping Bucket Raingauge" dataType="Total" period="15 min" units="mm" startDate="2016-02-12" startTime="10:15:00" endDate="2016-02-12" endTime="11:00:00">
			<Value date="2016-02-12" time="10:15:00">0.0</Value>
			<Value date="2016-02-12" time="10:30:00">0.0</Value>
			<Value date="2016-02-12" time="10:45:00">0.0</Value>
			<Value date="2016-02-12" time="11:00:00">0.0</Value>
		</SetofValues>
	</Station>
	<Station stationReference="1119" region="Midland" stationName="Ledbury Wrw RAIN" ngr="SO7023337123">
		<SetofValues parameter="Rainfall" qualifier="Tipping Bucket Raingauge" dataType="Total" period="15 min" units="mm" startDate="2016-02-12" startTime="10:15:00" endDate="2016-02-12" endTime="11:00:00">
			<Value date="2016-02-12" time="10:15:00">0.0</Value>
			<Value date="2016-02-12" time="10:30:00">0.0</Value>
			<Value date="2016-02-12" time="10:45:00">0.0</Value>
			<Value date="2016-02-12" time="11:00:00">0.0</Value>
		</SetofValues>
	</Station>
	<Station stationReference="1117" region="Midland" stationName="Parkend RAIN" ngr="SO5785106873">
		<SetofValues parameter="Rainfall" qualifier="Tipping Bucket Raingauge" dataType="Total" period="15 min" units="mm" startDate="2016-02-12" startTime="10:15:00" endDate="2016-02-12" endTime="11:00:00">
			<Value date="2016-02-12" time="10:15:00">0.0</Value>
			<Value date="2016-02-12" time="10:30:00">0.0</Value>
			<Value date="2016-02-12" time="10:45:00">0.0</Value>
			<Value date="2016-02-12" time="11:00:00">0.0</Value>
		</SetofValues>
	</Station>
	<Station stationReference="1040" region="Midland" stationName="Henley In Arden Ps RAIN" ngr="SP1549467906">
		<SetofValues parameter="Rainfall" qualifier="Tipping Bucket Raingauge" dataType="Total" period="15 min" units="mm" startDate="2016-02-12" startTime="10:15:00" endDate="2016-02-12" endTime="11:00:00">
			<Value date="2016-02-12" time="10:15:00">0.0</Value>
			<Value date="2016-02-12" time="10:30:00">0.0</Value>
			<Value date="2016-02-12" time="10:45:00">0.0</Value>
			<Value date="2016-02-12" time="11:00:00">0.0</Value>
		</SetofValues>
	</Station>
</EATimeSeriesDataExchangeFormat>
