<?xml version="1.0" standalone="yes"?>
<EATimeSeriesDataExchangeFormat xmlns="http://www.environment-agency.gov.uk/XMLSchemas/EATimeSeriesDataExchangeFormat" xmlns:md="http://www.environment-agency.gov.uk/XMLSchemas/EAMetadataFormat" xmlns:xsi="http://www.w3.org/2001/XMLSchema-instance" xsi:schemaLocation="http://www.environment-agency.gov.uk/XMLSchemas/EATimeSeriesDataExchangeFormat EATimeSeriesDataExchangeFormat.xsd">
	<md:Publisher>Environment Agency</md:Publisher>
	<md:Source>Midland Regional Telemetry System</md:Source>
	<md:Description>Automated telemetry data export process</md:Description>
	<md:Creator>SCX 6</md:Creator>
	<md:Date>2016-02-12</md:Date>
	<md:Time>14:38:11</md:Time>
	<md:Identifier>MISAPSCXAS1</md:Identifier>
	<Station stationReference="4131" region="Midland" stationName="Willington LVL" ngr="SK29522785">
		<SetofValues parameter="Water Level" qualifier="Stage" dataType="Instantaneous" period="15 min" units="mASD" startDate="2016-02-12" startTime="14:30:00" endDate="2016-02-12" endTime="14:30:00">
			<Value date="2016-02-12" time="14:30:00">2.012</Value>
		</SetofValues>
	</Station>
	<Station stationReference="4127" region="Midland" stationName="Cranfleet Lock LVL" ngr="SK50243159">
		<SetofValues parameter="Water Level" qualifier="Stage" dataType="Instantaneous" period="15 min" units="mASD" startDate="2016-02-12" startTime="14:30:00" endDate="2016-02-12" endTime="14:30:00">
			<Value date="2016-02-12" time="14:30:00">2.284</Value>
		</SetofValues>
	</Station>
	<Station stationReference="4019" region="Midland" stationName="Drakelow LVL" ngr="SK23912039">
		<SetofValues parameter="Water Level" qualifier="Stage" dataType="Instantaneous" period="15 min" units="mASD" startDate="2016-02-12" startTime="14:30:00" endDate="2016-02-12" endTime="14:30:00">
			<Value date="2016-02-12" time="14:30:00">1.798</Value>
		</SetofValues>
	</Station>
	<Station stationReference="4018" region="Midland" stationName="Marston On Dove LVL" ngr="SK23742884">
		<SetofValues parameter="Water Level" qualifier="Stage" dataType="Instantaneous" period="15 min" units="mASD" startDate="2016-02-12" startTime="14:30:00" endDate="2016-02-12" endTime="14:30:00">
			<Value date="2016-02-12" time="14:30:00">0.868</Value>
		</SetofValues>
	</Station>
	<Station stationReference="4007" region="Midland" stationName="Shardlow FLOW" ngr="SK4480029960">
		<SetofValues parameter="Water Level" qualifier="Stage" dataType="Instantaneous" period="15 min" units="mASD" startDate="2016-02-12" startTime="14:30:00" endDate="2016-02-12" endTime="14:30:00">
			<Value date="2016-02-12" time="14:30:00">1.610</Value>
		</SetofValues>
	</Station>
	<Station stationReference="2619" region="Midland" stationName="Sandhurst LVL" ngr="SO8279221039">
		<SetofValues parameter="Water Level" qualifier="Stage" dataType="Instantaneous" period="15 min" units="mASD" startDate="2016-02-12" startTime="14:15:00" endDate="2016-02-12" endTime="14:30:00">
			<Value date="2016-02-12" time="14:15:00">3.737</Value>
			<Value date="2016-02-12" time="14:30:00">3.739</Value>
		</SetofValues>
	</Station>
	<Station stationReference="2618" region="Midland" stationName="Sandhurst LVL" ngr="SO8277821023">
		<SetofValues parameter="Water Level" qualifier="Stage" dataType="Instantaneous" period="15 min" units="mASD" startDate="2016-02-12" startTime="14:15:00" endDate="2016-02-12" endTime="14:30:00">
			<Value date="2016-02-12" time="14:15:00">3.905</Value>
			<Value date="2016-02-12" time="14:30:00">3.888</Value>
		</SetofValues>
	</Station>
	<Station stationReference="2188" region="Midland" stationName="Leigh Court LVL" ngr="SO8651625343">
		<SetofValues parameter="Water Level" qualifier="Stage" dataType="Instantaneous" period="15 min" units="mASD" startDate="2016-02-12" startTime="14:15:00" endDate="2016-02-12" endTime="14:30:00">
			<Value date="2016-02-12" time="14:15:00">2.989</Value>
			<Value date="2016-02-12" time="14:30:00">2.989</Value>
		</SetofValues>
	</Station>
	<Station stationReference="2165" region="Midland" stationName="Gloucester Docks LVL" ngr="SO8268718488">
		<SetofValues parameter="Water Level" qualifier="Stage" dataType="Instantaneous" period="15 min" units="mASD" startDate="2016-02-12" startTime="14:30:00" endDate="2016-02-12" endTime="14:30:00">
			<Value date="2016-02-12" time="14:30:00">3.575</Value>
		</SetofValues>
	</Station>
	<Station stationReference="2087" region="Midland" stationName="Mythe Bridge LVL" ngr="SO8889933722">
		<SetofValues parameter="Water Level" qualifier="Stage" dataType="Instantaneous" period="15 min" units="mASD" startDate="2016-02-12" startTime="14:30:00" endDate="2016-02-12" endTime="14:30:00">
			<Value date="2016-02-12" time="14:30:00">4.056</Value>
		</SetofValues>
	</Station>
	<Station stationReference="2071" region="Midland" stationName="Ashleworth LVL" ngr="SO8182924969">
		<SetofValues parameter="Water Level" qualifier="Stage" dataType="Instantaneous" period="15 min" units="mASD" startDate="2016-02-12" startTime="14:15:00" endDate="2016-02-12" endTime="14:30:00">
			<Value date="2016-02-12" time="14:15:00">4.545</Value>
			<Value date="2016-02-12" time="14:30:00">4.541</Value>
		</SetofValues>
	</Station>
	<Station stationReference="2057" region="Midland" stationName="Haw Bridge LVL" ngr="SO8449127878">
		<SetofValues parameter="Water Level" qualifier="Stage" dataType="Instantaneous" period="15 min" units="mASD" startDate="2016-02-12" startTime="14:15:00" endDate="2016-02-12" endTime="14:30:00">
			<Value date="2016-02-12" time="14:15:00">5.012</Value>
			<Value date="2016-02-12" time="14:30:00">5.013</Value>
		</SetofValues>
	</Station>
</EATimeSeriesDataExchangeFormat>
