<?xml version="1.0" standalone="yes"?>
<EATimeSeriesDataExchangeFormat xmlns="http://www.environment-agency.gov.uk/XMLSchemas/EATimeSeriesDataExchangeFormat" xmlns:md="http://www.environment-agency.gov.uk/XMLSchemas/EAMetadataFormat" xmlns:xsi="http://www.w3.org/2001/XMLSchema-instance" xsi:schemaLocation="http://www.environment-agency.gov.uk/XMLSchemas/EATimeSeriesDataExchangeFormat EATimeSeriesDataExchangeFormat.xsd">
	<md:Publisher>Environment Agency</md:Publisher>
	<md:Source>Midland Regional Telemetry System</md:Source>
	<md:Description>Automated telemetry data export process</md:Description>
	<md:Creator>SCX 6</md:Creator>
	<md:Date>2016-02-12</md:Date>
	<md:Time>14:29:25</md:Time>
	<md:Identifier>MISAPSCXAS1</md:Identifier>
	<Station stationReference="4131" region="Midland" stationName="Willington LVL" ngr="SK29522785">
		<SetofValues parameter="Water Level" qualifier="Stage" dataType="Instantaneous" period="15 min" units="mASD" startDate="2016-02-12" startTime="08:45:00" endDate="2016-02-12" endTime="14:15:00">
			<Value date="2016-02-12" time="08:45:00">2.086</Value>
			<Value date="2016-02-12" time="09:00:00">2.082</Value>
			<Value date="2016-02-12" time="09:15:00">2.078</Value>
			<Value date="2016-02-12" time="09:30:00">2.076</Value>
			<Value date="2016-02-12" time="09:45:00">2.072</Value>
			<Value date="2016-02-12" time="10:00:00">2.068</Value>
			<Value date="2016-02-12" time="10:15:00">2.066</Value>
			<Value date="2016-02-12" time="10:30:00">2.063</Value>
			<Value date="2016-02-12" time="10:45:00">2.060</Value>
			<Value date="2016-02-12" time="11:00:00">2.056</Value>
			<Value date="2016-02-12" time="11:15:00">2.052</Value>
			<Value date="2016-02-12" time="11:30:00">2.050</Value>
			<Value date="2016-02-12" time="11:45:00">2.047</Value>
			<Value date="2016-02-12" time="12:00:00">2.044</Value>
			<Value date="2016-02-12" time="12:15:00">2.040</Value>
			<Value date="2016-02-12" time="12:30:00">2.038</Value>
			<Value date="2016-02-12" time="12:45:00">2.035</Value>
			<Value date="2016-02-12" time="13:00:00">2.031</Value>
			<Value date="2016-02-12" time="13:15:00">2.028</Value>
			<Value date="2016-02-12" time="13:30:00">2.026</Value>
			<Value date="2016-02-12" time="13:45:00">2.022</Value>
			<Value date="2016-02-12" time="14:00:00">2.019</Value>
			<Value date="2016-02-12" time="14:15:00">2.016</Value>
		</SetofValues>
	</Station>
	<Station stationReference="4127" region="Midland" stationName="Cranfleet Lock LVL" ngr="SK50243159">
		<SetofValues parameter="Water Level" qualifier="Stage" dataType="Instantaneous" period="15 min" units="mASD" startDate="2016-02-12" startTime="08:45:00" endDate="2016-02-12" endTime="14:15:00">
			<Value date="2016-02-12" time="08:45:00">2.376</Value>
			<Value date="2016-02-12" time="09:00:00">2.377</Value>
			<Value date="2016-02-12" time="09:15:00">2.369</Value>
			<Value date="2016-02-12" time="09:30:00">2.369</Value>
			<Value date="2016-02-12" time="09:45:00">2.359</Value>
			<Value date="2016-02-12" time="10:00:00">2.349</Value>
			<Value date="2016-02-12" time="10:15:00">2.342</Value>
			<Value date="2016-02-12" time="10:30:00">2.340</Value>
			<Value date="2016-02-12" time="10:45:00">2.335</Value>
			<Value date="2016-02-12" time="11:00:00">2.326</Value>
			<Value date="2016-02-12" time="11:15:00">2.326</Value>
			<Value date="2016-02-12" time="11:30:00">2.324</Value>
			<Value date="2016-02-12" time="11:45:00">2.320</Value>
			<Value date="2016-02-12" time="12:00:00">2.308</Value>
			<Value date="2016-02-12" time="12:15:00">2.308</Value>
			<Value date="2016-02-12" time="12:30:00">2.301</Value>
			<Value date="2016-02-12" time="12:45:00">2.302</Value>
			<Value date="2016-02-12" time="13:00:00">2.302</Value>
			<Value date="2016-02-12" time="13:15:00">2.304</Value>
			<Value date="2016-02-12" time="13:30:00">2.292</Value>
			<Value date="2016-02-12" time="13:45:00">2.293</Value>
			<Value date="2016-02-12" time="14:00:00">2.293</Value>
			<Value date="2016-02-12" time="14:15:00">2.283</Value>
		</SetofValues>
	</Station>
	<Station stationReference="4019" region="Midland" stationName="Drakelow LVL" ngr="SK23912039">
		<SetofValues parameter="Water Level" qualifier="Stage" dataType="Instantaneous" period="15 min" units="mASD" startDate="2016-02-12" startTime="09:15:00" endDate="2016-02-12" endTime="14:15:00">
			<Value date="2016-02-12" time="09:15:00">1.844</Value>
			<Value date="2016-02-12" time="09:30:00">1.840</Value>
			<Value date="2016-02-12" time="09:45:00">1.836</Value>
			<Value date="2016-02-12" time="10:00:00">1.838</Value>
			<Value date="2016-02-12" time="10:15:00">1.833</Value>
			<Value date="2016-02-12" time="10:30:00">1.830</Value>
			<Value date="2016-02-12" time="10:45:00">1.833</Value>
			<Value date="2016-02-12" time="11:00:00">1.830</Value>
			<Value date="2016-02-12" time="11:15:00">1.828</Value>
			<Value date="2016-02-12" time="11:30:00">1.818</Value>
			<Value date="2016-02-12" time="11:45:00">1.822</Value>
			<Value date="2016-02-12" time="12:00:00">1.817</Value>
			<Value date="2016-02-12" time="12:15:00">1.816</Value>
			<Value date="2016-02-12" time="12:30:00">1.815</Value>
			<Value date="2016-02-12" time="12:45:00">1.812</Value>
			<Value date="2016-02-12" time="13:00:00">1.811</Value>
			<Value date="2016-02-12" time="13:15:00">1.806</Value>
			<Value date="2016-02-12" time="13:30:00">1.805</Value>
			<Value date="2016-02-12" time="13:45:00">1.808</Value>
			<Value date="2016-02-12" time="14:00:00">1.800</Value>
			<Value date="2016-02-12" time="14:15:00">1.798</Value>
		</SetofValues>
	</Station>
	<Station stationReference="4018" region="Midland" stationName="Marston On Dove LVL" ngr="SK23742884">
		<SetofValues parameter="Water Level" qualifier="Stage" dataType="Instantaneous" period="15 min" units="mASD" startDate="2016-02-12" startTime="14:15:00" endDate="2016-02-12" endTime="14:15:00">
			<Value date="2016-02-12" time="14:15:00">0.869</Value>
		</SetofValues>
	</Station>
	<Station stationReference="4007" region="Midland" stationName="Shardlow FLOW" ngr="SK4480029960">
		<SetofValues parameter="Water Level" qualifier="Stage" dataType="Instantaneous" period="15 min" units="mASD" startDate="2016-02-12" startTime="11:45:00" endDate="2016-02-12" endTime="14:15:00">
			<Value date="2016-02-12" time="11:45:00">1.644</Value>
			<Value date="2016-02-12" time="12:00:00">1.640</Value>
			<Value date="2016-02-12" time="12:15:00">1.638</Value>
			<Value date="2016-02-12" time="12:30:00">1.636</Value>
			<Value date="2016-02-12" time="12:45:00">1.630</Value>
			<Value date="2016-02-12" time="13:00:00">1.628</Value>
			<Value date="2016-02-12" time="13:15:00">1.628</Value>
			<Value date="2016-02-12" time="13:30:00">1.624</Value>
			<Value date="2016-02-12" time="13:45:00">1.620</Value>
			<Value date="2016-02-12" time="14:00:00">1.616</Value>
			<Value date="2016-02-12" time="14:15:00">1.614</Value>
		</SetofValues>
	</Station>
	<Station stationReference="2292" region="Midland" stationName="Avonmouth Lighthouse TL" ngr="ST5026079050">
		<SetofValues parameter="Water Level" qualifier="Stage" dataType="Instantaneous" period="5 min" units="mASD" startDate="2016-02-12" startTime="14:05:00" endDate="2016-02-12" endTime="14:25:00">
			<Value date="2016-02-12" time="14:05:00">4.787</Value>
			<Value date="2016-02-12" time="14:10:00">4.619</Value>
			<Value date="2016-02-12" time="14:15:00">4.461</Value>
			<Value date="2016-02-12" time="14:20:00">4.299</Value>
			<Value date="2016-02-12" time="14:25:00">4.138</Value>
		</SetofValues>
	</Station>
	<Station stationReference="2195" region="Midland" stationName="Sharpness TL" ngr="SO6674102185">
		<SetofValues parameter="Water Level" qualifier="Stage" dataType="Instantaneous" period="5 min" units="mASD" startDate="2016-02-12" startTime="14:05:00" endDate="2016-02-12" endTime="14:25:00">
			<Value date="2016-02-12" time="14:05:00">2.881</Value>
			<Value date="2016-02-12" time="14:10:00">2.800</Value>
			<Value date="2016-02-12" time="14:15:00">2.706</Value>
			<Value date="2016-02-12" time="14:20:00">2.607</Value>
			<Value date="2016-02-12" time="14:25:00">2.547</Value>
		</SetofValues>
	</Station>
	<Station stationReference="2153" region="Midland" stationName="Epney TL" ngr="SO7608711002">
		<SetofValues parameter="Water Level" qualifier="Stage" dataType="Instantaneous" period="15 min" units="mASD" startDate="2016-02-12" startTime="14:15:00" endDate="2016-02-12" endTime="14:15:00">
			<Value date="2016-02-12" time="14:15:00">3.324</Value>
		</SetofValues>
	</Station>
</EATimeSeriesDataExchangeFormat>
