<?xml version="1.0" standalone="yes"?>
<EATimeSeriesDataExchangeFormat xmlns="http://www.environment-agency.gov.uk/XMLSchemas/EATimeSeriesDataExchangeFormat" xmlns:md="http://www.environment-agency.gov.uk/XMLSchemas/EAMetadataFormat" xmlns:xsi="http://www.w3.org/2001/XMLSchema-instance" xsi:schemaLocation="http://www.environment-agency.gov.uk/XMLSchemas/EATimeSeriesDataExchangeFormat EATimeSeriesDataExchangeFormat.xsd">
	<md:Publisher>Environment Agency</md:Publisher>
	<md:Source>Midland Regional Telemetry System</md:Source>
	<md:Description>Automated telemetry data export process</md:Description>
	<md:Creator>SCX 6</md:Creator>
	<md:Date>2016-02-12</md:Date>
	<md:Time>10:59:46</md:Time>
	<md:Identifier>MISAPSCXAS1</md:Identifier>
	<Station stationReference="2038" region="Midland" stationName="Llanyblodwel LVL" ngr="SJ25232244">
		<SetofValues parameter="Water Level" qualifier="Stage" dataType="Instantaneous" period="15 min" units="mASD" startDate="2016-02-12" startTime="09:15:00" endDate="2016-02-12" endTime="10:45:00">
			<Value date="2016-02-12" time="09:15:00">0.840</Value>
			<Value date="2016-02-12" time="09:30:00">0.840</Value>
			<Value date="2016-02-12" time="09:45:00">0.841</Value>
			<Value date="2016-02-12" time="10:00:00">0.840</Value>
			<Value date="2016-02-12" time="10:15:00">0.835</Value>
			<Value date="2016-02-12" time="10:30:00">0.834</Value>
			<Value date="2016-02-12" time="10:45:00">0.834</Value>
		</SetofValues>
	</Station>
</EATimeSeriesDataExchangeFormat>
