<?xml version="1.0" standalone="yes"?>
<EATimeSeriesDataExchangeFormat xmlns="http://www.environment-agency.gov.uk/XMLSchemas/EATimeSeriesDataExchangeFormat" xmlns:md="http://www.environment-agency.gov.uk/XMLSchemas/EAMetadataFormat" xmlns:xsi="http://www.w3.org/2001/XMLSchema-instance" xsi:schemaLocation="http://www.environment-agency.gov.uk/XMLSchemas/EATimeSeriesDataExchangeFormat EATimeSeriesDataExchangeFormat.xsd">
	<md:Publisher>Environment Agency</md:Publisher>
	<md:Source>Midland Regional Telemetry System</md:Source>
	<md:Description>Automated telemetry data export process</md:Description>
	<md:Creator>SCX 6</md:Creator>
	<md:Date>2016-02-12</md:Date>
	<md:Time>10:02:26</md:Time>
	<md:Identifier>MISAPSCXAS1</md:Identifier>
	<Station stationReference="3580" region="Midland" stationName="Carsington Dam RAIN">
		<SetofValues parameter="Rainfall" qualifier="Tipping Bucket Raingauge" dataType="Total" period="15 min" units="mm" startDate="2016-02-12" startTime="09:15:00" endDate="2016-02-12" endTime="10:00:00">
			<Value date="2016-02-12" time="09:15:00">0.2</Value>
			<Value date="2016-02-12" time="09:30:00">0.4</Value>
			<Value date="2016-02-12" time="09:45:00">0.0</Value>
			<Value date="2016-02-12" time="10:00:00">0.2</Value>
		</SetofValues>
	</Station>
	<Station stationReference="3574" region="Midland" stationName="Draycott RAIN" ngr="SK4310033580">
		<SetofValues parameter="Rainfall" qualifier="Tipping Bucket Raingauge" dataType="Total" period="15 min" units="mm" startDate="2016-02-12" startTime="09:15:00" endDate="2016-02-12" endTime="10:00:00">
			<Value date="2016-02-12" time="09:15:00">0.4</Value>
			<Value date="2016-02-12" time="09:30:00">0.8</Value>
			<Value date="2016-02-12" time="09:45:00">0.4</Value>
			<Value date="2016-02-12" time="10:00:00">0.0</Value>
		</SetofValues>
	</Station>
	<Station stationReference="3167" region="Midland" stationName="Frankley RAIN" ngr="SP00728015">
		<SetofValues parameter="Temperature" qualifier="Dry Bulb" dataType="Instantaneous" period="15 min" units="deg C" startDate="2016-02-12" startTime="10:00:00" endDate="2016-02-12" endTime="10:00:00">
			<Value date="2016-02-12" time="10:00:00">2.6</Value>
		</SetofValues>
		<SetofValues parameter="Rainfall" qualifier="Tipping Bucket Raingauge" dataType="Total" period="15 min" units="mm" startDate="2016-02-12" startTime="09:15:00" endDate="2016-02-12" endTime="10:00:00">
			<Value date="2016-02-12" time="09:15:00">0.0</Value>
			<Value date="2016-02-12" time="09:30:00">0.0</Value>
			<Value date="2016-02-12" time="09:45:00">0.0</Value>
			<Value date="2016-02-12" time="10:00:00">0.0</Value>
		</SetofValues>
	</Station>
	<Station stationReference="2872" region="Midland" stationName="Perdiswell LVL" ngr="SO85535777">
		<SetofValues parameter="Water Level" qualifier="Stage" dataType="Instantaneous" period="15 min" units="mASD" startDate="2016-02-12" startTime="09:15:00" endDate="2016-02-12" endTime="10:00:00">
			<Value date="2016-02-12" time="09:15:00">0.436</Value>
			<Value date="2016-02-12" time="09:30:00">0.437</Value>
			<Value date="2016-02-12" time="09:45:00">0.436</Value>
			<Value date="2016-02-12" time="10:00:00">0.435</Value>
		</SetofValues>
	</Station>
	<Station stationReference="2832" region="Midland" stationName="Maesbrook LVL" ngr="SJ30092074">
		<SetofValues parameter="Water Level" qualifier="Stage" dataType="Instantaneous" period="15 min" units="mASD" startDate="2016-02-12" startTime="09:15:00" endDate="2016-02-12" endTime="10:00:00">
			<Value date="2016-02-12" time="09:15:00">0.398</Value>
			<Value date="2016-02-12" time="09:30:00">0.397</Value>
			<Value date="2016-02-12" time="09:45:00">0.396</Value>
			<Value date="2016-02-12" time="10:00:00">0.395</Value>
		</SetofValues>
	</Station>
	<Station stationReference="2831" region="Midland" stationName="Cae Howel LVL" ngr="SJ34471709">
		<SetofValues parameter="Water Level" qualifier="Stage" dataType="Instantaneous" period="15 min" units="mASD" startDate="2016-02-12" startTime="09:15:00" endDate="2016-02-12" endTime="10:00:00">
			<Value date="2016-02-12" time="09:15:00">5.010</Value>
			<Value date="2016-02-12" time="09:30:00">5.010</Value>
			<Value date="2016-02-12" time="09:45:00">5.004</Value>
			<Value date="2016-02-12" time="10:00:00">4.997</Value>
		</SetofValues>
	</Station>
	<Station stationReference="2830" region="Midland" stationName="Hayes Basin LVL" ngr="SJ3523015720">
		<SetofValues parameter="Water Level" qualifier="Stage" dataType="Instantaneous" period="15 min" units="mASD" startDate="2016-02-12" startTime="09:15:00" endDate="2016-02-12" endTime="10:00:00">
			<Value date="2016-02-12" time="09:15:00">2.430</Value>
			<Value date="2016-02-12" time="09:30:00">2.420</Value>
			<Value date="2016-02-12" time="09:45:00">2.420</Value>
			<Value date="2016-02-12" time="10:00:00">2.420</Value>
		</SetofValues>
	</Station>
	<Station stationReference="2711" region="Midland" stationName="Sedgeberrow PS" ngr="SP0260938700">
		<SetofValues parameter="Water Level" qualifier="Stage" dataType="Instantaneous" period="15 min" units="mASD" startDate="2016-02-12" startTime="09:15:00" endDate="2016-02-12" endTime="10:00:00">
			<Value date="2016-02-12" time="09:15:00">0.538</Value>
			<Value date="2016-02-12" time="09:30:00">0.536</Value>
			<Value date="2016-02-12" time="09:45:00">0.535</Value>
			<Value date="2016-02-12" time="10:00:00">0.535</Value>
		</SetofValues>
	</Station>
	<Station stationReference="2669" region="Midland" stationName="Shifnal LVL" ngr="SJ7444808607">
		<SetofValues parameter="Water Level" qualifier="Stage" dataType="Instantaneous" period="15 min" units="mASD" startDate="2016-02-12" startTime="09:15:00" endDate="2016-02-12" endTime="10:00:00">
			<Value date="2016-02-12" time="09:15:00">0.206</Value>
			<Value date="2016-02-12" time="09:30:00">0.206</Value>
			<Value date="2016-02-12" time="09:45:00">0.206</Value>
			<Value date="2016-02-12" time="10:00:00">0.206</Value>
		</SetofValues>
	</Station>
	<Station stationReference="2666" region="Midland" stationName="Matson Place LVL" ngr="SO8402517084">
		<SetofValues parameter="Water Level" qualifier="Stage" dataType="Instantaneous" period="15 min" units="mASD" startDate="2016-02-12" startTime="09:15:00" endDate="2016-02-12" endTime="10:00:00">
			<Value date="2016-02-12" time="09:15:00">0.306</Value>
			<Value date="2016-02-12" time="09:30:00">0.305</Value>
			<Value date="2016-02-12" time="09:45:00">0.305</Value>
			<Value date="2016-02-12" time="10:00:00">0.305</Value>
		</SetofValues>
	</Station>
	<Station stationReference="2662" region="Midland" stationName="Abbeymead Avenue LVL" ngr="SO8616315834">
		<SetofValues parameter="Water Level" qualifier="Stage" dataType="Instantaneous" period="15 min" units="mASD" startDate="2016-02-12" startTime="09:15:00" endDate="2016-02-12" endTime="10:00:00">
			<Value date="2016-02-12" time="09:15:00">0.161</Value>
			<Value date="2016-02-12" time="09:30:00">0.160</Value>
			<Value date="2016-02-12" time="09:45:00">0.160</Value>
			<Value date="2016-02-12" time="10:00:00">0.161</Value>
		</SetofValues>
	</Station>
	<Station stationReference="2648" region="Midland" stationName="Toddington LVL" ngr="SP0338633481">
		<SetofValues parameter="Water Level" qualifier="Stage" dataType="Instantaneous" period="15 min" units="mASD" startDate="2016-02-12" startTime="09:15:00" endDate="2016-02-12" endTime="10:00:00">
			<Value date="2016-02-12" time="09:15:00">0.433</Value>
			<Value date="2016-02-12" time="09:30:00">0.433</Value>
			<Value date="2016-02-12" time="09:45:00">0.434</Value>
			<Value date="2016-02-12" time="10:00:00">0.434</Value>
		</SetofValues>
	</Station>
	<Station stationReference="2642" region="Midland" stationName="Worcester LVL" ngr="SO8401456544">
		<SetofValues parameter="Water Level" qualifier="Stage" dataType="Instantaneous" period="15 min" units="mASD" startDate="2016-02-12" startTime="09:15:00" endDate="2016-02-12" endTime="10:00:00">
			<Value date="2016-02-12" time="09:15:00">4.819</Value>
			<Value date="2016-02-12" time="09:30:00">4.818</Value>
			<Value date="2016-02-12" time="09:45:00">4.815</Value>
			<Value date="2016-02-12" time="10:00:00">4.812</Value>
		</SetofValues>
	</Station>
	<Station stationReference="2636" region="Midland" stationName="Mor Brook LVL" ngr="SO7095090270">
		<SetofValues parameter="Water Level" qualifier="Stage" dataType="Instantaneous" period="15 min" units="mASD" startDate="2016-02-12" startTime="09:15:00" endDate="2016-02-12" endTime="10:00:00">
			<Value date="2016-02-12" time="09:15:00">0.302</Value>
			<Value date="2016-02-12" time="09:30:00">0.303</Value>
			<Value date="2016-02-12" time="09:45:00">0.303</Value>
			<Value date="2016-02-12" time="10:00:00">0.303</Value>
		</SetofValues>
	</Station>
	<Station stationReference="2629" region="Midland" stationName="Lydney LVL" ngr="SO6316603576">
		<SetofValues parameter="Water Level" qualifier="Stage" dataType="Instantaneous" period="15 min" units="mASD" startDate="2016-02-12" startTime="09:15:00" endDate="2016-02-12" endTime="10:00:00">
			<Value date="2016-02-12" time="09:15:00">0.498</Value>
			<Value date="2016-02-12" time="09:30:00">0.492</Value>
			<Value date="2016-02-12" time="09:45:00">0.498</Value>
			<Value date="2016-02-12" time="10:00:00">0.491</Value>
		</SetofValues>
	</Station>
	<Station stationReference="2626" region="Midland" stationName="Feckenham LVL" ngr="SP0047561175">
		<SetofValues parameter="Water Level" qualifier="Stage" dataType="Instantaneous" period="15 min" units="mASD" startDate="2016-02-12" startTime="09:15:00" endDate="2016-02-12" endTime="10:00:00">
			<Value date="2016-02-12" time="09:15:00">0.156</Value>
			<Value date="2016-02-12" time="09:30:00">0.155</Value>
			<Value date="2016-02-12" time="09:45:00">0.154</Value>
			<Value date="2016-02-12" time="10:00:00">0.154</Value>
		</SetofValues>
	</Station>
	<Station stationReference="2625" region="Midland" stationName="Ludlow Teme LVL" ngr="SO51997424">
		<SetofValues parameter="Water Level" qualifier="Stage" dataType="Instantaneous" period="15 min" units="mASD" startDate="2016-02-12" startTime="09:15:00" endDate="2016-02-12" endTime="10:00:00">
			<Value date="2016-02-12" time="09:15:00">1.858</Value>
			<Value date="2016-02-12" time="09:30:00">1.858</Value>
			<Value date="2016-02-12" time="09:45:00">1.849</Value>
			<Value date="2016-02-12" time="10:00:00">1.847</Value>
		</SetofValues>
	</Station>
	<Station stationReference="2621" region="Midland" stationName="Henley LVL" ngr="SP1527966559">
		<SetofValues parameter="Water Level" qualifier="Stage" dataType="Instantaneous" period="15 min" units="mASD" startDate="2016-02-12" startTime="09:15:00" endDate="2016-02-12" endTime="10:00:00">
			<Value date="2016-02-12" time="09:15:00">0.497</Value>
			<Value date="2016-02-12" time="09:30:00">0.497</Value>
			<Value date="2016-02-12" time="09:45:00">0.496</Value>
			<Value date="2016-02-12" time="10:00:00">0.496</Value>
		</SetofValues>
	</Station>
	<Station stationReference="2619" region="Midland" stationName="Sandhurst LVL" ngr="SO8279221039">
		<SetofValues parameter="Water Level" qualifier="Stage" dataType="Instantaneous" period="15 min" units="mASD" startDate="2016-02-12" startTime="09:45:00" endDate="2016-02-12" endTime="10:00:00">
			<Value date="2016-02-12" time="09:45:00">3.703</Value>
			<Value date="2016-02-12" time="10:00:00">3.700</Value>
		</SetofValues>
	</Station>
	<Station stationReference="2618" region="Midland" stationName="Sandhurst LVL" ngr="SO8277821023">
		<SetofValues parameter="Water Level" qualifier="Stage" dataType="Instantaneous" period="15 min" units="mASD" startDate="2016-02-12" startTime="09:45:00" endDate="2016-02-12" endTime="10:00:00">
			<Value date="2016-02-12" time="09:45:00">3.691</Value>
			<Value date="2016-02-12" time="10:00:00">3.691</Value>
		</SetofValues>
	</Station>
	<Station stationReference="2616" region="Midland" stationName="Kempsey LVL" ngr="SO8508451171">
		<SetofValues parameter="Water Level" qualifier="Stage" dataType="Instantaneous" period="15 min" units="mASD" startDate="2016-02-12" startTime="09:15:00" endDate="2016-02-12" endTime="10:00:00">
			<Value date="2016-02-12" time="09:15:00">6.476</Value>
			<Value date="2016-02-12" time="09:30:00">6.477</Value>
			<Value date="2016-02-12" time="09:45:00">6.473</Value>
			<Value date="2016-02-12" time="10:00:00">6.473</Value>
		</SetofValues>
	</Station>
	<Station stationReference="2607" region="Midland" stationName="Bromsberrow LVL" ngr="SO7446333229">
		<SetofValues parameter="Water Level" qualifier="Stage" dataType="Instantaneous" period="15 min" units="mASD" startDate="2016-02-12" startTime="09:15:00" endDate="2016-02-12" endTime="10:00:00">
			<Value date="2016-02-12" time="09:15:00">0.198</Value>
			<Value date="2016-02-12" time="09:30:00">0.198</Value>
			<Value date="2016-02-12" time="09:45:00">0.198</Value>
			<Value date="2016-02-12" time="10:00:00">0.197</Value>
		</SetofValues>
	</Station>
	<Station stationReference="2425" region="Midland" stationName="Bodiam Avenue LVL" ngr="SO8148114888">
		<SetofValues parameter="Water Level" qualifier="Stage" dataType="Instantaneous" period="15 min" units="mASD" startDate="2016-02-12" startTime="09:15:00" endDate="2016-02-12" endTime="10:00:00">
			<Value date="2016-02-12" time="09:15:00">0.441</Value>
			<Value date="2016-02-12" time="09:30:00">0.442</Value>
			<Value date="2016-02-12" time="09:45:00">0.442</Value>
			<Value date="2016-02-12" time="10:00:00">0.442</Value>
		</SetofValues>
	</Station>
	<Station stationReference="2292" region="Midland" stationName="Avonmouth Lighthouse TL" ngr="ST5026079050">
		<SetofValues parameter="Water Level" qualifier="Stage" dataType="Instantaneous" period="5 min" units="mASD" startDate="2016-02-12" startTime="09:40:00" endDate="2016-02-12" endTime="10:00:00">
			<Value date="2016-02-12" time="09:40:00">14.144</Value>
			<Value date="2016-02-12" time="09:45:00">14.172</Value>
			<Value date="2016-02-12" time="09:50:00">14.180</Value>
			<Value date="2016-02-12" time="09:55:00">14.164</Value>
			<Value date="2016-02-12" time="10:00:00">14.128</Value>
		</SetofValues>
	</Station>
	<Station stationReference="2226A" region="Midland" stationName="Slad Road LVL" ngr="SO8530205456">
		<SetofValues parameter="Water Level" qualifier="Downstream Stage" dataType="Instantaneous" period="15 min" units="mASD" startDate="2016-02-12" startTime="09:15:00" endDate="2016-02-12" endTime="10:00:00">
			<Value date="2016-02-12" time="09:15:00">0.115</Value>
			<Value date="2016-02-12" time="09:30:00">0.111</Value>
			<Value date="2016-02-12" time="09:45:00">0.109</Value>
			<Value date="2016-02-12" time="10:00:00">0.110</Value>
		</SetofValues>
	</Station>
	<Station stationReference="2226" region="Midland" stationName="Slad Road LVL" ngr="SO8530205456">
		<SetofValues parameter="Water Level" qualifier="Stage" dataType="Instantaneous" period="15 min" units="mASD" startDate="2016-02-12" startTime="09:15:00" endDate="2016-02-12" endTime="10:00:00">
			<Value date="2016-02-12" time="09:15:00">0.290</Value>
			<Value date="2016-02-12" time="09:30:00">0.286</Value>
			<Value date="2016-02-12" time="09:45:00">0.282</Value>
			<Value date="2016-02-12" time="10:00:00">0.283</Value>
		</SetofValues>
	</Station>
	<Station stationReference="2225" region="Midland" stationName="Bodiam Avenue LVL" ngr="SO8148114888">
		<SetofValues parameter="Water Level" qualifier="Stage" dataType="Instantaneous" period="15 min" units="mASD" startDate="2016-02-12" startTime="09:15:00" endDate="2016-02-12" endTime="10:00:00">
			<Value date="2016-02-12" time="09:15:00">0.090</Value>
			<Value date="2016-02-12" time="09:30:00">0.088</Value>
			<Value date="2016-02-12" time="09:45:00">0.090</Value>
			<Value date="2016-02-12" time="10:00:00">0.088</Value>
		</SetofValues>
	</Station>
	<Station stationReference="2218" region="Midland" stationName="Charterhouse Bridge LVL" ngr="SP3440078240">
		<SetofValues parameter="Water Level" qualifier="Stage" dataType="Instantaneous" period="15 min" units="mASD" startDate="2016-02-12" startTime="09:15:00" endDate="2016-02-12" endTime="10:00:00">
			<Value date="2016-02-12" time="09:15:00">0.230</Value>
			<Value date="2016-02-12" time="09:30:00">0.230</Value>
			<Value date="2016-02-12" time="09:45:00">0.230</Value>
			<Value date="2016-02-12" time="10:00:00">0.231</Value>
		</SetofValues>
	</Station>
	<Station stationReference="2216" region="Midland" stationName="Torrington Ave LVL" ngr="SP2788077700">
		<SetofValues parameter="Water Level" qualifier="Stage" dataType="Instantaneous" period="15 min" units="mASD" startDate="2016-02-12" startTime="09:15:00" endDate="2016-02-12" endTime="10:00:00">
			<Value date="2016-02-12" time="09:15:00">0.034</Value>
			<Value date="2016-02-12" time="09:30:00">0.034</Value>
			<Value date="2016-02-12" time="09:45:00">0.035</Value>
			<Value date="2016-02-12" time="10:00:00">0.035</Value>
		</SetofValues>
	</Station>
	<Station stationReference="2195" region="Midland" stationName="Sharpness TL" ngr="SO6674102185">
		<SetofValues parameter="Water Level" qualifier="Stage" dataType="Instantaneous" period="5 min" units="mASD" startDate="2016-02-12" startTime="09:05:00" endDate="2016-02-12" endTime="10:00:00">
			<Value date="2016-02-12" time="09:05:00">7.410</Value>
			<Value date="2016-02-12" time="09:10:00">7.613</Value>
			<Value date="2016-02-12" time="09:15:00">7.816</Value>
			<Value date="2016-02-12" time="09:20:00">8.010</Value>
			<Value date="2016-02-12" time="09:25:00">8.200</Value>
			<Value date="2016-02-12" time="09:30:00">8.440</Value>
			<Value date="2016-02-12" time="09:35:00">8.641</Value>
			<Value date="2016-02-12" time="09:40:00">8.800</Value>
			<Value date="2016-02-12" time="09:45:00">8.950</Value>
			<Value date="2016-02-12" time="09:50:00">9.313</Value>
			<Value date="2016-02-12" time="09:55:00">9.549</Value>
			<Value date="2016-02-12" time="10:00:00">9.681</Value>
		</SetofValues>
	</Station>
	<Station stationReference="2188" region="Midland" stationName="Leigh Court LVL" ngr="SO8651625343">
		<SetofValues parameter="Water Level" qualifier="Stage" dataType="Instantaneous" period="15 min" units="mASD" startDate="2016-02-12" startTime="09:15:00" endDate="2016-02-12" endTime="10:00:00">
			<Value date="2016-02-12" time="09:15:00">2.992</Value>
			<Value date="2016-02-12" time="09:30:00">2.992</Value>
			<Value date="2016-02-12" time="09:45:00">2.991</Value>
			<Value date="2016-02-12" time="10:00:00">2.991</Value>
		</SetofValues>
	</Station>
	<Station stationReference="2175" region="Midland" stationName="Crew Green LVL" ngr="SJ32961581">
		<SetofValues parameter="Water Level" qualifier="Stage" dataType="Instantaneous" period="15 min" units="mASD" startDate="2016-02-12" startTime="09:15:00" endDate="2016-02-12" endTime="10:00:00">
			<Value date="2016-02-12" time="09:15:00">5.257</Value>
			<Value date="2016-02-12" time="09:30:00">5.256</Value>
			<Value date="2016-02-12" time="09:45:00">5.244</Value>
			<Value date="2016-02-12" time="10:00:00">5.234</Value>
		</SetofValues>
	</Station>
	<Station stationReference="2167" region="Midland" stationName="Kidderminster Callows Lane FLOW" ngr="SO8301576839">
		<SetofValues parameter="Water Level" qualifier="Stage" dataType="Instantaneous" period="15 min" units="mASD" startDate="2016-02-12" startTime="09:15:00" endDate="2016-02-12" endTime="10:00:00">
			<Value date="2016-02-12" time="09:15:00">0.980</Value>
			<Value date="2016-02-12" time="09:30:00">0.980</Value>
			<Value date="2016-02-12" time="09:45:00">0.979</Value>
			<Value date="2016-02-12" time="10:00:00">0.980</Value>
		</SetofValues>
		<SetofValues parameter="Flow" dataType="Instantaneous" period="15 min" units="Ml/d" startDate="2016-02-12" startTime="09:15:00" endDate="2016-02-12" endTime="10:00:00">
			<Value date="2016-02-12" time="09:15:00">304.91</Value>
			<Value date="2016-02-12" time="09:30:00">304.73</Value>
			<Value date="2016-02-12" time="09:45:00">304.13</Value>
			<Value date="2016-02-12" time="10:00:00">302.83</Value>
		</SetofValues>
	</Station>
	<Station stationReference="2165" region="Midland" stationName="Gloucester Docks LVL" ngr="SO8268718488">
		<SetofValues parameter="Water Level" qualifier="Stage" dataType="Instantaneous" period="15 min" units="mASD" startDate="2016-02-12" startTime="09:45:00" endDate="2016-02-12" endTime="10:00:00">
			<Value date="2016-02-12" time="09:45:00">3.298</Value>
			<Value date="2016-02-12" time="10:00:00">3.284</Value>
		</SetofValues>
	</Station>
	<Station stationReference="2153" region="Midland" stationName="Epney TL" ngr="SO7608711002">
		<SetofValues parameter="Water Level" qualifier="Stage" dataType="Instantaneous" period="15 min" units="mASD" startDate="2016-02-12" startTime="09:15:00" endDate="2016-02-12" endTime="10:00:00">
			<Value date="2016-02-12" time="09:15:00">2.979</Value>
			<Value date="2016-02-12" time="09:30:00">2.974</Value>
			<Value date="2016-02-12" time="09:45:00">2.966</Value>
			<Value date="2016-02-12" time="10:00:00">2.968</Value>
		</SetofValues>
	</Station>
	<Station stationReference="2139" region="Midland" stationName="Charlton Kings LVL" ngr="SO9647120822">
		<SetofValues parameter="Water Level" qualifier="Stage" dataType="Instantaneous" period="15 min" units="mASD" startDate="2016-02-12" startTime="09:15:00" endDate="2016-02-12" endTime="10:00:00">
			<Value date="2016-02-12" time="09:15:00">0.480</Value>
			<Value date="2016-02-12" time="09:30:00">0.479</Value>
			<Value date="2016-02-12" time="09:45:00">0.479</Value>
			<Value date="2016-02-12" time="10:00:00">0.479</Value>
		</SetofValues>
	</Station>
	<Station stationReference="2134" region="Midland" stationName="Buildwas FLOW" ngr="SJ64550440">
		<SetofValues parameter="Flow" dataType="Instantaneous" period="15 min" units="m3/s" startDate="2016-02-12" startTime="09:15:00" endDate="2016-02-12" endTime="10:00:00">
			<Value date="2016-02-12" time="09:15:00">304.795</Value>
			<Value date="2016-02-12" time="09:30:00">306.329</Value>
			<Value date="2016-02-12" time="09:45:00">300.742</Value>
			<Value date="2016-02-12" time="10:00:00">298.851</Value>
		</SetofValues>
		<SetofValues parameter="Water Level" qualifier="Stage" dataType="Instantaneous" period="15 min" units="mASD" startDate="2016-02-12" startTime="09:15:00" endDate="2016-02-12" endTime="10:00:00">
			<Value date="2016-02-12" time="09:15:00">4.604</Value>
			<Value date="2016-02-12" time="09:30:00">4.585</Value>
			<Value date="2016-02-12" time="09:45:00">4.573</Value>
			<Value date="2016-02-12" time="10:00:00">4.582</Value>
		</SetofValues>
	</Station>
	<Station stationReference="2133" region="Midland" stationName="Wyre Piddle LVL" ngr="SO9625947611">
		<SetofValues parameter="Water Level" qualifier="Stage" dataType="Instantaneous" period="15 min" units="mASD" startDate="2016-02-12" startTime="09:15:00" endDate="2016-02-12" endTime="10:00:00">
			<Value date="2016-02-12" time="09:15:00">0.328</Value>
			<Value date="2016-02-12" time="09:30:00">0.328</Value>
			<Value date="2016-02-12" time="09:45:00">0.328</Value>
			<Value date="2016-02-12" time="10:00:00">0.328</Value>
		</SetofValues>
	</Station>
	<Station stationReference="2128" region="Midland" stationName="Bredon FLOW" ngr="SO9206537238">
		<SetofValues parameter="Water Level" qualifier="Stage" dataType="Instantaneous" period="15 min" units="mASD" startDate="2016-02-12" startTime="09:15:00" endDate="2016-02-12" endTime="10:00:00">
			<Value date="2016-02-12" time="09:15:00">2.536</Value>
			<Value date="2016-02-12" time="09:30:00">2.536</Value>
			<Value date="2016-02-12" time="09:45:00">2.536</Value>
			<Value date="2016-02-12" time="10:00:00">2.535</Value>
		</SetofValues>
	</Station>
	<Station stationReference="2124" region="Midland" stationName="Parkend LVL" ngr="SO6167707481">
		<SetofValues parameter="Water Level" qualifier="Stage" dataType="Instantaneous" period="15 min" units="mASD" startDate="2016-02-12" startTime="09:15:00" endDate="2016-02-12" endTime="10:00:00">
			<Value date="2016-02-12" time="09:15:00">0.336</Value>
			<Value date="2016-02-12" time="09:30:00">0.338</Value>
			<Value date="2016-02-12" time="09:45:00">0.336</Value>
			<Value date="2016-02-12" time="10:00:00">0.336</Value>
		</SetofValues>
	</Station>
	<Station stationReference="2102" region="Midland" stationName="Minsterworth LVL" ngr="SO7693116918">
		<SetofValues parameter="Water Level" qualifier="Stage" dataType="Instantaneous" period="15 min" units="mASD" startDate="2016-02-12" startTime="09:15:00" endDate="2016-02-12" endTime="10:00:00">
			<Value date="2016-02-12" time="09:15:00">3.174</Value>
			<Value date="2016-02-12" time="09:30:00">3.171</Value>
			<Value date="2016-02-12" time="09:45:00">3.168</Value>
			<Value date="2016-02-12" time="10:00:00">3.167</Value>
		</SetofValues>
	</Station>
	<Station stationReference="2099" region="Midland" stationName="Tewks Upper Pound LVL" ngr="SO8942333387">
		<SetofValues parameter="Water Level" qualifier="Downstream Stage" dataType="Instantaneous" period="15 min" units="mASD" startDate="2016-02-12" startTime="09:15:00" endDate="2016-02-12" endTime="10:00:00">
			<Value date="2016-02-12" time="09:15:00">4.007</Value>
			<Value date="2016-02-12" time="09:30:00">4.008</Value>
			<Value date="2016-02-12" time="09:45:00">4.007</Value>
			<Value date="2016-02-12" time="10:00:00">4.007</Value>
		</SetofValues>
	</Station>
	<Station stationReference="2098" region="Midland" stationName="Tewks Upper Pound LVL" ngr="SO8945033390">
		<SetofValues parameter="Water Level" qualifier="Stage" dataType="Instantaneous" period="15 min" units="mASD" startDate="2016-02-12" startTime="09:15:00" endDate="2016-02-12" endTime="10:00:00">
			<Value date="2016-02-12" time="09:15:00">4.020</Value>
			<Value date="2016-02-12" time="09:30:00">4.021</Value>
			<Value date="2016-02-12" time="09:45:00">4.020</Value>
			<Value date="2016-02-12" time="10:00:00">4.021</Value>
		</SetofValues>
	</Station>
	<Station stationReference="2097" region="Midland" stationName="Pershore LVL" ngr="SO9519045509">
		<SetofValues parameter="Water Level" qualifier="Stage" dataType="Instantaneous" period="15 min" units="mASD" startDate="2016-02-12" startTime="09:15:00" endDate="2016-02-12" endTime="10:00:00">
			<Value date="2016-02-12" time="09:15:00">3.474</Value>
			<Value date="2016-02-12" time="09:30:00">3.472</Value>
			<Value date="2016-02-12" time="09:45:00">3.471</Value>
			<Value date="2016-02-12" time="10:00:00">3.469</Value>
		</SetofValues>
	</Station>
	<Station stationReference="2090" region="Midland" stationName="Rugby LVL" ngr="SP5029276636">
		<SetofValues parameter="Water Level" qualifier="Stage" dataType="Instantaneous" period="15 min" units="mASD" startDate="2016-02-12" startTime="08:15:00" endDate="2016-02-12" endTime="10:00:00">
			<Value date="2016-02-12" time="08:15:00">0.721</Value>
			<Value date="2016-02-12" time="08:30:00">0.724</Value>
			<Value date="2016-02-12" time="08:45:00">0.725</Value>
			<Value date="2016-02-12" time="09:00:00">0.721</Value>
			<Value date="2016-02-12" time="09:15:00">0.719</Value>
			<Value date="2016-02-12" time="09:30:00">0.719</Value>
			<Value date="2016-02-12" time="09:45:00">0.718</Value>
			<Value date="2016-02-12" time="10:00:00">0.718</Value>
		</SetofValues>
	</Station>
	<Station stationReference="2088" region="Midland" stationName="Lilbourne LVL" ngr="SP5635577779">
		<SetofValues parameter="Water Level" qualifier="Stage" dataType="Instantaneous" period="15 min" units="mASD" startDate="2016-02-12" startTime="09:15:00" endDate="2016-02-12" endTime="10:00:00">
			<Value date="2016-02-12" time="09:15:00">0.263</Value>
			<Value date="2016-02-12" time="09:30:00">0.263</Value>
			<Value date="2016-02-12" time="09:45:00">0.263</Value>
			<Value date="2016-02-12" time="10:00:00">0.264</Value>
		</SetofValues>
		<SetofValues parameter="Water Level" qualifier="Downstream Stage" dataType="Instantaneous" period="15 min" units="mASD" startDate="2016-02-12" startTime="09:15:00" endDate="2016-02-12" endTime="10:00:00">
			<Value date="2016-02-12" time="09:15:00">0.173</Value>
			<Value date="2016-02-12" time="09:30:00">0.177</Value>
			<Value date="2016-02-12" time="09:45:00">0.178</Value>
			<Value date="2016-02-12" time="10:00:00">0.175</Value>
		</SetofValues>
	</Station>
	<Station stationReference="2087" region="Midland" stationName="Mythe Bridge LVL" ngr="SO8889933722">
		<SetofValues parameter="Water Level" qualifier="Stage" dataType="Instantaneous" period="15 min" units="mASD" startDate="2016-02-12" startTime="09:15:00" endDate="2016-02-12" endTime="10:00:00">
			<Value date="2016-02-12" time="09:15:00">4.067</Value>
			<Value date="2016-02-12" time="09:30:00">4.064</Value>
			<Value date="2016-02-12" time="09:45:00">4.065</Value>
			<Value date="2016-02-12" time="10:00:00">4.066</Value>
		</SetofValues>
	</Station>
	<Station stationReference="2086" region="Midland" stationName="Bransford LVL" ngr="SO80385324">
		<SetofValues parameter="Water Level" qualifier="Stage" dataType="Instantaneous" period="15 min" units="mASD" startDate="2016-02-12" startTime="09:15:00" endDate="2016-02-12" endTime="10:00:00">
			<Value date="2016-02-12" time="09:15:00">2.560</Value>
			<Value date="2016-02-12" time="09:30:00">2.553</Value>
			<Value date="2016-02-12" time="09:45:00">2.548</Value>
			<Value date="2016-02-12" time="10:00:00">2.546</Value>
		</SetofValues>
	</Station>
	<Station stationReference="2077" region="Midland" stationName="Welshbridge LVL" ngr="SJ48881273">
		<SetofValues parameter="Water Level" qualifier="Stage" dataType="Instantaneous" period="15 min" units="mASD" startDate="2016-02-12" startTime="09:15:00" endDate="2016-02-12" endTime="10:00:00">
			<Value date="2016-02-12" time="09:15:00">2.792</Value>
			<Value date="2016-02-12" time="09:30:00">2.810</Value>
			<Value date="2016-02-12" time="09:45:00">2.774</Value>
			<Value date="2016-02-12" time="10:00:00">2.778</Value>
		</SetofValues>
	</Station>
	<Station stationReference="2071" region="Midland" stationName="Ashleworth LVL" ngr="SO8182924969">
		<SetofValues parameter="Water Level" qualifier="Stage" dataType="Instantaneous" period="15 min" units="mASD" startDate="2016-02-12" startTime="09:15:00" endDate="2016-02-12" endTime="10:00:00">
			<Value date="2016-02-12" time="09:15:00">4.486</Value>
			<Value date="2016-02-12" time="09:30:00">4.471</Value>
			<Value date="2016-02-12" time="09:45:00">4.475</Value>
			<Value date="2016-02-12" time="10:00:00">4.484</Value>
		</SetofValues>
	</Station>
	<Station stationReference="2057" region="Midland" stationName="Haw Bridge LVL" ngr="SO8449127878">
		<SetofValues parameter="Water Level" qualifier="Stage" dataType="Instantaneous" period="15 min" units="mASD" startDate="2016-02-12" startTime="09:15:00" endDate="2016-02-12" endTime="10:00:00">
			<Value date="2016-02-12" time="09:15:00">5.013</Value>
			<Value date="2016-02-12" time="09:30:00">5.013</Value>
			<Value date="2016-02-12" time="09:45:00">5.013</Value>
			<Value date="2016-02-12" time="10:00:00">5.013</Value>
		</SetofValues>
	</Station>
	<Station stationReference="2052" region="Midland" stationName="Ternhill (Bailey Brook)" ngr="SJ62853149">
		<SetofValues parameter="Water Level" qualifier="1" dataType="Instantaneous" period="15 min" units="mASD" startDate="2016-02-12" startTime="09:15:00" endDate="2016-02-12" endTime="10:00:00">
			<Value date="2016-02-12" time="09:15:00">0.457</Value>
			<Value date="2016-02-12" time="09:30:00">0.457</Value>
			<Value date="2016-02-12" time="09:45:00">0.455</Value>
			<Value date="2016-02-12" time="10:00:00">0.455</Value>
		</SetofValues>
	</Station>
	<Station stationReference="2040" region="Midland" stationName="Tibberton LVL" ngr="SJ68072049">
		<SetofValues parameter="Water Level" qualifier="Stage" dataType="Instantaneous" period="15 min" units="mASD" startDate="2016-02-12" startTime="09:15:00" endDate="2016-02-12" endTime="10:00:00">
			<Value date="2016-02-12" time="09:15:00">0.342</Value>
			<Value date="2016-02-12" time="09:30:00">0.342</Value>
			<Value date="2016-02-12" time="09:45:00">0.342</Value>
			<Value date="2016-02-12" time="10:00:00">0.342</Value>
		</SetofValues>
	</Station>
	<Station stationReference="2036" region="Midland" stationName="Hinton On Green LVL" ngr="SP0236840680">
		<SetofValues parameter="Water Level" qualifier="Stage" dataType="Instantaneous" period="15 min" units="mASD" startDate="2016-02-12" startTime="09:15:00" endDate="2016-02-12" endTime="10:00:00">
			<Value date="2016-02-12" time="09:15:00">0.277</Value>
			<Value date="2016-02-12" time="09:30:00">0.277</Value>
			<Value date="2016-02-12" time="09:45:00">0.277</Value>
			<Value date="2016-02-12" time="10:00:00">0.277</Value>
		</SetofValues>
	</Station>
	<Station stationReference="2034" region="Midland" stationName="Oak Cottage LVL" ngr="SO77107642">
		<SetofValues parameter="Water Level" qualifier="Stage" dataType="Instantaneous" period="15 min" units="mASD" startDate="2016-02-12" startTime="09:15:00" endDate="2016-02-12" endTime="10:00:00">
			<Value date="2016-02-12" time="09:15:00">0.282</Value>
			<Value date="2016-02-12" time="09:30:00">0.282</Value>
			<Value date="2016-02-12" time="09:45:00">0.281</Value>
			<Value date="2016-02-12" time="10:00:00">0.281</Value>
		</SetofValues>
	</Station>
	<Station stationReference="2032" region="Midland" stationName="Saxons Lode FLOW" ngr="SO8634939041">
		<SetofValues parameter="Water Level" qualifier="Stage" dataType="Instantaneous" period="15 min" units="mASD" startDate="2016-02-12" startTime="09:45:00" endDate="2016-02-12" endTime="10:00:00">
			<Value date="2016-02-12" time="09:45:00">4.790</Value>
			<Value date="2016-02-12" time="10:00:00">4.790</Value>
		</SetofValues>
		<SetofValues parameter="Flow" dataType="Instantaneous" period="15 min" units="m3/s" startDate="2016-02-12" startTime="09:45:00" endDate="2016-02-12" endTime="10:00:00">
			<Value date="2016-02-12" time="09:45:00">357.805</Value>
			<Value date="2016-02-12" time="10:00:00">359.052</Value>
		</SetofValues>
	</Station>
	<Station stationReference="2029" region="Midland" stationName="Knightsford Bridge LVL" ngr="SO73495573">
		<SetofValues parameter="Water Level" qualifier="Stage" dataType="Instantaneous" period="15 min" units="mASD" startDate="2016-02-12" startTime="09:15:00" endDate="2016-02-12" endTime="10:00:00">
			<Value date="2016-02-12" time="09:15:00">1.518</Value>
			<Value date="2016-02-12" time="09:30:00">1.513</Value>
			<Value date="2016-02-12" time="09:45:00">1.512</Value>
			<Value date="2016-02-12" time="10:00:00">1.510</Value>
		</SetofValues>
	</Station>
	<Station stationReference="2027" region="Midland" stationName="Ebley Mill LVL" ngr="SO8301404627">
		<SetofValues parameter="Water Level" qualifier="Stage" dataType="Instantaneous" period="15 min" units="mASD" startDate="2016-02-12" startTime="09:15:00" endDate="2016-02-12" endTime="10:00:00">
			<Value date="2016-02-12" time="09:15:00">0.709</Value>
			<Value date="2016-02-12" time="09:30:00">0.711</Value>
			<Value date="2016-02-12" time="09:45:00">0.707</Value>
			<Value date="2016-02-12" time="10:00:00">0.696</Value>
		</SetofValues>
	</Station>
	<Station stationReference="2024" region="Midland" stationName="Burcote LVL" ngr="SO74609534">
		<SetofValues parameter="Water Level" qualifier="Stage" dataType="Instantaneous" period="15 min" units="mASD" startDate="2016-02-12" startTime="09:15:00" endDate="2016-02-12" endTime="10:00:00">
			<Value date="2016-02-12" time="09:15:00">0.343</Value>
			<Value date="2016-02-12" time="09:30:00">0.342</Value>
			<Value date="2016-02-12" time="09:45:00">0.342</Value>
			<Value date="2016-02-12" time="10:00:00">0.342</Value>
		</SetofValues>
	</Station>
	<Station stationReference="2020" region="Midland" stationName="Yeaton LVL" ngr="SJ43441924">
		<SetofValues parameter="Water Level" qualifier="Stage" dataType="Instantaneous" period="15 min" units="mASD" startDate="2016-02-12" startTime="09:15:00" endDate="2016-02-12" endTime="10:00:00">
			<Value date="2016-02-12" time="09:15:00">0.509</Value>
			<Value date="2016-02-12" time="09:30:00">0.507</Value>
			<Value date="2016-02-12" time="09:45:00">0.509</Value>
			<Value date="2016-02-12" time="10:00:00">0.505</Value>
		</SetofValues>
	</Station>
	<Station stationReference="2018" region="Midland" stationName="Hookagate LVL" ngr="SJ46570923">
		<SetofValues parameter="Water Level" qualifier="Stage" dataType="Instantaneous" period="15 min" units="mASD" startDate="2016-02-12" startTime="09:15:00" endDate="2016-02-12" endTime="10:00:00">
			<Value date="2016-02-12" time="09:15:00">0.610</Value>
			<Value date="2016-02-12" time="09:30:00">0.610</Value>
			<Value date="2016-02-12" time="09:45:00">0.609</Value>
			<Value date="2016-02-12" time="10:00:00">0.609</Value>
		</SetofValues>
	</Station>
	<Station stationReference="2017" region="Midland" stationName="Wedderburn Bridge LVL" ngr="SO7766423340">
		<SetofValues parameter="Water Level" qualifier="Stage" dataType="Instantaneous" period="15 min" units="mASD" startDate="2016-02-12" startTime="09:15:00" endDate="2016-02-12" endTime="10:00:00">
			<Value date="2016-02-12" time="09:15:00">1.135</Value>
			<Value date="2016-02-12" time="09:30:00">1.131</Value>
			<Value date="2016-02-12" time="09:45:00">1.128</Value>
			<Value date="2016-02-12" time="10:00:00">1.124</Value>
		</SetofValues>
	</Station>
	<Station stationReference="2016" region="Midland" stationName="Rodington LVL" ngr="SJ58911417">
		<SetofValues parameter="Water Level" qualifier="Stage" dataType="Instantaneous" period="15 min" units="mASD" startDate="2016-02-12" startTime="09:15:00" endDate="2016-02-12" endTime="10:00:00">
			<Value date="2016-02-12" time="09:15:00">0.642</Value>
			<Value date="2016-02-12" time="09:30:00">0.640</Value>
			<Value date="2016-02-12" time="09:45:00">0.639</Value>
			<Value date="2016-02-12" time="10:00:00">0.639</Value>
		</SetofValues>
	</Station>
	<Station stationReference="2015" region="Midland" stationName="Besford Bridge LVL" ngr="SO9269346252">
		<SetofValues parameter="Water Level" qualifier="Stage" dataType="Instantaneous" period="15 min" units="mASD" startDate="2016-02-12" startTime="09:15:00" endDate="2016-02-12" endTime="10:00:00">
			<Value date="2016-02-12" time="09:15:00">0.598</Value>
			<Value date="2016-02-12" time="09:30:00">0.598</Value>
			<Value date="2016-02-12" time="09:45:00">0.598</Value>
			<Value date="2016-02-12" time="10:00:00">0.598</Value>
		</SetofValues>
	</Station>
	<Station stationReference="2011" region="Midland" stationName="Harford Hill LVL" ngr="SO86866193">
		<SetofValues parameter="Water Level" qualifier="Stage" dataType="Instantaneous" period="15 min" units="mASD" startDate="2016-02-12" startTime="09:15:00" endDate="2016-02-12" endTime="10:00:00">
			<Value date="2016-02-12" time="09:15:00">0.327</Value>
			<Value date="2016-02-12" time="09:30:00">0.327</Value>
			<Value date="2016-02-12" time="09:45:00">0.327</Value>
			<Value date="2016-02-12" time="10:00:00">0.327</Value>
		</SetofValues>
	</Station>
	<Station stationReference="2005" region="Midland" stationName="Montford FLOW" ngr="SJ4119014460">
		<SetofValues parameter="Water Level" qualifier="Stage" dataType="Instantaneous" period="15 min" units="mASD" startDate="2016-02-12" startTime="09:15:00" endDate="2016-02-12" endTime="10:00:00">
			<Value date="2016-02-12" time="09:15:00">4.965</Value>
			<Value date="2016-02-12" time="09:30:00">4.957</Value>
			<Value date="2016-02-12" time="09:45:00">4.949</Value>
			<Value date="2016-02-12" time="10:00:00">4.941</Value>
		</SetofValues>
		<SetofValues parameter="Flow" qualifier="Speed" dataType="Instantaneous" period="15 min" units="Ml/d" startDate="2016-02-12" startTime="09:15:00" endDate="2016-02-12" endTime="10:00:00">
			<Value date="2016-02-12" time="09:15:00">14580.78</Value>
			<Value date="2016-02-12" time="09:30:00">14593.05</Value>
			<Value date="2016-02-12" time="09:45:00">14520.56</Value>
			<Value date="2016-02-12" time="10:00:00">14535.76</Value>
		</SetofValues>
	</Station>
	<Station stationReference="2004" region="Midland" stationName="Stoneleigh LVL" ngr="SP3315573096">
		<SetofValues parameter="Water Level" qualifier="Stage" dataType="Instantaneous" period="15 min" units="mASD" startDate="2016-02-12" startTime="09:15:00" endDate="2016-02-12" endTime="10:00:00">
			<Value date="2016-02-12" time="09:15:00">0.470</Value>
			<Value date="2016-02-12" time="09:30:00">0.478</Value>
			<Value date="2016-02-12" time="09:45:00">0.480</Value>
			<Value date="2016-02-12" time="10:00:00">0.485</Value>
		</SetofValues>
	</Station>
	<Station stationReference="2002" region="Midland" stationName="Evesham LVL" ngr="SP0400743741">
		<SetofValues parameter="Water Level" qualifier="Stage" dataType="Instantaneous" period="15 min" units="mASD" startDate="2016-02-12" startTime="09:15:00" endDate="2016-02-12" endTime="10:00:00">
			<Value date="2016-02-12" time="09:15:00">0.943</Value>
			<Value date="2016-02-12" time="09:30:00">0.941</Value>
			<Value date="2016-02-12" time="09:45:00">0.941</Value>
			<Value date="2016-02-12" time="10:00:00">0.939</Value>
		</SetofValues>
	</Station>
	<Station stationReference="2001" region="Midland" stationName="Bewdley FLOW" ngr="SO78237616">
		<SetofValues parameter="Water Level" qualifier="Stage" dataType="Instantaneous" period="15 min" units="mASD" startDate="2016-02-12" startTime="09:15:00" endDate="2016-02-12" endTime="10:00:00">
			<Value date="2016-02-12" time="09:15:00">3.816</Value>
			<Value date="2016-02-12" time="09:30:00">3.810</Value>
			<Value date="2016-02-12" time="09:45:00">3.800</Value>
			<Value date="2016-02-12" time="10:00:00">3.797</Value>
		</SetofValues>
		<SetofValues parameter="Flow" dataType="Instantaneous" period="15 min" units="m3/s" startDate="2016-02-12" startTime="09:15:00" endDate="2016-02-12" endTime="10:00:00">
			<Value date="2016-02-12" time="09:15:00">281.478</Value>
			<Value date="2016-02-12" time="09:30:00">285.312</Value>
			<Value date="2016-02-12" time="09:45:00">282.620</Value>
			<Value date="2016-02-12" time="10:00:00">282.833</Value>
		</SetofValues>
	</Station>
	<Station stationReference="1817" region="Midland" stationName="Little Stanford RAIN" ngr="SJ33841278">
		<SetofValues parameter="Rainfall" qualifier="Tipping Bucket Raingauge" dataType="Total" period="15 min" units="mm" startDate="2016-02-12" startTime="09:15:00" endDate="2016-02-12" endTime="10:00:00">
			<Value date="2016-02-12" time="09:15:00">0.0</Value>
			<Value date="2016-02-12" time="09:30:00">0.0</Value>
			<Value date="2016-02-12" time="09:45:00">0.0</Value>
			<Value date="2016-02-12" time="10:00:00">0.0</Value>
		</SetofValues>
	</Station>
	<Station stationReference="1812" region="Midland" stationName="Taynton RAIN" ngr="SO7169722417">
		<SetofValues parameter="Rainfall" qualifier="Tipping Bucket Raingauge" dataType="Total" period="15 min" units="mm" startDate="2016-02-12" startTime="09:15:00" endDate="2016-02-12" endTime="10:00:00">
			<Value date="2016-02-12" time="09:15:00">0.0</Value>
			<Value date="2016-02-12" time="09:30:00">0.0</Value>
			<Value date="2016-02-12" time="09:45:00">0.0</Value>
			<Value date="2016-02-12" time="10:00:00">0.0</Value>
		</SetofValues>
	</Station>
	<Station stationReference="1794" region="Midland" stationName="Over Farm RAIN" ngr="SO8116319611">
		<SetofValues parameter="Rainfall" qualifier="Tipping Bucket Raingauge" dataType="Total" period="15 min" units="mm" startDate="2016-02-12" startTime="09:15:00" endDate="2016-02-12" endTime="10:00:00">
			<Value date="2016-02-12" time="09:15:00">0.0</Value>
			<Value date="2016-02-12" time="09:30:00">0.0</Value>
			<Value date="2016-02-12" time="09:45:00">0.0</Value>
			<Value date="2016-02-12" time="10:00:00">0.0</Value>
		</SetofValues>
	</Station>
	<Station stationReference="1773" region="Midland" stationName="Hindlip RAIN" ngr="SO8810058200">
		<SetofValues parameter="Rainfall" qualifier="Tipping Bucket Raingauge" dataType="Total" period="15 min" units="mm" startDate="2016-02-12" startTime="09:15:00" endDate="2016-02-12" endTime="10:00:00">
			<Value date="2016-02-12" time="09:15:00">0.0</Value>
			<Value date="2016-02-12" time="09:30:00">0.0</Value>
			<Value date="2016-02-12" time="09:45:00">0.0</Value>
			<Value date="2016-02-12" time="10:00:00">0.0</Value>
		</SetofValues>
	</Station>
	<Station stationReference="1771" region="Midland" stationName="Prees RAIN" ngr="SJ57243506">
		<SetofValues parameter="Rainfall" qualifier="Tipping Bucket Raingauge" dataType="Total" period="15 min" units="mm" startDate="2016-02-12" startTime="09:15:00" endDate="2016-02-12" endTime="10:00:00">
			<Value date="2016-02-12" time="09:15:00">0.0</Value>
			<Value date="2016-02-12" time="09:30:00">0.0</Value>
			<Value date="2016-02-12" time="09:45:00">0.0</Value>
			<Value date="2016-02-12" time="10:00:00">0.0</Value>
		</SetofValues>
	</Station>
	<Station stationReference="1769" region="Midland" stationName="Crowle RAIN" ngr="SO9345555757">
		<SetofValues parameter="Rainfall" qualifier="Tipping Bucket Raingauge" dataType="Total" period="15 min" units="mm" startDate="2016-02-12" startTime="09:15:00" endDate="2016-02-12" endTime="10:00:00">
			<Value date="2016-02-12" time="09:15:00">0.0</Value>
			<Value date="2016-02-12" time="09:30:00">0.0</Value>
			<Value date="2016-02-12" time="09:45:00">0.0</Value>
			<Value date="2016-02-12" time="10:00:00">0.0</Value>
		</SetofValues>
	</Station>
	<Station stationReference="1761" region="Midland" stationName="Chipping Campden RAIN" ngr="SP1631739235">
		<SetofValues parameter="Rainfall" qualifier="Tipping Bucket Raingauge" dataType="Total" period="15 min" units="mm" startDate="2016-02-12" startTime="09:15:00" endDate="2016-02-12" endTime="10:00:00">
			<Value date="2016-02-12" time="09:15:00">0.0</Value>
			<Value date="2016-02-12" time="09:30:00">0.0</Value>
			<Value date="2016-02-12" time="09:45:00">0.0</Value>
			<Value date="2016-02-12" time="10:00:00">0.0</Value>
		</SetofValues>
	</Station>
	<Station stationReference="1760" region="Midland" stationName="Sheriffs Lench RAIN" ngr="SP0184749158">
		<SetofValues parameter="Rainfall" qualifier="Tipping Bucket Raingauge" dataType="Total" period="15 min" units="mm" startDate="2016-02-12" startTime="09:15:00" endDate="2016-02-12" endTime="10:00:00">
			<Value date="2016-02-12" time="09:15:00">0.0</Value>
			<Value date="2016-02-12" time="09:30:00">0.0</Value>
			<Value date="2016-02-12" time="09:45:00">0.0</Value>
			<Value date="2016-02-12" time="10:00:00">0.0</Value>
		</SetofValues>
	</Station>
	<Station stationReference="1713" region="Midland" stationName="Bagley RAIN" ngr="SJ41372755">
		<SetofValues parameter="Rainfall" qualifier="Tipping Bucket Raingauge" dataType="Total" period="15 min" units="mm" startDate="2016-02-12" startTime="09:15:00" endDate="2016-02-12" endTime="10:00:00">
			<Value date="2016-02-12" time="09:15:00">0.0</Value>
			<Value date="2016-02-12" time="09:30:00">0.0</Value>
			<Value date="2016-02-12" time="09:45:00">0.0</Value>
			<Value date="2016-02-12" time="10:00:00">0.0</Value>
		</SetofValues>
	</Station>
	<Station stationReference="1548" region="Midland" stationName="Trimpley RAIN" ngr="SO77287893">
		<SetofValues parameter="Rainfall" qualifier="Tipping Bucket Raingauge" dataType="Total" period="15 min" units="mm" startDate="2016-02-12" startTime="09:15:00" endDate="2016-02-12" endTime="10:00:00">
			<Value date="2016-02-12" time="09:15:00">0.0</Value>
			<Value date="2016-02-12" time="09:30:00">0.0</Value>
			<Value date="2016-02-12" time="09:45:00">0.0</Value>
			<Value date="2016-02-12" time="10:00:00">0.0</Value>
		</SetofValues>
	</Station>
	<Station stationReference="1413" region="Midland" stationName="Hartlebury RAIN" ngr="SO84656978">
		<SetofValues parameter="Rainfall" qualifier="Tipping Bucket Raingauge" dataType="Total" period="15 min" units="mm" startDate="2016-02-12" startTime="09:15:00" endDate="2016-02-12" endTime="10:00:00">
			<Value date="2016-02-12" time="09:15:00">0.0</Value>
			<Value date="2016-02-12" time="09:30:00">0.0</Value>
			<Value date="2016-02-12" time="09:45:00">0.0</Value>
			<Value date="2016-02-12" time="10:00:00">0.0</Value>
		</SetofValues>
	</Station>
	<Station stationReference="1412" region="Midland" stationName="Bishop Castle RAIN" ngr="SO33808729">
		<SetofValues parameter="Temperature" qualifier="Dry Bulb" dataType="Instantaneous" period="15 min" units="deg C" startDate="2016-02-12" startTime="09:15:00" endDate="2016-02-12" endTime="10:00:00">
			<Value date="2016-02-12" time="09:15:00">2.4</Value>
			<Value date="2016-02-12" time="09:30:00">2.4</Value>
			<Value date="2016-02-12" time="09:45:00">2.6</Value>
			<Value date="2016-02-12" time="10:00:00">2.7</Value>
		</SetofValues>
		<SetofValues parameter="Rainfall" qualifier="Tipping Bucket Raingauge" dataType="Total" period="15 min" units="mm" startDate="2016-02-12" startTime="09:15:00" endDate="2016-02-12" endTime="10:00:00">
			<Value date="2016-02-12" time="09:15:00">0.0</Value>
			<Value date="2016-02-12" time="09:30:00">0.0</Value>
			<Value date="2016-02-12" time="09:45:00">0.0</Value>
			<Value date="2016-02-12" time="10:00:00">0.0</Value>
		</SetofValues>
	</Station>
	<Station stationReference="1409" region="Midland" stationName="Rorrington RAIN" ngr="SJ30360047">
		<SetofValues parameter="Rainfall" qualifier="Tipping Bucket Raingauge" dataType="Total" period="15 min" units="mm" startDate="2016-02-12" startTime="09:15:00" endDate="2016-02-12" endTime="10:00:00">
			<Value date="2016-02-12" time="09:15:00">0.0</Value>
			<Value date="2016-02-12" time="09:30:00">0.0</Value>
			<Value date="2016-02-12" time="09:45:00">0.0</Value>
			<Value date="2016-02-12" time="10:00:00">0.0</Value>
		</SetofValues>
	</Station>
	<Station stationReference="1387" region="Midland" stationName="Bettws Y Crwyn RAIN" ngr="SO20368136">
		<SetofValues parameter="Rainfall" qualifier="Tipping Bucket Raingauge" dataType="Total" period="15 min" units="mm" startDate="2016-02-12" startTime="09:15:00" endDate="2016-02-12" endTime="10:00:00">
			<Value date="2016-02-12" time="09:15:00">0.0</Value>
			<Value date="2016-02-12" time="09:30:00">0.0</Value>
			<Value date="2016-02-12" time="09:45:00">0.0</Value>
			<Value date="2016-02-12" time="10:00:00">0.0</Value>
		</SetofValues>
	</Station>
	<Station stationReference="1339" region="Midland" stationName="Rushmoor Wrw RAIN" ngr="SJ61591350">
		<SetofValues parameter="Rainfall" qualifier="Tipping Bucket Raingauge" dataType="Total" period="15 min" units="mm" startDate="2016-02-12" startTime="09:15:00" endDate="2016-02-12" endTime="10:00:00">
			<Value date="2016-02-12" time="09:15:00">0.0</Value>
			<Value date="2016-02-12" time="09:30:00">0.0</Value>
			<Value date="2016-02-12" time="09:45:00">0.0</Value>
			<Value date="2016-02-12" time="10:00:00">0.0</Value>
		</SetofValues>
	</Station>
	<Station stationReference="1335" region="Midland" stationName="Cynynion RAIN" ngr="SJ24423012">
		<SetofValues parameter="Rainfall" qualifier="Tipping Bucket Raingauge" dataType="Total" period="15 min" units="mm" startDate="2016-02-12" startTime="09:15:00" endDate="2016-02-12" endTime="10:00:00">
			<Value date="2016-02-12" time="09:15:00">0.0</Value>
			<Value date="2016-02-12" time="09:30:00">0.0</Value>
			<Value date="2016-02-12" time="09:45:00">0.0</Value>
			<Value date="2016-02-12" time="10:00:00">0.0</Value>
		</SetofValues>
	</Station>
	<Station stationReference="1332" region="Midland" stationName="Walkmills RAIN" ngr="SO46759932">
		<SetofValues parameter="Rainfall" qualifier="Tipping Bucket Raingauge" dataType="Total" period="15 min" units="mm" startDate="2016-02-12" startTime="09:15:00" endDate="2016-02-12" endTime="10:00:00">
			<Value date="2016-02-12" time="09:15:00">0.0</Value>
			<Value date="2016-02-12" time="09:30:00">0.0</Value>
			<Value date="2016-02-12" time="09:45:00">0.0</Value>
			<Value date="2016-02-12" time="10:00:00">0.0</Value>
		</SetofValues>
	</Station>
	<Station stationReference="1201" region="Midland" stationName="Alvechurch RAIN" ngr="SP0317771748">
		<SetofValues parameter="Rainfall" qualifier="Tipping Bucket Raingauge" dataType="Total" period="15 min" units="mm" startDate="2016-02-12" startTime="09:15:00" endDate="2016-02-12" endTime="10:00:00">
			<Value date="2016-02-12" time="09:15:00">0.0</Value>
			<Value date="2016-02-12" time="09:30:00">0.0</Value>
			<Value date="2016-02-12" time="09:45:00">0.0</Value>
			<Value date="2016-02-12" time="10:00:00">0.0</Value>
		</SetofValues>
	</Station>
	<Station stationReference="1155" region="Midland" stationName="Stanford Reservoir RAIN" ngr="SP5958380259">
		<SetofValues parameter="Rainfall" qualifier="Tipping Bucket Raingauge" dataType="Total" period="15 min" units="mm" startDate="2016-02-12" startTime="09:15:00" endDate="2016-02-12" endTime="10:00:00">
			<Value date="2016-02-12" time="09:15:00">0.0</Value>
			<Value date="2016-02-12" time="09:30:00">0.0</Value>
			<Value date="2016-02-12" time="09:45:00">0.0</Value>
			<Value date="2016-02-12" time="10:00:00">0.0</Value>
		</SetofValues>
	</Station>
	<Station stationReference="1141" region="Midland" stationName="Miserden RAIN" ngr="SO9367908745">
		<SetofValues parameter="Rainfall" qualifier="Tipping Bucket Raingauge" dataType="Total" period="15 min" units="mm" startDate="2016-02-12" startTime="09:15:00" endDate="2016-02-12" endTime="10:00:00">
			<Value date="2016-02-12" time="09:15:00">0.0</Value>
			<Value date="2016-02-12" time="09:30:00">0.0</Value>
			<Value date="2016-02-12" time="09:45:00">0.0</Value>
			<Value date="2016-02-12" time="10:00:00">0.0</Value>
		</SetofValues>
	</Station>
	<Station stationReference="1140" region="Midland" stationName="Dowdeswell RAIN" ngr="SO9876919616">
		<SetofValues parameter="Rainfall" qualifier="Tipping Bucket Raingauge" dataType="Total" period="15 min" units="mm" startDate="2016-02-12" startTime="09:15:00" endDate="2016-02-12" endTime="10:00:00">
			<Value date="2016-02-12" time="09:15:00">0.0</Value>
			<Value date="2016-02-12" time="09:30:00">0.0</Value>
			<Value date="2016-02-12" time="09:45:00">0.0</Value>
			<Value date="2016-02-12" time="10:00:00">0.0</Value>
		</SetofValues>
	</Station>
	<Station stationReference="1121" region="Midland" stationName="Monkmoor RAIN" ngr="SJ51681360">
		<SetofValues parameter="Rainfall" qualifier="Tipping Bucket Raingauge" dataType="Total" period="15 min" units="mm" startDate="2016-02-12" startTime="09:15:00" endDate="2016-02-12" endTime="10:00:00">
			<Value date="2016-02-12" time="09:15:00">0.0</Value>
			<Value date="2016-02-12" time="09:30:00">0.0</Value>
			<Value date="2016-02-12" time="09:45:00">0.0</Value>
			<Value date="2016-02-12" time="10:00:00">0.0</Value>
		</SetofValues>
	</Station>
	<Station stationReference="1119" region="Midland" stationName="Ledbury Wrw RAIN" ngr="SO7023337123">
		<SetofValues parameter="Rainfall" qualifier="Tipping Bucket Raingauge" dataType="Total" period="15 min" units="mm" startDate="2016-02-12" startTime="09:15:00" endDate="2016-02-12" endTime="10:00:00">
			<Value date="2016-02-12" time="09:15:00">0.0</Value>
			<Value date="2016-02-12" time="09:30:00">0.0</Value>
			<Value date="2016-02-12" time="09:45:00">0.0</Value>
			<Value date="2016-02-12" time="10:00:00">0.0</Value>
		</SetofValues>
	</Station>
	<Station stationReference="1117" region="Midland" stationName="Parkend RAIN" ngr="SO5785106873">
		<SetofValues parameter="Rainfall" qualifier="Tipping Bucket Raingauge" dataType="Total" period="15 min" units="mm" startDate="2016-02-12" startTime="09:15:00" endDate="2016-02-12" endTime="10:00:00">
			<Value date="2016-02-12" time="09:15:00">0.0</Value>
			<Value date="2016-02-12" time="09:30:00">0.0</Value>
			<Value date="2016-02-12" time="09:45:00">0.0</Value>
			<Value date="2016-02-12" time="10:00:00">0.0</Value>
		</SetofValues>
	</Station>
	<Station stationReference="1112" region="Midland" stationName="Minchinhampton RAIN" ngr="ST8888898411">
		<SetofValues parameter="Rainfall" qualifier="Tipping Bucket Raingauge" dataType="Total" period="15 min" units="mm" startDate="2016-02-12" startTime="08:45:00" endDate="2016-02-12" endTime="10:00:00">
			<Value date="2016-02-12" time="08:45:00">0.0</Value>
			<Value date="2016-02-12" time="09:00:00">0.0</Value>
			<Value date="2016-02-12" time="09:15:00">0.0</Value>
			<Value date="2016-02-12" time="09:30:00">0.0</Value>
			<Value date="2016-02-12" time="09:45:00">0.0</Value>
			<Value date="2016-02-12" time="10:00:00">0.0</Value>
		</SetofValues>
	</Station>
	<Station stationReference="1040" region="Midland" stationName="Henley In Arden Ps RAIN" ngr="SP1549467906">
		<SetofValues parameter="Rainfall" qualifier="Tipping Bucket Raingauge" dataType="Total" period="15 min" units="mm" startDate="2016-02-12" startTime="09:15:00" endDate="2016-02-12" endTime="10:00:00">
			<Value date="2016-02-12" time="09:15:00">0.0</Value>
			<Value date="2016-02-12" time="09:30:00">0.0</Value>
			<Value date="2016-02-12" time="09:45:00">0.0</Value>
			<Value date="2016-02-12" time="10:00:00">0.0</Value>
		</SetofValues>
	</Station>
</EATimeSeriesDataExchangeFormat>
