<?xml version="1.0" standalone="yes"?>
<EATimeSeriesDataExchangeFormat xmlns="http://www.environment-agency.gov.uk/XMLSchemas/EATimeSeriesDataExchangeFormat" xmlns:md="http://www.environment-agency.gov.uk/XMLSchemas/EAMetadataFormat" xmlns:xsi="http://www.w3.org/2001/XMLSchema-instance" xsi:schemaLocation="http://www.environment-agency.gov.uk/XMLSchemas/EATimeSeriesDataExchangeFormat EATimeSeriesDataExchangeFormat.xsd">
	<md:Publisher>Environment Agency</md:Publisher>
	<md:Source>Midland Regional Telemetry System</md:Source>
	<md:Description>Automated telemetry data export process</md:Description>
	<md:Creator>SCX 6</md:Creator>
	<md:Date>2016-02-12</md:Date>
	<md:Time>13:05:48</md:Time>
	<md:Identifier>MISAPSCXAS1</md:Identifier>
	<Station stationReference="4143" region="Midland" stationName="Leek LVL" ngr="SJ99245810">
		<SetofValues parameter="Water Level" qualifier="Stage" dataType="Instantaneous" period="15 min" units="mASD" startDate="2016-02-12" startTime="05:15:00" endDate="2016-02-12" endTime="13:00:00">
			<Value date="2016-02-12" time="05:15:00">0.338</Value>
			<Value date="2016-02-12" time="05:30:00">0.337</Value>
			<Value date="2016-02-12" time="05:45:00">0.338</Value>
			<Value date="2016-02-12" time="06:00:00">0.335</Value>
			<Value date="2016-02-12" time="06:15:00">0.336</Value>
			<Value date="2016-02-12" time="06:30:00">0.334</Value>
			<Value date="2016-02-12" time="06:45:00">0.334</Value>
			<Value date="2016-02-12" time="07:00:00">0.333</Value>
			<Value date="2016-02-12" time="07:15:00">0.333</Value>
			<Value date="2016-02-12" time="07:30:00">0.333</Value>
			<Value date="2016-02-12" time="07:45:00">0.332</Value>
			<Value date="2016-02-12" time="08:00:00">0.330</Value>
			<Value date="2016-02-12" time="08:15:00">0.331</Value>
			<Value date="2016-02-12" time="08:30:00">0.331</Value>
			<Value date="2016-02-12" time="08:45:00">0.331</Value>
			<Value date="2016-02-12" time="09:00:00">0.328</Value>
			<Value date="2016-02-12" time="09:15:00">0.330</Value>
			<Value date="2016-02-12" time="09:30:00">0.328</Value>
			<Value date="2016-02-12" time="09:45:00">0.327</Value>
			<Value date="2016-02-12" time="10:00:00">0.327</Value>
			<Value date="2016-02-12" time="10:15:00">0.327</Value>
			<Value date="2016-02-12" time="10:30:00">0.328</Value>
			<Value date="2016-02-12" time="10:45:00">0.327</Value>
			<Value date="2016-02-12" time="11:00:00">0.327</Value>
			<Value date="2016-02-12" time="11:15:00">0.327</Value>
			<Value date="2016-02-12" time="11:30:00">0.328</Value>
			<Value date="2016-02-12" time="11:45:00">0.326</Value>
			<Value date="2016-02-12" time="12:00:00">0.327</Value>
			<Value date="2016-02-12" time="12:15:00">0.327</Value>
			<Value date="2016-02-12" time="12:30:00">0.331</Value>
			<Value date="2016-02-12" time="12:45:00">0.334</Value>
			<Value date="2016-02-12" time="13:00:00">0.335</Value>
		</SetofValues>
	</Station>
	<Station stationReference="4018" region="Midland" stationName="Marston On Dove LVL" ngr="SK23742884">
		<SetofValues parameter="Water Level" qualifier="Stage" dataType="Instantaneous" period="15 min" units="mASD" startDate="2016-02-12" startTime="12:15:00" endDate="2016-02-12" endTime="13:00:00">
			<Value date="2016-02-12" time="12:15:00">0.869</Value>
			<Value date="2016-02-12" time="12:30:00">0.869</Value>
			<Value date="2016-02-12" time="12:45:00">0.868</Value>
			<Value date="2016-02-12" time="13:00:00">0.868</Value>
		</SetofValues>
	</Station>
	<Station stationReference="4003" region="Midland" stationName="Water Orton LVL" ngr="SP1694091460">
		<SetofValues parameter="Water Level" qualifier="Stage" dataType="Instantaneous" period="15 min" units="mASD" startDate="2016-02-12" startTime="12:15:00" endDate="2016-02-12" endTime="13:00:00">
			<Value date="2016-02-12" time="12:15:00">0.361</Value>
			<Value date="2016-02-12" time="12:30:00">0.361</Value>
			<Value date="2016-02-12" time="12:45:00">0.361</Value>
			<Value date="2016-02-12" time="13:00:00">0.360</Value>
		</SetofValues>
		<SetofValues parameter="Water Level" qualifier="Downstream Stage" dataType="Instantaneous" period="15 min" units="mASD" startDate="2016-02-12" startTime="12:15:00" endDate="2016-02-12" endTime="13:00:00">
			<Value date="2016-02-12" time="12:15:00">0.186</Value>
			<Value date="2016-02-12" time="12:30:00">0.192</Value>
			<Value date="2016-02-12" time="12:45:00">0.188</Value>
			<Value date="2016-02-12" time="13:00:00">0.195</Value>
		</SetofValues>
	</Station>
	<Station stationReference="3999" region="Midland" stationName="Littlethorpe RAIN" ngr="SP54309655">
		<SetofValues parameter="Temperature" qualifier="Dry Bulb" dataType="Instantaneous" period="15 min" units="deg C" startDate="2016-02-12" startTime="12:15:00" endDate="2016-02-12" endTime="13:00:00">
			<Value date="2016-02-12" time="12:15:00">5.7</Value>
			<Value date="2016-02-12" time="12:30:00">6.1</Value>
			<Value date="2016-02-12" time="12:45:00">6.4</Value>
			<Value date="2016-02-12" time="13:00:00">6.8</Value>
		</SetofValues>
		<SetofValues parameter="Rainfall" qualifier="Tipping Bucket Raingauge" dataType="Total" period="15 min" units="mm" startDate="2016-02-12" startTime="12:15:00" endDate="2016-02-12" endTime="13:00:00">
			<Value date="2016-02-12" time="12:15:00">0.0</Value>
			<Value date="2016-02-12" time="12:30:00">0.0</Value>
			<Value date="2016-02-12" time="12:45:00">0.0</Value>
			<Value date="2016-02-12" time="13:00:00">0.0</Value>
		</SetofValues>
	</Station>
	<Station stationReference="3686" region="Midland" stationName="Fleckney RAIN" ngr="SP65779454">
		<SetofValues parameter="Rainfall" qualifier="Tipping Bucket Raingauge" dataType="Total" period="15 min" units="mm" startDate="2016-02-12" startTime="12:15:00" endDate="2016-02-12" endTime="13:00:00">
			<Value date="2016-02-12" time="12:15:00">0.0</Value>
			<Value date="2016-02-12" time="12:30:00">0.0</Value>
			<Value date="2016-02-12" time="12:45:00">0.0</Value>
			<Value date="2016-02-12" time="13:00:00">0.0</Value>
		</SetofValues>
	</Station>
	<Station stationReference="3288" region="Midland" stationName="Lea Marston RAIN" ngr="SP20649389">
		<SetofValues parameter="Rainfall" qualifier="Tipping Bucket Raingauge" dataType="Total" period="15 min" units="mm" startDate="2016-02-12" startTime="12:15:00" endDate="2016-02-12" endTime="13:00:00">
			<Value date="2016-02-12" time="12:15:00">0.0</Value>
			<Value date="2016-02-12" time="12:30:00">0.0</Value>
			<Value date="2016-02-12" time="12:45:00">0.0</Value>
			<Value date="2016-02-12" time="13:00:00">0.0</Value>
		</SetofValues>
	</Station>
	<Station stationReference="3275" region="Midland" stationName="Walsall Wood RAIN" ngr="SK03800414">
		<SetofValues parameter="Temperature" qualifier="Dry Bulb" dataType="Instantaneous" period="15 min" units="deg C" startDate="2016-02-12" startTime="12:15:00" endDate="2016-02-12" endTime="13:00:00">
			<Value date="2016-02-12" time="12:15:00">5.9</Value>
			<Value date="2016-02-12" time="12:30:00">6.2</Value>
			<Value date="2016-02-12" time="12:45:00">6.3</Value>
			<Value date="2016-02-12" time="13:00:00">6.3</Value>
		</SetofValues>
		<SetofValues parameter="Rainfall" qualifier="Tipping Bucket Raingauge" dataType="Total" period="15 min" units="mm" startDate="2016-02-12" startTime="12:15:00" endDate="2016-02-12" endTime="13:00:00">
			<Value date="2016-02-12" time="12:15:00">0.0</Value>
			<Value date="2016-02-12" time="12:30:00">0.0</Value>
			<Value date="2016-02-12" time="12:45:00">0.0</Value>
			<Value date="2016-02-12" time="13:00:00">0.0</Value>
		</SetofValues>
	</Station>
	<Station stationReference="3201" region="Midland" stationName="Atherstone RAIN" ngr="SP31799802">
		<SetofValues parameter="Rainfall" qualifier="Tipping Bucket Raingauge" dataType="Total" period="15 min" units="mm" startDate="2016-02-12" startTime="12:15:00" endDate="2016-02-12" endTime="13:00:00">
			<Value date="2016-02-12" time="12:15:00">0.0</Value>
			<Value date="2016-02-12" time="12:30:00">0.0</Value>
			<Value date="2016-02-12" time="12:45:00">0.0</Value>
			<Value date="2016-02-12" time="13:00:00">0.0</Value>
		</SetofValues>
	</Station>
	<Station stationReference="3185" region="Midland" stationName="Tudor Grange RAIN" ngr="SP14737886">
		<SetofValues parameter="Rainfall" qualifier="Tipping Bucket Raingauge" dataType="Total" period="15 min" units="mm" startDate="2016-02-12" startTime="12:15:00" endDate="2016-02-12" endTime="13:00:00">
			<Value date="2016-02-12" time="12:15:00">0.0</Value>
			<Value date="2016-02-12" time="12:30:00">0.0</Value>
			<Value date="2016-02-12" time="12:45:00">0.0</Value>
			<Value date="2016-02-12" time="13:00:00">0.0</Value>
		</SetofValues>
	</Station>
	<Station stationReference="3096" region="Midland" stationName="Barnhurst RAIN" ngr="SJ8979601959">
		<SetofValues parameter="Rainfall" qualifier="Tipping Bucket Raingauge" dataType="Total" period="15 min" units="mm" startDate="2016-02-12" startTime="12:15:00" endDate="2016-02-12" endTime="13:00:00">
			<Value date="2016-02-12" time="12:15:00">0.0</Value>
			<Value date="2016-02-12" time="12:30:00">0.0</Value>
			<Value date="2016-02-12" time="12:45:00">0.0</Value>
			<Value date="2016-02-12" time="13:00:00">0.0</Value>
		</SetofValues>
	</Station>
	<Station stationReference="3026" region="Midland" stationName="Hollies RAIN" ngr="SJ81572243">
		<SetofValues parameter="Rainfall" qualifier="Tipping Bucket Raingauge" dataType="Total" period="15 min" units="mm" startDate="2016-02-12" startTime="12:15:00" endDate="2016-02-12" endTime="13:00:00">
			<Value date="2016-02-12" time="12:15:00">0.0</Value>
			<Value date="2016-02-12" time="12:30:00">0.0</Value>
			<Value date="2016-02-12" time="12:45:00">0.0</Value>
			<Value date="2016-02-12" time="13:00:00">0.0</Value>
		</SetofValues>
	</Station>
	<Station stationReference="3025" region="Midland" stationName="Rodbaston RAIN" ngr="SJ92071159">
		<SetofValues parameter="Rainfall" qualifier="Tipping Bucket Raingauge" dataType="Total" period="15 min" units="mm" startDate="2016-02-12" startTime="12:15:00" endDate="2016-02-12" endTime="13:00:00">
			<Value date="2016-02-12" time="12:15:00">0.0</Value>
			<Value date="2016-02-12" time="12:30:00">0.0</Value>
			<Value date="2016-02-12" time="12:45:00">0.0</Value>
			<Value date="2016-02-12" time="13:00:00">0.0</Value>
		</SetofValues>
	</Station>
	<Station stationReference="2900" region="Midland" stationName="Walton LVL" ngr="SP2859853167">
		<SetofValues parameter="Water Level" qualifier="Stage" dataType="Instantaneous" period="15 min" units="mASD" startDate="2016-02-12" startTime="12:15:00" endDate="2016-02-12" endTime="13:00:00">
			<Value date="2016-02-12" time="12:15:00">0.513</Value>
			<Value date="2016-02-12" time="12:30:00">0.513</Value>
			<Value date="2016-02-12" time="12:45:00">0.513</Value>
			<Value date="2016-02-12" time="13:00:00">0.515</Value>
		</SetofValues>
	</Station>
	<Station stationReference="2832" region="Midland" stationName="Maesbrook LVL" ngr="SJ30092074">
		<SetofValues parameter="Water Level" qualifier="Stage" dataType="Instantaneous" period="15 min" units="mASD" startDate="2016-02-12" startTime="12:15:00" endDate="2016-02-12" endTime="13:00:00">
			<Value date="2016-02-12" time="12:15:00">0.388</Value>
			<Value date="2016-02-12" time="12:30:00">0.388</Value>
			<Value date="2016-02-12" time="12:45:00">0.387</Value>
			<Value date="2016-02-12" time="13:00:00">0.387</Value>
		</SetofValues>
	</Station>
	<Station stationReference="2831" region="Midland" stationName="Cae Howel LVL" ngr="SJ34471709">
		<SetofValues parameter="Water Level" qualifier="Stage" dataType="Instantaneous" period="15 min" units="mASD" startDate="2016-02-12" startTime="12:15:00" endDate="2016-02-12" endTime="13:00:00">
			<Value date="2016-02-12" time="12:15:00">4.966</Value>
			<Value date="2016-02-12" time="12:30:00">4.959</Value>
			<Value date="2016-02-12" time="12:45:00">4.953</Value>
			<Value date="2016-02-12" time="13:00:00">4.951</Value>
		</SetofValues>
	</Station>
	<Station stationReference="2830" region="Midland" stationName="Hayes Basin LVL" ngr="SJ3523015720">
		<SetofValues parameter="Water Level" qualifier="Stage" dataType="Instantaneous" period="15 min" units="mASD" startDate="2016-02-12" startTime="12:15:00" endDate="2016-02-12" endTime="13:00:00">
			<Value date="2016-02-12" time="12:15:00">2.380</Value>
			<Value date="2016-02-12" time="12:30:00">2.380</Value>
			<Value date="2016-02-12" time="12:45:00">2.380</Value>
			<Value date="2016-02-12" time="13:00:00">2.370</Value>
		</SetofValues>
	</Station>
	<Station stationReference="2706" region="Midland" stationName="Wombourne LVL" ngr="SO8623992608">
		<SetofValues parameter="Water Level" qualifier="Stage" dataType="Instantaneous" period="15 min" units="mASD" startDate="2016-02-12" startTime="12:15:00" endDate="2016-02-12" endTime="13:00:00">
			<Value date="2016-02-12" time="12:15:00">0.306</Value>
			<Value date="2016-02-12" time="12:30:00">0.298</Value>
			<Value date="2016-02-12" time="12:45:00">0.310</Value>
			<Value date="2016-02-12" time="13:00:00">0.291</Value>
		</SetofValues>
	</Station>
	<Station stationReference="2669" region="Midland" stationName="Shifnal LVL" ngr="SJ7444808607">
		<SetofValues parameter="Water Level" qualifier="Stage" dataType="Instantaneous" period="15 min" units="mASD" startDate="2016-02-12" startTime="12:15:00" endDate="2016-02-12" endTime="13:00:00">
			<Value date="2016-02-12" time="12:15:00">0.205</Value>
			<Value date="2016-02-12" time="12:30:00">0.205</Value>
			<Value date="2016-02-12" time="12:45:00">0.205</Value>
			<Value date="2016-02-12" time="13:00:00">0.205</Value>
		</SetofValues>
	</Station>
	<Station stationReference="2649" region="Midland" stationName="Clay Coton LVL" ngr="SP5938176922">
		<SetofValues parameter="Water Level" qualifier="Stage" dataType="Instantaneous" period="15 min" units="mASD" startDate="2016-02-12" startTime="12:15:00" endDate="2016-02-12" endTime="13:00:00">
			<Value date="2016-02-12" time="12:15:00">0.533</Value>
			<Value date="2016-02-12" time="12:30:00">0.542</Value>
			<Value date="2016-02-12" time="12:45:00">0.547</Value>
			<Value date="2016-02-12" time="13:00:00">0.553</Value>
		</SetofValues>
	</Station>
	<Station stationReference="2648" region="Midland" stationName="Toddington LVL" ngr="SP0338633481">
		<SetofValues parameter="Water Level" qualifier="Stage" dataType="Instantaneous" period="15 min" units="mASD" startDate="2016-02-12" startTime="12:15:00" endDate="2016-02-12" endTime="13:00:00">
			<Value date="2016-02-12" time="12:15:00">0.433</Value>
			<Value date="2016-02-12" time="12:30:00">0.433</Value>
			<Value date="2016-02-12" time="12:45:00">0.434</Value>
			<Value date="2016-02-12" time="13:00:00">0.433</Value>
		</SetofValues>
	</Station>
	<Station stationReference="2641" region="Midland" stationName="Wightwick LVL" ngr="SO8707398305">
		<SetofValues parameter="Water Level" qualifier="Stage" dataType="Instantaneous" period="15 min" units="mASD" startDate="2016-02-12" startTime="12:15:00" endDate="2016-02-12" endTime="13:00:00">
			<Value date="2016-02-12" time="12:15:00">0.337</Value>
			<Value date="2016-02-12" time="12:30:00">0.336</Value>
			<Value date="2016-02-12" time="12:45:00">0.340</Value>
			<Value date="2016-02-12" time="13:00:00">0.346</Value>
		</SetofValues>
	</Station>
	<Station stationReference="2639" region="Midland" stationName="Dutlas LVL" ngr="SO21147806">
		<SetofValues parameter="Water Level" qualifier="Stage" dataType="Instantaneous" period="15 min" units="mASD" startDate="2016-02-12" startTime="12:15:00" endDate="2016-02-12" endTime="13:00:00">
			<Value date="2016-02-12" time="12:15:00">0.415</Value>
			<Value date="2016-02-12" time="12:30:00">0.414</Value>
			<Value date="2016-02-12" time="12:45:00">0.413</Value>
			<Value date="2016-02-12" time="13:00:00">0.414</Value>
		</SetofValues>
	</Station>
	<Station stationReference="2636" region="Midland" stationName="Mor Brook LVL" ngr="SO7095090270">
		<SetofValues parameter="Water Level" qualifier="Stage" dataType="Instantaneous" period="15 min" units="mASD" startDate="2016-02-12" startTime="12:15:00" endDate="2016-02-12" endTime="13:00:00">
			<Value date="2016-02-12" time="12:15:00">0.300</Value>
			<Value date="2016-02-12" time="12:30:00">0.300</Value>
			<Value date="2016-02-12" time="12:45:00">0.299</Value>
			<Value date="2016-02-12" time="13:00:00">0.293</Value>
		</SetofValues>
	</Station>
	<Station stationReference="2634" region="Midland" stationName="Burford Bridge LVL" ngr="SO57466837">
		<SetofValues parameter="Water Level" qualifier="Stage" dataType="Instantaneous" period="15 min" units="mASD" startDate="2016-02-12" startTime="12:15:00" endDate="2016-02-12" endTime="13:00:00">
			<Value date="2016-02-12" time="12:15:00">0.780</Value>
			<Value date="2016-02-12" time="12:30:00">0.781</Value>
			<Value date="2016-02-12" time="12:45:00">0.781</Value>
			<Value date="2016-02-12" time="13:00:00">0.782</Value>
		</SetofValues>
	</Station>
	<Station stationReference="2629" region="Midland" stationName="Lydney LVL" ngr="SO6316603576">
		<SetofValues parameter="Water Level" qualifier="Stage" dataType="Instantaneous" period="15 min" units="mASD" startDate="2016-02-12" startTime="12:15:00" endDate="2016-02-12" endTime="13:00:00">
			<Value date="2016-02-12" time="12:15:00">0.495</Value>
			<Value date="2016-02-12" time="12:30:00">0.491</Value>
			<Value date="2016-02-12" time="12:45:00">0.492</Value>
			<Value date="2016-02-12" time="13:00:00">0.492</Value>
		</SetofValues>
	</Station>
	<Station stationReference="2625" region="Midland" stationName="Ludlow Teme LVL" ngr="SO51997424">
		<SetofValues parameter="Water Level" qualifier="Stage" dataType="Instantaneous" period="15 min" units="mASD" startDate="2016-02-12" startTime="12:15:00" endDate="2016-02-12" endTime="13:00:00">
			<Value date="2016-02-12" time="12:15:00">1.836</Value>
			<Value date="2016-02-12" time="12:30:00">1.840</Value>
			<Value date="2016-02-12" time="12:45:00">1.838</Value>
			<Value date="2016-02-12" time="13:00:00">1.840</Value>
		</SetofValues>
	</Station>
	<Station stationReference="2615" region="Midland" stationName="Bidford LVL" ngr="SP0985451769">
		<SetofValues parameter="Water Level" qualifier="Stage" dataType="Instantaneous" period="15 min" units="mASD" startDate="2016-02-12" startTime="12:15:00" endDate="2016-02-12" endTime="13:00:00">
			<Value date="2016-02-12" time="12:15:00">1.457</Value>
			<Value date="2016-02-12" time="12:30:00">1.457</Value>
			<Value date="2016-02-12" time="12:45:00">1.457</Value>
			<Value date="2016-02-12" time="13:00:00">1.457</Value>
		</SetofValues>
	</Station>
	<Station stationReference="2613" region="Midland" stationName="Southam LVL" ngr="SP4050362686">
		<SetofValues parameter="Water Level" qualifier="Stage" dataType="Instantaneous" period="15 min" units="mASD" startDate="2016-02-12" startTime="12:15:00" endDate="2016-02-12" endTime="13:00:00">
			<Value date="2016-02-12" time="12:15:00">0.335</Value>
			<Value date="2016-02-12" time="12:30:00">0.335</Value>
			<Value date="2016-02-12" time="12:45:00">0.335</Value>
			<Value date="2016-02-12" time="13:00:00">0.335</Value>
		</SetofValues>
		<SetofValues parameter="Water Level" qualifier="Downstream Stage" dataType="Instantaneous" period="15 min" units="mASD" startDate="2016-02-12" startTime="12:15:00" endDate="2016-02-12" endTime="13:00:00">
			<Value date="2016-02-12" time="12:15:00">-0.103</Value>
			<Value date="2016-02-12" time="12:30:00">-0.107</Value>
			<Value date="2016-02-12" time="12:45:00">-0.108</Value>
			<Value date="2016-02-12" time="13:00:00">-0.107</Value>
		</SetofValues>
	</Station>
	<Station stationReference="2609" region="Midland" stationName="Kites Hardwick LVL" ngr="SP4675068593">
		<SetofValues parameter="Water Level" qualifier="Stage" dataType="Instantaneous" period="15 min" units="mASD" startDate="2016-02-12" startTime="12:15:00" endDate="2016-02-12" endTime="13:00:00">
			<Value date="2016-02-12" time="12:15:00">0.435</Value>
			<Value date="2016-02-12" time="12:30:00">0.434</Value>
			<Value date="2016-02-12" time="12:45:00">0.432</Value>
			<Value date="2016-02-12" time="13:00:00">0.431</Value>
		</SetofValues>
		<SetofValues parameter="Water Level" qualifier="Downstream Stage" dataType="Instantaneous" period="15 min" units="mASD" startDate="2016-02-12" startTime="12:15:00" endDate="2016-02-12" endTime="13:00:00">
			<Value date="2016-02-12" time="12:15:00">0.426</Value>
			<Value date="2016-02-12" time="12:30:00">0.422</Value>
			<Value date="2016-02-12" time="12:45:00">0.422</Value>
			<Value date="2016-02-12" time="13:00:00">0.419</Value>
		</SetofValues>
	</Station>
	<Station stationReference="2516" region="Midland" stationName="Halesowen LVL" ngr="SO9592484993">
		<SetofValues parameter="Water Level" qualifier="Stage" dataType="Instantaneous" period="15 min" units="mASD" startDate="2016-02-12" startTime="12:15:00" endDate="2016-02-12" endTime="13:00:00">
			<Value date="2016-02-12" time="12:15:00">0.618</Value>
			<Value date="2016-02-12" time="12:30:00">0.615</Value>
			<Value date="2016-02-12" time="12:45:00">0.616</Value>
			<Value date="2016-02-12" time="13:00:00">0.617</Value>
		</SetofValues>
	</Station>
	<Station stationReference="2216" region="Midland" stationName="Torrington Ave LVL" ngr="SP2788077700">
		<SetofValues parameter="Water Level" qualifier="Stage" dataType="Instantaneous" period="15 min" units="mASD" startDate="2016-02-12" startTime="12:15:00" endDate="2016-02-12" endTime="13:00:00">
			<Value date="2016-02-12" time="12:15:00">0.033</Value>
			<Value date="2016-02-12" time="12:30:00">0.033</Value>
			<Value date="2016-02-12" time="12:45:00">0.033</Value>
			<Value date="2016-02-12" time="13:00:00">0.032</Value>
		</SetofValues>
	</Station>
	<Station stationReference="2215" region="Midland" stationName="Henry Parkes Road LVL" ngr="SP3065077380">
		<SetofValues parameter="Water Level" qualifier="Stage" dataType="Instantaneous" period="15 min" units="mASD" startDate="2016-02-12" startTime="12:15:00" endDate="2016-02-12" endTime="13:00:00">
			<Value date="2016-02-12" time="12:15:00">0.327</Value>
			<Value date="2016-02-12" time="12:30:00">0.327</Value>
			<Value date="2016-02-12" time="12:45:00">0.327</Value>
			<Value date="2016-02-12" time="13:00:00">0.326</Value>
		</SetofValues>
	</Station>
	<Station stationReference="2213" region="Midland" stationName="Hope Street LVL" ngr="SP3259478873">
		<SetofValues parameter="Water Level" qualifier="Stage" dataType="Instantaneous" period="15 min" units="mASD" startDate="2016-02-12" startTime="12:15:00" endDate="2016-02-12" endTime="13:00:00">
			<Value date="2016-02-12" time="12:15:00">0.433</Value>
			<Value date="2016-02-12" time="12:30:00">0.433</Value>
			<Value date="2016-02-12" time="12:45:00">0.433</Value>
			<Value date="2016-02-12" time="13:00:00">0.433</Value>
		</SetofValues>
	</Station>
	<Station stationReference="2209" region="Midland" stationName="Blackburn Road" ngr="SP3493783312">
		<SetofValues parameter="Water Level" qualifier="Stage" dataType="Instantaneous" period="15 min" units="mASD" startDate="2016-02-12" startTime="12:15:00" endDate="2016-02-12" endTime="13:00:00">
			<Value date="2016-02-12" time="12:15:00">0.311</Value>
			<Value date="2016-02-12" time="12:30:00">0.314</Value>
			<Value date="2016-02-12" time="12:45:00">0.311</Value>
			<Value date="2016-02-12" time="13:00:00">0.321</Value>
		</SetofValues>
	</Station>
	<Station stationReference="2207" region="Midland" stationName="Hall Green Road LVL" ngr="SP3577082600">
		<SetofValues parameter="Water Level" qualifier="Stage" dataType="Instantaneous" period="15 min" units="mASD" startDate="2016-02-12" startTime="12:15:00" endDate="2016-02-12" endTime="13:00:00">
			<Value date="2016-02-12" time="12:15:00">0.221</Value>
			<Value date="2016-02-12" time="12:30:00">0.220</Value>
			<Value date="2016-02-12" time="12:45:00">0.221</Value>
			<Value date="2016-02-12" time="13:00:00">0.220</Value>
		</SetofValues>
	</Station>
	<Station stationReference="2195" region="Midland" stationName="Sharpness TL" ngr="SO6674102185">
		<SetofValues parameter="Water Level" qualifier="Stage" dataType="Instantaneous" period="5 min" units="mASD" startDate="2016-02-12" startTime="12:05:00" endDate="2016-02-12" endTime="13:00:00">
			<Value date="2016-02-12" time="12:05:00">5.966</Value>
			<Value date="2016-02-12" time="12:10:00">5.721</Value>
			<Value date="2016-02-12" time="12:15:00">5.559</Value>
			<Value date="2016-02-12" time="12:20:00">5.398</Value>
			<Value date="2016-02-12" time="12:25:00">5.212</Value>
			<Value date="2016-02-12" time="12:30:00">5.074</Value>
			<Value date="2016-02-12" time="12:35:00">4.924</Value>
			<Value date="2016-02-12" time="12:40:00">4.775</Value>
			<Value date="2016-02-12" time="12:45:00">4.645</Value>
			<Value date="2016-02-12" time="12:50:00">4.477</Value>
			<Value date="2016-02-12" time="12:55:00">4.372</Value>
			<Value date="2016-02-12" time="13:00:00">4.222</Value>
		</SetofValues>
	</Station>
	<Station stationReference="2180" region="Midland" stationName="Bridgnorth LVL" ngr="SO71899311">
		<SetofValues parameter="Water Level" qualifier="Stage" dataType="Instantaneous" period="15 min" units="mASD" startDate="2016-02-12" startTime="12:15:00" endDate="2016-02-12" endTime="13:00:00">
			<Value date="2016-02-12" time="12:15:00">3.793</Value>
			<Value date="2016-02-12" time="12:30:00">3.780</Value>
			<Value date="2016-02-12" time="12:45:00">3.777</Value>
			<Value date="2016-02-12" time="13:00:00">3.772</Value>
		</SetofValues>
	</Station>
	<Station stationReference="2175" region="Midland" stationName="Crew Green LVL" ngr="SJ32961581">
		<SetofValues parameter="Water Level" qualifier="Stage" dataType="Instantaneous" period="15 min" units="mASD" startDate="2016-02-12" startTime="12:15:00" endDate="2016-02-12" endTime="13:00:00">
			<Value date="2016-02-12" time="12:15:00">5.197</Value>
			<Value date="2016-02-12" time="12:30:00">5.196</Value>
			<Value date="2016-02-12" time="12:45:00">5.194</Value>
			<Value date="2016-02-12" time="13:00:00">5.176</Value>
		</SetofValues>
	</Station>
	<Station stationReference="2169" region="Midland" stationName="Ludlow LVL" ngr="SO50937608">
		<SetofValues parameter="Water Level" qualifier="Stage" dataType="Instantaneous" period="15 min" units="mASD" startDate="2016-02-12" startTime="12:15:00" endDate="2016-02-12" endTime="13:00:00">
			<Value date="2016-02-12" time="12:15:00">1.448</Value>
			<Value date="2016-02-12" time="12:30:00">1.446</Value>
			<Value date="2016-02-12" time="12:45:00">1.446</Value>
			<Value date="2016-02-12" time="13:00:00">1.445</Value>
		</SetofValues>
	</Station>
	<Station stationReference="2167" region="Midland" stationName="Kidderminster Callows Lane FLOW" ngr="SO8301576839">
		<SetofValues parameter="Water Level" qualifier="Stage" dataType="Instantaneous" period="15 min" units="mASD" startDate="2016-02-12" startTime="12:15:00" endDate="2016-02-12" endTime="13:00:00">
			<Value date="2016-02-12" time="12:15:00">0.990</Value>
			<Value date="2016-02-12" time="12:30:00">0.992</Value>
			<Value date="2016-02-12" time="12:45:00">0.994</Value>
			<Value date="2016-02-12" time="13:00:00">0.995</Value>
		</SetofValues>
		<SetofValues parameter="Flow" dataType="Instantaneous" period="15 min" units="Ml/d" startDate="2016-02-12" startTime="12:15:00" endDate="2016-02-12" endTime="13:00:00">
			<Value date="2016-02-12" time="12:15:00">317.43</Value>
			<Value date="2016-02-12" time="12:30:00">321.41</Value>
			<Value date="2016-02-12" time="12:45:00">322.96</Value>
			<Value date="2016-02-12" time="13:00:00">326.33</Value>
		</SetofValues>
	</Station>
	<Station stationReference="2132" region="Midland" stationName="Leintwardine LVL" ngr="SO40407381">
		<SetofValues parameter="Water Level" qualifier="Stage" dataType="Instantaneous" period="15 min" units="mASD" startDate="2016-02-12" startTime="12:15:00" endDate="2016-02-12" endTime="13:00:00">
			<Value date="2016-02-12" time="12:15:00">1.001</Value>
			<Value date="2016-02-12" time="12:30:00">1.001</Value>
			<Value date="2016-02-12" time="12:45:00">0.999</Value>
			<Value date="2016-02-12" time="13:00:00">0.997</Value>
		</SetofValues>
	</Station>
	<Station stationReference="2129" region="Midland" stationName="Coventry Hollyhead Rd LVL" ngr="SP3094180088">
		<SetofValues parameter="Water Level" qualifier="Stage" dataType="Instantaneous" period="15 min" units="mASD" startDate="2016-02-12" startTime="12:15:00" endDate="2016-02-12" endTime="13:00:00">
			<Value date="2016-02-12" time="12:15:00">0.150</Value>
			<Value date="2016-02-12" time="12:30:00">0.151</Value>
			<Value date="2016-02-12" time="12:45:00">0.153</Value>
			<Value date="2016-02-12" time="13:00:00">0.155</Value>
		</SetofValues>
	</Station>
	<Station stationReference="2128" region="Midland" stationName="Bredon FLOW" ngr="SO9206537238">
		<SetofValues parameter="Flow" dataType="Instantaneous" period="15 min" units="m3/s" startDate="2016-02-12" startTime="12:15:00" endDate="2016-02-12" endTime="13:00:00">
			<Value date="2016-02-12" time="12:15:00">0.000</Value>
			<Value date="2016-02-12" time="12:30:00">0.000</Value>
			<Value date="2016-02-12" time="12:45:00">0.000</Value>
			<Value date="2016-02-12" time="13:00:00">0.000</Value>
		</SetofValues>
	</Station>
	<Station stationReference="2107" region="Midland" stationName="Knighton LVL" ngr="SO28987238">
		<SetofValues parameter="Water Level" qualifier="Stage" dataType="Instantaneous" period="15 min" units="mASD" startDate="2016-02-12" startTime="12:15:00" endDate="2016-02-12" endTime="13:00:00">
			<Value date="2016-02-12" time="12:15:00">0.891</Value>
			<Value date="2016-02-12" time="12:30:00">0.890</Value>
			<Value date="2016-02-12" time="12:45:00">0.890</Value>
			<Value date="2016-02-12" time="13:00:00">0.889</Value>
		</SetofValues>
	</Station>
	<Station stationReference="2104" region="Midland" stationName="Broom LVL" ngr="SP0863853580">
		<SetofValues parameter="Water Level" qualifier="Stage" dataType="Instantaneous" period="15 min" units="mASD" startDate="2016-02-12" startTime="12:15:00" endDate="2016-02-12" endTime="13:00:00">
			<Value date="2016-02-12" time="12:15:00">0.297</Value>
			<Value date="2016-02-12" time="12:30:00">0.298</Value>
			<Value date="2016-02-12" time="12:45:00">0.298</Value>
			<Value date="2016-02-12" time="13:00:00">0.301</Value>
		</SetofValues>
	</Station>
	<Station stationReference="2095" region="Midland" stationName="Little Alne LVL" ngr="SP1416161060">
		<SetofValues parameter="Water Level" qualifier="Stage" dataType="Instantaneous" period="15 min" units="mASD" startDate="2016-02-12" startTime="12:15:00" endDate="2016-02-12" endTime="13:00:00">
			<Value date="2016-02-12" time="12:15:00">1.020</Value>
			<Value date="2016-02-12" time="12:30:00">1.020</Value>
			<Value date="2016-02-12" time="12:45:00">1.019</Value>
			<Value date="2016-02-12" time="13:00:00">1.019</Value>
		</SetofValues>
	</Station>
	<Station stationReference="2094" region="Midland" stationName="Studley LVL" ngr="SP0763463999">
		<SetofValues parameter="Water Level" qualifier="Stage" dataType="Instantaneous" period="15 min" units="mASD" startDate="2016-02-12" startTime="12:15:00" endDate="2016-02-12" endTime="13:00:00">
			<Value date="2016-02-12" time="12:15:00">0.678</Value>
			<Value date="2016-02-12" time="12:30:00">0.679</Value>
			<Value date="2016-02-12" time="12:45:00">0.679</Value>
			<Value date="2016-02-12" time="13:00:00">0.679</Value>
		</SetofValues>
	</Station>
	<Station stationReference="2093" region="Midland" stationName="Stratford LVL" ngr="SP2049854852">
		<SetofValues parameter="Water Level" qualifier="Stage" dataType="Instantaneous" period="15 min" units="mASD" startDate="2016-02-12" startTime="12:15:00" endDate="2016-02-12" endTime="13:00:00">
			<Value date="2016-02-12" time="12:15:00">0.735</Value>
			<Value date="2016-02-12" time="12:30:00">0.734</Value>
			<Value date="2016-02-12" time="12:45:00">0.730</Value>
			<Value date="2016-02-12" time="13:00:00">0.730</Value>
		</SetofValues>
	</Station>
	<Station stationReference="2092" region="Midland" stationName="Shipston LVL" ngr="SP2604240517">
		<SetofValues parameter="Water Level" qualifier="Stage" dataType="Instantaneous" period="15 min" units="mASD" startDate="2016-02-12" startTime="12:15:00" endDate="2016-02-12" endTime="13:00:00">
			<Value date="2016-02-12" time="12:15:00">0.715</Value>
			<Value date="2016-02-12" time="12:30:00">0.714</Value>
			<Value date="2016-02-12" time="12:45:00">0.716</Value>
			<Value date="2016-02-12" time="13:00:00">0.713</Value>
		</SetofValues>
	</Station>
	<Station stationReference="2091" region="Midland" stationName="Warwick LVL" ngr="SP2991265296">
		<SetofValues parameter="Water Level" qualifier="Stage" dataType="Instantaneous" period="15 min" units="mASD" startDate="2016-02-12" startTime="12:15:00" endDate="2016-02-12" endTime="13:00:00">
			<Value date="2016-02-12" time="12:15:00">1.357</Value>
			<Value date="2016-02-12" time="12:30:00">1.356</Value>
			<Value date="2016-02-12" time="12:45:00">1.356</Value>
			<Value date="2016-02-12" time="13:00:00">1.358</Value>
		</SetofValues>
	</Station>
	<Station stationReference="2090" region="Midland" stationName="Rugby LVL" ngr="SP5029276636">
		<SetofValues parameter="Water Level" qualifier="Stage" dataType="Instantaneous" period="15 min" units="mASD" startDate="2016-02-12" startTime="12:15:00" endDate="2016-02-12" endTime="13:00:00">
			<Value date="2016-02-12" time="12:15:00">0.706</Value>
			<Value date="2016-02-12" time="12:30:00">0.705</Value>
			<Value date="2016-02-12" time="12:45:00">0.705</Value>
			<Value date="2016-02-12" time="13:00:00">0.705</Value>
		</SetofValues>
	</Station>
	<Station stationReference="2088" region="Midland" stationName="Lilbourne LVL" ngr="SP5635577779">
		<SetofValues parameter="Water Level" qualifier="Stage" dataType="Instantaneous" period="15 min" units="mASD" startDate="2016-02-12" startTime="12:15:00" endDate="2016-02-12" endTime="13:00:00">
			<Value date="2016-02-12" time="12:15:00">0.267</Value>
			<Value date="2016-02-12" time="12:30:00">0.267</Value>
			<Value date="2016-02-12" time="12:45:00">0.267</Value>
			<Value date="2016-02-12" time="13:00:00">0.267</Value>
		</SetofValues>
		<SetofValues parameter="Water Level" qualifier="Downstream Stage" dataType="Instantaneous" period="15 min" units="mASD" startDate="2016-02-12" startTime="12:15:00" endDate="2016-02-12" endTime="13:00:00">
			<Value date="2016-02-12" time="12:15:00">0.187</Value>
			<Value date="2016-02-12" time="12:30:00">0.186</Value>
			<Value date="2016-02-12" time="12:45:00">0.187</Value>
			<Value date="2016-02-12" time="13:00:00">0.184</Value>
		</SetofValues>
	</Station>
	<Station stationReference="2084" region="Midland" stationName="Stourton LVL" ngr="SO86008484">
		<SetofValues parameter="Water Level" qualifier="Stage" dataType="Instantaneous" period="15 min" units="mASD" startDate="2016-02-12" startTime="12:15:00" endDate="2016-02-12" endTime="13:00:00">
			<Value date="2016-02-12" time="12:15:00">0.201</Value>
			<Value date="2016-02-12" time="12:30:00">0.201</Value>
			<Value date="2016-02-12" time="12:45:00">0.201</Value>
			<Value date="2016-02-12" time="13:00:00">0.201</Value>
		</SetofValues>
	</Station>
	<Station stationReference="2077" region="Midland" stationName="Welshbridge LVL" ngr="SJ48881273">
		<SetofValues parameter="Water Level" qualifier="Stage" dataType="Instantaneous" period="15 min" units="mASD" startDate="2016-02-12" startTime="12:15:00" endDate="2016-02-12" endTime="13:00:00">
			<Value date="2016-02-12" time="12:15:00">2.717</Value>
			<Value date="2016-02-12" time="12:30:00">2.705</Value>
			<Value date="2016-02-12" time="12:45:00">2.698</Value>
			<Value date="2016-02-12" time="13:00:00">2.689</Value>
		</SetofValues>
	</Station>
	<Station stationReference="2067" region="Midland" stationName="Swindon LVL" ngr="SO86129056">
		<SetofValues parameter="Water Level" qualifier="Stage" dataType="Instantaneous" period="15 min" units="mASD" startDate="2016-02-12" startTime="12:15:00" endDate="2016-02-12" endTime="13:00:00">
			<Value date="2016-02-12" time="12:15:00">1.219</Value>
			<Value date="2016-02-12" time="12:30:00">1.221</Value>
			<Value date="2016-02-12" time="12:45:00">1.226</Value>
			<Value date="2016-02-12" time="13:00:00">1.229</Value>
		</SetofValues>
	</Station>
	<Station stationReference="2054" region="Midland" stationName="Onibury LVL" ngr="SO45477898">
		<SetofValues parameter="Water Level" qualifier="Stage" dataType="Instantaneous" period="15 min" units="mASD" startDate="2016-02-12" startTime="12:15:00" endDate="2016-02-12" endTime="13:00:00">
			<Value date="2016-02-12" time="12:15:00">1.289</Value>
			<Value date="2016-02-12" time="12:30:00">1.288</Value>
			<Value date="2016-02-12" time="12:45:00">1.288</Value>
			<Value date="2016-02-12" time="13:00:00">1.287</Value>
		</SetofValues>
	</Station>
	<Station stationReference="2050" region="Midland" stationName="Eathorpe LVL" ngr="SP3885368829">
		<SetofValues parameter="Water Level" qualifier="Stage" dataType="Instantaneous" period="15 min" units="mASD" startDate="2016-02-12" startTime="12:15:00" endDate="2016-02-12" endTime="13:00:00">
			<Value date="2016-02-12" time="12:15:00">0.754</Value>
			<Value date="2016-02-12" time="12:30:00">0.754</Value>
			<Value date="2016-02-12" time="12:45:00">0.752</Value>
			<Value date="2016-02-12" time="13:00:00">0.753</Value>
		</SetofValues>
	</Station>
	<Station stationReference="2049" region="Midland" stationName="Leamington Pdw LVL" ngr="SP3085865437">
		<SetofValues parameter="Water Level" qualifier="Stage" dataType="Instantaneous" period="15 min" units="mASD" startDate="2016-02-12" startTime="12:15:00" endDate="2016-02-12" endTime="13:00:00">
			<Value date="2016-02-12" time="12:15:00">0.363</Value>
			<Value date="2016-02-12" time="12:30:00">0.363</Value>
			<Value date="2016-02-12" time="12:45:00">0.363</Value>
			<Value date="2016-02-12" time="13:00:00">0.363</Value>
		</SetofValues>
	</Station>
	<Station stationReference="2048" region="Midland" stationName="Wellesbourne LVL" ngr="SP2727155587">
		<SetofValues parameter="Water Level" qualifier="Stage" dataType="Instantaneous" period="15 min" units="mASD" startDate="2016-02-12" startTime="12:15:00" endDate="2016-02-12" endTime="13:00:00">
			<Value date="2016-02-12" time="12:15:00">0.251</Value>
			<Value date="2016-02-12" time="12:30:00">0.251</Value>
			<Value date="2016-02-12" time="12:45:00">0.251</Value>
			<Value date="2016-02-12" time="13:00:00">0.252</Value>
		</SetofValues>
	</Station>
	<Station stationReference="2039" region="Midland" stationName="Newnham Bridge LVL" ngr="SO64406928">
		<SetofValues parameter="Water Level" qualifier="Stage" dataType="Instantaneous" period="15 min" units="mASD" startDate="2016-02-12" startTime="12:15:00" endDate="2016-02-12" endTime="13:00:00">
			<Value date="2016-02-12" time="12:15:00">0.635</Value>
			<Value date="2016-02-12" time="12:30:00">0.635</Value>
			<Value date="2016-02-12" time="12:45:00">0.635</Value>
			<Value date="2016-02-12" time="13:00:00">0.635</Value>
		</SetofValues>
	</Station>
	<Station stationReference="2038" region="Midland" stationName="Llanyblodwel LVL" ngr="SJ25232244">
		<SetofValues parameter="Water Level" qualifier="Stage" dataType="Instantaneous" period="15 min" units="mASD" startDate="2016-02-12" startTime="12:15:00" endDate="2016-02-12" endTime="13:00:00">
			<Value date="2016-02-12" time="12:15:00">0.828</Value>
			<Value date="2016-02-12" time="12:30:00">0.823</Value>
			<Value date="2016-02-12" time="12:45:00">0.822</Value>
			<Value date="2016-02-12" time="13:00:00">0.828</Value>
		</SetofValues>
	</Station>
	<Station stationReference="2034" region="Midland" stationName="Oak Cottage LVL" ngr="SO77107642">
		<SetofValues parameter="Water Level" qualifier="Stage" dataType="Instantaneous" period="15 min" units="mASD" startDate="2016-02-12" startTime="12:15:00" endDate="2016-02-12" endTime="13:00:00">
			<Value date="2016-02-12" time="12:15:00">0.279</Value>
			<Value date="2016-02-12" time="12:30:00">0.278</Value>
			<Value date="2016-02-12" time="12:45:00">0.278</Value>
			<Value date="2016-02-12" time="13:00:00">0.278</Value>
		</SetofValues>
	</Station>
	<Station stationReference="2032" region="Midland" stationName="Saxons Lode FLOW" ngr="SO8634939041">
		<SetofValues parameter="Flow" dataType="Instantaneous" period="15 min" units="m3/s" startDate="2016-02-12" startTime="12:15:00" endDate="2016-02-12" endTime="13:00:00">
			<Value date="2016-02-12" time="12:15:00">360.049</Value>
			<Value date="2016-02-12" time="12:30:00">355.002</Value>
			<Value date="2016-02-12" time="12:45:00">355.786</Value>
			<Value date="2016-02-12" time="13:00:00">354.137</Value>
		</SetofValues>
	</Station>
	<Station stationReference="2024" region="Midland" stationName="Burcote LVL" ngr="SO74609534">
		<SetofValues parameter="Water Level" qualifier="Stage" dataType="Instantaneous" period="15 min" units="mASD" startDate="2016-02-12" startTime="12:15:00" endDate="2016-02-12" endTime="13:00:00">
			<Value date="2016-02-12" time="12:15:00">0.338</Value>
			<Value date="2016-02-12" time="12:30:00">0.338</Value>
			<Value date="2016-02-12" time="12:45:00">0.338</Value>
			<Value date="2016-02-12" time="13:00:00">0.338</Value>
		</SetofValues>
	</Station>
	<Station stationReference="2023" region="Midland" stationName="Offenham LVL" ngr="SP0629144920">
		<SetofValues parameter="Water Level" qualifier="Stage" dataType="Instantaneous" period="15 min" units="mASD" startDate="2016-02-12" startTime="12:15:00" endDate="2016-02-12" endTime="13:00:00">
			<Value date="2016-02-12" time="12:15:00">0.376</Value>
			<Value date="2016-02-12" time="12:30:00">0.375</Value>
			<Value date="2016-02-12" time="12:45:00">0.375</Value>
			<Value date="2016-02-12" time="13:00:00">0.375</Value>
		</SetofValues>
	</Station>
	<Station stationReference="2020" region="Midland" stationName="Yeaton LVL" ngr="SJ43441924">
		<SetofValues parameter="Water Level" qualifier="Stage" dataType="Instantaneous" period="15 min" units="mASD" startDate="2016-02-12" startTime="12:15:00" endDate="2016-02-12" endTime="13:00:00">
			<Value date="2016-02-12" time="12:15:00">0.499</Value>
			<Value date="2016-02-12" time="12:30:00">0.498</Value>
			<Value date="2016-02-12" time="12:45:00">0.497</Value>
			<Value date="2016-02-12" time="13:00:00">0.497</Value>
		</SetofValues>
	</Station>
	<Station stationReference="2019" region="Midland" stationName="Stareton LVL" ngr="SP3328771535">
		<SetofValues parameter="Water Level" qualifier="Stage" dataType="Instantaneous" period="15 min" units="mASD" startDate="2016-02-12" startTime="12:15:00" endDate="2016-02-12" endTime="13:00:00">
			<Value date="2016-02-12" time="12:15:00">0.445</Value>
			<Value date="2016-02-12" time="12:30:00">0.445</Value>
			<Value date="2016-02-12" time="12:45:00">0.445</Value>
			<Value date="2016-02-12" time="13:00:00">0.444</Value>
		</SetofValues>
	</Station>
	<Station stationReference="2018" region="Midland" stationName="Hookagate LVL" ngr="SJ46570923">
		<SetofValues parameter="Water Level" qualifier="Stage" dataType="Instantaneous" period="15 min" units="mASD" startDate="2016-02-12" startTime="12:15:00" endDate="2016-02-12" endTime="13:00:00">
			<Value date="2016-02-12" time="12:15:00">0.603</Value>
			<Value date="2016-02-12" time="12:30:00">0.604</Value>
			<Value date="2016-02-12" time="12:45:00">0.603</Value>
			<Value date="2016-02-12" time="13:00:00">0.603</Value>
		</SetofValues>
	</Station>
	<Station stationReference="2016" region="Midland" stationName="Rodington LVL" ngr="SJ58911417">
		<SetofValues parameter="Water Level" qualifier="Stage" dataType="Instantaneous" period="15 min" units="mASD" startDate="2016-02-12" startTime="12:15:00" endDate="2016-02-12" endTime="13:00:00">
			<Value date="2016-02-12" time="12:15:00">0.633</Value>
			<Value date="2016-02-12" time="12:30:00">0.631</Value>
			<Value date="2016-02-12" time="12:45:00">0.630</Value>
			<Value date="2016-02-12" time="13:00:00">0.629</Value>
		</SetofValues>
	</Station>
	<Station stationReference="2012" region="Midland" stationName="Walcot LVL" ngr="SJ59181228">
		<SetofValues parameter="Water Level" qualifier="Stage" dataType="Instantaneous" period="15 min" units="mASD" startDate="2016-02-12" startTime="12:15:00" endDate="2016-02-12" endTime="13:00:00">
			<Value date="2016-02-12" time="12:15:00">1.376</Value>
			<Value date="2016-02-12" time="12:30:00">1.372</Value>
			<Value date="2016-02-12" time="12:45:00">1.369</Value>
			<Value date="2016-02-12" time="13:00:00">1.365</Value>
		</SetofValues>
	</Station>
	<Station stationReference="2010" region="Midland" stationName="Alscot Park LVL" ngr="SP2083350643">
		<SetofValues parameter="Water Level" qualifier="Stage" dataType="Instantaneous" period="15 min" units="mASD" startDate="2016-02-12" startTime="12:15:00" endDate="2016-02-12" endTime="13:00:00">
			<Value date="2016-02-12" time="12:15:00">0.583</Value>
			<Value date="2016-02-12" time="12:30:00">0.582</Value>
			<Value date="2016-02-12" time="12:45:00">0.582</Value>
			<Value date="2016-02-12" time="13:00:00">0.582</Value>
		</SetofValues>
	</Station>
	<Station stationReference="2008" region="Midland" stationName="Tenbury LVL" ngr="SO59776852">
		<SetofValues parameter="Water Level" qualifier="Stage" dataType="Instantaneous" period="15 min" units="mASD" startDate="2016-02-12" startTime="12:15:00" endDate="2016-02-12" endTime="13:00:00">
			<Value date="2016-02-12" time="12:15:00">1.612</Value>
			<Value date="2016-02-12" time="12:30:00">1.610</Value>
			<Value date="2016-02-12" time="12:45:00">1.608</Value>
			<Value date="2016-02-12" time="13:00:00">1.605</Value>
		</SetofValues>
	</Station>
	<Station stationReference="2004" region="Midland" stationName="Stoneleigh LVL" ngr="SP3315573096">
		<SetofValues parameter="Water Level" qualifier="Stage" dataType="Instantaneous" period="15 min" units="mASD" startDate="2016-02-12" startTime="12:15:00" endDate="2016-02-12" endTime="13:00:00">
			<Value date="2016-02-12" time="12:15:00">0.487</Value>
			<Value date="2016-02-12" time="12:30:00">0.486</Value>
			<Value date="2016-02-12" time="12:45:00">0.484</Value>
			<Value date="2016-02-12" time="13:00:00">0.483</Value>
		</SetofValues>
	</Station>
	<Station stationReference="1819" region="Midland" stationName="Suckley RAIN" ngr="SO71905348">
		<SetofValues parameter="Rainfall" qualifier="Tipping Bucket Raingauge" dataType="Total" period="15 min" units="mm" startDate="2016-02-12" startTime="12:15:00" endDate="2016-02-12" endTime="13:00:00">
			<Value date="2016-02-12" time="12:15:00">0.0</Value>
			<Value date="2016-02-12" time="12:30:00">0.0</Value>
			<Value date="2016-02-12" time="12:45:00">0.0</Value>
			<Value date="2016-02-12" time="13:00:00">0.0</Value>
		</SetofValues>
	</Station>
	<Station stationReference="1817" region="Midland" stationName="Little Stanford RAIN" ngr="SJ33841278">
		<SetofValues parameter="Rainfall" qualifier="Tipping Bucket Raingauge" dataType="Total" period="15 min" units="mm" startDate="2016-02-12" startTime="12:15:00" endDate="2016-02-12" endTime="13:00:00">
			<Value date="2016-02-12" time="12:15:00">0.0</Value>
			<Value date="2016-02-12" time="12:30:00">0.0</Value>
			<Value date="2016-02-12" time="12:45:00">0.0</Value>
			<Value date="2016-02-12" time="13:00:00">0.0</Value>
		</SetofValues>
	</Station>
	<Station stationReference="1814" region="Midland" stationName="Corley RAIN" ngr="SP3004387105">
		<SetofValues parameter="Rainfall" qualifier="Tipping Bucket Raingauge" dataType="Total" period="15 min" units="mm" startDate="2016-02-12" startTime="12:15:00" endDate="2016-02-12" endTime="13:00:00">
			<Value date="2016-02-12" time="12:15:00">0.0</Value>
			<Value date="2016-02-12" time="12:30:00">0.0</Value>
			<Value date="2016-02-12" time="12:45:00">0.0</Value>
			<Value date="2016-02-12" time="13:00:00">0.0</Value>
		</SetofValues>
	</Station>
	<Station stationReference="1795" region="Midland" stationName="Aldon RAIN" ngr="SO43188018">
		<SetofValues parameter="Rainfall" qualifier="Tipping Bucket Raingauge" dataType="Total" period="15 min" units="mm" startDate="2016-02-12" startTime="12:15:00" endDate="2016-02-12" endTime="13:00:00">
			<Value date="2016-02-12" time="12:15:00">0.0</Value>
			<Value date="2016-02-12" time="12:30:00">0.0</Value>
			<Value date="2016-02-12" time="12:45:00">0.0</Value>
			<Value date="2016-02-12" time="13:00:00">0.0</Value>
		</SetofValues>
	</Station>
	<Station stationReference="1794" region="Midland" stationName="Over Farm RAIN" ngr="SO8116319611">
		<SetofValues parameter="Rainfall" qualifier="Tipping Bucket Raingauge" dataType="Total" period="15 min" units="mm" startDate="2016-02-12" startTime="12:15:00" endDate="2016-02-12" endTime="13:00:00">
			<Value date="2016-02-12" time="12:15:00">0.0</Value>
			<Value date="2016-02-12" time="12:30:00">0.0</Value>
			<Value date="2016-02-12" time="12:45:00">0.0</Value>
			<Value date="2016-02-12" time="13:00:00">0.0</Value>
		</SetofValues>
	</Station>
	<Station stationReference="1793" region="Midland" stationName="Long Mynd RAIN" ngr="SO4021691513">
		<SetofValues parameter="Rainfall" qualifier="Tipping Bucket Raingauge" dataType="Total" period="15 min" units="mm" startDate="2016-02-12" startTime="12:15:00" endDate="2016-02-12" endTime="13:00:00">
			<Value date="2016-02-12" time="12:15:00">0.0</Value>
			<Value date="2016-02-12" time="12:30:00">0.0</Value>
			<Value date="2016-02-12" time="12:45:00">0.0</Value>
			<Value date="2016-02-12" time="13:00:00">0.0</Value>
		</SetofValues>
	</Station>
	<Station stationReference="1792" region="Midland" stationName="Brimfield RAIN" ngr="SO50446795">
		<SetofValues parameter="Rainfall" qualifier="Tipping Bucket Raingauge" dataType="Total" period="15 min" units="mm" startDate="2016-02-12" startTime="12:15:00" endDate="2016-02-12" endTime="13:00:00">
			<Value date="2016-02-12" time="12:15:00">0.0</Value>
			<Value date="2016-02-12" time="12:30:00">0.0</Value>
			<Value date="2016-02-12" time="12:45:00">0.0</Value>
			<Value date="2016-02-12" time="13:00:00">0.0</Value>
		</SetofValues>
	</Station>
	<Station stationReference="1774" region="Midland" stationName="Bickley RAIN" ngr="SO631713">
		<SetofValues parameter="Rainfall" qualifier="Tipping Bucket Raingauge" dataType="Total" period="15 min" units="mm" startDate="2016-02-12" startTime="12:15:00" endDate="2016-02-12" endTime="13:00:00">
			<Value date="2016-02-12" time="12:15:00">0.0</Value>
			<Value date="2016-02-12" time="12:30:00">0.0</Value>
			<Value date="2016-02-12" time="12:45:00">0.0</Value>
			<Value date="2016-02-12" time="13:00:00">0.0</Value>
		</SetofValues>
	</Station>
	<Station stationReference="1773" region="Midland" stationName="Hindlip RAIN" ngr="SO8810058200">
		<SetofValues parameter="Rainfall" qualifier="Tipping Bucket Raingauge" dataType="Total" period="15 min" units="mm" startDate="2016-02-12" startTime="12:15:00" endDate="2016-02-12" endTime="13:00:00">
			<Value date="2016-02-12" time="12:15:00">0.0</Value>
			<Value date="2016-02-12" time="12:30:00">0.0</Value>
			<Value date="2016-02-12" time="12:45:00">0.0</Value>
			<Value date="2016-02-12" time="13:00:00">0.0</Value>
		</SetofValues>
	</Station>
	<Station stationReference="1770" region="Midland" stationName="Braunston RAIN" ngr="SP5310465845">
		<SetofValues parameter="Rainfall" qualifier="Tipping Bucket Raingauge" dataType="Total" period="15 min" units="mm" startDate="2016-02-12" startTime="12:15:00" endDate="2016-02-12" endTime="13:00:00">
			<Value date="2016-02-12" time="12:15:00">0.0</Value>
			<Value date="2016-02-12" time="12:30:00">0.0</Value>
			<Value date="2016-02-12" time="12:45:00">0.0</Value>
			<Value date="2016-02-12" time="13:00:00">0.0</Value>
		</SetofValues>
	</Station>
	<Station stationReference="1748" region="Midland" stationName="Burwarton RAIN" ngr="SO60798720">
		<SetofValues parameter="Rainfall" qualifier="Tipping Bucket Raingauge" dataType="Total" period="15 min" units="mm" startDate="2016-02-12" startTime="12:15:00" endDate="2016-02-12" endTime="13:00:00">
			<Value date="2016-02-12" time="12:15:00">0.0</Value>
			<Value date="2016-02-12" time="12:30:00">0.0</Value>
			<Value date="2016-02-12" time="12:45:00">0.0</Value>
			<Value date="2016-02-12" time="13:00:00">0.0</Value>
		</SetofValues>
	</Station>
	<Station stationReference="1713" region="Midland" stationName="Bagley RAIN" ngr="SJ41372755">
		<SetofValues parameter="Rainfall" qualifier="Tipping Bucket Raingauge" dataType="Total" period="15 min" units="mm" startDate="2016-02-12" startTime="12:15:00" endDate="2016-02-12" endTime="13:00:00">
			<Value date="2016-02-12" time="12:15:00">0.0</Value>
			<Value date="2016-02-12" time="12:30:00">0.0</Value>
			<Value date="2016-02-12" time="12:45:00">0.0</Value>
			<Value date="2016-02-12" time="13:00:00">0.0</Value>
		</SetofValues>
	</Station>
	<Station stationReference="1712" region="Midland" stationName="Cosford Ww RAIN" ngr="SJ7802004670">
		<SetofValues parameter="Rainfall" qualifier="Tipping Bucket Raingauge" dataType="Total" period="15 min" units="mm" startDate="2016-02-12" startTime="12:15:00" endDate="2016-02-12" endTime="13:00:00">
			<Value date="2016-02-12" time="12:15:00">0.0</Value>
			<Value date="2016-02-12" time="12:30:00">0.0</Value>
			<Value date="2016-02-12" time="12:45:00">0.0</Value>
			<Value date="2016-02-12" time="13:00:00">0.0</Value>
		</SetofValues>
	</Station>
	<Station stationReference="1412" region="Midland" stationName="Bishop Castle RAIN" ngr="SO33808729">
		<SetofValues parameter="Temperature" qualifier="Dry Bulb" dataType="Instantaneous" period="15 min" units="deg C" startDate="2016-02-12" startTime="12:15:00" endDate="2016-02-12" endTime="13:00:00">
			<Value date="2016-02-12" time="12:15:00">4.4</Value>
			<Value date="2016-02-12" time="12:30:00">4.3</Value>
			<Value date="2016-02-12" time="12:45:00">4.5</Value>
			<Value date="2016-02-12" time="13:00:00">4.7</Value>
		</SetofValues>
		<SetofValues parameter="Rainfall" qualifier="Tipping Bucket Raingauge" dataType="Total" period="15 min" units="mm" startDate="2016-02-12" startTime="12:15:00" endDate="2016-02-12" endTime="13:00:00">
			<Value date="2016-02-12" time="12:15:00">0.0</Value>
			<Value date="2016-02-12" time="12:30:00">0.0</Value>
			<Value date="2016-02-12" time="12:45:00">0.0</Value>
			<Value date="2016-02-12" time="13:00:00">0.0</Value>
		</SetofValues>
	</Station>
	<Station stationReference="1409" region="Midland" stationName="Rorrington RAIN" ngr="SJ30360047">
		<SetofValues parameter="Rainfall" qualifier="Tipping Bucket Raingauge" dataType="Total" period="15 min" units="mm" startDate="2016-02-12" startTime="12:15:00" endDate="2016-02-12" endTime="13:00:00">
			<Value date="2016-02-12" time="12:15:00">0.0</Value>
			<Value date="2016-02-12" time="12:30:00">0.0</Value>
			<Value date="2016-02-12" time="12:45:00">0.0</Value>
			<Value date="2016-02-12" time="13:00:00">0.0</Value>
		</SetofValues>
	</Station>
	<Station stationReference="1387" region="Midland" stationName="Bettws Y Crwyn RAIN" ngr="SO20368136">
		<SetofValues parameter="Rainfall" qualifier="Tipping Bucket Raingauge" dataType="Total" period="15 min" units="mm" startDate="2016-02-12" startTime="12:15:00" endDate="2016-02-12" endTime="13:00:00">
			<Value date="2016-02-12" time="12:15:00">0.0</Value>
			<Value date="2016-02-12" time="12:30:00">0.0</Value>
			<Value date="2016-02-12" time="12:45:00">0.0</Value>
			<Value date="2016-02-12" time="13:00:00">0.0</Value>
		</SetofValues>
	</Station>
	<Station stationReference="1339" region="Midland" stationName="Rushmoor Wrw RAIN" ngr="SJ61591350">
		<SetofValues parameter="Rainfall" qualifier="Tipping Bucket Raingauge" dataType="Total" period="15 min" units="mm" startDate="2016-02-12" startTime="12:15:00" endDate="2016-02-12" endTime="13:00:00">
			<Value date="2016-02-12" time="12:15:00">0.0</Value>
			<Value date="2016-02-12" time="12:30:00">0.0</Value>
			<Value date="2016-02-12" time="12:45:00">0.0</Value>
			<Value date="2016-02-12" time="13:00:00">0.0</Value>
		</SetofValues>
	</Station>
	<Station stationReference="1335" region="Midland" stationName="Cynynion RAIN" ngr="SJ24423012">
		<SetofValues parameter="Rainfall" qualifier="Tipping Bucket Raingauge" dataType="Total" period="15 min" units="mm" startDate="2016-02-12" startTime="12:15:00" endDate="2016-02-12" endTime="13:00:00">
			<Value date="2016-02-12" time="12:15:00">0.0</Value>
			<Value date="2016-02-12" time="12:30:00">0.0</Value>
			<Value date="2016-02-12" time="12:45:00">0.0</Value>
			<Value date="2016-02-12" time="13:00:00">0.0</Value>
		</SetofValues>
	</Station>
	<Station stationReference="1165" region="Midland" stationName="Wellesbourne RAIN" ngr="SP2709556470">
		<SetofValues parameter="Rainfall" qualifier="Tipping Bucket Raingauge" dataType="Total" period="15 min" units="mm" startDate="2016-02-12" startTime="12:15:00" endDate="2016-02-12" endTime="13:00:00">
			<Value date="2016-02-12" time="12:15:00">0.0</Value>
			<Value date="2016-02-12" time="12:30:00">0.0</Value>
			<Value date="2016-02-12" time="12:45:00">0.0</Value>
			<Value date="2016-02-12" time="13:00:00">0.0</Value>
		</SetofValues>
	</Station>
	<Station stationReference="1113" region="Midland" stationName="Ebworth RAIN" ngr="SO8988111242">
		<SetofValues parameter="Rainfall" qualifier="Tipping Bucket Raingauge" dataType="Total" period="15 min" units="mm" startDate="2016-02-12" startTime="12:15:00" endDate="2016-02-12" endTime="13:00:00">
			<Value date="2016-02-12" time="12:15:00">0.0</Value>
			<Value date="2016-02-12" time="12:30:00">0.0</Value>
			<Value date="2016-02-12" time="12:45:00">0.0</Value>
			<Value date="2016-02-12" time="13:00:00">0.0</Value>
		</SetofValues>
	</Station>
	<Station stationReference="1112" region="Midland" stationName="Minchinhampton RAIN" ngr="ST8888898411">
		<SetofValues parameter="Rainfall" qualifier="Tipping Bucket Raingauge" dataType="Total" period="15 min" units="mm" startDate="2016-02-12" startTime="12:15:00" endDate="2016-02-12" endTime="13:00:00">
			<Value date="2016-02-12" time="12:15:00">0.0</Value>
			<Value date="2016-02-12" time="12:30:00">0.0</Value>
			<Value date="2016-02-12" time="12:45:00">0.0</Value>
			<Value date="2016-02-12" time="13:00:00">0.0</Value>
		</SetofValues>
	</Station>
	<Station stationReference="1087" region="Midland" stationName="Shipston RAIN" ngr="SP2678441058">
		<SetofValues parameter="Rainfall" qualifier="Tipping Bucket Raingauge" dataType="Total" period="15 min" units="mm" startDate="2016-02-12" startTime="12:15:00" endDate="2016-02-12" endTime="13:00:00">
			<Value date="2016-02-12" time="12:15:00">0.0</Value>
			<Value date="2016-02-12" time="12:30:00">0.0</Value>
			<Value date="2016-02-12" time="12:45:00">0.0</Value>
			<Value date="2016-02-12" time="13:00:00">0.0</Value>
		</SetofValues>
	</Station>
	<Station stationReference="1086" region="Midland" stationName="Stratford Milcote RAIN" ngr="SP1817452979">
		<SetofValues parameter="Rainfall" qualifier="Tipping Bucket Raingauge" dataType="Total" period="15 min" units="mm" startDate="2016-02-12" startTime="12:15:00" endDate="2016-02-12" endTime="13:00:00">
			<Value date="2016-02-12" time="12:15:00">0.0</Value>
			<Value date="2016-02-12" time="12:30:00">0.0</Value>
			<Value date="2016-02-12" time="12:45:00">0.0</Value>
			<Value date="2016-02-12" time="13:00:00">0.0</Value>
		</SetofValues>
	</Station>
	<Station stationReference="1082" region="Midland" stationName="Knightcote RAIN" ngr="SP3983554472">
		<SetofValues parameter="Rainfall" qualifier="Tipping Bucket Raingauge" dataType="Total" period="15 min" units="mm" startDate="2016-02-12" startTime="12:15:00" endDate="2016-02-12" endTime="13:00:00">
			<Value date="2016-02-12" time="12:15:00">0.0</Value>
			<Value date="2016-02-12" time="12:30:00">0.0</Value>
			<Value date="2016-02-12" time="12:45:00">0.0</Value>
			<Value date="2016-02-12" time="13:00:00">0.0</Value>
		</SetofValues>
	</Station>
	<Station stationReference="1045" region="Midland" stationName="Finham RAIN" ngr="SP3351873951">
		<SetofValues parameter="Rainfall" qualifier="Tipping Bucket Raingauge" dataType="Total" period="15 min" units="mm" startDate="2016-02-12" startTime="12:15:00" endDate="2016-02-12" endTime="13:00:00">
			<Value date="2016-02-12" time="12:15:00">0.0</Value>
			<Value date="2016-02-12" time="12:30:00">0.0</Value>
			<Value date="2016-02-12" time="12:45:00">0.0</Value>
			<Value date="2016-02-12" time="13:00:00">0.0</Value>
		</SetofValues>
	</Station>
	<Station stationReference="055R0521E_TG 326" region="Midland" stationName="Titley Mill RAIN" ngr="SO328585">
		<SetofValues parameter="Rainfall" qualifier="Tipping Bucket Raingauge" dataType="Total" period="15 min" units="mm" startDate="2016-02-12" startTime="12:15:00" endDate="2016-02-12" endTime="13:00:00">
			<Value date="2016-02-12" time="12:15:00">0.0</Value>
			<Value date="2016-02-12" time="12:30:00">0.0</Value>
			<Value date="2016-02-12" time="12:45:00">0.0</Value>
			<Value date="2016-02-12" time="13:00:00">0.0</Value>
		</SetofValues>
	</Station>
	<Station stationReference="055013_TG 326" region="Midland" stationName="Titley Mill RAIN" ngr="SO328585">
		<SetofValues parameter="Water Level" qualifier="Stage" dataType="Instantaneous" period="15 min" units="mASD" startDate="2016-02-12" startTime="12:15:00" endDate="2016-02-12" endTime="13:00:00">
			<Value date="2016-02-12" time="12:15:00">0.597</Value>
			<Value date="2016-02-12" time="12:30:00">0.597</Value>
			<Value date="2016-02-12" time="12:45:00">0.594</Value>
			<Value date="2016-02-12" time="13:00:00">0.594</Value>
		</SetofValues>
	</Station>
</EATimeSeriesDataExchangeFormat>
