<?xml version="1.0" standalone="yes"?>
<EATimeSeriesDataExchangeFormat xmlns="http://www.environment-agency.gov.uk/XMLSchemas/EATimeSeriesDataExchangeFormat" xmlns:md="http://www.environment-agency.gov.uk/XMLSchemas/EAMetadataFormat" xmlns:xsi="http://www.w3.org/2001/XMLSchema-instance" xsi:schemaLocation="http://www.environment-agency.gov.uk/XMLSchemas/EATimeSeriesDataExchangeFormat EATimeSeriesDataExchangeFormat.xsd">
	<md:Publisher>Environment Agency</md:Publisher>
	<md:Source>Midland Regional Telemetry System</md:Source>
	<md:Description>Automated telemetry data export process</md:Description>
	<md:Creator>SCX 6</md:Creator>
	<md:Date>2016-02-12</md:Date>
	<md:Time>13:02:01</md:Time>
	<md:Identifier>MISAPSCXAS1</md:Identifier>
	<Station stationReference="4022GW" region="Midland" stationName="North Muskham FLOW" ngr="SK8043060560">
		<SetofValues parameter="Water Level" qualifier="Groundwater" dataType="Instantaneous" period="15 min" units="mBDAT" startDate="2016-02-12" startTime="11:15:00" endDate="2016-02-12" endTime="13:00:00">
			<Value date="2016-02-12" time="11:15:00">3.028</Value>
			<Value date="2016-02-12" time="11:30:00">3.033</Value>
			<Value date="2016-02-12" time="11:45:00">3.038</Value>
			<Value date="2016-02-12" time="12:00:00">3.042</Value>
			<Value date="2016-02-12" time="12:15:00">3.047</Value>
			<Value date="2016-02-12" time="12:30:00">3.049</Value>
			<Value date="2016-02-12" time="12:45:00">3.054</Value>
			<Value date="2016-02-12" time="13:00:00">3.058</Value>
		</SetofValues>
	</Station>
	<Station stationReference="4022" region="Midland" stationName="North Muskham FLOW" ngr="SK8043060560">
		<SetofValues parameter="Water Level" qualifier="Stage" dataType="Instantaneous" period="15 min" units="mASD" startDate="2016-02-12" startTime="11:15:00" endDate="2016-02-12" endTime="13:00:00">
			<Value date="2016-02-12" time="11:15:00">1.599</Value>
			<Value date="2016-02-12" time="11:30:00">1.596</Value>
			<Value date="2016-02-12" time="11:45:00">1.591</Value>
			<Value date="2016-02-12" time="12:00:00">1.587</Value>
			<Value date="2016-02-12" time="12:15:00">1.583</Value>
			<Value date="2016-02-12" time="12:30:00">1.580</Value>
			<Value date="2016-02-12" time="12:45:00">1.578</Value>
			<Value date="2016-02-12" time="13:00:00">1.576</Value>
		</SetofValues>
		<SetofValues parameter="Flow" dataType="Instantaneous" period="15 min" units="Ml/d" startDate="2016-02-12" startTime="11:15:00" endDate="2016-02-12" endTime="13:00:00">
			<Value date="2016-02-12" time="11:15:00">18764.35</Value>
			<Value date="2016-02-12" time="11:30:00">18707.67</Value>
			<Value date="2016-02-12" time="11:45:00">18581.96</Value>
			<Value date="2016-02-12" time="12:00:00">18448.39</Value>
			<Value date="2016-02-12" time="12:15:00">18349.63</Value>
			<Value date="2016-02-12" time="12:30:00">18255.37</Value>
			<Value date="2016-02-12" time="12:45:00">18189.01</Value>
			<Value date="2016-02-12" time="13:00:00">18104.34</Value>
		</SetofValues>
	</Station>
	<Station stationReference="3347" region="Midland" stationName="Loggerheads RAIN" ngr="SJ747342">
		<SetofValues parameter="Rainfall" qualifier="Tipping Bucket Raingauge" dataType="Total" period="15 min" units="mm" startDate="2016-02-12" startTime="12:15:00" endDate="2016-02-12" endTime="13:00:00">
			<Value date="2016-02-12" time="12:15:00">0.0</Value>
			<Value date="2016-02-12" time="12:30:00">0.0</Value>
			<Value date="2016-02-12" time="12:45:00">0.0</Value>
			<Value date="2016-02-12" time="13:00:00">0.0</Value>
		</SetofValues>
	</Station>
	<Station stationReference="3167" region="Midland" stationName="Frankley RAIN" ngr="SP00728015">
		<SetofValues parameter="Temperature" qualifier="Dry Bulb" dataType="Instantaneous" period="15 min" units="deg C" startDate="2016-02-12" startTime="13:00:00" endDate="2016-02-12" endTime="13:00:00">
			<Value date="2016-02-12" time="13:00:00">4.7</Value>
		</SetofValues>
		<SetofValues parameter="Rainfall" qualifier="Tipping Bucket Raingauge" dataType="Total" period="15 min" units="mm" startDate="2016-02-12" startTime="12:15:00" endDate="2016-02-12" endTime="13:00:00">
			<Value date="2016-02-12" time="12:15:00">0.0</Value>
			<Value date="2016-02-12" time="12:30:00">0.0</Value>
			<Value date="2016-02-12" time="12:45:00">0.0</Value>
			<Value date="2016-02-12" time="13:00:00">0.0</Value>
		</SetofValues>
	</Station>
	<Station stationReference="2872" region="Midland" stationName="Perdiswell LVL" ngr="SO85535777">
		<SetofValues parameter="Water Level" qualifier="Stage" dataType="Instantaneous" period="15 min" units="mASD" startDate="2016-02-12" startTime="12:15:00" endDate="2016-02-12" endTime="13:00:00">
			<Value date="2016-02-12" time="12:15:00">0.434</Value>
			<Value date="2016-02-12" time="12:30:00">0.434</Value>
			<Value date="2016-02-12" time="12:45:00">0.432</Value>
			<Value date="2016-02-12" time="13:00:00">0.432</Value>
		</SetofValues>
	</Station>
	<Station stationReference="2711" region="Midland" stationName="Sedgeberrow PS" ngr="SP0260938700">
		<SetofValues parameter="Water Level" qualifier="Stage" dataType="Instantaneous" period="15 min" units="mASD" startDate="2016-02-12" startTime="12:15:00" endDate="2016-02-12" endTime="13:00:00">
			<Value date="2016-02-12" time="12:15:00">0.535</Value>
			<Value date="2016-02-12" time="12:30:00">0.532</Value>
			<Value date="2016-02-12" time="12:45:00">0.531</Value>
			<Value date="2016-02-12" time="13:00:00">0.534</Value>
		</SetofValues>
	</Station>
	<Station stationReference="2666" region="Midland" stationName="Matson Place LVL" ngr="SO8402517084">
		<SetofValues parameter="Water Level" qualifier="Stage" dataType="Instantaneous" period="15 min" units="mASD" startDate="2016-02-12" startTime="12:15:00" endDate="2016-02-12" endTime="13:00:00">
			<Value date="2016-02-12" time="12:15:00">0.304</Value>
			<Value date="2016-02-12" time="12:30:00">0.304</Value>
			<Value date="2016-02-12" time="12:45:00">0.303</Value>
			<Value date="2016-02-12" time="13:00:00">0.304</Value>
		</SetofValues>
	</Station>
	<Station stationReference="2662" region="Midland" stationName="Abbeymead Avenue LVL" ngr="SO8616315834">
		<SetofValues parameter="Water Level" qualifier="Stage" dataType="Instantaneous" period="15 min" units="mASD" startDate="2016-02-12" startTime="12:15:00" endDate="2016-02-12" endTime="13:00:00">
			<Value date="2016-02-12" time="12:15:00">0.167</Value>
			<Value date="2016-02-12" time="12:30:00">0.167</Value>
			<Value date="2016-02-12" time="12:45:00">0.169</Value>
			<Value date="2016-02-12" time="13:00:00">0.170</Value>
		</SetofValues>
	</Station>
	<Station stationReference="2661" region="Midland" stationName="Witcombe LVL" ngr="SO9030515725">
		<SetofValues parameter="Water Level" qualifier="Stage" dataType="Instantaneous" period="15 min" units="mASD" startDate="2016-02-12" startTime="12:15:00" endDate="2016-02-12" endTime="13:00:00">
			<Value date="2016-02-12" time="12:15:00">0.180</Value>
			<Value date="2016-02-12" time="12:30:00">0.175</Value>
			<Value date="2016-02-12" time="12:45:00">0.177</Value>
			<Value date="2016-02-12" time="13:00:00">0.175</Value>
		</SetofValues>
	</Station>
	<Station stationReference="2642" region="Midland" stationName="Worcester LVL" ngr="SO8401456544">
		<SetofValues parameter="Water Level" qualifier="Stage" dataType="Instantaneous" period="15 min" units="mASD" startDate="2016-02-12" startTime="12:15:00" endDate="2016-02-12" endTime="13:00:00">
			<Value date="2016-02-12" time="12:15:00">4.793</Value>
			<Value date="2016-02-12" time="12:30:00">4.793</Value>
			<Value date="2016-02-12" time="12:45:00">4.785</Value>
			<Value date="2016-02-12" time="13:00:00">4.785</Value>
		</SetofValues>
	</Station>
	<Station stationReference="2626" region="Midland" stationName="Feckenham LVL" ngr="SP0047561175">
		<SetofValues parameter="Water Level" qualifier="Stage" dataType="Instantaneous" period="15 min" units="mASD" startDate="2016-02-12" startTime="12:15:00" endDate="2016-02-12" endTime="13:00:00">
			<Value date="2016-02-12" time="12:15:00">0.150</Value>
			<Value date="2016-02-12" time="12:30:00">0.150</Value>
			<Value date="2016-02-12" time="12:45:00">0.150</Value>
			<Value date="2016-02-12" time="13:00:00">0.150</Value>
		</SetofValues>
	</Station>
	<Station stationReference="2621" region="Midland" stationName="Henley LVL" ngr="SP1527966559">
		<SetofValues parameter="Water Level" qualifier="Stage" dataType="Instantaneous" period="15 min" units="mASD" startDate="2016-02-12" startTime="12:15:00" endDate="2016-02-12" endTime="13:00:00">
			<Value date="2016-02-12" time="12:15:00">0.496</Value>
			<Value date="2016-02-12" time="12:30:00">0.495</Value>
			<Value date="2016-02-12" time="12:45:00">0.494</Value>
			<Value date="2016-02-12" time="13:00:00">0.495</Value>
		</SetofValues>
	</Station>
	<Station stationReference="2619" region="Midland" stationName="Sandhurst LVL" ngr="SO8279221039">
		<SetofValues parameter="Water Level" qualifier="Stage" dataType="Instantaneous" period="15 min" units="mASD" startDate="2016-02-12" startTime="12:15:00" endDate="2016-02-12" endTime="13:00:00">
			<Value date="2016-02-12" time="12:15:00">3.703</Value>
			<Value date="2016-02-12" time="12:30:00">3.709</Value>
			<Value date="2016-02-12" time="12:45:00">3.713</Value>
			<Value date="2016-02-12" time="13:00:00">3.718</Value>
		</SetofValues>
	</Station>
	<Station stationReference="2618" region="Midland" stationName="Sandhurst LVL" ngr="SO8277821023">
		<SetofValues parameter="Water Level" qualifier="Stage" dataType="Instantaneous" period="15 min" units="mASD" startDate="2016-02-12" startTime="12:15:00" endDate="2016-02-12" endTime="13:00:00">
			<Value date="2016-02-12" time="12:15:00">4.001</Value>
			<Value date="2016-02-12" time="12:30:00">3.985</Value>
			<Value date="2016-02-12" time="12:45:00">3.970</Value>
			<Value date="2016-02-12" time="13:00:00">3.965</Value>
		</SetofValues>
	</Station>
	<Station stationReference="2616" region="Midland" stationName="Kempsey LVL" ngr="SO8508451171">
		<SetofValues parameter="Water Level" qualifier="Stage" dataType="Instantaneous" period="15 min" units="mASD" startDate="2016-02-12" startTime="12:15:00" endDate="2016-02-12" endTime="13:00:00">
			<Value date="2016-02-12" time="12:15:00">6.458</Value>
			<Value date="2016-02-12" time="12:30:00">6.457</Value>
			<Value date="2016-02-12" time="12:45:00">6.456</Value>
			<Value date="2016-02-12" time="13:00:00">6.453</Value>
		</SetofValues>
	</Station>
	<Station stationReference="2611" region="Midland" stationName="Stanford River LVL" ngr="SP5952680311">
		<SetofValues parameter="Water Level" qualifier="Stage" dataType="Instantaneous" period="15 min" units="mASD" startDate="2016-02-12" startTime="12:15:00" endDate="2016-02-12" endTime="13:00:00">
			<Value date="2016-02-12" time="12:15:00">0.945</Value>
			<Value date="2016-02-12" time="12:30:00">0.939</Value>
			<Value date="2016-02-12" time="12:45:00">0.948</Value>
			<Value date="2016-02-12" time="13:00:00">0.942</Value>
		</SetofValues>
	</Station>
	<Station stationReference="2607" region="Midland" stationName="Bromsberrow LVL" ngr="SO7446333229">
		<SetofValues parameter="Water Level" qualifier="Stage" dataType="Instantaneous" period="15 min" units="mASD" startDate="2016-02-12" startTime="12:15:00" endDate="2016-02-12" endTime="13:00:00">
			<Value date="2016-02-12" time="12:15:00">0.197</Value>
			<Value date="2016-02-12" time="12:30:00">0.196</Value>
			<Value date="2016-02-12" time="12:45:00">0.197</Value>
			<Value date="2016-02-12" time="13:00:00">0.197</Value>
		</SetofValues>
	</Station>
	<Station stationReference="2603" region="Midland" stationName="Cambridge LVL" ngr="SO7507503576">
		<SetofValues parameter="Water Level" qualifier="Stage" dataType="Instantaneous" period="15 min" units="mASD" startDate="2016-02-12" startTime="12:15:00" endDate="2016-02-12" endTime="13:00:00">
			<Value date="2016-02-12" time="12:15:00">0.321</Value>
			<Value date="2016-02-12" time="12:30:00">0.321</Value>
			<Value date="2016-02-12" time="12:45:00">0.321</Value>
			<Value date="2016-02-12" time="13:00:00">0.315</Value>
		</SetofValues>
	</Station>
	<Station stationReference="2425" region="Midland" stationName="Bodiam Avenue LVL" ngr="SO8148114888">
		<SetofValues parameter="Water Level" qualifier="Stage" dataType="Instantaneous" period="15 min" units="mASD" startDate="2016-02-12" startTime="12:15:00" endDate="2016-02-12" endTime="13:00:00">
			<Value date="2016-02-12" time="12:15:00">0.436</Value>
			<Value date="2016-02-12" time="12:30:00">0.437</Value>
			<Value date="2016-02-12" time="12:45:00">0.437</Value>
			<Value date="2016-02-12" time="13:00:00">0.436</Value>
		</SetofValues>
	</Station>
	<Station stationReference="2292" region="Midland" stationName="Avonmouth Lighthouse TL" ngr="ST5026079050">
		<SetofValues parameter="Water Level" qualifier="Stage" dataType="Instantaneous" period="5 min" units="mASD" startDate="2016-02-12" startTime="12:05:00" endDate="2016-02-12" endTime="13:00:00">
			<Value date="2016-02-12" time="12:05:00">9.201</Value>
			<Value date="2016-02-12" time="12:10:00">8.967</Value>
			<Value date="2016-02-12" time="12:15:00">8.756</Value>
			<Value date="2016-02-12" time="12:20:00">8.535</Value>
			<Value date="2016-02-12" time="12:25:00">8.328</Value>
			<Value date="2016-02-12" time="12:30:00">8.131</Value>
			<Value date="2016-02-12" time="12:35:00">7.946</Value>
			<Value date="2016-02-12" time="12:40:00">7.748</Value>
			<Value date="2016-02-12" time="12:45:00">7.553</Value>
			<Value date="2016-02-12" time="12:50:00">7.357</Value>
			<Value date="2016-02-12" time="12:55:00">7.168</Value>
			<Value date="2016-02-12" time="13:00:00">6.988</Value>
		</SetofValues>
	</Station>
	<Station stationReference="2226A" region="Midland" stationName="Slad Road LVL" ngr="SO8530205456">
		<SetofValues parameter="Water Level" qualifier="Downstream Stage" dataType="Instantaneous" period="15 min" units="mASD" startDate="2016-02-12" startTime="12:15:00" endDate="2016-02-12" endTime="13:00:00">
			<Value date="2016-02-12" time="12:15:00">0.115</Value>
			<Value date="2016-02-12" time="12:30:00">0.115</Value>
			<Value date="2016-02-12" time="12:45:00">0.116</Value>
			<Value date="2016-02-12" time="13:00:00">0.117</Value>
		</SetofValues>
	</Station>
	<Station stationReference="2226" region="Midland" stationName="Slad Road LVL" ngr="SO8530205456">
		<SetofValues parameter="Water Level" qualifier="Stage" dataType="Instantaneous" period="15 min" units="mASD" startDate="2016-02-12" startTime="12:15:00" endDate="2016-02-12" endTime="13:00:00">
			<Value date="2016-02-12" time="12:15:00">0.292</Value>
			<Value date="2016-02-12" time="12:30:00">0.292</Value>
			<Value date="2016-02-12" time="12:45:00">0.293</Value>
			<Value date="2016-02-12" time="13:00:00">0.292</Value>
		</SetofValues>
	</Station>
	<Station stationReference="2225" region="Midland" stationName="Bodiam Avenue LVL" ngr="SO8148114888">
		<SetofValues parameter="Water Level" qualifier="Stage" dataType="Instantaneous" period="15 min" units="mASD" startDate="2016-02-12" startTime="12:15:00" endDate="2016-02-12" endTime="13:00:00">
			<Value date="2016-02-12" time="12:15:00">0.087</Value>
			<Value date="2016-02-12" time="12:30:00">0.087</Value>
			<Value date="2016-02-12" time="12:45:00">0.087</Value>
			<Value date="2016-02-12" time="13:00:00">0.087</Value>
		</SetofValues>
	</Station>
	<Station stationReference="2221" region="Midland" stationName="Clomoney Way LVL" ngr="SO8585820345">
		<SetofValues parameter="Water Level" qualifier="Stage" dataType="Instantaneous" period="15 min" units="mASD" startDate="2016-02-12" startTime="12:15:00" endDate="2016-02-12" endTime="13:00:00">
			<Value date="2016-02-12" time="12:15:00">0.486</Value>
			<Value date="2016-02-12" time="12:30:00">0.486</Value>
			<Value date="2016-02-12" time="12:45:00">0.485</Value>
			<Value date="2016-02-12" time="13:00:00">0.486</Value>
		</SetofValues>
	</Station>
	<Station stationReference="2218" region="Midland" stationName="Charterhouse Bridge LVL" ngr="SP3440078240">
		<SetofValues parameter="Water Level" qualifier="Stage" dataType="Instantaneous" period="15 min" units="mASD" startDate="2016-02-12" startTime="12:15:00" endDate="2016-02-12" endTime="13:00:00">
			<Value date="2016-02-12" time="12:15:00">0.227</Value>
			<Value date="2016-02-12" time="12:30:00">0.228</Value>
			<Value date="2016-02-12" time="12:45:00">0.226</Value>
			<Value date="2016-02-12" time="13:00:00">0.226</Value>
		</SetofValues>
	</Station>
	<Station stationReference="2188" region="Midland" stationName="Leigh Court LVL" ngr="SO8651625343">
		<SetofValues parameter="Water Level" qualifier="Stage" dataType="Instantaneous" period="15 min" units="mASD" startDate="2016-02-12" startTime="12:15:00" endDate="2016-02-12" endTime="13:00:00">
			<Value date="2016-02-12" time="12:15:00">2.988</Value>
			<Value date="2016-02-12" time="12:30:00">2.988</Value>
			<Value date="2016-02-12" time="12:45:00">2.988</Value>
			<Value date="2016-02-12" time="13:00:00">2.987</Value>
		</SetofValues>
	</Station>
	<Station stationReference="2170" region="Midland" stationName="Crudgington FLOW" ngr="SJ64051754">
		<SetofValues parameter="Water Level" qualifier="Stage" dataType="Instantaneous" period="15 min" units="mASD" startDate="2016-02-12" startTime="12:15:00" endDate="2016-02-12" endTime="13:00:00">
			<Value date="2016-02-12" time="12:15:00">0.654</Value>
			<Value date="2016-02-12" time="12:30:00">0.651</Value>
			<Value date="2016-02-12" time="12:45:00">0.650</Value>
			<Value date="2016-02-12" time="13:00:00">0.647</Value>
		</SetofValues>
	</Station>
	<Station stationReference="2165" region="Midland" stationName="Gloucester Docks LVL" ngr="SO8268718488">
		<SetofValues parameter="Water Level" qualifier="Stage" dataType="Instantaneous" period="15 min" units="mASD" startDate="2016-02-12" startTime="12:45:00" endDate="2016-02-12" endTime="13:00:00">
			<Value date="2016-02-12" time="12:45:00">3.765</Value>
			<Value date="2016-02-12" time="13:00:00">3.739</Value>
		</SetofValues>
	</Station>
	<Station stationReference="2153" region="Midland" stationName="Epney TL" ngr="SO7608711002">
		<SetofValues parameter="Water Level" qualifier="Stage" dataType="Instantaneous" period="15 min" units="mASD" startDate="2016-02-12" startTime="12:15:00" endDate="2016-02-12" endTime="13:00:00">
			<Value date="2016-02-12" time="12:15:00">4.629</Value>
			<Value date="2016-02-12" time="12:30:00">4.298</Value>
			<Value date="2016-02-12" time="12:45:00">4.044</Value>
			<Value date="2016-02-12" time="13:00:00">3.837</Value>
		</SetofValues>
	</Station>
	<Station stationReference="2139" region="Midland" stationName="Charlton Kings LVL" ngr="SO9647120822">
		<SetofValues parameter="Water Level" qualifier="Stage" dataType="Instantaneous" period="15 min" units="mASD" startDate="2016-02-12" startTime="12:15:00" endDate="2016-02-12" endTime="13:00:00">
			<Value date="2016-02-12" time="12:15:00">0.477</Value>
			<Value date="2016-02-12" time="12:30:00">0.478</Value>
			<Value date="2016-02-12" time="12:45:00">0.477</Value>
			<Value date="2016-02-12" time="13:00:00">0.478</Value>
		</SetofValues>
	</Station>
	<Station stationReference="2134" region="Midland" stationName="Buildwas FLOW" ngr="SJ64550440">
		<SetofValues parameter="Flow" dataType="Instantaneous" period="15 min" units="m3/s" startDate="2016-02-12" startTime="12:15:00" endDate="2016-02-12" endTime="13:00:00">
			<Value date="2016-02-12" time="12:15:00">300.051</Value>
			<Value date="2016-02-12" time="12:30:00">296.151</Value>
			<Value date="2016-02-12" time="12:45:00">295.829</Value>
			<Value date="2016-02-12" time="13:00:00">291.000</Value>
		</SetofValues>
		<SetofValues parameter="Water Level" qualifier="Stage" dataType="Instantaneous" period="15 min" units="mASD" startDate="2016-02-12" startTime="12:15:00" endDate="2016-02-12" endTime="13:00:00">
			<Value date="2016-02-12" time="12:15:00">4.523</Value>
			<Value date="2016-02-12" time="12:30:00">4.524</Value>
			<Value date="2016-02-12" time="12:45:00">4.509</Value>
			<Value date="2016-02-12" time="13:00:00">4.513</Value>
		</SetofValues>
	</Station>
	<Station stationReference="2133" region="Midland" stationName="Wyre Piddle LVL" ngr="SO9625947611">
		<SetofValues parameter="Water Level" qualifier="Stage" dataType="Instantaneous" period="15 min" units="mASD" startDate="2016-02-12" startTime="12:15:00" endDate="2016-02-12" endTime="13:00:00">
			<Value date="2016-02-12" time="12:15:00">0.326</Value>
			<Value date="2016-02-12" time="12:30:00">0.325</Value>
			<Value date="2016-02-12" time="12:45:00">0.325</Value>
			<Value date="2016-02-12" time="13:00:00">0.325</Value>
		</SetofValues>
	</Station>
	<Station stationReference="2128" region="Midland" stationName="Bredon FLOW" ngr="SO9206537238">
		<SetofValues parameter="Water Level" qualifier="Stage" dataType="Instantaneous" period="15 min" units="mASD" startDate="2016-02-12" startTime="12:15:00" endDate="2016-02-12" endTime="13:00:00">
			<Value date="2016-02-12" time="12:15:00">2.531</Value>
			<Value date="2016-02-12" time="12:30:00">2.532</Value>
			<Value date="2016-02-12" time="12:45:00">2.531</Value>
			<Value date="2016-02-12" time="13:00:00">2.531</Value>
		</SetofValues>
	</Station>
	<Station stationReference="2124" region="Midland" stationName="Parkend LVL" ngr="SO6167707481">
		<SetofValues parameter="Water Level" qualifier="Stage" dataType="Instantaneous" period="15 min" units="mASD" startDate="2016-02-12" startTime="12:15:00" endDate="2016-02-12" endTime="13:00:00">
			<Value date="2016-02-12" time="12:15:00">0.337</Value>
			<Value date="2016-02-12" time="12:30:00">0.336</Value>
			<Value date="2016-02-12" time="12:45:00">0.335</Value>
			<Value date="2016-02-12" time="13:00:00">0.334</Value>
		</SetofValues>
	</Station>
	<Station stationReference="2102" region="Midland" stationName="Minsterworth LVL" ngr="SO7693116918">
		<SetofValues parameter="Water Level" qualifier="Stage" dataType="Instantaneous" period="15 min" units="mASD" startDate="2016-02-12" startTime="12:45:00" endDate="2016-02-12" endTime="13:00:00">
			<Value date="2016-02-12" time="12:45:00">4.126</Value>
			<Value date="2016-02-12" time="13:00:00">3.951</Value>
		</SetofValues>
	</Station>
	<Station stationReference="2099" region="Midland" stationName="Tewks Upper Pound LVL" ngr="SO8942333387">
		<SetofValues parameter="Water Level" qualifier="Downstream Stage" dataType="Instantaneous" period="15 min" units="mASD" startDate="2016-02-12" startTime="12:15:00" endDate="2016-02-12" endTime="13:00:00">
			<Value date="2016-02-12" time="12:15:00">4.005</Value>
			<Value date="2016-02-12" time="12:30:00">4.004</Value>
			<Value date="2016-02-12" time="12:45:00">4.004</Value>
			<Value date="2016-02-12" time="13:00:00">4.004</Value>
		</SetofValues>
	</Station>
	<Station stationReference="2098" region="Midland" stationName="Tewks Upper Pound LVL" ngr="SO8945033390">
		<SetofValues parameter="Water Level" qualifier="Stage" dataType="Instantaneous" period="15 min" units="mASD" startDate="2016-02-12" startTime="12:15:00" endDate="2016-02-12" endTime="13:00:00">
			<Value date="2016-02-12" time="12:15:00">4.018</Value>
			<Value date="2016-02-12" time="12:30:00">4.018</Value>
			<Value date="2016-02-12" time="12:45:00">4.018</Value>
			<Value date="2016-02-12" time="13:00:00">4.018</Value>
		</SetofValues>
	</Station>
	<Station stationReference="2097" region="Midland" stationName="Pershore LVL" ngr="SO9519045509">
		<SetofValues parameter="Water Level" qualifier="Stage" dataType="Instantaneous" period="15 min" units="mASD" startDate="2016-02-12" startTime="12:15:00" endDate="2016-02-12" endTime="13:00:00">
			<Value date="2016-02-12" time="12:15:00">3.457</Value>
			<Value date="2016-02-12" time="12:30:00">3.456</Value>
			<Value date="2016-02-12" time="12:45:00">3.455</Value>
			<Value date="2016-02-12" time="13:00:00">3.454</Value>
		</SetofValues>
	</Station>
	<Station stationReference="2087" region="Midland" stationName="Mythe Bridge LVL" ngr="SO8889933722">
		<SetofValues parameter="Water Level" qualifier="Stage" dataType="Instantaneous" period="15 min" units="mASD" startDate="2016-02-12" startTime="12:15:00" endDate="2016-02-12" endTime="13:00:00">
			<Value date="2016-02-12" time="12:15:00">4.058</Value>
			<Value date="2016-02-12" time="12:30:00">4.061</Value>
			<Value date="2016-02-12" time="12:45:00">4.058</Value>
			<Value date="2016-02-12" time="13:00:00">4.061</Value>
		</SetofValues>
	</Station>
	<Station stationReference="2086" region="Midland" stationName="Bransford LVL" ngr="SO80385324">
		<SetofValues parameter="Water Level" qualifier="Stage" dataType="Instantaneous" period="15 min" units="mASD" startDate="2016-02-12" startTime="12:15:00" endDate="2016-02-12" endTime="13:00:00">
			<Value date="2016-02-12" time="12:15:00">2.518</Value>
			<Value date="2016-02-12" time="12:30:00">2.508</Value>
			<Value date="2016-02-12" time="12:45:00">2.509</Value>
			<Value date="2016-02-12" time="13:00:00">2.506</Value>
		</SetofValues>
	</Station>
	<Station stationReference="2085" region="Midland" stationName="Diglis LVL" ngr="SO84695353">
		<SetofValues parameter="Water Level" qualifier="Stage" dataType="Instantaneous" period="15 min" units="mASD" startDate="2016-02-12" startTime="12:15:00" endDate="2016-02-12" endTime="13:00:00">
			<Value date="2016-02-12" time="12:15:00">4.264</Value>
			<Value date="2016-02-12" time="12:30:00">4.255</Value>
			<Value date="2016-02-12" time="12:45:00">4.254</Value>
			<Value date="2016-02-12" time="13:00:00">4.263</Value>
		</SetofValues>
	</Station>
	<Station stationReference="2071" region="Midland" stationName="Ashleworth LVL" ngr="SO8182924969">
		<SetofValues parameter="Water Level" qualifier="Stage" dataType="Instantaneous" period="15 min" units="mASD" startDate="2016-02-12" startTime="12:15:00" endDate="2016-02-12" endTime="13:00:00">
			<Value date="2016-02-12" time="12:15:00">4.551</Value>
			<Value date="2016-02-12" time="12:30:00">4.560</Value>
			<Value date="2016-02-12" time="12:45:00">4.564</Value>
			<Value date="2016-02-12" time="13:00:00">4.560</Value>
		</SetofValues>
	</Station>
	<Station stationReference="2057" region="Midland" stationName="Haw Bridge LVL" ngr="SO8449127878">
		<SetofValues parameter="Water Level" qualifier="Stage" dataType="Instantaneous" period="15 min" units="mASD" startDate="2016-02-12" startTime="12:15:00" endDate="2016-02-12" endTime="13:00:00">
			<Value date="2016-02-12" time="12:15:00">5.011</Value>
			<Value date="2016-02-12" time="12:30:00">5.011</Value>
			<Value date="2016-02-12" time="12:45:00">5.012</Value>
			<Value date="2016-02-12" time="13:00:00">5.012</Value>
		</SetofValues>
	</Station>
	<Station stationReference="2052" region="Midland" stationName="Ternhill (Bailey Brook)" ngr="SJ62853149">
		<SetofValues parameter="Water Level" qualifier="1" dataType="Instantaneous" period="15 min" units="mASD" startDate="2016-02-12" startTime="12:15:00" endDate="2016-02-12" endTime="13:00:00">
			<Value date="2016-02-12" time="12:15:00">0.449</Value>
			<Value date="2016-02-12" time="12:30:00">0.450</Value>
			<Value date="2016-02-12" time="12:45:00">0.448</Value>
			<Value date="2016-02-12" time="13:00:00">0.449</Value>
		</SetofValues>
	</Station>
	<Station stationReference="2040" region="Midland" stationName="Tibberton LVL" ngr="SJ68072049">
		<SetofValues parameter="Water Level" qualifier="Stage" dataType="Instantaneous" period="15 min" units="mASD" startDate="2016-02-12" startTime="12:15:00" endDate="2016-02-12" endTime="13:00:00">
			<Value date="2016-02-12" time="12:15:00">0.340</Value>
			<Value date="2016-02-12" time="12:30:00">0.340</Value>
			<Value date="2016-02-12" time="12:45:00">0.340</Value>
			<Value date="2016-02-12" time="13:00:00">0.339</Value>
		</SetofValues>
	</Station>
	<Station stationReference="2036" region="Midland" stationName="Hinton On Green LVL" ngr="SP0236840680">
		<SetofValues parameter="Water Level" qualifier="Stage" dataType="Instantaneous" period="15 min" units="mASD" startDate="2016-02-12" startTime="12:15:00" endDate="2016-02-12" endTime="13:00:00">
			<Value date="2016-02-12" time="12:15:00">0.275</Value>
			<Value date="2016-02-12" time="12:30:00">0.274</Value>
			<Value date="2016-02-12" time="12:45:00">0.274</Value>
			<Value date="2016-02-12" time="13:00:00">0.274</Value>
		</SetofValues>
	</Station>
	<Station stationReference="2032" region="Midland" stationName="Saxons Lode FLOW" ngr="SO8634939041">
		<SetofValues parameter="Water Level" qualifier="Stage" dataType="Instantaneous" period="15 min" units="mASD" startDate="2016-02-12" startTime="12:15:00" endDate="2016-02-12" endTime="13:00:00">
			<Value date="2016-02-12" time="12:15:00">4.788</Value>
			<Value date="2016-02-12" time="12:30:00">4.782</Value>
			<Value date="2016-02-12" time="12:45:00">4.785</Value>
			<Value date="2016-02-12" time="13:00:00">4.782</Value>
		</SetofValues>
	</Station>
	<Station stationReference="2029" region="Midland" stationName="Knightsford Bridge LVL" ngr="SO73495573">
		<SetofValues parameter="Water Level" qualifier="Stage" dataType="Instantaneous" period="15 min" units="mASD" startDate="2016-02-12" startTime="12:15:00" endDate="2016-02-12" endTime="13:00:00">
			<Value date="2016-02-12" time="12:15:00">1.488</Value>
			<Value date="2016-02-12" time="12:30:00">1.486</Value>
			<Value date="2016-02-12" time="12:45:00">1.482</Value>
			<Value date="2016-02-12" time="13:00:00">1.480</Value>
		</SetofValues>
	</Station>
	<Station stationReference="2027" region="Midland" stationName="Ebley Mill LVL" ngr="SO8301404627">
		<SetofValues parameter="Water Level" qualifier="Stage" dataType="Instantaneous" period="15 min" units="mASD" startDate="2016-02-12" startTime="12:15:00" endDate="2016-02-12" endTime="13:00:00">
			<Value date="2016-02-12" time="12:15:00">0.703</Value>
			<Value date="2016-02-12" time="12:30:00">0.700</Value>
			<Value date="2016-02-12" time="12:45:00">0.683</Value>
			<Value date="2016-02-12" time="13:00:00">0.693</Value>
		</SetofValues>
	</Station>
	<Station stationReference="2017" region="Midland" stationName="Wedderburn Bridge LVL" ngr="SO7766423340">
		<SetofValues parameter="Water Level" qualifier="Stage" dataType="Instantaneous" period="15 min" units="mASD" startDate="2016-02-12" startTime="12:15:00" endDate="2016-02-12" endTime="13:00:00">
			<Value date="2016-02-12" time="12:15:00">1.098</Value>
			<Value date="2016-02-12" time="12:30:00">1.097</Value>
			<Value date="2016-02-12" time="12:45:00">1.095</Value>
			<Value date="2016-02-12" time="13:00:00">1.097</Value>
		</SetofValues>
	</Station>
	<Station stationReference="2015" region="Midland" stationName="Besford Bridge LVL" ngr="SO9269346252">
		<SetofValues parameter="Water Level" qualifier="Stage" dataType="Instantaneous" period="15 min" units="mASD" startDate="2016-02-12" startTime="12:15:00" endDate="2016-02-12" endTime="13:00:00">
			<Value date="2016-02-12" time="12:15:00">0.604</Value>
			<Value date="2016-02-12" time="12:30:00">0.606</Value>
			<Value date="2016-02-12" time="12:45:00">0.606</Value>
			<Value date="2016-02-12" time="13:00:00">0.606</Value>
		</SetofValues>
	</Station>
	<Station stationReference="2011" region="Midland" stationName="Harford Hill LVL" ngr="SO86866193">
		<SetofValues parameter="Water Level" qualifier="Stage" dataType="Instantaneous" period="15 min" units="mASD" startDate="2016-02-12" startTime="12:15:00" endDate="2016-02-12" endTime="13:00:00">
			<Value date="2016-02-12" time="12:15:00">0.326</Value>
			<Value date="2016-02-12" time="12:30:00">0.326</Value>
			<Value date="2016-02-12" time="12:45:00">0.326</Value>
			<Value date="2016-02-12" time="13:00:00">0.326</Value>
		</SetofValues>
	</Station>
	<Station stationReference="2005" region="Midland" stationName="Montford FLOW" ngr="SJ4119014460">
		<SetofValues parameter="Water Level" qualifier="Stage" dataType="Instantaneous" period="15 min" units="mASD" startDate="2016-02-12" startTime="12:15:00" endDate="2016-02-12" endTime="13:00:00">
			<Value date="2016-02-12" time="12:15:00">4.871</Value>
			<Value date="2016-02-12" time="12:30:00">4.863</Value>
			<Value date="2016-02-12" time="12:45:00">4.856</Value>
			<Value date="2016-02-12" time="13:00:00">4.848</Value>
		</SetofValues>
		<SetofValues parameter="Flow" qualifier="Speed" dataType="Instantaneous" period="15 min" units="Ml/d" startDate="2016-02-12" startTime="12:15:00" endDate="2016-02-12" endTime="13:00:00">
			<Value date="2016-02-12" time="12:15:00">14285.64</Value>
			<Value date="2016-02-12" time="12:30:00">14288.23</Value>
			<Value date="2016-02-12" time="12:45:00">14245.29</Value>
			<Value date="2016-02-12" time="13:00:00">14186.88</Value>
		</SetofValues>
	</Station>
	<Station stationReference="2002" region="Midland" stationName="Evesham LVL" ngr="SP0400743741">
		<SetofValues parameter="Water Level" qualifier="Stage" dataType="Instantaneous" period="15 min" units="mASD" startDate="2016-02-12" startTime="12:15:00" endDate="2016-02-12" endTime="13:00:00">
			<Value date="2016-02-12" time="12:15:00">0.923</Value>
			<Value date="2016-02-12" time="12:30:00">0.920</Value>
			<Value date="2016-02-12" time="12:45:00">0.917</Value>
			<Value date="2016-02-12" time="13:00:00">0.917</Value>
		</SetofValues>
	</Station>
	<Station stationReference="2001" region="Midland" stationName="Bewdley FLOW" ngr="SO78237616">
		<SetofValues parameter="Water Level" qualifier="Stage" dataType="Instantaneous" period="15 min" units="mASD" startDate="2016-02-12" startTime="12:15:00" endDate="2016-02-12" endTime="13:00:00">
			<Value date="2016-02-12" time="12:15:00">3.742</Value>
			<Value date="2016-02-12" time="12:30:00">3.733</Value>
			<Value date="2016-02-12" time="12:45:00">3.733</Value>
			<Value date="2016-02-12" time="13:00:00">3.724</Value>
		</SetofValues>
		<SetofValues parameter="Flow" dataType="Instantaneous" period="15 min" units="m3/s" startDate="2016-02-12" startTime="12:15:00" endDate="2016-02-12" endTime="13:00:00">
			<Value date="2016-02-12" time="12:15:00">273.182</Value>
			<Value date="2016-02-12" time="12:30:00">271.976</Value>
			<Value date="2016-02-12" time="12:45:00">273.533</Value>
			<Value date="2016-02-12" time="13:00:00">271.209</Value>
		</SetofValues>
	</Station>
	<Station stationReference="1812" region="Midland" stationName="Taynton RAIN" ngr="SO7169722417">
		<SetofValues parameter="Rainfall" qualifier="Tipping Bucket Raingauge" dataType="Total" period="15 min" units="mm" startDate="2016-02-12" startTime="12:15:00" endDate="2016-02-12" endTime="13:00:00">
			<Value date="2016-02-12" time="12:15:00">0.0</Value>
			<Value date="2016-02-12" time="12:30:00">0.0</Value>
			<Value date="2016-02-12" time="12:45:00">0.0</Value>
			<Value date="2016-02-12" time="13:00:00">0.0</Value>
		</SetofValues>
	</Station>
	<Station stationReference="1771" region="Midland" stationName="Prees RAIN" ngr="SJ57243506">
		<SetofValues parameter="Rainfall" qualifier="Tipping Bucket Raingauge" dataType="Total" period="15 min" units="mm" startDate="2016-02-12" startTime="12:15:00" endDate="2016-02-12" endTime="13:00:00">
			<Value date="2016-02-12" time="12:15:00">0.0</Value>
			<Value date="2016-02-12" time="12:30:00">0.0</Value>
			<Value date="2016-02-12" time="12:45:00">0.0</Value>
			<Value date="2016-02-12" time="13:00:00">0.0</Value>
		</SetofValues>
	</Station>
	<Station stationReference="1769" region="Midland" stationName="Crowle RAIN" ngr="SO9345555757">
		<SetofValues parameter="Rainfall" qualifier="Tipping Bucket Raingauge" dataType="Total" period="15 min" units="mm" startDate="2016-02-12" startTime="12:15:00" endDate="2016-02-12" endTime="13:00:00">
			<Value date="2016-02-12" time="12:15:00">0.0</Value>
			<Value date="2016-02-12" time="12:30:00">0.0</Value>
			<Value date="2016-02-12" time="12:45:00">0.0</Value>
			<Value date="2016-02-12" time="13:00:00">0.0</Value>
		</SetofValues>
	</Station>
	<Station stationReference="1761" region="Midland" stationName="Chipping Campden RAIN" ngr="SP1631739235">
		<SetofValues parameter="Rainfall" qualifier="Tipping Bucket Raingauge" dataType="Total" period="15 min" units="mm" startDate="2016-02-12" startTime="12:15:00" endDate="2016-02-12" endTime="13:00:00">
			<Value date="2016-02-12" time="12:15:00">0.0</Value>
			<Value date="2016-02-12" time="12:30:00">0.0</Value>
			<Value date="2016-02-12" time="12:45:00">0.0</Value>
			<Value date="2016-02-12" time="13:00:00">0.0</Value>
		</SetofValues>
	</Station>
	<Station stationReference="1760" region="Midland" stationName="Sheriffs Lench RAIN" ngr="SP0184749158">
		<SetofValues parameter="Rainfall" qualifier="Tipping Bucket Raingauge" dataType="Total" period="15 min" units="mm" startDate="2016-02-12" startTime="12:15:00" endDate="2016-02-12" endTime="13:00:00">
			<Value date="2016-02-12" time="12:15:00">0.0</Value>
			<Value date="2016-02-12" time="12:30:00">0.0</Value>
			<Value date="2016-02-12" time="12:45:00">0.0</Value>
			<Value date="2016-02-12" time="13:00:00">0.0</Value>
		</SetofValues>
	</Station>
	<Station stationReference="1747" region="Midland" stationName="Ercall RAIN" ngr="SJ66512333">
		<SetofValues parameter="Rainfall" qualifier="Tipping Bucket Raingauge" dataType="Total" period="15 min" units="mm" startDate="2016-02-12" startTime="12:15:00" endDate="2016-02-12" endTime="13:00:00">
			<Value date="2016-02-12" time="12:15:00">0.0</Value>
			<Value date="2016-02-12" time="12:30:00">0.0</Value>
			<Value date="2016-02-12" time="12:45:00">0.0</Value>
			<Value date="2016-02-12" time="13:00:00">0.0</Value>
		</SetofValues>
	</Station>
	<Station stationReference="1740" region="Midland" stationName="Kings Newnham RAIN" ngr="SP4606577380">
		<SetofValues parameter="Rainfall" qualifier="Tipping Bucket Raingauge" dataType="Total" period="15 min" units="mm" startDate="2016-02-12" startTime="12:15:00" endDate="2016-02-12" endTime="13:00:00">
			<Value date="2016-02-12" time="12:15:00">0.0</Value>
			<Value date="2016-02-12" time="12:30:00">0.2</Value>
			<Value date="2016-02-12" time="12:45:00">0.0</Value>
			<Value date="2016-02-12" time="13:00:00">0.0</Value>
		</SetofValues>
	</Station>
	<Station stationReference="1552" region="Midland" stationName="Bratch RAIN" ngr="SO8699793783">
		<SetofValues parameter="Rainfall" qualifier="Tipping Bucket Raingauge" dataType="Total" period="15 min" units="mm" startDate="2016-02-12" startTime="12:15:00" endDate="2016-02-12" endTime="13:00:00">
			<Value date="2016-02-12" time="12:15:00">0.0</Value>
			<Value date="2016-02-12" time="12:30:00">0.0</Value>
			<Value date="2016-02-12" time="12:45:00">0.0</Value>
			<Value date="2016-02-12" time="13:00:00">0.0</Value>
		</SetofValues>
	</Station>
	<Station stationReference="1548" region="Midland" stationName="Trimpley RAIN" ngr="SO77287893">
		<SetofValues parameter="Rainfall" qualifier="Tipping Bucket Raingauge" dataType="Total" period="15 min" units="mm" startDate="2016-02-12" startTime="12:15:00" endDate="2016-02-12" endTime="13:00:00">
			<Value date="2016-02-12" time="12:15:00">0.0</Value>
			<Value date="2016-02-12" time="12:30:00">0.0</Value>
			<Value date="2016-02-12" time="12:45:00">0.0</Value>
			<Value date="2016-02-12" time="13:00:00">0.0</Value>
		</SetofValues>
	</Station>
	<Station stationReference="1413" region="Midland" stationName="Hartlebury RAIN" ngr="SO84656978">
		<SetofValues parameter="Rainfall" qualifier="Tipping Bucket Raingauge" dataType="Total" period="15 min" units="mm" startDate="2016-02-12" startTime="12:15:00" endDate="2016-02-12" endTime="13:00:00">
			<Value date="2016-02-12" time="12:15:00">0.0</Value>
			<Value date="2016-02-12" time="12:30:00">0.0</Value>
			<Value date="2016-02-12" time="12:45:00">0.0</Value>
			<Value date="2016-02-12" time="13:00:00">0.0</Value>
		</SetofValues>
	</Station>
	<Station stationReference="1332" region="Midland" stationName="Walkmills RAIN" ngr="SO46759932">
		<SetofValues parameter="Rainfall" qualifier="Tipping Bucket Raingauge" dataType="Total" period="15 min" units="mm" startDate="2016-02-12" startTime="12:15:00" endDate="2016-02-12" endTime="13:00:00">
			<Value date="2016-02-12" time="12:15:00">0.0</Value>
			<Value date="2016-02-12" time="12:30:00">0.0</Value>
			<Value date="2016-02-12" time="12:45:00">0.0</Value>
			<Value date="2016-02-12" time="13:00:00">0.0</Value>
		</SetofValues>
	</Station>
	<Station stationReference="1331" region="Midland" stationName="Willey RAIN" ngr="SO68169994">
		<SetofValues parameter="Rainfall" qualifier="Tipping Bucket Raingauge" dataType="Total" period="15 min" units="mm" startDate="2016-02-12" startTime="12:15:00" endDate="2016-02-12" endTime="13:00:00">
			<Value date="2016-02-12" time="12:15:00">0.0</Value>
			<Value date="2016-02-12" time="12:30:00">0.0</Value>
			<Value date="2016-02-12" time="12:45:00">0.0</Value>
			<Value date="2016-02-12" time="13:00:00">0.0</Value>
		</SetofValues>
	</Station>
	<Station stationReference="1201" region="Midland" stationName="Alvechurch RAIN" ngr="SP0317771748">
		<SetofValues parameter="Rainfall" qualifier="Tipping Bucket Raingauge" dataType="Total" period="15 min" units="mm" startDate="2016-02-12" startTime="12:15:00" endDate="2016-02-12" endTime="13:00:00">
			<Value date="2016-02-12" time="12:15:00">0.0</Value>
			<Value date="2016-02-12" time="12:30:00">0.0</Value>
			<Value date="2016-02-12" time="12:45:00">0.0</Value>
			<Value date="2016-02-12" time="13:00:00">0.0</Value>
		</SetofValues>
	</Station>
	<Station stationReference="1155" region="Midland" stationName="Stanford Reservoir RAIN" ngr="SP5958380259">
		<SetofValues parameter="Rainfall" qualifier="Tipping Bucket Raingauge" dataType="Total" period="15 min" units="mm" startDate="2016-02-12" startTime="12:15:00" endDate="2016-02-12" endTime="13:00:00">
			<Value date="2016-02-12" time="12:15:00">0.0</Value>
			<Value date="2016-02-12" time="12:30:00">0.0</Value>
			<Value date="2016-02-12" time="12:45:00">0.0</Value>
			<Value date="2016-02-12" time="13:00:00">0.0</Value>
		</SetofValues>
	</Station>
	<Station stationReference="1141" region="Midland" stationName="Miserden RAIN" ngr="SO9367908745">
		<SetofValues parameter="Rainfall" qualifier="Tipping Bucket Raingauge" dataType="Total" period="15 min" units="mm" startDate="2016-02-12" startTime="12:15:00" endDate="2016-02-12" endTime="13:00:00">
			<Value date="2016-02-12" time="12:15:00">0.0</Value>
			<Value date="2016-02-12" time="12:30:00">0.0</Value>
			<Value date="2016-02-12" time="12:45:00">0.0</Value>
			<Value date="2016-02-12" time="13:00:00">0.0</Value>
		</SetofValues>
	</Station>
	<Station stationReference="1140" region="Midland" stationName="Dowdeswell RAIN" ngr="SO9876919616">
		<SetofValues parameter="Rainfall" qualifier="Tipping Bucket Raingauge" dataType="Total" period="15 min" units="mm" startDate="2016-02-12" startTime="12:15:00" endDate="2016-02-12" endTime="13:00:00">
			<Value date="2016-02-12" time="12:15:00">0.0</Value>
			<Value date="2016-02-12" time="12:30:00">0.0</Value>
			<Value date="2016-02-12" time="12:45:00">0.0</Value>
			<Value date="2016-02-12" time="13:00:00">0.0</Value>
		</SetofValues>
	</Station>
	<Station stationReference="1121" region="Midland" stationName="Monkmoor RAIN" ngr="SJ51681360">
		<SetofValues parameter="Rainfall" qualifier="Tipping Bucket Raingauge" dataType="Total" period="15 min" units="mm" startDate="2016-02-12" startTime="12:15:00" endDate="2016-02-12" endTime="13:00:00">
			<Value date="2016-02-12" time="12:15:00">0.0</Value>
			<Value date="2016-02-12" time="12:30:00">0.0</Value>
			<Value date="2016-02-12" time="12:45:00">0.0</Value>
			<Value date="2016-02-12" time="13:00:00">0.0</Value>
		</SetofValues>
	</Station>
	<Station stationReference="1119" region="Midland" stationName="Ledbury Wrw RAIN" ngr="SO7023337123">
		<SetofValues parameter="Rainfall" qualifier="Tipping Bucket Raingauge" dataType="Total" period="15 min" units="mm" startDate="2016-02-12" startTime="12:15:00" endDate="2016-02-12" endTime="13:00:00">
			<Value date="2016-02-12" time="12:15:00">0.0</Value>
			<Value date="2016-02-12" time="12:30:00">0.0</Value>
			<Value date="2016-02-12" time="12:45:00">0.0</Value>
			<Value date="2016-02-12" time="13:00:00">0.0</Value>
		</SetofValues>
	</Station>
	<Station stationReference="1117" region="Midland" stationName="Parkend RAIN" ngr="SO5785106873">
		<SetofValues parameter="Rainfall" qualifier="Tipping Bucket Raingauge" dataType="Total" period="15 min" units="mm" startDate="2016-02-12" startTime="12:15:00" endDate="2016-02-12" endTime="13:00:00">
			<Value date="2016-02-12" time="12:15:00">0.0</Value>
			<Value date="2016-02-12" time="12:30:00">0.0</Value>
			<Value date="2016-02-12" time="12:45:00">0.0</Value>
			<Value date="2016-02-12" time="13:00:00">0.0</Value>
		</SetofValues>
	</Station>
	<Station stationReference="1040" region="Midland" stationName="Henley In Arden Ps RAIN" ngr="SP1549467906">
		<SetofValues parameter="Rainfall" qualifier="Tipping Bucket Raingauge" dataType="Total" period="15 min" units="mm" startDate="2016-02-12" startTime="12:15:00" endDate="2016-02-12" endTime="13:00:00">
			<Value date="2016-02-12" time="12:15:00">0.0</Value>
			<Value date="2016-02-12" time="12:30:00">0.0</Value>
			<Value date="2016-02-12" time="12:45:00">0.0</Value>
			<Value date="2016-02-12" time="13:00:00">0.0</Value>
		</SetofValues>
	</Station>
</EATimeSeriesDataExchangeFormat>
