<?xml version="1.0" standalone="yes"?>
<EATimeSeriesDataExchangeFormat xmlns="http://www.environment-agency.gov.uk/XMLSchemas/EATimeSeriesDataExchangeFormat" xmlns:md="http://www.environment-agency.gov.uk/XMLSchemas/EAMetadataFormat" xmlns:xsi="http://www.w3.org/2001/XMLSchema-instance" xsi:schemaLocation="http://www.environment-agency.gov.uk/XMLSchemas/EATimeSeriesDataExchangeFormat EATimeSeriesDataExchangeFormat.xsd">
	<md:Publisher>Environment Agency</md:Publisher>
	<md:Source>Midland Regional Telemetry System</md:Source>
	<md:Description>Automated telemetry data export process</md:Description>
	<md:Creator>SCX 6</md:Creator>
	<md:Date>2016-02-12</md:Date>
	<md:Time>11:06:03</md:Time>
	<md:Identifier>MISAPSCXAS1</md:Identifier>
	<Station stationReference="4018" region="Midland" stationName="Marston On Dove LVL" ngr="SK23742884">
		<SetofValues parameter="Water Level" qualifier="Stage" dataType="Instantaneous" period="15 min" units="mASD" startDate="2016-02-12" startTime="10:15:00" endDate="2016-02-12" endTime="11:00:00">
			<Value date="2016-02-12" time="10:15:00">0.874</Value>
			<Value date="2016-02-12" time="10:30:00">0.874</Value>
			<Value date="2016-02-12" time="10:45:00">0.874</Value>
			<Value date="2016-02-12" time="11:00:00">0.872</Value>
		</SetofValues>
	</Station>
	<Station stationReference="4003" region="Midland" stationName="Water Orton LVL" ngr="SP1694091460">
		<SetofValues parameter="Water Level" qualifier="Stage" dataType="Instantaneous" period="15 min" units="mASD" startDate="2016-02-12" startTime="10:15:00" endDate="2016-02-12" endTime="11:00:00">
			<Value date="2016-02-12" time="10:15:00">0.367</Value>
			<Value date="2016-02-12" time="10:30:00">0.366</Value>
			<Value date="2016-02-12" time="10:45:00">0.365</Value>
			<Value date="2016-02-12" time="11:00:00">0.364</Value>
		</SetofValues>
		<SetofValues parameter="Water Level" qualifier="Downstream Stage" dataType="Instantaneous" period="15 min" units="mASD" startDate="2016-02-12" startTime="10:15:00" endDate="2016-02-12" endTime="11:00:00">
			<Value date="2016-02-12" time="10:15:00">0.196</Value>
			<Value date="2016-02-12" time="10:30:00">0.196</Value>
			<Value date="2016-02-12" time="10:45:00">0.183</Value>
			<Value date="2016-02-12" time="11:00:00">0.187</Value>
		</SetofValues>
	</Station>
	<Station stationReference="3999" region="Midland" stationName="Littlethorpe RAIN" ngr="SP54309655">
		<SetofValues parameter="Temperature" qualifier="Dry Bulb" dataType="Instantaneous" period="15 min" units="deg C" startDate="2016-02-12" startTime="10:15:00" endDate="2016-02-12" endTime="11:00:00">
			<Value date="2016-02-12" time="10:15:00">2.9</Value>
			<Value date="2016-02-12" time="10:30:00">3.2</Value>
			<Value date="2016-02-12" time="10:45:00">3.4</Value>
			<Value date="2016-02-12" time="11:00:00">3.6</Value>
		</SetofValues>
		<SetofValues parameter="Rainfall" qualifier="Tipping Bucket Raingauge" dataType="Total" period="15 min" units="mm" startDate="2016-02-12" startTime="10:15:00" endDate="2016-02-12" endTime="11:00:00">
			<Value date="2016-02-12" time="10:15:00">0.0</Value>
			<Value date="2016-02-12" time="10:30:00">0.0</Value>
			<Value date="2016-02-12" time="10:45:00">0.0</Value>
			<Value date="2016-02-12" time="11:00:00">0.0</Value>
		</SetofValues>
	</Station>
	<Station stationReference="3686" region="Midland" stationName="Fleckney RAIN" ngr="SP65779454">
		<SetofValues parameter="Rainfall" qualifier="Tipping Bucket Raingauge" dataType="Total" period="15 min" units="mm" startDate="2016-02-12" startTime="10:15:00" endDate="2016-02-12" endTime="11:00:00">
			<Value date="2016-02-12" time="10:15:00">0.0</Value>
			<Value date="2016-02-12" time="10:30:00">0.0</Value>
			<Value date="2016-02-12" time="10:45:00">0.0</Value>
			<Value date="2016-02-12" time="11:00:00">0.0</Value>
		</SetofValues>
	</Station>
	<Station stationReference="3288" region="Midland" stationName="Lea Marston RAIN" ngr="SP20649389">
		<SetofValues parameter="Rainfall" qualifier="Tipping Bucket Raingauge" dataType="Total" period="15 min" units="mm" startDate="2016-02-12" startTime="10:15:00" endDate="2016-02-12" endTime="11:00:00">
			<Value date="2016-02-12" time="10:15:00">0.0</Value>
			<Value date="2016-02-12" time="10:30:00">0.0</Value>
			<Value date="2016-02-12" time="10:45:00">0.0</Value>
			<Value date="2016-02-12" time="11:00:00">0.0</Value>
		</SetofValues>
	</Station>
	<Station stationReference="3275" region="Midland" stationName="Walsall Wood RAIN" ngr="SK03800414">
		<SetofValues parameter="Temperature" qualifier="Dry Bulb" dataType="Instantaneous" period="15 min" units="deg C" startDate="2016-02-12" startTime="10:15:00" endDate="2016-02-12" endTime="11:00:00">
			<Value date="2016-02-12" time="10:15:00">2.5</Value>
			<Value date="2016-02-12" time="10:30:00">2.8</Value>
			<Value date="2016-02-12" time="10:45:00">3.2</Value>
			<Value date="2016-02-12" time="11:00:00">3.6</Value>
		</SetofValues>
		<SetofValues parameter="Rainfall" qualifier="Tipping Bucket Raingauge" dataType="Total" period="15 min" units="mm" startDate="2016-02-12" startTime="10:15:00" endDate="2016-02-12" endTime="11:00:00">
			<Value date="2016-02-12" time="10:15:00">0.0</Value>
			<Value date="2016-02-12" time="10:30:00">0.0</Value>
			<Value date="2016-02-12" time="10:45:00">0.0</Value>
			<Value date="2016-02-12" time="11:00:00">0.0</Value>
		</SetofValues>
	</Station>
	<Station stationReference="3201" region="Midland" stationName="Atherstone RAIN" ngr="SP31799802">
		<SetofValues parameter="Rainfall" qualifier="Tipping Bucket Raingauge" dataType="Total" period="15 min" units="mm" startDate="2016-02-12" startTime="10:15:00" endDate="2016-02-12" endTime="11:00:00">
			<Value date="2016-02-12" time="10:15:00">0.0</Value>
			<Value date="2016-02-12" time="10:30:00">0.0</Value>
			<Value date="2016-02-12" time="10:45:00">0.0</Value>
			<Value date="2016-02-12" time="11:00:00">0.0</Value>
		</SetofValues>
	</Station>
	<Station stationReference="3185" region="Midland" stationName="Tudor Grange RAIN" ngr="SP14737886">
		<SetofValues parameter="Rainfall" qualifier="Tipping Bucket Raingauge" dataType="Total" period="15 min" units="mm" startDate="2016-02-12" startTime="10:15:00" endDate="2016-02-12" endTime="11:00:00">
			<Value date="2016-02-12" time="10:15:00">0.0</Value>
			<Value date="2016-02-12" time="10:30:00">0.0</Value>
			<Value date="2016-02-12" time="10:45:00">0.0</Value>
			<Value date="2016-02-12" time="11:00:00">0.0</Value>
		</SetofValues>
	</Station>
	<Station stationReference="3096" region="Midland" stationName="Barnhurst RAIN" ngr="SJ8979601959">
		<SetofValues parameter="Rainfall" qualifier="Tipping Bucket Raingauge" dataType="Total" period="15 min" units="mm" startDate="2016-02-12" startTime="10:15:00" endDate="2016-02-12" endTime="11:00:00">
			<Value date="2016-02-12" time="10:15:00">0.0</Value>
			<Value date="2016-02-12" time="10:30:00">0.0</Value>
			<Value date="2016-02-12" time="10:45:00">0.0</Value>
			<Value date="2016-02-12" time="11:00:00">0.0</Value>
		</SetofValues>
	</Station>
	<Station stationReference="3026" region="Midland" stationName="Hollies RAIN" ngr="SJ81572243">
		<SetofValues parameter="Rainfall" qualifier="Tipping Bucket Raingauge" dataType="Total" period="15 min" units="mm" startDate="2016-02-12" startTime="10:15:00" endDate="2016-02-12" endTime="11:00:00">
			<Value date="2016-02-12" time="10:15:00">0.0</Value>
			<Value date="2016-02-12" time="10:30:00">0.0</Value>
			<Value date="2016-02-12" time="10:45:00">0.0</Value>
			<Value date="2016-02-12" time="11:00:00">0.0</Value>
		</SetofValues>
	</Station>
	<Station stationReference="3025" region="Midland" stationName="Rodbaston RAIN" ngr="SJ92071159">
		<SetofValues parameter="Rainfall" qualifier="Tipping Bucket Raingauge" dataType="Total" period="15 min" units="mm" startDate="2016-02-12" startTime="10:15:00" endDate="2016-02-12" endTime="11:00:00">
			<Value date="2016-02-12" time="10:15:00">0.0</Value>
			<Value date="2016-02-12" time="10:30:00">0.0</Value>
			<Value date="2016-02-12" time="10:45:00">0.0</Value>
			<Value date="2016-02-12" time="11:00:00">0.0</Value>
		</SetofValues>
	</Station>
	<Station stationReference="2900" region="Midland" stationName="Walton LVL" ngr="SP2859853167">
		<SetofValues parameter="Water Level" qualifier="Stage" dataType="Instantaneous" period="15 min" units="mASD" startDate="2016-02-12" startTime="10:15:00" endDate="2016-02-12" endTime="11:00:00">
			<Value date="2016-02-12" time="10:15:00">0.517</Value>
			<Value date="2016-02-12" time="10:30:00">0.516</Value>
			<Value date="2016-02-12" time="10:45:00">0.514</Value>
			<Value date="2016-02-12" time="11:00:00">0.516</Value>
		</SetofValues>
	</Station>
	<Station stationReference="2832" region="Midland" stationName="Maesbrook LVL" ngr="SJ30092074">
		<SetofValues parameter="Water Level" qualifier="Stage" dataType="Instantaneous" period="15 min" units="mASD" startDate="2016-02-12" startTime="10:15:00" endDate="2016-02-12" endTime="11:00:00">
			<Value date="2016-02-12" time="10:15:00">0.394</Value>
			<Value date="2016-02-12" time="10:30:00">0.393</Value>
			<Value date="2016-02-12" time="10:45:00">0.393</Value>
			<Value date="2016-02-12" time="11:00:00">0.392</Value>
		</SetofValues>
	</Station>
	<Station stationReference="2831" region="Midland" stationName="Cae Howel LVL" ngr="SJ34471709">
		<SetofValues parameter="Water Level" qualifier="Stage" dataType="Instantaneous" period="15 min" units="mASD" startDate="2016-02-12" startTime="10:15:00" endDate="2016-02-12" endTime="11:00:00">
			<Value date="2016-02-12" time="10:15:00">4.995</Value>
			<Value date="2016-02-12" time="10:30:00">4.988</Value>
			<Value date="2016-02-12" time="10:45:00">4.984</Value>
			<Value date="2016-02-12" time="11:00:00">4.986</Value>
		</SetofValues>
	</Station>
	<Station stationReference="2830" region="Midland" stationName="Hayes Basin LVL" ngr="SJ3523015720">
		<SetofValues parameter="Water Level" qualifier="Stage" dataType="Instantaneous" period="15 min" units="mASD" startDate="2016-02-12" startTime="10:15:00" endDate="2016-02-12" endTime="11:00:00">
			<Value date="2016-02-12" time="10:15:00">2.410</Value>
			<Value date="2016-02-12" time="10:30:00">2.410</Value>
			<Value date="2016-02-12" time="10:45:00">2.400</Value>
			<Value date="2016-02-12" time="11:00:00">2.400</Value>
		</SetofValues>
	</Station>
	<Station stationReference="2706" region="Midland" stationName="Wombourne LVL" ngr="SO8623992608">
		<SetofValues parameter="Water Level" qualifier="Stage" dataType="Instantaneous" period="15 min" units="mASD" startDate="2016-02-12" startTime="10:15:00" endDate="2016-02-12" endTime="11:00:00">
			<Value date="2016-02-12" time="10:15:00">0.273</Value>
			<Value date="2016-02-12" time="10:30:00">0.276</Value>
			<Value date="2016-02-12" time="10:45:00">0.274</Value>
			<Value date="2016-02-12" time="11:00:00">0.276</Value>
		</SetofValues>
	</Station>
	<Station stationReference="2669" region="Midland" stationName="Shifnal LVL" ngr="SJ7444808607">
		<SetofValues parameter="Water Level" qualifier="Stage" dataType="Instantaneous" period="15 min" units="mASD" startDate="2016-02-12" startTime="10:15:00" endDate="2016-02-12" endTime="11:00:00">
			<Value date="2016-02-12" time="10:15:00">0.206</Value>
			<Value date="2016-02-12" time="10:30:00">0.206</Value>
			<Value date="2016-02-12" time="10:45:00">0.205</Value>
			<Value date="2016-02-12" time="11:00:00">0.206</Value>
		</SetofValues>
	</Station>
	<Station stationReference="2649" region="Midland" stationName="Clay Coton LVL" ngr="SP5938176922">
		<SetofValues parameter="Water Level" qualifier="Stage" dataType="Instantaneous" period="15 min" units="mASD" startDate="2016-02-12" startTime="10:15:00" endDate="2016-02-12" endTime="11:00:00">
			<Value date="2016-02-12" time="10:15:00">0.524</Value>
			<Value date="2016-02-12" time="10:30:00">0.526</Value>
			<Value date="2016-02-12" time="10:45:00">0.525</Value>
			<Value date="2016-02-12" time="11:00:00">0.527</Value>
		</SetofValues>
	</Station>
	<Station stationReference="2641" region="Midland" stationName="Wightwick LVL" ngr="SO8707398305">
		<SetofValues parameter="Water Level" qualifier="Stage" dataType="Instantaneous" period="15 min" units="mASD" startDate="2016-02-12" startTime="10:15:00" endDate="2016-02-12" endTime="11:00:00">
			<Value date="2016-02-12" time="10:15:00">0.331</Value>
			<Value date="2016-02-12" time="10:30:00">0.329</Value>
			<Value date="2016-02-12" time="10:45:00">0.333</Value>
			<Value date="2016-02-12" time="11:00:00">0.337</Value>
		</SetofValues>
	</Station>
	<Station stationReference="2639" region="Midland" stationName="Dutlas LVL" ngr="SO21147806">
		<SetofValues parameter="Water Level" qualifier="Stage" dataType="Instantaneous" period="15 min" units="mASD" startDate="2016-02-12" startTime="10:15:00" endDate="2016-02-12" endTime="11:00:00">
			<Value date="2016-02-12" time="10:15:00">0.420</Value>
			<Value date="2016-02-12" time="10:30:00">0.417</Value>
			<Value date="2016-02-12" time="10:45:00">0.420</Value>
			<Value date="2016-02-12" time="11:00:00">0.420</Value>
		</SetofValues>
	</Station>
	<Station stationReference="2636" region="Midland" stationName="Mor Brook LVL" ngr="SO7095090270">
		<SetofValues parameter="Water Level" qualifier="Stage" dataType="Instantaneous" period="15 min" units="mASD" startDate="2016-02-12" startTime="10:15:00" endDate="2016-02-12" endTime="11:00:00">
			<Value date="2016-02-12" time="10:15:00">0.301</Value>
			<Value date="2016-02-12" time="10:30:00">0.302</Value>
			<Value date="2016-02-12" time="10:45:00">0.302</Value>
			<Value date="2016-02-12" time="11:00:00">0.303</Value>
		</SetofValues>
	</Station>
	<Station stationReference="2634" region="Midland" stationName="Burford Bridge LVL" ngr="SO57466837">
		<SetofValues parameter="Water Level" qualifier="Stage" dataType="Instantaneous" period="15 min" units="mASD" startDate="2016-02-12" startTime="10:15:00" endDate="2016-02-12" endTime="11:00:00">
			<Value date="2016-02-12" time="10:15:00">0.783</Value>
			<Value date="2016-02-12" time="10:30:00">0.781</Value>
			<Value date="2016-02-12" time="10:45:00">0.783</Value>
			<Value date="2016-02-12" time="11:00:00">0.782</Value>
		</SetofValues>
	</Station>
	<Station stationReference="2625" region="Midland" stationName="Ludlow Teme LVL" ngr="SO51997424">
		<SetofValues parameter="Water Level" qualifier="Stage" dataType="Instantaneous" period="15 min" units="mASD" startDate="2016-02-12" startTime="10:15:00" endDate="2016-02-12" endTime="11:00:00">
			<Value date="2016-02-12" time="10:15:00">1.848</Value>
			<Value date="2016-02-12" time="10:30:00">1.846</Value>
			<Value date="2016-02-12" time="10:45:00">1.846</Value>
			<Value date="2016-02-12" time="11:00:00">1.850</Value>
		</SetofValues>
	</Station>
	<Station stationReference="2615" region="Midland" stationName="Bidford LVL" ngr="SP0985451769">
		<SetofValues parameter="Water Level" qualifier="Stage" dataType="Instantaneous" period="15 min" units="mASD" startDate="2016-02-12" startTime="10:15:00" endDate="2016-02-12" endTime="11:00:00">
			<Value date="2016-02-12" time="10:15:00">1.473</Value>
			<Value date="2016-02-12" time="10:30:00">1.470</Value>
			<Value date="2016-02-12" time="10:45:00">1.467</Value>
			<Value date="2016-02-12" time="11:00:00">1.464</Value>
		</SetofValues>
	</Station>
	<Station stationReference="2613" region="Midland" stationName="Southam LVL" ngr="SP4050362686">
		<SetofValues parameter="Water Level" qualifier="Stage" dataType="Instantaneous" period="15 min" units="mASD" startDate="2016-02-12" startTime="10:15:00" endDate="2016-02-12" endTime="11:00:00">
			<Value date="2016-02-12" time="10:15:00">0.338</Value>
			<Value date="2016-02-12" time="10:30:00">0.338</Value>
			<Value date="2016-02-12" time="10:45:00">0.337</Value>
			<Value date="2016-02-12" time="11:00:00">0.337</Value>
		</SetofValues>
		<SetofValues parameter="Water Level" qualifier="Downstream Stage" dataType="Instantaneous" period="15 min" units="mASD" startDate="2016-02-12" startTime="10:15:00" endDate="2016-02-12" endTime="11:00:00">
			<Value date="2016-02-12" time="10:15:00">-0.093</Value>
			<Value date="2016-02-12" time="10:30:00">-0.097</Value>
			<Value date="2016-02-12" time="10:45:00">-0.091</Value>
			<Value date="2016-02-12" time="11:00:00">-0.096</Value>
		</SetofValues>
	</Station>
	<Station stationReference="2609" region="Midland" stationName="Kites Hardwick LVL" ngr="SP4675068593">
		<SetofValues parameter="Water Level" qualifier="Stage" dataType="Instantaneous" period="15 min" units="mASD" startDate="2016-02-12" startTime="10:15:00" endDate="2016-02-12" endTime="11:00:00">
			<Value date="2016-02-12" time="10:15:00">0.441</Value>
			<Value date="2016-02-12" time="10:30:00">0.440</Value>
			<Value date="2016-02-12" time="10:45:00">0.439</Value>
			<Value date="2016-02-12" time="11:00:00">0.438</Value>
		</SetofValues>
		<SetofValues parameter="Water Level" qualifier="Downstream Stage" dataType="Instantaneous" period="15 min" units="mASD" startDate="2016-02-12" startTime="10:15:00" endDate="2016-02-12" endTime="11:00:00">
			<Value date="2016-02-12" time="10:15:00">0.430</Value>
			<Value date="2016-02-12" time="10:30:00">0.428</Value>
			<Value date="2016-02-12" time="10:45:00">0.430</Value>
			<Value date="2016-02-12" time="11:00:00">0.426</Value>
		</SetofValues>
	</Station>
	<Station stationReference="2516" region="Midland" stationName="Halesowen LVL" ngr="SO9592484993">
		<SetofValues parameter="Water Level" qualifier="Stage" dataType="Instantaneous" period="15 min" units="mASD" startDate="2016-02-12" startTime="10:15:00" endDate="2016-02-12" endTime="11:00:00">
			<Value date="2016-02-12" time="10:15:00">0.619</Value>
			<Value date="2016-02-12" time="10:30:00">0.618</Value>
			<Value date="2016-02-12" time="10:45:00">0.618</Value>
			<Value date="2016-02-12" time="11:00:00">0.617</Value>
		</SetofValues>
	</Station>
	<Station stationReference="2215" region="Midland" stationName="Henry Parkes Road LVL" ngr="SP3065077380">
		<SetofValues parameter="Water Level" qualifier="Stage" dataType="Instantaneous" period="15 min" units="mASD" startDate="2016-02-12" startTime="10:15:00" endDate="2016-02-12" endTime="11:00:00">
			<Value date="2016-02-12" time="10:15:00">0.327</Value>
			<Value date="2016-02-12" time="10:30:00">0.327</Value>
			<Value date="2016-02-12" time="10:45:00">0.327</Value>
			<Value date="2016-02-12" time="11:00:00">0.328</Value>
		</SetofValues>
	</Station>
	<Station stationReference="2213" region="Midland" stationName="Hope Street LVL" ngr="SP3259478873">
		<SetofValues parameter="Water Level" qualifier="Stage" dataType="Instantaneous" period="15 min" units="mASD" startDate="2016-02-12" startTime="10:15:00" endDate="2016-02-12" endTime="11:00:00">
			<Value date="2016-02-12" time="10:15:00">0.429</Value>
			<Value date="2016-02-12" time="10:30:00">0.430</Value>
			<Value date="2016-02-12" time="10:45:00">0.432</Value>
			<Value date="2016-02-12" time="11:00:00">0.433</Value>
		</SetofValues>
	</Station>
	<Station stationReference="2209" region="Midland" stationName="Blackburn Road" ngr="SP3493783312">
		<SetofValues parameter="Water Level" qualifier="Stage" dataType="Instantaneous" period="15 min" units="mASD" startDate="2016-02-12" startTime="10:15:00" endDate="2016-02-12" endTime="11:00:00">
			<Value date="2016-02-12" time="10:15:00">0.320</Value>
			<Value date="2016-02-12" time="10:30:00">0.323</Value>
			<Value date="2016-02-12" time="10:45:00">0.318</Value>
			<Value date="2016-02-12" time="11:00:00">0.318</Value>
		</SetofValues>
	</Station>
	<Station stationReference="2207" region="Midland" stationName="Hall Green Road LVL" ngr="SP3577082600">
		<SetofValues parameter="Water Level" qualifier="Stage" dataType="Instantaneous" period="15 min" units="mASD" startDate="2016-02-12" startTime="10:15:00" endDate="2016-02-12" endTime="11:00:00">
			<Value date="2016-02-12" time="10:15:00">0.225</Value>
			<Value date="2016-02-12" time="10:30:00">0.225</Value>
			<Value date="2016-02-12" time="10:45:00">0.226</Value>
			<Value date="2016-02-12" time="11:00:00">0.227</Value>
		</SetofValues>
	</Station>
	<Station stationReference="2188" region="Midland" stationName="Leigh Court LVL" ngr="SO8651625343">
		<SetofValues parameter="Water Level" qualifier="Stage" dataType="Instantaneous" period="15 min" units="mASD" startDate="2016-02-12" startTime="10:15:00" endDate="2016-02-12" endTime="11:00:00">
			<Value date="2016-02-12" time="10:15:00">2.991</Value>
			<Value date="2016-02-12" time="10:30:00">2.990</Value>
			<Value date="2016-02-12" time="10:45:00">2.990</Value>
			<Value date="2016-02-12" time="11:00:00">2.990</Value>
		</SetofValues>
	</Station>
	<Station stationReference="2180" region="Midland" stationName="Bridgnorth LVL" ngr="SO71899311">
		<SetofValues parameter="Water Level" qualifier="Stage" dataType="Instantaneous" period="15 min" units="mASD" startDate="2016-02-12" startTime="10:15:00" endDate="2016-02-12" endTime="11:00:00">
			<Value date="2016-02-12" time="10:15:00">3.846</Value>
			<Value date="2016-02-12" time="10:30:00">3.839</Value>
			<Value date="2016-02-12" time="10:45:00">3.826</Value>
			<Value date="2016-02-12" time="11:00:00">3.821</Value>
		</SetofValues>
	</Station>
	<Station stationReference="2175" region="Midland" stationName="Crew Green LVL" ngr="SJ32961581">
		<SetofValues parameter="Water Level" qualifier="Stage" dataType="Instantaneous" period="15 min" units="mASD" startDate="2016-02-12" startTime="10:15:00" endDate="2016-02-12" endTime="11:00:00">
			<Value date="2016-02-12" time="10:15:00">5.244</Value>
			<Value date="2016-02-12" time="10:30:00">5.237</Value>
			<Value date="2016-02-12" time="10:45:00">5.227</Value>
			<Value date="2016-02-12" time="11:00:00">5.219</Value>
		</SetofValues>
	</Station>
	<Station stationReference="2169" region="Midland" stationName="Ludlow LVL" ngr="SO50937608">
		<SetofValues parameter="Water Level" qualifier="Stage" dataType="Instantaneous" period="15 min" units="mASD" startDate="2016-02-12" startTime="10:15:00" endDate="2016-02-12" endTime="11:00:00">
			<Value date="2016-02-12" time="10:15:00">1.456</Value>
			<Value date="2016-02-12" time="10:30:00">1.455</Value>
			<Value date="2016-02-12" time="10:45:00">1.455</Value>
			<Value date="2016-02-12" time="11:00:00">1.453</Value>
		</SetofValues>
	</Station>
	<Station stationReference="2134" region="Midland" stationName="Buildwas B LVL">
		<SetofValues parameter="Water Level" qualifier="Stage" dataType="Instantaneous" period="15 min" units="mASD" startDate="2016-02-12" startTime="10:15:00" endDate="2016-02-12" endTime="11:00:00">
			<Value date="2016-02-12" time="10:15:00">4.571</Value>
			<Value date="2016-02-12" time="10:30:00">4.556</Value>
			<Value date="2016-02-12" time="10:45:00">4.542</Value>
			<Value date="2016-02-12" time="11:00:00">4.549</Value>
		</SetofValues>
	</Station>
	<Station stationReference="2132" region="Midland" stationName="Leintwardine LVL" ngr="SO40407381">
		<SetofValues parameter="Water Level" qualifier="Stage" dataType="Instantaneous" period="15 min" units="mASD" startDate="2016-02-12" startTime="10:15:00" endDate="2016-02-12" endTime="11:00:00">
			<Value date="2016-02-12" time="10:15:00">1.008</Value>
			<Value date="2016-02-12" time="10:30:00">1.008</Value>
			<Value date="2016-02-12" time="10:45:00">1.007</Value>
			<Value date="2016-02-12" time="11:00:00">1.006</Value>
		</SetofValues>
	</Station>
	<Station stationReference="2129" region="Midland" stationName="Coventry Hollyhead Rd LVL" ngr="SP3094180088">
		<SetofValues parameter="Water Level" qualifier="Stage" dataType="Instantaneous" period="15 min" units="mASD" startDate="2016-02-12" startTime="10:15:00" endDate="2016-02-12" endTime="11:00:00">
			<Value date="2016-02-12" time="10:15:00">0.149</Value>
			<Value date="2016-02-12" time="10:30:00">0.149</Value>
			<Value date="2016-02-12" time="10:45:00">0.149</Value>
			<Value date="2016-02-12" time="11:00:00">0.149</Value>
		</SetofValues>
	</Station>
	<Station stationReference="2124" region="Midland" stationName="Parkend LVL" ngr="SO6167707481">
		<SetofValues parameter="Water Level" qualifier="Stage" dataType="Instantaneous" period="15 min" units="mASD" startDate="2016-02-12" startTime="10:15:00" endDate="2016-02-12" endTime="11:00:00">
			<Value date="2016-02-12" time="10:15:00">0.336</Value>
			<Value date="2016-02-12" time="10:30:00">0.336</Value>
			<Value date="2016-02-12" time="10:45:00">0.335</Value>
			<Value date="2016-02-12" time="11:00:00">0.335</Value>
		</SetofValues>
	</Station>
	<Station stationReference="2107" region="Midland" stationName="Knighton LVL" ngr="SO28987238">
		<SetofValues parameter="Water Level" qualifier="Stage" dataType="Instantaneous" period="15 min" units="mASD" startDate="2016-02-12" startTime="10:15:00" endDate="2016-02-12" endTime="11:00:00">
			<Value date="2016-02-12" time="10:15:00">0.896</Value>
			<Value date="2016-02-12" time="10:30:00">0.895</Value>
			<Value date="2016-02-12" time="10:45:00">0.895</Value>
			<Value date="2016-02-12" time="11:00:00">0.895</Value>
		</SetofValues>
	</Station>
	<Station stationReference="2104" region="Midland" stationName="Broom LVL" ngr="SP0863853580">
		<SetofValues parameter="Water Level" qualifier="Stage" dataType="Instantaneous" period="15 min" units="mASD" startDate="2016-02-12" startTime="10:15:00" endDate="2016-02-12" endTime="11:00:00">
			<Value date="2016-02-12" time="10:15:00">0.296</Value>
			<Value date="2016-02-12" time="10:30:00">0.295</Value>
			<Value date="2016-02-12" time="10:45:00">0.295</Value>
			<Value date="2016-02-12" time="11:00:00">0.294</Value>
		</SetofValues>
	</Station>
	<Station stationReference="2095" region="Midland" stationName="Little Alne LVL" ngr="SP1416161060">
		<SetofValues parameter="Water Level" qualifier="Stage" dataType="Instantaneous" period="15 min" units="mASD" startDate="2016-02-12" startTime="10:15:00" endDate="2016-02-12" endTime="11:00:00">
			<Value date="2016-02-12" time="10:15:00">1.022</Value>
			<Value date="2016-02-12" time="10:30:00">1.021</Value>
			<Value date="2016-02-12" time="10:45:00">1.021</Value>
			<Value date="2016-02-12" time="11:00:00">1.021</Value>
		</SetofValues>
	</Station>
	<Station stationReference="2094" region="Midland" stationName="Studley LVL" ngr="SP0763463999">
		<SetofValues parameter="Water Level" qualifier="Stage" dataType="Instantaneous" period="15 min" units="mASD" startDate="2016-02-12" startTime="10:15:00" endDate="2016-02-12" endTime="11:00:00">
			<Value date="2016-02-12" time="10:15:00">0.679</Value>
			<Value date="2016-02-12" time="10:30:00">0.679</Value>
			<Value date="2016-02-12" time="10:45:00">0.679</Value>
			<Value date="2016-02-12" time="11:00:00">0.678</Value>
		</SetofValues>
	</Station>
	<Station stationReference="2093" region="Midland" stationName="Stratford LVL" ngr="SP2049854852">
		<SetofValues parameter="Water Level" qualifier="Stage" dataType="Instantaneous" period="15 min" units="mASD" startDate="2016-02-12" startTime="10:15:00" endDate="2016-02-12" endTime="11:00:00">
			<Value date="2016-02-12" time="10:15:00">0.741</Value>
			<Value date="2016-02-12" time="10:30:00">0.740</Value>
			<Value date="2016-02-12" time="10:45:00">0.740</Value>
			<Value date="2016-02-12" time="11:00:00">0.739</Value>
		</SetofValues>
	</Station>
	<Station stationReference="2092" region="Midland" stationName="Shipston LVL" ngr="SP2604240517">
		<SetofValues parameter="Water Level" qualifier="Stage" dataType="Instantaneous" period="15 min" units="mASD" startDate="2016-02-12" startTime="10:15:00" endDate="2016-02-12" endTime="11:00:00">
			<Value date="2016-02-12" time="10:15:00">0.720</Value>
			<Value date="2016-02-12" time="10:30:00">0.718</Value>
			<Value date="2016-02-12" time="10:45:00">0.716</Value>
			<Value date="2016-02-12" time="11:00:00">0.716</Value>
		</SetofValues>
	</Station>
	<Station stationReference="2091" region="Midland" stationName="Warwick LVL" ngr="SP2991265296">
		<SetofValues parameter="Water Level" qualifier="Stage" dataType="Instantaneous" period="15 min" units="mASD" startDate="2016-02-12" startTime="10:15:00" endDate="2016-02-12" endTime="11:00:00">
			<Value date="2016-02-12" time="10:15:00">1.358</Value>
			<Value date="2016-02-12" time="10:30:00">1.358</Value>
			<Value date="2016-02-12" time="10:45:00">1.357</Value>
			<Value date="2016-02-12" time="11:00:00">1.358</Value>
		</SetofValues>
	</Station>
	<Station stationReference="2088" region="Midland" stationName="Lilbourne LVL" ngr="SP5635577779">
		<SetofValues parameter="Water Level" qualifier="Stage" dataType="Instantaneous" period="15 min" units="mASD" startDate="2016-02-12" startTime="10:15:00" endDate="2016-02-12" endTime="11:00:00">
			<Value date="2016-02-12" time="10:15:00">0.264</Value>
			<Value date="2016-02-12" time="10:30:00">0.265</Value>
			<Value date="2016-02-12" time="10:45:00">0.266</Value>
			<Value date="2016-02-12" time="11:00:00">0.267</Value>
		</SetofValues>
		<SetofValues parameter="Water Level" qualifier="Downstream Stage" dataType="Instantaneous" period="15 min" units="mASD" startDate="2016-02-12" startTime="10:15:00" endDate="2016-02-12" endTime="11:00:00">
			<Value date="2016-02-12" time="10:15:00">0.176</Value>
			<Value date="2016-02-12" time="10:30:00">0.183</Value>
			<Value date="2016-02-12" time="10:45:00">0.182</Value>
			<Value date="2016-02-12" time="11:00:00">0.184</Value>
		</SetofValues>
	</Station>
	<Station stationReference="2084" region="Midland" stationName="Stourton LVL" ngr="SO86008484">
		<SetofValues parameter="Water Level" qualifier="Stage" dataType="Instantaneous" period="15 min" units="mASD" startDate="2016-02-12" startTime="10:15:00" endDate="2016-02-12" endTime="11:00:00">
			<Value date="2016-02-12" time="10:15:00">0.203</Value>
			<Value date="2016-02-12" time="10:30:00">0.203</Value>
			<Value date="2016-02-12" time="10:45:00">0.202</Value>
			<Value date="2016-02-12" time="11:00:00">0.202</Value>
		</SetofValues>
	</Station>
	<Station stationReference="2077" region="Midland" stationName="Welshbridge LVL" ngr="SJ48881273">
		<SetofValues parameter="Water Level" qualifier="Stage" dataType="Instantaneous" period="15 min" units="mASD" startDate="2016-02-12" startTime="10:30:00" endDate="2016-02-12" endTime="11:00:00">
			<Value date="2016-02-12" time="10:30:00">2.759</Value>
			<Value date="2016-02-12" time="10:45:00">2.752</Value>
			<Value date="2016-02-12" time="11:00:00">2.749</Value>
		</SetofValues>
	</Station>
	<Station stationReference="2067" region="Midland" stationName="Swindon LVL" ngr="SO86129056">
		<SetofValues parameter="Water Level" qualifier="Stage" dataType="Instantaneous" period="15 min" units="mASD" startDate="2016-02-12" startTime="10:15:00" endDate="2016-02-12" endTime="11:00:00">
			<Value date="2016-02-12" time="10:15:00">1.216</Value>
			<Value date="2016-02-12" time="10:30:00">1.216</Value>
			<Value date="2016-02-12" time="10:45:00">1.215</Value>
			<Value date="2016-02-12" time="11:00:00">1.215</Value>
		</SetofValues>
	</Station>
	<Station stationReference="2054" region="Midland" stationName="Onibury LVL" ngr="SO45477898">
		<SetofValues parameter="Water Level" qualifier="Stage" dataType="Instantaneous" period="15 min" units="mASD" startDate="2016-02-12" startTime="10:15:00" endDate="2016-02-12" endTime="11:00:00">
			<Value date="2016-02-12" time="10:15:00">1.293</Value>
			<Value date="2016-02-12" time="10:30:00">1.293</Value>
			<Value date="2016-02-12" time="10:45:00">1.293</Value>
			<Value date="2016-02-12" time="11:00:00">1.292</Value>
		</SetofValues>
	</Station>
	<Station stationReference="2050" region="Midland" stationName="Eathorpe LVL" ngr="SP3885368829">
		<SetofValues parameter="Water Level" qualifier="Stage" dataType="Instantaneous" period="15 min" units="mASD" startDate="2016-02-12" startTime="09:15:00" endDate="2016-02-12" endTime="11:00:00">
			<Value date="2016-02-12" time="09:15:00">0.759</Value>
			<Value date="2016-02-12" time="09:30:00">0.758</Value>
			<Value date="2016-02-12" time="09:45:00">0.758</Value>
			<Value date="2016-02-12" time="10:00:00">0.758</Value>
			<Value date="2016-02-12" time="10:15:00">0.757</Value>
			<Value date="2016-02-12" time="10:30:00">0.757</Value>
			<Value date="2016-02-12" time="10:45:00">0.756</Value>
			<Value date="2016-02-12" time="11:00:00">0.757</Value>
		</SetofValues>
	</Station>
	<Station stationReference="2049" region="Midland" stationName="Leamington Pdw LVL" ngr="SP3085865437">
		<SetofValues parameter="Water Level" qualifier="Stage" dataType="Instantaneous" period="15 min" units="mASD" startDate="2016-02-12" startTime="10:15:00" endDate="2016-02-12" endTime="11:00:00">
			<Value date="2016-02-12" time="10:15:00">0.367</Value>
			<Value date="2016-02-12" time="10:30:00">0.366</Value>
			<Value date="2016-02-12" time="10:45:00">0.366</Value>
			<Value date="2016-02-12" time="11:00:00">0.366</Value>
		</SetofValues>
	</Station>
	<Station stationReference="2048" region="Midland" stationName="Wellesbourne LVL" ngr="SP2727155587">
		<SetofValues parameter="Water Level" qualifier="Stage" dataType="Instantaneous" period="15 min" units="mASD" startDate="2016-02-12" startTime="10:15:00" endDate="2016-02-12" endTime="11:00:00">
			<Value date="2016-02-12" time="10:15:00">0.253</Value>
			<Value date="2016-02-12" time="10:30:00">0.253</Value>
			<Value date="2016-02-12" time="10:45:00">0.253</Value>
			<Value date="2016-02-12" time="11:00:00">0.253</Value>
		</SetofValues>
	</Station>
	<Station stationReference="2039" region="Midland" stationName="Newnham Bridge LVL" ngr="SO64406928">
		<SetofValues parameter="Water Level" qualifier="Stage" dataType="Instantaneous" period="15 min" units="mASD" startDate="2016-02-12" startTime="10:15:00" endDate="2016-02-12" endTime="11:00:00">
			<Value date="2016-02-12" time="10:15:00">0.639</Value>
			<Value date="2016-02-12" time="10:30:00">0.635</Value>
			<Value date="2016-02-12" time="10:45:00">0.634</Value>
			<Value date="2016-02-12" time="11:00:00">0.634</Value>
		</SetofValues>
	</Station>
	<Station stationReference="2032" region="Midland" stationName="Saxons Lode FLOW" ngr="SO8634939041">
		<SetofValues parameter="Flow" dataType="Instantaneous" period="15 min" units="m3/s" startDate="2016-02-12" startTime="10:30:00" endDate="2016-02-12" endTime="11:00:00">
			<Value date="2016-02-12" time="10:30:00">358.126</Value>
			<Value date="2016-02-12" time="10:45:00">357.182</Value>
			<Value date="2016-02-12" time="11:00:00">356.908</Value>
		</SetofValues>
	</Station>
	<Station stationReference="2023" region="Midland" stationName="Offenham LVL" ngr="SP0629144920">
		<SetofValues parameter="Water Level" qualifier="Stage" dataType="Instantaneous" period="15 min" units="mASD" startDate="2016-02-12" startTime="10:15:00" endDate="2016-02-12" endTime="11:00:00">
			<Value date="2016-02-12" time="10:15:00">0.379</Value>
			<Value date="2016-02-12" time="10:30:00">0.379</Value>
			<Value date="2016-02-12" time="10:45:00">0.379</Value>
			<Value date="2016-02-12" time="11:00:00">0.379</Value>
		</SetofValues>
	</Station>
	<Station stationReference="2020" region="Midland" stationName="Yeaton LVL" ngr="SJ43441924">
		<SetofValues parameter="Water Level" qualifier="Stage" dataType="Instantaneous" period="15 min" units="mASD" startDate="2016-02-12" startTime="10:15:00" endDate="2016-02-12" endTime="11:00:00">
			<Value date="2016-02-12" time="10:15:00">0.505</Value>
			<Value date="2016-02-12" time="10:30:00">0.505</Value>
			<Value date="2016-02-12" time="10:45:00">0.502</Value>
			<Value date="2016-02-12" time="11:00:00">0.502</Value>
		</SetofValues>
	</Station>
	<Station stationReference="2019" region="Midland" stationName="Stareton LVL" ngr="SP3328771535">
		<SetofValues parameter="Water Level" qualifier="Stage" dataType="Instantaneous" period="15 min" units="mASD" startDate="2016-02-12" startTime="10:15:00" endDate="2016-02-12" endTime="11:00:00">
			<Value date="2016-02-12" time="10:15:00">0.451</Value>
			<Value date="2016-02-12" time="10:30:00">0.450</Value>
			<Value date="2016-02-12" time="10:45:00">0.448</Value>
			<Value date="2016-02-12" time="11:00:00">0.449</Value>
		</SetofValues>
	</Station>
	<Station stationReference="2018" region="Midland" stationName="Hookagate LVL" ngr="SJ46570923">
		<SetofValues parameter="Water Level" qualifier="Stage" dataType="Instantaneous" period="15 min" units="mASD" startDate="2016-02-12" startTime="10:15:00" endDate="2016-02-12" endTime="11:00:00">
			<Value date="2016-02-12" time="10:15:00">0.608</Value>
			<Value date="2016-02-12" time="10:30:00">0.608</Value>
			<Value date="2016-02-12" time="10:45:00">0.607</Value>
			<Value date="2016-02-12" time="11:00:00">0.607</Value>
		</SetofValues>
	</Station>
	<Station stationReference="2012" region="Midland" stationName="Walcot LVL" ngr="SJ59181228">
		<SetofValues parameter="Water Level" qualifier="Stage" dataType="Instantaneous" period="15 min" units="mASD" startDate="2016-02-12" startTime="10:15:00" endDate="2016-02-12" endTime="11:00:00">
			<Value date="2016-02-12" time="10:15:00">1.400</Value>
			<Value date="2016-02-12" time="10:30:00">1.398</Value>
			<Value date="2016-02-12" time="10:45:00">1.395</Value>
			<Value date="2016-02-12" time="11:00:00">1.392</Value>
		</SetofValues>
	</Station>
	<Station stationReference="2010" region="Midland" stationName="Alscot Park LVL" ngr="SP2083350643">
		<SetofValues parameter="Water Level" qualifier="Stage" dataType="Instantaneous" period="15 min" units="mASD" startDate="2016-02-12" startTime="10:15:00" endDate="2016-02-12" endTime="11:00:00">
			<Value date="2016-02-12" time="10:15:00">0.585</Value>
			<Value date="2016-02-12" time="10:30:00">0.585</Value>
			<Value date="2016-02-12" time="10:45:00">0.585</Value>
			<Value date="2016-02-12" time="11:00:00">0.584</Value>
		</SetofValues>
	</Station>
	<Station stationReference="2008" region="Midland" stationName="Tenbury LVL" ngr="SO59776852">
		<SetofValues parameter="Water Level" qualifier="Stage" dataType="Instantaneous" period="15 min" units="mASD" startDate="2016-02-12" startTime="10:15:00" endDate="2016-02-12" endTime="11:00:00">
			<Value date="2016-02-12" time="10:15:00">1.631</Value>
			<Value date="2016-02-12" time="10:30:00">1.629</Value>
			<Value date="2016-02-12" time="10:45:00">1.629</Value>
			<Value date="2016-02-12" time="11:00:00">1.625</Value>
		</SetofValues>
	</Station>
	<Station stationReference="2004" region="Midland" stationName="Stoneleigh LVL" ngr="SP3315573096">
		<SetofValues parameter="Water Level" qualifier="Stage" dataType="Instantaneous" period="15 min" units="mASD" startDate="2016-02-12" startTime="10:15:00" endDate="2016-02-12" endTime="11:00:00">
			<Value date="2016-02-12" time="10:15:00">0.487</Value>
			<Value date="2016-02-12" time="10:30:00">0.488</Value>
			<Value date="2016-02-12" time="10:45:00">0.487</Value>
			<Value date="2016-02-12" time="11:00:00">0.486</Value>
		</SetofValues>
	</Station>
	<Station stationReference="2001" region="Midland" stationName="Bewdley FLOW" ngr="SO78237616">
		<SetofValues parameter="Flow" dataType="Instantaneous" period="15 min" units="m3/s" startDate="2016-02-12" startTime="10:30:00" endDate="2016-02-12" endTime="11:00:00">
			<Value date="2016-02-12" time="10:30:00">276.268</Value>
			<Value date="2016-02-12" time="10:45:00">278.272</Value>
			<Value date="2016-02-12" time="11:00:00">277.568</Value>
		</SetofValues>
	</Station>
	<Station stationReference="1819" region="Midland" stationName="Suckley RAIN" ngr="SO71905348">
		<SetofValues parameter="Rainfall" qualifier="Tipping Bucket Raingauge" dataType="Total" period="15 min" units="mm" startDate="2016-02-12" startTime="10:15:00" endDate="2016-02-12" endTime="11:00:00">
			<Value date="2016-02-12" time="10:15:00">0.0</Value>
			<Value date="2016-02-12" time="10:30:00">0.0</Value>
			<Value date="2016-02-12" time="10:45:00">0.0</Value>
			<Value date="2016-02-12" time="11:00:00">0.0</Value>
		</SetofValues>
	</Station>
	<Station stationReference="1817" region="Midland" stationName="Little Stanford RAIN" ngr="SJ33841278">
		<SetofValues parameter="Rainfall" qualifier="Tipping Bucket Raingauge" dataType="Total" period="15 min" units="mm" startDate="2016-02-12" startTime="10:15:00" endDate="2016-02-12" endTime="11:00:00">
			<Value date="2016-02-12" time="10:15:00">0.0</Value>
			<Value date="2016-02-12" time="10:30:00">0.0</Value>
			<Value date="2016-02-12" time="10:45:00">0.0</Value>
			<Value date="2016-02-12" time="11:00:00">0.0</Value>
		</SetofValues>
	</Station>
	<Station stationReference="1814" region="Midland" stationName="Corley RAIN" ngr="SP3004387105">
		<SetofValues parameter="Rainfall" qualifier="Tipping Bucket Raingauge" dataType="Total" period="15 min" units="mm" startDate="2016-02-12" startTime="10:15:00" endDate="2016-02-12" endTime="11:00:00">
			<Value date="2016-02-12" time="10:15:00">0.0</Value>
			<Value date="2016-02-12" time="10:30:00">0.0</Value>
			<Value date="2016-02-12" time="10:45:00">0.0</Value>
			<Value date="2016-02-12" time="11:00:00">0.0</Value>
		</SetofValues>
	</Station>
	<Station stationReference="1795" region="Midland" stationName="Aldon RAIN" ngr="SO43188018">
		<SetofValues parameter="Rainfall" qualifier="Tipping Bucket Raingauge" dataType="Total" period="15 min" units="mm" startDate="2016-02-12" startTime="10:15:00" endDate="2016-02-12" endTime="11:00:00">
			<Value date="2016-02-12" time="10:15:00">0.0</Value>
			<Value date="2016-02-12" time="10:30:00">0.0</Value>
			<Value date="2016-02-12" time="10:45:00">0.0</Value>
			<Value date="2016-02-12" time="11:00:00">0.0</Value>
		</SetofValues>
	</Station>
	<Station stationReference="1794" region="Midland" stationName="Over Farm RAIN" ngr="SO8116319611">
		<SetofValues parameter="Rainfall" qualifier="Tipping Bucket Raingauge" dataType="Total" period="15 min" units="mm" startDate="2016-02-12" startTime="10:15:00" endDate="2016-02-12" endTime="11:00:00">
			<Value date="2016-02-12" time="10:15:00">0.0</Value>
			<Value date="2016-02-12" time="10:30:00">0.0</Value>
			<Value date="2016-02-12" time="10:45:00">0.0</Value>
			<Value date="2016-02-12" time="11:00:00">0.0</Value>
		</SetofValues>
	</Station>
	<Station stationReference="1793" region="Midland" stationName="Long Mynd RAIN" ngr="SO4021691513">
		<SetofValues parameter="Rainfall" qualifier="Tipping Bucket Raingauge" dataType="Total" period="15 min" units="mm" startDate="2016-02-12" startTime="10:15:00" endDate="2016-02-12" endTime="11:00:00">
			<Value date="2016-02-12" time="10:15:00">0.0</Value>
			<Value date="2016-02-12" time="10:30:00">0.0</Value>
			<Value date="2016-02-12" time="10:45:00">0.0</Value>
			<Value date="2016-02-12" time="11:00:00">0.0</Value>
		</SetofValues>
	</Station>
	<Station stationReference="1792" region="Midland" stationName="Brimfield RAIN" ngr="SO50446795">
		<SetofValues parameter="Rainfall" qualifier="Tipping Bucket Raingauge" dataType="Total" period="15 min" units="mm" startDate="2016-02-12" startTime="10:15:00" endDate="2016-02-12" endTime="11:00:00">
			<Value date="2016-02-12" time="10:15:00">0.0</Value>
			<Value date="2016-02-12" time="10:30:00">0.0</Value>
			<Value date="2016-02-12" time="10:45:00">0.0</Value>
			<Value date="2016-02-12" time="11:00:00">0.0</Value>
		</SetofValues>
	</Station>
	<Station stationReference="1774" region="Midland" stationName="Bickley RAIN" ngr="SO631713">
		<SetofValues parameter="Rainfall" qualifier="Tipping Bucket Raingauge" dataType="Total" period="15 min" units="mm" startDate="2016-02-12" startTime="10:15:00" endDate="2016-02-12" endTime="11:00:00">
			<Value date="2016-02-12" time="10:15:00">0.0</Value>
			<Value date="2016-02-12" time="10:30:00">0.0</Value>
			<Value date="2016-02-12" time="10:45:00">0.0</Value>
			<Value date="2016-02-12" time="11:00:00">0.0</Value>
		</SetofValues>
	</Station>
	<Station stationReference="1770" region="Midland" stationName="Braunston RAIN" ngr="SP5310465845">
		<SetofValues parameter="Rainfall" qualifier="Tipping Bucket Raingauge" dataType="Total" period="15 min" units="mm" startDate="2016-02-12" startTime="10:15:00" endDate="2016-02-12" endTime="11:00:00">
			<Value date="2016-02-12" time="10:15:00">0.0</Value>
			<Value date="2016-02-12" time="10:30:00">0.0</Value>
			<Value date="2016-02-12" time="10:45:00">0.0</Value>
			<Value date="2016-02-12" time="11:00:00">0.0</Value>
		</SetofValues>
	</Station>
	<Station stationReference="1748" region="Midland" stationName="Burwarton RAIN" ngr="SO60798720">
		<SetofValues parameter="Rainfall" qualifier="Tipping Bucket Raingauge" dataType="Total" period="15 min" units="mm" startDate="2016-02-12" startTime="10:15:00" endDate="2016-02-12" endTime="11:00:00">
			<Value date="2016-02-12" time="10:15:00">0.0</Value>
			<Value date="2016-02-12" time="10:30:00">0.0</Value>
			<Value date="2016-02-12" time="10:45:00">0.0</Value>
			<Value date="2016-02-12" time="11:00:00">0.0</Value>
		</SetofValues>
	</Station>
	<Station stationReference="1740" region="Midland" stationName="Kings Newnham RAIN" ngr="SP4606577380">
		<SetofValues parameter="Rainfall" qualifier="Tipping Bucket Raingauge" dataType="Total" period="15 min" units="mm" startDate="2016-02-12" startTime="10:15:00" endDate="2016-02-12" endTime="11:00:00">
			<Value date="2016-02-12" time="10:15:00">0.0</Value>
			<Value date="2016-02-12" time="10:30:00">0.0</Value>
			<Value date="2016-02-12" time="10:45:00">0.0</Value>
			<Value date="2016-02-12" time="11:00:00">0.0</Value>
		</SetofValues>
	</Station>
	<Station stationReference="1713" region="Midland" stationName="Bagley RAIN" ngr="SJ41372755">
		<SetofValues parameter="Rainfall" qualifier="Tipping Bucket Raingauge" dataType="Total" period="15 min" units="mm" startDate="2016-02-12" startTime="10:15:00" endDate="2016-02-12" endTime="11:00:00">
			<Value date="2016-02-12" time="10:15:00">0.0</Value>
			<Value date="2016-02-12" time="10:30:00">0.0</Value>
			<Value date="2016-02-12" time="10:45:00">0.0</Value>
			<Value date="2016-02-12" time="11:00:00">0.0</Value>
		</SetofValues>
	</Station>
	<Station stationReference="1412" region="Midland" stationName="Bishop Castle RAIN" ngr="SO33808729">
		<SetofValues parameter="Temperature" qualifier="Dry Bulb" dataType="Instantaneous" period="15 min" units="deg C" startDate="2016-02-12" startTime="10:15:00" endDate="2016-02-12" endTime="11:00:00">
			<Value date="2016-02-12" time="10:15:00">2.9</Value>
			<Value date="2016-02-12" time="10:30:00">3.2</Value>
			<Value date="2016-02-12" time="10:45:00">3.5</Value>
			<Value date="2016-02-12" time="11:00:00">3.8</Value>
		</SetofValues>
		<SetofValues parameter="Rainfall" qualifier="Tipping Bucket Raingauge" dataType="Total" period="15 min" units="mm" startDate="2016-02-12" startTime="10:15:00" endDate="2016-02-12" endTime="11:00:00">
			<Value date="2016-02-12" time="10:15:00">0.0</Value>
			<Value date="2016-02-12" time="10:30:00">0.0</Value>
			<Value date="2016-02-12" time="10:45:00">0.0</Value>
			<Value date="2016-02-12" time="11:00:00">0.0</Value>
		</SetofValues>
	</Station>
	<Station stationReference="1409" region="Midland" stationName="Rorrington RAIN" ngr="SJ30360047">
		<SetofValues parameter="Rainfall" qualifier="Tipping Bucket Raingauge" dataType="Total" period="15 min" units="mm" startDate="2016-02-12" startTime="10:15:00" endDate="2016-02-12" endTime="11:00:00">
			<Value date="2016-02-12" time="10:15:00">0.0</Value>
			<Value date="2016-02-12" time="10:30:00">0.0</Value>
			<Value date="2016-02-12" time="10:45:00">0.0</Value>
			<Value date="2016-02-12" time="11:00:00">0.0</Value>
		</SetofValues>
	</Station>
	<Station stationReference="1387" region="Midland" stationName="Bettws Y Crwyn RAIN" ngr="SO20368136">
		<SetofValues parameter="Rainfall" qualifier="Tipping Bucket Raingauge" dataType="Total" period="15 min" units="mm" startDate="2016-02-12" startTime="10:15:00" endDate="2016-02-12" endTime="11:00:00">
			<Value date="2016-02-12" time="10:15:00">0.0</Value>
			<Value date="2016-02-12" time="10:30:00">0.0</Value>
			<Value date="2016-02-12" time="10:45:00">0.0</Value>
			<Value date="2016-02-12" time="11:00:00">0.0</Value>
		</SetofValues>
	</Station>
	<Station stationReference="1339" region="Midland" stationName="Rushmoor Wrw RAIN" ngr="SJ61591350">
		<SetofValues parameter="Rainfall" qualifier="Tipping Bucket Raingauge" dataType="Total" period="15 min" units="mm" startDate="2016-02-12" startTime="10:15:00" endDate="2016-02-12" endTime="11:00:00">
			<Value date="2016-02-12" time="10:15:00">0.0</Value>
			<Value date="2016-02-12" time="10:30:00">0.0</Value>
			<Value date="2016-02-12" time="10:45:00">0.0</Value>
			<Value date="2016-02-12" time="11:00:00">0.0</Value>
		</SetofValues>
	</Station>
	<Station stationReference="1335" region="Midland" stationName="Cynynion RAIN" ngr="SJ24423012">
		<SetofValues parameter="Rainfall" qualifier="Tipping Bucket Raingauge" dataType="Total" period="15 min" units="mm" startDate="2016-02-12" startTime="10:15:00" endDate="2016-02-12" endTime="11:00:00">
			<Value date="2016-02-12" time="10:15:00">0.0</Value>
			<Value date="2016-02-12" time="10:30:00">0.0</Value>
			<Value date="2016-02-12" time="10:45:00">0.0</Value>
			<Value date="2016-02-12" time="11:00:00">0.0</Value>
		</SetofValues>
	</Station>
	<Station stationReference="1165" region="Midland" stationName="Wellesbourne RAIN" ngr="SP2709556470">
		<SetofValues parameter="Rainfall" qualifier="Tipping Bucket Raingauge" dataType="Total" period="15 min" units="mm" startDate="2016-02-12" startTime="10:15:00" endDate="2016-02-12" endTime="11:00:00">
			<Value date="2016-02-12" time="10:15:00">0.0</Value>
			<Value date="2016-02-12" time="10:30:00">0.0</Value>
			<Value date="2016-02-12" time="10:45:00">0.0</Value>
			<Value date="2016-02-12" time="11:00:00">0.0</Value>
		</SetofValues>
	</Station>
	<Station stationReference="1112" region="Midland" stationName="Minchinhampton RAIN" ngr="ST8888898411">
		<SetofValues parameter="Rainfall" qualifier="Tipping Bucket Raingauge" dataType="Total" period="15 min" units="mm" startDate="2016-02-12" startTime="10:15:00" endDate="2016-02-12" endTime="11:00:00">
			<Value date="2016-02-12" time="10:15:00">0.0</Value>
			<Value date="2016-02-12" time="10:30:00">0.0</Value>
			<Value date="2016-02-12" time="10:45:00">0.0</Value>
			<Value date="2016-02-12" time="11:00:00">0.0</Value>
		</SetofValues>
	</Station>
	<Station stationReference="1087" region="Midland" stationName="Shipston RAIN" ngr="SP2678441058">
		<SetofValues parameter="Rainfall" qualifier="Tipping Bucket Raingauge" dataType="Total" period="15 min" units="mm" startDate="2016-02-12" startTime="10:15:00" endDate="2016-02-12" endTime="11:00:00">
			<Value date="2016-02-12" time="10:15:00">0.0</Value>
			<Value date="2016-02-12" time="10:30:00">0.0</Value>
			<Value date="2016-02-12" time="10:45:00">0.0</Value>
			<Value date="2016-02-12" time="11:00:00">0.0</Value>
		</SetofValues>
	</Station>
	<Station stationReference="1086" region="Midland" stationName="Stratford Milcote RAIN" ngr="SP1817452979">
		<SetofValues parameter="Rainfall" qualifier="Tipping Bucket Raingauge" dataType="Total" period="15 min" units="mm" startDate="2016-02-12" startTime="10:15:00" endDate="2016-02-12" endTime="11:00:00">
			<Value date="2016-02-12" time="10:15:00">0.0</Value>
			<Value date="2016-02-12" time="10:30:00">0.0</Value>
			<Value date="2016-02-12" time="10:45:00">0.0</Value>
			<Value date="2016-02-12" time="11:00:00">0.0</Value>
		</SetofValues>
	</Station>
	<Station stationReference="1082" region="Midland" stationName="Knightcote RAIN" ngr="SP3983554472">
		<SetofValues parameter="Rainfall" qualifier="Tipping Bucket Raingauge" dataType="Total" period="15 min" units="mm" startDate="2016-02-12" startTime="10:15:00" endDate="2016-02-12" endTime="11:00:00">
			<Value date="2016-02-12" time="10:15:00">0.0</Value>
			<Value date="2016-02-12" time="10:30:00">0.0</Value>
			<Value date="2016-02-12" time="10:45:00">0.0</Value>
			<Value date="2016-02-12" time="11:00:00">0.0</Value>
		</SetofValues>
	</Station>
	<Station stationReference="1045" region="Midland" stationName="Finham RAIN" ngr="SP3351873951">
		<SetofValues parameter="Rainfall" qualifier="Tipping Bucket Raingauge" dataType="Total" period="15 min" units="mm" startDate="2016-02-12" startTime="10:15:00" endDate="2016-02-12" endTime="11:00:00">
			<Value date="2016-02-12" time="10:15:00">0.0</Value>
			<Value date="2016-02-12" time="10:30:00">0.0</Value>
			<Value date="2016-02-12" time="10:45:00">0.0</Value>
			<Value date="2016-02-12" time="11:00:00">0.0</Value>
		</SetofValues>
	</Station>
	<Station stationReference="055R0521E_TG 326" region="Midland" stationName="Titley Mill RAIN" ngr="SO328585">
		<SetofValues parameter="Rainfall" qualifier="Tipping Bucket Raingauge" dataType="Total" period="15 min" units="mm" startDate="2016-02-12" startTime="10:15:00" endDate="2016-02-12" endTime="11:00:00">
			<Value date="2016-02-12" time="10:15:00">0.0</Value>
			<Value date="2016-02-12" time="10:30:00">0.0</Value>
			<Value date="2016-02-12" time="10:45:00">0.0</Value>
			<Value date="2016-02-12" time="11:00:00">0.0</Value>
		</SetofValues>
	</Station>
	<Station stationReference="055013_TG 326" region="Midland" stationName="Titley Mill RAIN" ngr="SO328585">
		<SetofValues parameter="Water Level" qualifier="Stage" dataType="Instantaneous" period="15 min" units="mASD" startDate="2016-02-12" startTime="10:15:00" endDate="2016-02-12" endTime="11:00:00">
			<Value date="2016-02-12" time="10:15:00">0.602</Value>
			<Value date="2016-02-12" time="10:30:00">0.601</Value>
			<Value date="2016-02-12" time="10:45:00">0.601</Value>
			<Value date="2016-02-12" time="11:00:00">0.602</Value>
		</SetofValues>
	</Station>
</EATimeSeriesDataExchangeFormat>
