<?xml version="1.0" standalone="yes"?>
<EATimeSeriesDataExchangeFormat xmlns="http://www.environment-agency.gov.uk/XMLSchemas/EATimeSeriesDataExchangeFormat" xmlns:md="http://www.environment-agency.gov.uk/XMLSchemas/EAMetadataFormat" xmlns:xsi="http://www.w3.org/2001/XMLSchema-instance" xsi:schemaLocation="http://www.environment-agency.gov.uk/XMLSchemas/EATimeSeriesDataExchangeFormat EATimeSeriesDataExchangeFormat.xsd">
	<md:Publisher>Environment Agency</md:Publisher>
	<md:Source>Midland Regional Telemetry System</md:Source>
	<md:Description>Automated telemetry data export process</md:Description>
	<md:Creator>SCX 6</md:Creator>
	<md:Date>2016-02-12</md:Date>
	<md:Time>11:23:31</md:Time>
	<md:Identifier>MISAPSCXAS1</md:Identifier>
	<Station stationReference="4206" region="Midland" stationName="Selly Park LVL" ngr="SP0597781922">
		<SetofValues parameter="Water Level" qualifier="Stage" dataType="Instantaneous" period="15 min" units="mASD" startDate="2016-02-11" startTime="18:15:00" endDate="2016-02-12" endTime="11:15:00">
			<Value date="2016-02-11" time="18:15:00">0.094</Value>
			<Value date="2016-02-11" time="18:30:00">0.093</Value>
			<Value date="2016-02-11" time="18:45:00">0.092</Value>
			<Value date="2016-02-11" time="19:00:00">0.091</Value>
			<Value date="2016-02-11" time="19:15:00">0.090</Value>
			<Value date="2016-02-11" time="19:30:00">0.090</Value>
			<Value date="2016-02-11" time="19:45:00">0.090</Value>
			<Value date="2016-02-11" time="20:00:00">0.090</Value>
			<Value date="2016-02-11" time="20:15:00">0.090</Value>
			<Value date="2016-02-11" time="20:30:00">0.091</Value>
			<Value date="2016-02-11" time="20:45:00">0.091</Value>
			<Value date="2016-02-11" time="21:00:00">0.091</Value>
			<Value date="2016-02-11" time="21:15:00">0.090</Value>
			<Value date="2016-02-11" time="21:30:00">0.090</Value>
			<Value date="2016-02-11" time="21:45:00">0.090</Value>
			<Value date="2016-02-11" time="22:00:00">0.090</Value>
			<Value date="2016-02-11" time="22:15:00">0.090</Value>
			<Value date="2016-02-11" time="22:30:00">0.089</Value>
			<Value date="2016-02-11" time="22:45:00">0.090</Value>
			<Value date="2016-02-11" time="23:00:00">0.089</Value>
			<Value date="2016-02-11" time="23:15:00">0.090</Value>
			<Value date="2016-02-11" time="23:30:00">0.089</Value>
			<Value date="2016-02-11" time="23:45:00">0.087</Value>
			<Value date="2016-02-12" time="00:00:00">0.088</Value>
			<Value date="2016-02-12" time="00:15:00">0.088</Value>
			<Value date="2016-02-12" time="00:30:00">0.088</Value>
			<Value date="2016-02-12" time="00:45:00">0.087</Value>
			<Value date="2016-02-12" time="01:00:00">0.087</Value>
			<Value date="2016-02-12" time="01:15:00">0.086</Value>
			<Value date="2016-02-12" time="01:30:00">0.086</Value>
			<Value date="2016-02-12" time="01:45:00">0.086</Value>
			<Value date="2016-02-12" time="02:00:00">0.086</Value>
			<Value date="2016-02-12" time="02:15:00">0.086</Value>
			<Value date="2016-02-12" time="02:30:00">0.086</Value>
			<Value date="2016-02-12" time="02:45:00">0.085</Value>
			<Value date="2016-02-12" time="03:00:00">0.085</Value>
			<Value date="2016-02-12" time="03:15:00">0.085</Value>
			<Value date="2016-02-12" time="03:30:00">0.085</Value>
			<Value date="2016-02-12" time="03:45:00">0.085</Value>
			<Value date="2016-02-12" time="04:00:00">0.084</Value>
			<Value date="2016-02-12" time="04:15:00">0.084</Value>
			<Value date="2016-02-12" time="04:30:00">0.084</Value>
			<Value date="2016-02-12" time="04:45:00">0.084</Value>
			<Value date="2016-02-12" time="05:00:00">0.084</Value>
			<Value date="2016-02-12" time="05:15:00">0.084</Value>
			<Value date="2016-02-12" time="05:30:00">0.084</Value>
			<Value date="2016-02-12" time="05:45:00">0.083</Value>
			<Value date="2016-02-12" time="06:00:00">0.082</Value>
			<Value date="2016-02-12" time="06:15:00">0.083</Value>
			<Value date="2016-02-12" time="06:30:00">0.084</Value>
			<Value date="2016-02-12" time="06:45:00">0.082</Value>
			<Value date="2016-02-12" time="07:00:00">0.083</Value>
			<Value date="2016-02-12" time="07:15:00">0.082</Value>
			<Value date="2016-02-12" time="07:30:00">0.083</Value>
			<Value date="2016-02-12" time="07:45:00">0.083</Value>
			<Value date="2016-02-12" time="08:00:00">0.082</Value>
			<Value date="2016-02-12" time="08:15:00">0.081</Value>
			<Value date="2016-02-12" time="08:30:00">0.081</Value>
			<Value date="2016-02-12" time="08:45:00">0.080</Value>
			<Value date="2016-02-12" time="09:00:00">0.081</Value>
			<Value date="2016-02-12" time="09:15:00">0.082</Value>
			<Value date="2016-02-12" time="09:30:00">0.081</Value>
			<Value date="2016-02-12" time="09:45:00">0.081</Value>
			<Value date="2016-02-12" time="10:00:00">0.080</Value>
			<Value date="2016-02-12" time="10:15:00">0.081</Value>
			<Value date="2016-02-12" time="10:30:00">0.080</Value>
			<Value date="2016-02-12" time="10:45:00">0.080</Value>
			<Value date="2016-02-12" time="11:00:00">0.081</Value>
			<Value date="2016-02-12" time="11:15:00">0.080</Value>
		</SetofValues>
	</Station>
	<Station stationReference="2165" region="Midland" stationName="Gloucester Docks LVL" ngr="SO8268718488">
		<SetofValues parameter="Water Level" qualifier="Stage" dataType="Instantaneous" period="15 min" units="mASD" startDate="2016-02-12" startTime="11:15:00" endDate="2016-02-12" endTime="11:15:00">
			<Value date="2016-02-12" time="11:15:00">3.515</Value>
		</SetofValues>
	</Station>
	<Station stationReference="2153" region="Midland" stationName="Epney TL" ngr="SO7608711002">
		<SetofValues parameter="Water Level" qualifier="Stage" dataType="Instantaneous" period="15 min" units="mASD" startDate="2016-02-12" startTime="11:15:00" endDate="2016-02-12" endTime="11:15:00">
			<Value date="2016-02-12" time="11:15:00">6.424</Value>
		</SetofValues>
	</Station>
	<Station stationReference="2102" region="Midland" stationName="Minsterworth LVL" ngr="SO7693116918">
		<SetofValues parameter="Water Level" qualifier="Stage" dataType="Instantaneous" period="15 min" units="mASD" startDate="2016-02-12" startTime="11:15:00" endDate="2016-02-12" endTime="11:15:00">
			<Value date="2016-02-12" time="11:15:00">5.636</Value>
		</SetofValues>
	</Station>
	<Station stationReference="2032" region="Midland" stationName="Saxons Lode FLOW" ngr="SO8634939041">
		<SetofValues parameter="Water Level" qualifier="Stage" dataType="Instantaneous" period="15 min" units="mASD" startDate="2016-02-12" startTime="11:15:00" endDate="2016-02-12" endTime="11:15:00">
			<Value date="2016-02-12" time="11:15:00">4.790</Value>
		</SetofValues>
		<SetofValues parameter="Flow" dataType="Instantaneous" period="15 min" units="m3/s" startDate="2016-02-12" startTime="11:15:00" endDate="2016-02-12" endTime="11:15:00">
			<Value date="2016-02-12" time="11:15:00">353.783</Value>
		</SetofValues>
	</Station>
</EATimeSeriesDataExchangeFormat>
