<?xml version="1.0" standalone="yes"?>
<EATimeSeriesDataExchangeFormat xmlns="http://www.environment-agency.gov.uk/XMLSchemas/EATimeSeriesDataExchangeFormat" xmlns:md="http://www.environment-agency.gov.uk/XMLSchemas/EAMetadataFormat" xmlns:xsi="http://www.w3.org/2001/XMLSchema-instance" xsi:schemaLocation="http://www.environment-agency.gov.uk/XMLSchemas/EATimeSeriesDataExchangeFormat EATimeSeriesDataExchangeFormat.xsd">
	<md:Publisher>Environment Agency</md:Publisher>
	<md:Source>Midland Regional Telemetry System</md:Source>
	<md:Description>Automated telemetry data export process</md:Description>
	<md:Creator>SCX 6</md:Creator>
	<md:Date>2016-02-12</md:Date>
	<md:Time>11:41:01</md:Time>
	<md:Identifier>MISAPSCXAS1</md:Identifier>
	<Station stationReference="4007" region="Midland" stationName="Shardlow FLOW" ngr="SK4480029960">
		<SetofValues parameter="Water Level" qualifier="Stage" dataType="Instantaneous" period="15 min" units="mASD" startDate="2016-02-12" startTime="09:15:00" endDate="2016-02-12" endTime="11:30:00">
			<Value date="2016-02-12" time="09:15:00">1.678</Value>
			<Value date="2016-02-12" time="09:30:00">1.676</Value>
			<Value date="2016-02-12" time="09:45:00">1.672</Value>
			<Value date="2016-02-12" time="10:00:00">1.666</Value>
			<Value date="2016-02-12" time="10:15:00">1.664</Value>
			<Value date="2016-02-12" time="10:30:00">1.660</Value>
			<Value date="2016-02-12" time="10:45:00">1.656</Value>
			<Value date="2016-02-12" time="11:00:00">1.652</Value>
			<Value date="2016-02-12" time="11:15:00">1.650</Value>
			<Value date="2016-02-12" time="11:30:00">1.648</Value>
		</SetofValues>
		<SetofValues parameter="Flow" dataType="Instantaneous" period="15 min" units="m3/s" startDate="2016-02-12" startTime="09:15:00" endDate="2016-02-12" endTime="11:30:00">
			<Value date="2016-02-12" time="09:15:00">107.000</Value>
			<Value date="2016-02-12" time="09:30:00">107.500</Value>
			<Value date="2016-02-12" time="09:45:00">108.000</Value>
			<Value date="2016-02-12" time="10:00:00">107.000</Value>
			<Value date="2016-02-12" time="10:15:00">107.500</Value>
			<Value date="2016-02-12" time="10:30:00">106.500</Value>
			<Value date="2016-02-12" time="10:45:00">106.500</Value>
			<Value date="2016-02-12" time="11:00:00">105.000</Value>
			<Value date="2016-02-12" time="11:15:00">105.000</Value>
			<Value date="2016-02-12" time="11:30:00">105.000</Value>
		</SetofValues>
	</Station>
</EATimeSeriesDataExchangeFormat>
