<?xml version="1.0" standalone="yes"?>
<EATimeSeriesDataExchangeFormat xmlns="http://www.environment-agency.gov.uk/XMLSchemas/EATimeSeriesDataExchangeFormat" xmlns:md="http://www.environment-agency.gov.uk/XMLSchemas/EAMetadataFormat" xmlns:xsi="http://www.w3.org/2001/XMLSchema-instance" xsi:schemaLocation="http://www.environment-agency.gov.uk/XMLSchemas/EATimeSeriesDataExchangeFormat EATimeSeriesDataExchangeFormat.xsd">
	<md:Publisher>Environment Agency</md:Publisher>
	<md:Source>Midland Regional Telemetry System</md:Source>
	<md:Description>Automated telemetry data export process</md:Description>
	<md:Creator>SCX 6</md:Creator>
	<md:Date>2016-02-12</md:Date>
	<md:Time>10:06:13</md:Time>
	<md:Identifier>MISAPSCXAS1</md:Identifier>
	<Station stationReference="4018" region="Midland" stationName="Marston On Dove LVL" ngr="SK23742884">
		<SetofValues parameter="Water Level" qualifier="Stage" dataType="Instantaneous" period="15 min" units="mASD" startDate="2016-02-12" startTime="09:15:00" endDate="2016-02-12" endTime="10:00:00">
			<Value date="2016-02-12" time="09:15:00">0.876</Value>
			<Value date="2016-02-12" time="09:30:00">0.876</Value>
			<Value date="2016-02-12" time="09:45:00">0.875</Value>
			<Value date="2016-02-12" time="10:00:00">0.875</Value>
		</SetofValues>
	</Station>
	<Station stationReference="4003" region="Midland" stationName="Water Orton LVL" ngr="SP1694091460">
		<SetofValues parameter="Water Level" qualifier="Stage" dataType="Instantaneous" period="15 min" units="mASD" startDate="2016-02-12" startTime="09:15:00" endDate="2016-02-12" endTime="10:00:00">
			<Value date="2016-02-12" time="09:15:00">0.371</Value>
			<Value date="2016-02-12" time="09:30:00">0.370</Value>
			<Value date="2016-02-12" time="09:45:00">0.368</Value>
			<Value date="2016-02-12" time="10:00:00">0.368</Value>
		</SetofValues>
		<SetofValues parameter="Water Level" qualifier="Downstream Stage" dataType="Instantaneous" period="15 min" units="mASD" startDate="2016-02-12" startTime="09:15:00" endDate="2016-02-12" endTime="10:00:00">
			<Value date="2016-02-12" time="09:15:00">0.201</Value>
			<Value date="2016-02-12" time="09:30:00">0.197</Value>
			<Value date="2016-02-12" time="09:45:00">0.195</Value>
			<Value date="2016-02-12" time="10:00:00">0.194</Value>
		</SetofValues>
	</Station>
	<Station stationReference="3999" region="Midland" stationName="Littlethorpe RAIN" ngr="SP54309655">
		<SetofValues parameter="Temperature" qualifier="Dry Bulb" dataType="Instantaneous" period="15 min" units="deg C" startDate="2016-02-12" startTime="09:15:00" endDate="2016-02-12" endTime="10:00:00">
			<Value date="2016-02-12" time="09:15:00">1.8</Value>
			<Value date="2016-02-12" time="09:30:00">2.0</Value>
			<Value date="2016-02-12" time="09:45:00">2.2</Value>
			<Value date="2016-02-12" time="10:00:00">2.6</Value>
		</SetofValues>
		<SetofValues parameter="Rainfall" qualifier="Tipping Bucket Raingauge" dataType="Total" period="15 min" units="mm" startDate="2016-02-12" startTime="09:15:00" endDate="2016-02-12" endTime="10:00:00">
			<Value date="2016-02-12" time="09:15:00">0.0</Value>
			<Value date="2016-02-12" time="09:30:00">0.0</Value>
			<Value date="2016-02-12" time="09:45:00">0.0</Value>
			<Value date="2016-02-12" time="10:00:00">0.0</Value>
		</SetofValues>
	</Station>
	<Station stationReference="3686" region="Midland" stationName="Fleckney RAIN" ngr="SP65779454">
		<SetofValues parameter="Rainfall" qualifier="Tipping Bucket Raingauge" dataType="Total" period="15 min" units="mm" startDate="2016-02-12" startTime="09:15:00" endDate="2016-02-12" endTime="10:00:00">
			<Value date="2016-02-12" time="09:15:00">0.0</Value>
			<Value date="2016-02-12" time="09:30:00">0.0</Value>
			<Value date="2016-02-12" time="09:45:00">0.0</Value>
			<Value date="2016-02-12" time="10:00:00">0.0</Value>
		</SetofValues>
	</Station>
	<Station stationReference="3347" region="Midland" stationName="Loggerheads RAIN" ngr="SJ747342">
		<SetofValues parameter="Rainfall" qualifier="Tipping Bucket Raingauge" dataType="Total" period="15 min" units="mm" startDate="2016-02-12" startTime="09:15:00" endDate="2016-02-12" endTime="10:00:00">
			<Value date="2016-02-12" time="09:15:00">0.0</Value>
			<Value date="2016-02-12" time="09:30:00">0.0</Value>
			<Value date="2016-02-12" time="09:45:00">0.0</Value>
			<Value date="2016-02-12" time="10:00:00">0.0</Value>
		</SetofValues>
	</Station>
	<Station stationReference="3288" region="Midland" stationName="Lea Marston RAIN" ngr="SP20649389">
		<SetofValues parameter="Rainfall" qualifier="Tipping Bucket Raingauge" dataType="Total" period="15 min" units="mm" startDate="2016-02-12" startTime="08:15:00" endDate="2016-02-12" endTime="10:00:00">
			<Value date="2016-02-12" time="08:15:00">0.0</Value>
			<Value date="2016-02-12" time="08:30:00">0.0</Value>
			<Value date="2016-02-12" time="08:45:00">0.0</Value>
			<Value date="2016-02-12" time="09:00:00">0.0</Value>
			<Value date="2016-02-12" time="09:15:00">0.0</Value>
			<Value date="2016-02-12" time="09:30:00">0.0</Value>
			<Value date="2016-02-12" time="09:45:00">0.0</Value>
			<Value date="2016-02-12" time="10:00:00">0.0</Value>
		</SetofValues>
	</Station>
	<Station stationReference="3275" region="Midland" stationName="Walsall Wood RAIN" ngr="SK03800414">
		<SetofValues parameter="Temperature" qualifier="Dry Bulb" dataType="Instantaneous" period="15 min" units="deg C" startDate="2016-02-12" startTime="09:15:00" endDate="2016-02-12" endTime="10:00:00">
			<Value date="2016-02-12" time="09:15:00">1.3</Value>
			<Value date="2016-02-12" time="09:30:00">1.6</Value>
			<Value date="2016-02-12" time="09:45:00">1.8</Value>
			<Value date="2016-02-12" time="10:00:00">2.2</Value>
		</SetofValues>
		<SetofValues parameter="Rainfall" qualifier="Tipping Bucket Raingauge" dataType="Total" period="15 min" units="mm" startDate="2016-02-12" startTime="09:15:00" endDate="2016-02-12" endTime="10:00:00">
			<Value date="2016-02-12" time="09:15:00">0.0</Value>
			<Value date="2016-02-12" time="09:30:00">0.0</Value>
			<Value date="2016-02-12" time="09:45:00">0.0</Value>
			<Value date="2016-02-12" time="10:00:00">0.0</Value>
		</SetofValues>
	</Station>
	<Station stationReference="3201" region="Midland" stationName="Atherstone RAIN" ngr="SP31799802">
		<SetofValues parameter="Rainfall" qualifier="Tipping Bucket Raingauge" dataType="Total" period="15 min" units="mm" startDate="2016-02-12" startTime="09:15:00" endDate="2016-02-12" endTime="10:00:00">
			<Value date="2016-02-12" time="09:15:00">0.0</Value>
			<Value date="2016-02-12" time="09:30:00">0.0</Value>
			<Value date="2016-02-12" time="09:45:00">0.0</Value>
			<Value date="2016-02-12" time="10:00:00">0.0</Value>
		</SetofValues>
	</Station>
	<Station stationReference="3185" region="Midland" stationName="Tudor Grange RAIN" ngr="SP14737886">
		<SetofValues parameter="Rainfall" qualifier="Tipping Bucket Raingauge" dataType="Total" period="15 min" units="mm" startDate="2016-02-12" startTime="09:15:00" endDate="2016-02-12" endTime="10:00:00">
			<Value date="2016-02-12" time="09:15:00">0.0</Value>
			<Value date="2016-02-12" time="09:30:00">0.0</Value>
			<Value date="2016-02-12" time="09:45:00">0.0</Value>
			<Value date="2016-02-12" time="10:00:00">0.0</Value>
		</SetofValues>
	</Station>
	<Station stationReference="3096" region="Midland" stationName="Barnhurst RAIN" ngr="SJ8979601959">
		<SetofValues parameter="Rainfall" qualifier="Tipping Bucket Raingauge" dataType="Total" period="15 min" units="mm" startDate="2016-02-12" startTime="09:15:00" endDate="2016-02-12" endTime="10:00:00">
			<Value date="2016-02-12" time="09:15:00">0.0</Value>
			<Value date="2016-02-12" time="09:30:00">0.0</Value>
			<Value date="2016-02-12" time="09:45:00">0.0</Value>
			<Value date="2016-02-12" time="10:00:00">0.0</Value>
		</SetofValues>
	</Station>
	<Station stationReference="3026" region="Midland" stationName="Hollies RAIN" ngr="SJ81572243">
		<SetofValues parameter="Rainfall" qualifier="Tipping Bucket Raingauge" dataType="Total" period="15 min" units="mm" startDate="2016-02-12" startTime="09:15:00" endDate="2016-02-12" endTime="10:00:00">
			<Value date="2016-02-12" time="09:15:00">0.0</Value>
			<Value date="2016-02-12" time="09:30:00">0.0</Value>
			<Value date="2016-02-12" time="09:45:00">0.0</Value>
			<Value date="2016-02-12" time="10:00:00">0.0</Value>
		</SetofValues>
	</Station>
	<Station stationReference="3025" region="Midland" stationName="Rodbaston RAIN" ngr="SJ92071159">
		<SetofValues parameter="Rainfall" qualifier="Tipping Bucket Raingauge" dataType="Total" period="15 min" units="mm" startDate="2016-02-12" startTime="09:15:00" endDate="2016-02-12" endTime="10:00:00">
			<Value date="2016-02-12" time="09:15:00">0.0</Value>
			<Value date="2016-02-12" time="09:30:00">0.0</Value>
			<Value date="2016-02-12" time="09:45:00">0.0</Value>
			<Value date="2016-02-12" time="10:00:00">0.0</Value>
		</SetofValues>
	</Station>
	<Station stationReference="2900" region="Midland" stationName="Walton LVL" ngr="SP2859853167">
		<SetofValues parameter="Water Level" qualifier="Stage" dataType="Instantaneous" period="15 min" units="mASD" startDate="2016-02-12" startTime="09:15:00" endDate="2016-02-12" endTime="10:00:00">
			<Value date="2016-02-12" time="09:15:00">0.518</Value>
			<Value date="2016-02-12" time="09:30:00">0.518</Value>
			<Value date="2016-02-12" time="09:45:00">0.517</Value>
			<Value date="2016-02-12" time="10:00:00">0.516</Value>
		</SetofValues>
	</Station>
	<Station stationReference="2706" region="Midland" stationName="Wombourne LVL" ngr="SO8623992608">
		<SetofValues parameter="Water Level" qualifier="Stage" dataType="Instantaneous" period="15 min" units="mASD" startDate="2016-02-12" startTime="09:15:00" endDate="2016-02-12" endTime="10:00:00">
			<Value date="2016-02-12" time="09:15:00">0.274</Value>
			<Value date="2016-02-12" time="09:30:00">0.274</Value>
			<Value date="2016-02-12" time="09:45:00">0.274</Value>
			<Value date="2016-02-12" time="10:00:00">0.274</Value>
		</SetofValues>
	</Station>
	<Station stationReference="2661" region="Midland" stationName="Witcombe LVL" ngr="SO9030515725">
		<SetofValues parameter="Water Level" qualifier="Stage" dataType="Instantaneous" period="15 min" units="mASD" startDate="2016-02-12" startTime="09:15:00" endDate="2016-02-12" endTime="10:00:00">
			<Value date="2016-02-12" time="09:15:00">0.177</Value>
			<Value date="2016-02-12" time="09:30:00">0.175</Value>
			<Value date="2016-02-12" time="09:45:00">0.176</Value>
			<Value date="2016-02-12" time="10:00:00">0.176</Value>
		</SetofValues>
	</Station>
	<Station stationReference="2649" region="Midland" stationName="Clay Coton LVL" ngr="SP5938176922">
		<SetofValues parameter="Water Level" qualifier="Stage" dataType="Instantaneous" period="15 min" units="mASD" startDate="2016-02-12" startTime="09:15:00" endDate="2016-02-12" endTime="10:00:00">
			<Value date="2016-02-12" time="09:15:00">0.521</Value>
			<Value date="2016-02-12" time="09:30:00">0.521</Value>
			<Value date="2016-02-12" time="09:45:00">0.522</Value>
			<Value date="2016-02-12" time="10:00:00">0.523</Value>
		</SetofValues>
	</Station>
	<Station stationReference="2641" region="Midland" stationName="Wightwick LVL" ngr="SO8707398305">
		<SetofValues parameter="Water Level" qualifier="Stage" dataType="Instantaneous" period="15 min" units="mASD" startDate="2016-02-12" startTime="09:15:00" endDate="2016-02-12" endTime="10:00:00">
			<Value date="2016-02-12" time="09:15:00">0.326</Value>
			<Value date="2016-02-12" time="09:30:00">0.325</Value>
			<Value date="2016-02-12" time="09:45:00">0.330</Value>
			<Value date="2016-02-12" time="10:00:00">0.333</Value>
		</SetofValues>
	</Station>
	<Station stationReference="2639" region="Midland" stationName="Dutlas LVL" ngr="SO21147806">
		<SetofValues parameter="Water Level" qualifier="Stage" dataType="Instantaneous" period="15 min" units="mASD" startDate="2016-02-12" startTime="09:15:00" endDate="2016-02-12" endTime="10:00:00">
			<Value date="2016-02-12" time="09:15:00">0.424</Value>
			<Value date="2016-02-12" time="09:30:00">0.423</Value>
			<Value date="2016-02-12" time="09:45:00">0.422</Value>
			<Value date="2016-02-12" time="10:00:00">0.420</Value>
		</SetofValues>
	</Station>
	<Station stationReference="2634" region="Midland" stationName="Burford Bridge LVL" ngr="SO57466837">
		<SetofValues parameter="Water Level" qualifier="Stage" dataType="Instantaneous" period="15 min" units="mASD" startDate="2016-02-12" startTime="09:15:00" endDate="2016-02-12" endTime="10:00:00">
			<Value date="2016-02-12" time="09:15:00">0.785</Value>
			<Value date="2016-02-12" time="09:30:00">0.785</Value>
			<Value date="2016-02-12" time="09:45:00">0.784</Value>
			<Value date="2016-02-12" time="10:00:00">0.783</Value>
		</SetofValues>
	</Station>
	<Station stationReference="2615" region="Midland" stationName="Bidford LVL" ngr="SP0985451769">
		<SetofValues parameter="Water Level" qualifier="Stage" dataType="Instantaneous" period="15 min" units="mASD" startDate="2016-02-12" startTime="09:15:00" endDate="2016-02-12" endTime="10:00:00">
			<Value date="2016-02-12" time="09:15:00">1.485</Value>
			<Value date="2016-02-12" time="09:30:00">1.483</Value>
			<Value date="2016-02-12" time="09:45:00">1.480</Value>
			<Value date="2016-02-12" time="10:00:00">1.476</Value>
		</SetofValues>
	</Station>
	<Station stationReference="2613" region="Midland" stationName="Southam LVL" ngr="SP4050362686">
		<SetofValues parameter="Water Level" qualifier="Stage" dataType="Instantaneous" period="15 min" units="mASD" startDate="2016-02-12" startTime="09:15:00" endDate="2016-02-12" endTime="10:00:00">
			<Value date="2016-02-12" time="09:15:00">0.340</Value>
			<Value date="2016-02-12" time="09:30:00">0.339</Value>
			<Value date="2016-02-12" time="09:45:00">0.339</Value>
			<Value date="2016-02-12" time="10:00:00">0.339</Value>
		</SetofValues>
		<SetofValues parameter="Water Level" qualifier="Downstream Stage" dataType="Instantaneous" period="15 min" units="mASD" startDate="2016-02-12" startTime="09:15:00" endDate="2016-02-12" endTime="10:00:00">
			<Value date="2016-02-12" time="09:15:00">-0.082</Value>
			<Value date="2016-02-12" time="09:30:00">-0.083</Value>
			<Value date="2016-02-12" time="09:45:00">-0.090</Value>
			<Value date="2016-02-12" time="10:00:00">-0.089</Value>
		</SetofValues>
	</Station>
	<Station stationReference="2609" region="Midland" stationName="Kites Hardwick LVL" ngr="SP4675068593">
		<SetofValues parameter="Water Level" qualifier="Stage" dataType="Instantaneous" period="15 min" units="mASD" startDate="2016-02-12" startTime="09:15:00" endDate="2016-02-12" endTime="10:00:00">
			<Value date="2016-02-12" time="09:15:00">0.442</Value>
			<Value date="2016-02-12" time="09:30:00">0.441</Value>
			<Value date="2016-02-12" time="09:45:00">0.441</Value>
			<Value date="2016-02-12" time="10:00:00">0.440</Value>
		</SetofValues>
		<SetofValues parameter="Water Level" qualifier="Downstream Stage" dataType="Instantaneous" period="15 min" units="mASD" startDate="2016-02-12" startTime="09:15:00" endDate="2016-02-12" endTime="10:00:00">
			<Value date="2016-02-12" time="09:15:00">0.429</Value>
			<Value date="2016-02-12" time="09:30:00">0.430</Value>
			<Value date="2016-02-12" time="09:45:00">0.432</Value>
			<Value date="2016-02-12" time="10:00:00">0.430</Value>
		</SetofValues>
	</Station>
	<Station stationReference="2603" region="Midland" stationName="Cambridge LVL" ngr="SO7507503576">
		<SetofValues parameter="Water Level" qualifier="Stage" dataType="Instantaneous" period="15 min" units="mASD" startDate="2016-02-12" startTime="09:15:00" endDate="2016-02-12" endTime="10:00:00">
			<Value date="2016-02-12" time="09:15:00">0.318</Value>
			<Value date="2016-02-12" time="09:30:00">0.318</Value>
			<Value date="2016-02-12" time="09:45:00">0.318</Value>
			<Value date="2016-02-12" time="10:00:00">0.318</Value>
		</SetofValues>
	</Station>
	<Station stationReference="2516" region="Midland" stationName="Halesowen LVL" ngr="SO9592484993">
		<SetofValues parameter="Water Level" qualifier="Stage" dataType="Instantaneous" period="15 min" units="mASD" startDate="2016-02-12" startTime="09:15:00" endDate="2016-02-12" endTime="10:00:00">
			<Value date="2016-02-12" time="09:15:00">0.619</Value>
			<Value date="2016-02-12" time="09:30:00">0.619</Value>
			<Value date="2016-02-12" time="09:45:00">0.619</Value>
			<Value date="2016-02-12" time="10:00:00">0.621</Value>
		</SetofValues>
	</Station>
	<Station stationReference="2221" region="Midland" stationName="Clomoney Way LVL" ngr="SO8585820345">
		<SetofValues parameter="Water Level" qualifier="Stage" dataType="Instantaneous" period="15 min" units="mASD" startDate="2016-02-12" startTime="09:15:00" endDate="2016-02-12" endTime="10:00:00">
			<Value date="2016-02-12" time="09:15:00">0.488</Value>
			<Value date="2016-02-12" time="09:30:00">0.488</Value>
			<Value date="2016-02-12" time="09:45:00">0.487</Value>
			<Value date="2016-02-12" time="10:00:00">0.488</Value>
		</SetofValues>
	</Station>
	<Station stationReference="2215" region="Midland" stationName="Henry Parkes Road LVL" ngr="SP3065077380">
		<SetofValues parameter="Water Level" qualifier="Stage" dataType="Instantaneous" period="15 min" units="mASD" startDate="2016-02-12" startTime="09:15:00" endDate="2016-02-12" endTime="10:00:00">
			<Value date="2016-02-12" time="09:15:00">0.328</Value>
			<Value date="2016-02-12" time="09:30:00">0.329</Value>
			<Value date="2016-02-12" time="09:45:00">0.328</Value>
			<Value date="2016-02-12" time="10:00:00">0.328</Value>
		</SetofValues>
	</Station>
	<Station stationReference="2213" region="Midland" stationName="Hope Street LVL" ngr="SP3259478873">
		<SetofValues parameter="Water Level" qualifier="Stage" dataType="Instantaneous" period="15 min" units="mASD" startDate="2016-02-12" startTime="09:15:00" endDate="2016-02-12" endTime="10:00:00">
			<Value date="2016-02-12" time="09:15:00">0.427</Value>
			<Value date="2016-02-12" time="09:30:00">0.426</Value>
			<Value date="2016-02-12" time="09:45:00">0.426</Value>
			<Value date="2016-02-12" time="10:00:00">0.427</Value>
		</SetofValues>
	</Station>
	<Station stationReference="2209" region="Midland" stationName="Blackburn Road" ngr="SP3493783312">
		<SetofValues parameter="Water Level" qualifier="Stage" dataType="Instantaneous" period="15 min" units="mASD" startDate="2016-02-12" startTime="09:15:00" endDate="2016-02-12" endTime="10:00:00">
			<Value date="2016-02-12" time="09:15:00">0.321</Value>
			<Value date="2016-02-12" time="09:30:00">0.321</Value>
			<Value date="2016-02-12" time="09:45:00">0.320</Value>
			<Value date="2016-02-12" time="10:00:00">0.320</Value>
		</SetofValues>
	</Station>
	<Station stationReference="2207" region="Midland" stationName="Hall Green Road LVL" ngr="SP3577082600">
		<SetofValues parameter="Water Level" qualifier="Stage" dataType="Instantaneous" period="15 min" units="mASD" startDate="2016-02-12" startTime="09:15:00" endDate="2016-02-12" endTime="10:00:00">
			<Value date="2016-02-12" time="09:15:00">0.226</Value>
			<Value date="2016-02-12" time="09:30:00">0.226</Value>
			<Value date="2016-02-12" time="09:45:00">0.225</Value>
			<Value date="2016-02-12" time="10:00:00">0.224</Value>
		</SetofValues>
	</Station>
	<Station stationReference="2180" region="Midland" stationName="Bridgnorth LVL" ngr="SO71899311">
		<SetofValues parameter="Water Level" qualifier="Stage" dataType="Instantaneous" period="15 min" units="mASD" startDate="2016-02-12" startTime="09:45:00" endDate="2016-02-12" endTime="10:00:00">
			<Value date="2016-02-12" time="09:45:00">3.861</Value>
			<Value date="2016-02-12" time="10:00:00">3.853</Value>
		</SetofValues>
	</Station>
	<Station stationReference="2170" region="Midland" stationName="Crudgington FLOW" ngr="SJ64051754">
		<SetofValues parameter="Water Level" qualifier="Stage" dataType="Instantaneous" period="15 min" units="mASD" startDate="2016-02-12" startTime="09:15:00" endDate="2016-02-12" endTime="10:00:00">
			<Value date="2016-02-12" time="09:15:00">0.685</Value>
			<Value date="2016-02-12" time="09:30:00">0.682</Value>
			<Value date="2016-02-12" time="09:45:00">0.679</Value>
			<Value date="2016-02-12" time="10:00:00">0.676</Value>
		</SetofValues>
	</Station>
	<Station stationReference="2169" region="Midland" stationName="Ludlow LVL" ngr="SO50937608">
		<SetofValues parameter="Water Level" qualifier="Stage" dataType="Instantaneous" period="15 min" units="mASD" startDate="2016-02-12" startTime="09:15:00" endDate="2016-02-12" endTime="10:00:00">
			<Value date="2016-02-12" time="09:15:00">1.459</Value>
			<Value date="2016-02-12" time="09:30:00">1.459</Value>
			<Value date="2016-02-12" time="09:45:00">1.458</Value>
			<Value date="2016-02-12" time="10:00:00">1.456</Value>
		</SetofValues>
	</Station>
	<Station stationReference="2132" region="Midland" stationName="Leintwardine LVL" ngr="SO40407381">
		<SetofValues parameter="Water Level" qualifier="Stage" dataType="Instantaneous" period="15 min" units="mASD" startDate="2016-02-12" startTime="09:15:00" endDate="2016-02-12" endTime="10:00:00">
			<Value date="2016-02-12" time="09:15:00">1.012</Value>
			<Value date="2016-02-12" time="09:30:00">1.012</Value>
			<Value date="2016-02-12" time="09:45:00">1.010</Value>
			<Value date="2016-02-12" time="10:00:00">1.008</Value>
		</SetofValues>
	</Station>
	<Station stationReference="2129" region="Midland" stationName="Coventry Hollyhead Rd LVL" ngr="SP3094180088">
		<SetofValues parameter="Water Level" qualifier="Stage" dataType="Instantaneous" period="15 min" units="mASD" startDate="2016-02-12" startTime="09:15:00" endDate="2016-02-12" endTime="10:00:00">
			<Value date="2016-02-12" time="09:15:00">0.150</Value>
			<Value date="2016-02-12" time="09:30:00">0.151</Value>
			<Value date="2016-02-12" time="09:45:00">0.150</Value>
			<Value date="2016-02-12" time="10:00:00">0.149</Value>
		</SetofValues>
	</Station>
	<Station stationReference="2128" region="Midland" stationName="Bredon FLOW" ngr="SO9206537238">
		<SetofValues parameter="Flow" dataType="Instantaneous" period="15 min" units="m3/s" startDate="2016-02-12" startTime="09:15:00" endDate="2016-02-12" endTime="10:00:00">
			<Value date="2016-02-12" time="09:15:00">0.000</Value>
			<Value date="2016-02-12" time="09:30:00">0.000</Value>
			<Value date="2016-02-12" time="09:45:00">0.000</Value>
			<Value date="2016-02-12" time="10:00:00">0.000</Value>
		</SetofValues>
	</Station>
	<Station stationReference="2107" region="Midland" stationName="Knighton LVL" ngr="SO28987238">
		<SetofValues parameter="Water Level" qualifier="Stage" dataType="Instantaneous" period="15 min" units="mASD" startDate="2016-02-12" startTime="09:15:00" endDate="2016-02-12" endTime="10:00:00">
			<Value date="2016-02-12" time="09:15:00">0.898</Value>
			<Value date="2016-02-12" time="09:30:00">0.897</Value>
			<Value date="2016-02-12" time="09:45:00">0.897</Value>
			<Value date="2016-02-12" time="10:00:00">0.896</Value>
		</SetofValues>
	</Station>
	<Station stationReference="2104" region="Midland" stationName="Broom LVL" ngr="SP0863853580">
		<SetofValues parameter="Water Level" qualifier="Stage" dataType="Instantaneous" period="15 min" units="mASD" startDate="2016-02-12" startTime="09:15:00" endDate="2016-02-12" endTime="10:00:00">
			<Value date="2016-02-12" time="09:15:00">0.297</Value>
			<Value date="2016-02-12" time="09:30:00">0.296</Value>
			<Value date="2016-02-12" time="09:45:00">0.296</Value>
			<Value date="2016-02-12" time="10:00:00">0.296</Value>
		</SetofValues>
	</Station>
	<Station stationReference="2095" region="Midland" stationName="Little Alne LVL" ngr="SP1416161060">
		<SetofValues parameter="Water Level" qualifier="Stage" dataType="Instantaneous" period="15 min" units="mASD" startDate="2016-02-12" startTime="09:15:00" endDate="2016-02-12" endTime="10:00:00">
			<Value date="2016-02-12" time="09:15:00">1.022</Value>
			<Value date="2016-02-12" time="09:30:00">1.021</Value>
			<Value date="2016-02-12" time="09:45:00">1.022</Value>
			<Value date="2016-02-12" time="10:00:00">1.021</Value>
		</SetofValues>
	</Station>
	<Station stationReference="2094" region="Midland" stationName="Studley LVL" ngr="SP0763463999">
		<SetofValues parameter="Water Level" qualifier="Stage" dataType="Instantaneous" period="15 min" units="mASD" startDate="2016-02-12" startTime="09:15:00" endDate="2016-02-12" endTime="10:00:00">
			<Value date="2016-02-12" time="09:15:00">0.679</Value>
			<Value date="2016-02-12" time="09:30:00">0.679</Value>
			<Value date="2016-02-12" time="09:45:00">0.680</Value>
			<Value date="2016-02-12" time="10:00:00">0.679</Value>
		</SetofValues>
	</Station>
	<Station stationReference="2093" region="Midland" stationName="Stratford LVL" ngr="SP2049854852">
		<SetofValues parameter="Water Level" qualifier="Stage" dataType="Instantaneous" period="15 min" units="mASD" startDate="2016-02-12" startTime="09:15:00" endDate="2016-02-12" endTime="10:00:00">
			<Value date="2016-02-12" time="09:15:00">0.733</Value>
			<Value date="2016-02-12" time="09:30:00">0.738</Value>
			<Value date="2016-02-12" time="09:45:00">0.739</Value>
			<Value date="2016-02-12" time="10:00:00">0.740</Value>
		</SetofValues>
	</Station>
	<Station stationReference="2092" region="Midland" stationName="Shipston LVL" ngr="SP2604240517">
		<SetofValues parameter="Water Level" qualifier="Stage" dataType="Instantaneous" period="15 min" units="mASD" startDate="2016-02-12" startTime="09:15:00" endDate="2016-02-12" endTime="10:00:00">
			<Value date="2016-02-12" time="09:15:00">0.722</Value>
			<Value date="2016-02-12" time="09:30:00">0.720</Value>
			<Value date="2016-02-12" time="09:45:00">0.718</Value>
			<Value date="2016-02-12" time="10:00:00">0.721</Value>
		</SetofValues>
	</Station>
	<Station stationReference="2091" region="Midland" stationName="Warwick LVL" ngr="SP2991265296">
		<SetofValues parameter="Water Level" qualifier="Stage" dataType="Instantaneous" period="15 min" units="mASD" startDate="2016-02-12" startTime="09:15:00" endDate="2016-02-12" endTime="10:00:00">
			<Value date="2016-02-12" time="09:15:00">1.366</Value>
			<Value date="2016-02-12" time="09:30:00">1.365</Value>
			<Value date="2016-02-12" time="09:45:00">1.362</Value>
			<Value date="2016-02-12" time="10:00:00">1.358</Value>
		</SetofValues>
	</Station>
	<Station stationReference="2085" region="Midland" stationName="Diglis LVL" ngr="SO84695353">
		<SetofValues parameter="Water Level" qualifier="Stage" dataType="Instantaneous" period="15 min" units="mASD" startDate="2016-02-12" startTime="09:15:00" endDate="2016-02-12" endTime="10:00:00">
			<Value date="2016-02-12" time="09:15:00">4.277</Value>
			<Value date="2016-02-12" time="09:30:00">4.284</Value>
			<Value date="2016-02-12" time="09:45:00">4.282</Value>
			<Value date="2016-02-12" time="10:00:00">4.283</Value>
		</SetofValues>
	</Station>
	<Station stationReference="2084" region="Midland" stationName="Stourton LVL" ngr="SO86008484">
		<SetofValues parameter="Water Level" qualifier="Stage" dataType="Instantaneous" period="15 min" units="mASD" startDate="2016-02-12" startTime="09:15:00" endDate="2016-02-12" endTime="10:00:00">
			<Value date="2016-02-12" time="09:15:00">0.204</Value>
			<Value date="2016-02-12" time="09:30:00">0.204</Value>
			<Value date="2016-02-12" time="09:45:00">0.204</Value>
			<Value date="2016-02-12" time="10:00:00">0.203</Value>
		</SetofValues>
	</Station>
	<Station stationReference="2067" region="Midland" stationName="Swindon LVL" ngr="SO86129056">
		<SetofValues parameter="Water Level" qualifier="Stage" dataType="Instantaneous" period="15 min" units="mASD" startDate="2016-02-12" startTime="09:15:00" endDate="2016-02-12" endTime="10:00:00">
			<Value date="2016-02-12" time="09:15:00">1.220</Value>
			<Value date="2016-02-12" time="09:30:00">1.218</Value>
			<Value date="2016-02-12" time="09:45:00">1.217</Value>
			<Value date="2016-02-12" time="10:00:00">1.216</Value>
		</SetofValues>
	</Station>
	<Station stationReference="2054" region="Midland" stationName="Onibury LVL" ngr="SO45477898">
		<SetofValues parameter="Water Level" qualifier="Stage" dataType="Instantaneous" period="15 min" units="mASD" startDate="2016-02-12" startTime="09:15:00" endDate="2016-02-12" endTime="10:00:00">
			<Value date="2016-02-12" time="09:15:00">1.294</Value>
			<Value date="2016-02-12" time="09:30:00">1.294</Value>
			<Value date="2016-02-12" time="09:45:00">1.293</Value>
			<Value date="2016-02-12" time="10:00:00">1.293</Value>
		</SetofValues>
	</Station>
	<Station stationReference="2049" region="Midland" stationName="Leamington Pdw LVL" ngr="SP3085865437">
		<SetofValues parameter="Water Level" qualifier="Stage" dataType="Instantaneous" period="15 min" units="mASD" startDate="2016-02-12" startTime="09:15:00" endDate="2016-02-12" endTime="10:00:00">
			<Value date="2016-02-12" time="09:15:00">0.368</Value>
			<Value date="2016-02-12" time="09:30:00">0.368</Value>
			<Value date="2016-02-12" time="09:45:00">0.368</Value>
			<Value date="2016-02-12" time="10:00:00">0.367</Value>
		</SetofValues>
	</Station>
	<Station stationReference="2048" region="Midland" stationName="Wellesbourne LVL" ngr="SP2727155587">
		<SetofValues parameter="Water Level" qualifier="Stage" dataType="Instantaneous" period="15 min" units="mASD" startDate="2016-02-12" startTime="09:15:00" endDate="2016-02-12" endTime="10:00:00">
			<Value date="2016-02-12" time="09:15:00">0.254</Value>
			<Value date="2016-02-12" time="09:30:00">0.254</Value>
			<Value date="2016-02-12" time="09:45:00">0.253</Value>
			<Value date="2016-02-12" time="10:00:00">0.253</Value>
		</SetofValues>
	</Station>
	<Station stationReference="2039" region="Midland" stationName="Newnham Bridge LVL" ngr="SO64406928">
		<SetofValues parameter="Water Level" qualifier="Stage" dataType="Instantaneous" period="15 min" units="mASD" startDate="2016-02-12" startTime="09:15:00" endDate="2016-02-12" endTime="10:00:00">
			<Value date="2016-02-12" time="09:15:00">0.642</Value>
			<Value date="2016-02-12" time="09:30:00">0.641</Value>
			<Value date="2016-02-12" time="09:45:00">0.641</Value>
			<Value date="2016-02-12" time="10:00:00">0.641</Value>
		</SetofValues>
	</Station>
	<Station stationReference="2023" region="Midland" stationName="Offenham LVL" ngr="SP0629144920">
		<SetofValues parameter="Water Level" qualifier="Stage" dataType="Instantaneous" period="15 min" units="mASD" startDate="2016-02-12" startTime="09:15:00" endDate="2016-02-12" endTime="10:00:00">
			<Value date="2016-02-12" time="09:15:00">0.381</Value>
			<Value date="2016-02-12" time="09:30:00">0.380</Value>
			<Value date="2016-02-12" time="09:45:00">0.380</Value>
			<Value date="2016-02-12" time="10:00:00">0.379</Value>
		</SetofValues>
	</Station>
	<Station stationReference="2019" region="Midland" stationName="Stareton LVL" ngr="SP3328771535">
		<SetofValues parameter="Water Level" qualifier="Stage" dataType="Instantaneous" period="15 min" units="mASD" startDate="2016-02-12" startTime="09:15:00" endDate="2016-02-12" endTime="10:00:00">
			<Value date="2016-02-12" time="09:15:00">0.452</Value>
			<Value date="2016-02-12" time="09:30:00">0.452</Value>
			<Value date="2016-02-12" time="09:45:00">0.451</Value>
			<Value date="2016-02-12" time="10:00:00">0.450</Value>
		</SetofValues>
	</Station>
	<Station stationReference="2012" region="Midland" stationName="Walcot LVL" ngr="SJ59181228">
		<SetofValues parameter="Water Level" qualifier="Stage" dataType="Instantaneous" period="15 min" units="mASD" startDate="2016-02-12" startTime="09:30:00" endDate="2016-02-12" endTime="10:00:00">
			<Value date="2016-02-12" time="09:30:00">1.411</Value>
			<Value date="2016-02-12" time="09:45:00">1.408</Value>
			<Value date="2016-02-12" time="10:00:00">1.404</Value>
		</SetofValues>
	</Station>
	<Station stationReference="2010" region="Midland" stationName="Alscot Park LVL" ngr="SP2083350643">
		<SetofValues parameter="Water Level" qualifier="Stage" dataType="Instantaneous" period="15 min" units="mASD" startDate="2016-02-12" startTime="09:15:00" endDate="2016-02-12" endTime="10:00:00">
			<Value date="2016-02-12" time="09:15:00">0.586</Value>
			<Value date="2016-02-12" time="09:30:00">0.586</Value>
			<Value date="2016-02-12" time="09:45:00">0.585</Value>
			<Value date="2016-02-12" time="10:00:00">0.585</Value>
		</SetofValues>
	</Station>
	<Station stationReference="2008" region="Midland" stationName="Tenbury LVL" ngr="SO59776852">
		<SetofValues parameter="Water Level" qualifier="Stage" dataType="Instantaneous" period="15 min" units="mASD" startDate="2016-02-12" startTime="09:15:00" endDate="2016-02-12" endTime="10:00:00">
			<Value date="2016-02-12" time="09:15:00">1.636</Value>
			<Value date="2016-02-12" time="09:30:00">1.633</Value>
			<Value date="2016-02-12" time="09:45:00">1.633</Value>
			<Value date="2016-02-12" time="10:00:00">1.633</Value>
		</SetofValues>
	</Station>
	<Station stationReference="1819" region="Midland" stationName="Suckley RAIN" ngr="SO71905348">
		<SetofValues parameter="Rainfall" qualifier="Tipping Bucket Raingauge" dataType="Total" period="15 min" units="mm" startDate="2016-02-12" startTime="09:15:00" endDate="2016-02-12" endTime="10:00:00">
			<Value date="2016-02-12" time="09:15:00">0.0</Value>
			<Value date="2016-02-12" time="09:30:00">0.0</Value>
			<Value date="2016-02-12" time="09:45:00">0.0</Value>
			<Value date="2016-02-12" time="10:00:00">0.0</Value>
		</SetofValues>
	</Station>
	<Station stationReference="1814" region="Midland" stationName="Corley RAIN" ngr="SP3004387105">
		<SetofValues parameter="Rainfall" qualifier="Tipping Bucket Raingauge" dataType="Total" period="15 min" units="mm" startDate="2016-02-12" startTime="09:15:00" endDate="2016-02-12" endTime="10:00:00">
			<Value date="2016-02-12" time="09:15:00">0.0</Value>
			<Value date="2016-02-12" time="09:30:00">0.0</Value>
			<Value date="2016-02-12" time="09:45:00">0.0</Value>
			<Value date="2016-02-12" time="10:00:00">0.0</Value>
		</SetofValues>
	</Station>
	<Station stationReference="1795" region="Midland" stationName="Aldon RAIN" ngr="SO43188018">
		<SetofValues parameter="Rainfall" qualifier="Tipping Bucket Raingauge" dataType="Total" period="15 min" units="mm" startDate="2016-02-12" startTime="09:15:00" endDate="2016-02-12" endTime="10:00:00">
			<Value date="2016-02-12" time="09:15:00">0.0</Value>
			<Value date="2016-02-12" time="09:30:00">0.0</Value>
			<Value date="2016-02-12" time="09:45:00">0.0</Value>
			<Value date="2016-02-12" time="10:00:00">0.0</Value>
		</SetofValues>
	</Station>
	<Station stationReference="1793" region="Midland" stationName="Long Mynd RAIN" ngr="SO4021691513">
		<SetofValues parameter="Rainfall" qualifier="Tipping Bucket Raingauge" dataType="Total" period="15 min" units="mm" startDate="2016-02-12" startTime="09:15:00" endDate="2016-02-12" endTime="10:00:00">
			<Value date="2016-02-12" time="09:15:00">0.0</Value>
			<Value date="2016-02-12" time="09:30:00">0.0</Value>
			<Value date="2016-02-12" time="09:45:00">0.0</Value>
			<Value date="2016-02-12" time="10:00:00">0.0</Value>
		</SetofValues>
	</Station>
	<Station stationReference="1792" region="Midland" stationName="Brimfield RAIN" ngr="SO50446795">
		<SetofValues parameter="Rainfall" qualifier="Tipping Bucket Raingauge" dataType="Total" period="15 min" units="mm" startDate="2016-02-12" startTime="09:15:00" endDate="2016-02-12" endTime="10:00:00">
			<Value date="2016-02-12" time="09:15:00">0.0</Value>
			<Value date="2016-02-12" time="09:30:00">0.0</Value>
			<Value date="2016-02-12" time="09:45:00">0.0</Value>
			<Value date="2016-02-12" time="10:00:00">0.0</Value>
		</SetofValues>
	</Station>
	<Station stationReference="1774" region="Midland" stationName="Bickley RAIN" ngr="SO631713">
		<SetofValues parameter="Rainfall" qualifier="Tipping Bucket Raingauge" dataType="Total" period="15 min" units="mm" startDate="2016-02-12" startTime="09:15:00" endDate="2016-02-12" endTime="10:00:00">
			<Value date="2016-02-12" time="09:15:00">0.0</Value>
			<Value date="2016-02-12" time="09:30:00">0.0</Value>
			<Value date="2016-02-12" time="09:45:00">0.0</Value>
			<Value date="2016-02-12" time="10:00:00">0.0</Value>
		</SetofValues>
	</Station>
	<Station stationReference="1770" region="Midland" stationName="Braunston RAIN" ngr="SP5310465845">
		<SetofValues parameter="Rainfall" qualifier="Tipping Bucket Raingauge" dataType="Total" period="15 min" units="mm" startDate="2016-02-12" startTime="09:15:00" endDate="2016-02-12" endTime="10:00:00">
			<Value date="2016-02-12" time="09:15:00">0.0</Value>
			<Value date="2016-02-12" time="09:30:00">0.0</Value>
			<Value date="2016-02-12" time="09:45:00">0.0</Value>
			<Value date="2016-02-12" time="10:00:00">0.0</Value>
		</SetofValues>
	</Station>
	<Station stationReference="1748" region="Midland" stationName="Burwarton RAIN" ngr="SO60798720">
		<SetofValues parameter="Rainfall" qualifier="Tipping Bucket Raingauge" dataType="Total" period="15 min" units="mm" startDate="2016-02-12" startTime="09:15:00" endDate="2016-02-12" endTime="10:00:00">
			<Value date="2016-02-12" time="09:15:00">0.0</Value>
			<Value date="2016-02-12" time="09:30:00">0.0</Value>
			<Value date="2016-02-12" time="09:45:00">0.0</Value>
			<Value date="2016-02-12" time="10:00:00">0.0</Value>
		</SetofValues>
	</Station>
	<Station stationReference="1747" region="Midland" stationName="Ercall RAIN" ngr="SJ66512333">
		<SetofValues parameter="Rainfall" qualifier="Tipping Bucket Raingauge" dataType="Total" period="15 min" units="mm" startDate="2016-02-12" startTime="09:15:00" endDate="2016-02-12" endTime="10:00:00">
			<Value date="2016-02-12" time="09:15:00">0.0</Value>
			<Value date="2016-02-12" time="09:30:00">0.0</Value>
			<Value date="2016-02-12" time="09:45:00">0.0</Value>
			<Value date="2016-02-12" time="10:00:00">0.0</Value>
		</SetofValues>
	</Station>
	<Station stationReference="1740" region="Midland" stationName="Kings Newnham RAIN" ngr="SP4606577380">
		<SetofValues parameter="Rainfall" qualifier="Tipping Bucket Raingauge" dataType="Total" period="15 min" units="mm" startDate="2016-02-12" startTime="09:15:00" endDate="2016-02-12" endTime="10:00:00">
			<Value date="2016-02-12" time="09:15:00">0.0</Value>
			<Value date="2016-02-12" time="09:30:00">0.0</Value>
			<Value date="2016-02-12" time="09:45:00">0.0</Value>
			<Value date="2016-02-12" time="10:00:00">0.0</Value>
		</SetofValues>
	</Station>
	<Station stationReference="1712" region="Midland" stationName="Cosford Ww RAIN" ngr="SJ7802004670">
		<SetofValues parameter="Rainfall" qualifier="Tipping Bucket Raingauge" dataType="Total" period="15 min" units="mm" startDate="2016-02-12" startTime="09:15:00" endDate="2016-02-12" endTime="10:00:00">
			<Value date="2016-02-12" time="09:15:00">0.0</Value>
			<Value date="2016-02-12" time="09:30:00">0.0</Value>
			<Value date="2016-02-12" time="09:45:00">0.0</Value>
			<Value date="2016-02-12" time="10:00:00">0.0</Value>
		</SetofValues>
	</Station>
	<Station stationReference="1552" region="Midland" stationName="Bratch RAIN" ngr="SO8699793783">
		<SetofValues parameter="Rainfall" qualifier="Tipping Bucket Raingauge" dataType="Total" period="15 min" units="mm" startDate="2016-02-12" startTime="09:15:00" endDate="2016-02-12" endTime="10:00:00">
			<Value date="2016-02-12" time="09:15:00">0.0</Value>
			<Value date="2016-02-12" time="09:30:00">0.0</Value>
			<Value date="2016-02-12" time="09:45:00">0.0</Value>
			<Value date="2016-02-12" time="10:00:00">0.0</Value>
		</SetofValues>
	</Station>
	<Station stationReference="1331" region="Midland" stationName="Willey RAIN" ngr="SO68169994">
		<SetofValues parameter="Rainfall" qualifier="Tipping Bucket Raingauge" dataType="Total" period="15 min" units="mm" startDate="2016-02-12" startTime="09:15:00" endDate="2016-02-12" endTime="10:00:00">
			<Value date="2016-02-12" time="09:15:00">0.0</Value>
			<Value date="2016-02-12" time="09:30:00">0.0</Value>
			<Value date="2016-02-12" time="09:45:00">0.0</Value>
			<Value date="2016-02-12" time="10:00:00">0.0</Value>
		</SetofValues>
	</Station>
	<Station stationReference="1165" region="Midland" stationName="Wellesbourne RAIN" ngr="SP2709556470">
		<SetofValues parameter="Rainfall" qualifier="Tipping Bucket Raingauge" dataType="Total" period="15 min" units="mm" startDate="2016-02-12" startTime="09:15:00" endDate="2016-02-12" endTime="10:00:00">
			<Value date="2016-02-12" time="09:15:00">0.0</Value>
			<Value date="2016-02-12" time="09:30:00">0.0</Value>
			<Value date="2016-02-12" time="09:45:00">0.0</Value>
			<Value date="2016-02-12" time="10:00:00">0.0</Value>
		</SetofValues>
	</Station>
	<Station stationReference="1087" region="Midland" stationName="Shipston RAIN" ngr="SP2678441058">
		<SetofValues parameter="Rainfall" qualifier="Tipping Bucket Raingauge" dataType="Total" period="15 min" units="mm" startDate="2016-02-12" startTime="09:15:00" endDate="2016-02-12" endTime="10:00:00">
			<Value date="2016-02-12" time="09:15:00">0.0</Value>
			<Value date="2016-02-12" time="09:30:00">0.0</Value>
			<Value date="2016-02-12" time="09:45:00">0.0</Value>
			<Value date="2016-02-12" time="10:00:00">0.0</Value>
		</SetofValues>
	</Station>
	<Station stationReference="1086" region="Midland" stationName="Stratford Milcote RAIN" ngr="SP1817452979">
		<SetofValues parameter="Rainfall" qualifier="Tipping Bucket Raingauge" dataType="Total" period="15 min" units="mm" startDate="2016-02-12" startTime="09:15:00" endDate="2016-02-12" endTime="10:00:00">
			<Value date="2016-02-12" time="09:15:00">0.0</Value>
			<Value date="2016-02-12" time="09:30:00">0.0</Value>
			<Value date="2016-02-12" time="09:45:00">0.0</Value>
			<Value date="2016-02-12" time="10:00:00">0.0</Value>
		</SetofValues>
	</Station>
	<Station stationReference="1082" region="Midland" stationName="Knightcote RAIN" ngr="SP3983554472">
		<SetofValues parameter="Rainfall" qualifier="Tipping Bucket Raingauge" dataType="Total" period="15 min" units="mm" startDate="2016-02-12" startTime="09:15:00" endDate="2016-02-12" endTime="10:00:00">
			<Value date="2016-02-12" time="09:15:00">0.0</Value>
			<Value date="2016-02-12" time="09:30:00">0.0</Value>
			<Value date="2016-02-12" time="09:45:00">0.0</Value>
			<Value date="2016-02-12" time="10:00:00">0.0</Value>
		</SetofValues>
	</Station>
	<Station stationReference="1045" region="Midland" stationName="Finham RAIN" ngr="SP3351873951">
		<SetofValues parameter="Rainfall" qualifier="Tipping Bucket Raingauge" dataType="Total" period="15 min" units="mm" startDate="2016-02-12" startTime="09:15:00" endDate="2016-02-12" endTime="10:00:00">
			<Value date="2016-02-12" time="09:15:00">0.0</Value>
			<Value date="2016-02-12" time="09:30:00">0.0</Value>
			<Value date="2016-02-12" time="09:45:00">0.0</Value>
			<Value date="2016-02-12" time="10:00:00">0.0</Value>
		</SetofValues>
	</Station>
	<Station stationReference="055R0521E_TG 326" region="Midland" stationName="Titley Mill RAIN" ngr="SO328585">
		<SetofValues parameter="Rainfall" qualifier="Tipping Bucket Raingauge" dataType="Total" period="15 min" units="mm" startDate="2016-02-12" startTime="09:45:00" endDate="2016-02-12" endTime="10:00:00">
			<Value date="2016-02-12" time="09:45:00">0.0</Value>
			<Value date="2016-02-12" time="10:00:00">0.0</Value>
		</SetofValues>
	</Station>
	<Station stationReference="055013_TG 326" region="Midland" stationName="Titley Mill RAIN" ngr="SO328585">
		<SetofValues parameter="Water Level" qualifier="Stage" dataType="Instantaneous" period="15 min" units="mASD" startDate="2016-02-12" startTime="09:45:00" endDate="2016-02-12" endTime="10:00:00">
			<Value date="2016-02-12" time="09:45:00">0.604</Value>
			<Value date="2016-02-12" time="10:00:00">0.604</Value>
		</SetofValues>
	</Station>
</EATimeSeriesDataExchangeFormat>
