<?xml version="1.0" standalone="yes"?>
<EATimeSeriesDataExchangeFormat xmlns="http://www.environment-agency.gov.uk/XMLSchemas/EATimeSeriesDataExchangeFormat" xmlns:md="http://www.environment-agency.gov.uk/XMLSchemas/EAMetadataFormat" xmlns:xsi="http://www.w3.org/2001/XMLSchema-instance" xsi:schemaLocation="http://www.environment-agency.gov.uk/XMLSchemas/EATimeSeriesDataExchangeFormat EATimeSeriesDataExchangeFormat.xsd">
	<md:Publisher>Environment Agency</md:Publisher>
	<md:Source>Midland Regional Telemetry System</md:Source>
	<md:Description>Automated telemetry data export process</md:Description>
	<md:Creator>SCX 6</md:Creator>
	<md:Date>2016-02-12</md:Date>
	<md:Time>11:32:16</md:Time>
	<md:Identifier>MISAPSCXAS1</md:Identifier>
	<Station stationReference="4099" region="Midland" stationName="Gainsborough TL" ngr="SK81348977">
		<SetofValues parameter="Water Level" qualifier="Stage" dataType="Instantaneous" period="15 min" units="mASD" startDate="2016-02-12" startTime="09:45:00" endDate="2016-02-12" endTime="11:30:00">
			<Value date="2016-02-12" time="09:45:00">4.728</Value>
			<Value date="2016-02-12" time="10:00:00">4.848</Value>
			<Value date="2016-02-12" time="10:15:00">4.912</Value>
			<Value date="2016-02-12" time="10:30:00">4.884</Value>
			<Value date="2016-02-12" time="10:45:00">4.817</Value>
			<Value date="2016-02-12" time="11:00:00">4.709</Value>
			<Value date="2016-02-12" time="11:15:00">4.593</Value>
			<Value date="2016-02-12" time="11:30:00">4.480</Value>
		</SetofValues>
	</Station>
	<Station stationReference="4098" region="Midland" stationName="Keadby TL" ngr="SE83541131">
		<SetofValues parameter="Water Level" qualifier="Stage" dataType="Instantaneous" period="15 min" units="mASD" startDate="2016-02-12" startTime="08:15:00" endDate="2016-02-12" endTime="11:30:00">
			<Value date="2016-02-12" time="08:15:00">4.352</Value>
			<Value date="2016-02-12" time="08:30:00">4.755</Value>
			<Value date="2016-02-12" time="08:45:00">5.031</Value>
			<Value date="2016-02-12" time="09:00:00">5.223</Value>
			<Value date="2016-02-12" time="09:15:00">5.381</Value>
			<Value date="2016-02-12" time="09:30:00">5.439</Value>
			<Value date="2016-02-12" time="09:45:00">5.397</Value>
			<Value date="2016-02-12" time="10:00:00">5.320</Value>
			<Value date="2016-02-12" time="10:15:00">5.153</Value>
			<Value date="2016-02-12" time="10:30:00">4.907</Value>
			<Value date="2016-02-12" time="10:45:00">4.622</Value>
			<Value date="2016-02-12" time="11:00:00">4.355</Value>
			<Value date="2016-02-12" time="11:15:00">4.063</Value>
			<Value date="2016-02-12" time="11:30:00">3.800</Value>
		</SetofValues>
	</Station>
	<Station stationReference="4088" region="Midland" stationName="Blacktoft MGX TL" ngr="SE8423824156">
		<SetofValues parameter="Water Level" qualifier="Stage" dataType="Instantaneous" period="15 min" units="mASD" startDate="2016-02-12" startTime="08:15:00" endDate="2016-02-12" endTime="11:30:00">
			<Value date="2016-02-12" time="08:15:00">3.524</Value>
			<Value date="2016-02-12" time="08:30:00">3.857</Value>
			<Value date="2016-02-12" time="08:45:00">4.024</Value>
			<Value date="2016-02-12" time="09:00:00">4.136</Value>
			<Value date="2016-02-12" time="09:15:00">4.187</Value>
			<Value date="2016-02-12" time="09:30:00">4.163</Value>
			<Value date="2016-02-12" time="09:45:00">4.087</Value>
			<Value date="2016-02-12" time="10:00:00">3.907</Value>
			<Value date="2016-02-12" time="10:15:00">3.636</Value>
			<Value date="2016-02-12" time="10:30:00">3.311</Value>
			<Value date="2016-02-12" time="10:45:00">2.985</Value>
			<Value date="2016-02-12" time="11:00:00">2.647</Value>
			<Value date="2016-02-12" time="11:15:00">2.345</Value>
			<Value date="2016-02-12" time="11:30:00">2.059</Value>
		</SetofValues>
	</Station>
	<Station stationReference="4065" region="Midland" stationName="Torksey TL" ngr="SK83347805">
		<SetofValues parameter="Water Level" qualifier="Stage" dataType="Instantaneous" period="15 min" units="mAOD" startDate="2016-02-12" startTime="08:15:00" endDate="2016-02-12" endTime="11:30:00">
			<Value date="2016-02-12" time="08:15:00">4.887</Value>
			<Value date="2016-02-12" time="08:30:00">4.868</Value>
			<Value date="2016-02-12" time="08:45:00">4.846</Value>
			<Value date="2016-02-12" time="09:00:00">4.821</Value>
			<Value date="2016-02-12" time="09:15:00">4.799</Value>
			<Value date="2016-02-12" time="09:30:00">4.775</Value>
			<Value date="2016-02-12" time="09:45:00">4.774</Value>
			<Value date="2016-02-12" time="10:00:00">4.872</Value>
			<Value date="2016-02-12" time="10:15:00">4.961</Value>
			<Value date="2016-02-12" time="10:30:00">5.036</Value>
			<Value date="2016-02-12" time="10:45:00">5.088</Value>
			<Value date="2016-02-12" time="11:00:00">5.134</Value>
			<Value date="2016-02-12" time="11:15:00">5.147</Value>
			<Value date="2016-02-12" time="11:30:00">5.154</Value>
		</SetofValues>
	</Station>
</EATimeSeriesDataExchangeFormat>
