<?xml version="1.0" standalone="yes"?>
<EATimeSeriesDataExchangeFormat xmlns="http://www.environment-agency.gov.uk/XMLSchemas/EATimeSeriesDataExchangeFormat" xmlns:md="http://www.environment-agency.gov.uk/XMLSchemas/EAMetadataFormat" xmlns:xsi="http://www.w3.org/2001/XMLSchema-instance" xsi:schemaLocation="http://www.environment-agency.gov.uk/XMLSchemas/EATimeSeriesDataExchangeFormat EATimeSeriesDataExchangeFormat.xsd">
	<md:Publisher>Environment Agency</md:Publisher>
	<md:Source>Midland Regional Telemetry System</md:Source>
	<md:Description>Automated telemetry data export process</md:Description>
	<md:Creator>SCX 6</md:Creator>
	<md:Date>2016-02-12</md:Date>
	<md:Time>13:33:05</md:Time>
	<md:Identifier>MISAPSCXAS1</md:Identifier>
	<Station stationReference="4109" region="Midland" stationName="Zouch Sluice GATE" ngr="SK50942340">
		<SetofValues parameter="Water Level" qualifier="Downstream Stage" dataType="Instantaneous" period="15 min" units="mASD" startDate="2016-02-12" startTime="04:15:00" endDate="2016-02-12" endTime="13:30:00">
			<Value date="2016-02-12" time="04:15:00">0.942</Value>
			<Value date="2016-02-12" time="04:30:00">0.940</Value>
			<Value date="2016-02-12" time="04:45:00">0.936</Value>
			<Value date="2016-02-12" time="05:00:00">0.936</Value>
			<Value date="2016-02-12" time="05:15:00">0.932</Value>
			<Value date="2016-02-12" time="05:30:00">0.933</Value>
			<Value date="2016-02-12" time="05:45:00">0.927</Value>
			<Value date="2016-02-12" time="06:00:00">0.926</Value>
			<Value date="2016-02-12" time="06:15:00">0.926</Value>
			<Value date="2016-02-12" time="06:30:00">0.923</Value>
			<Value date="2016-02-12" time="06:45:00">0.920</Value>
			<Value date="2016-02-12" time="07:00:00">0.912</Value>
			<Value date="2016-02-12" time="07:15:00">0.912</Value>
			<Value date="2016-02-12" time="07:30:00">0.909</Value>
			<Value date="2016-02-12" time="07:45:00">0.909</Value>
			<Value date="2016-02-12" time="08:00:00">0.906</Value>
			<Value date="2016-02-12" time="08:15:00">0.904</Value>
			<Value date="2016-02-12" time="08:30:00">0.906</Value>
			<Value date="2016-02-12" time="08:45:00">0.902</Value>
			<Value date="2016-02-12" time="09:00:00">0.904</Value>
			<Value date="2016-02-12" time="09:15:00">0.904</Value>
			<Value date="2016-02-12" time="09:30:00">0.908</Value>
			<Value date="2016-02-12" time="09:45:00">0.907</Value>
			<Value date="2016-02-12" time="10:00:00">0.906</Value>
			<Value date="2016-02-12" time="10:15:00">0.905</Value>
			<Value date="2016-02-12" time="10:30:00">0.909</Value>
			<Value date="2016-02-12" time="10:45:00">0.908</Value>
			<Value date="2016-02-12" time="11:00:00">0.908</Value>
			<Value date="2016-02-12" time="11:15:00">0.907</Value>
			<Value date="2016-02-12" time="11:30:00">0.905</Value>
			<Value date="2016-02-12" time="11:45:00">0.899</Value>
			<Value date="2016-02-12" time="12:00:00">0.897</Value>
			<Value date="2016-02-12" time="12:15:00">0.894</Value>
			<Value date="2016-02-12" time="12:30:00">0.892</Value>
			<Value date="2016-02-12" time="12:45:00">0.891</Value>
			<Value date="2016-02-12" time="13:00:00">0.893</Value>
			<Value date="2016-02-12" time="13:15:00">0.895</Value>
			<Value date="2016-02-12" time="13:30:00">0.896</Value>
		</SetofValues>
	</Station>
</EATimeSeriesDataExchangeFormat>
