<?xml version="1.0" standalone="yes"?>
<EATimeSeriesDataExchangeFormat xmlns="http://www.environment-agency.gov.uk/XMLSchemas/EATimeSeriesDataExchangeFormat" xmlns:md="http://www.environment-agency.gov.uk/XMLSchemas/EAMetadataFormat" xmlns:xsi="http://www.w3.org/2001/XMLSchema-instance" xsi:schemaLocation="http://www.environment-agency.gov.uk/XMLSchemas/EATimeSeriesDataExchangeFormat EATimeSeriesDataExchangeFormat.xsd">
	<md:Publisher>Environment Agency</md:Publisher>
	<md:Source>Midland Regional Telemetry System</md:Source>
	<md:Description>Automated telemetry data export process</md:Description>
	<md:Creator>SCX 6</md:Creator>
	<md:Date>2016-02-12</md:Date>
	<md:Time>14:48:06</md:Time>
	<md:Identifier>MISAPSCXAS1</md:Identifier>
	<Station stationReference="4131" region="Midland" stationName="Willington LVL" ngr="SK29522785">
		<SetofValues parameter="Water Level" qualifier="Stage" dataType="Instantaneous" period="15 min" units="mASD" startDate="2016-02-12" startTime="14:45:00" endDate="2016-02-12" endTime="14:45:00">
			<Value date="2016-02-12" time="14:45:00">2.010</Value>
		</SetofValues>
	</Station>
	<Station stationReference="4127" region="Midland" stationName="Cranfleet Lock LVL" ngr="SK50243159">
		<SetofValues parameter="Water Level" qualifier="Stage" dataType="Instantaneous" period="15 min" units="mASD" startDate="2016-02-12" startTime="14:45:00" endDate="2016-02-12" endTime="14:45:00">
			<Value date="2016-02-12" time="14:45:00">2.276</Value>
		</SetofValues>
	</Station>
	<Station stationReference="4019" region="Midland" stationName="Drakelow LVL" ngr="SK23912039">
		<SetofValues parameter="Water Level" qualifier="Stage" dataType="Instantaneous" period="15 min" units="mASD" startDate="2016-02-12" startTime="14:45:00" endDate="2016-02-12" endTime="14:45:00">
			<Value date="2016-02-12" time="14:45:00">1.797</Value>
		</SetofValues>
	</Station>
	<Station stationReference="4018" region="Midland" stationName="Marston On Dove LVL" ngr="SK23742884">
		<SetofValues parameter="Water Level" qualifier="Stage" dataType="Instantaneous" period="15 min" units="mASD" startDate="2016-02-12" startTime="14:45:00" endDate="2016-02-12" endTime="14:45:00">
			<Value date="2016-02-12" time="14:45:00">0.868</Value>
		</SetofValues>
	</Station>
	<Station stationReference="4007" region="Midland" stationName="Shardlow FLOW" ngr="SK4480029960">
		<SetofValues parameter="Water Level" qualifier="Stage" dataType="Instantaneous" period="15 min" units="mASD" startDate="2016-02-12" startTime="14:45:00" endDate="2016-02-12" endTime="14:45:00">
			<Value date="2016-02-12" time="14:45:00">1.608</Value>
		</SetofValues>
		<SetofValues parameter="Flow" dataType="Instantaneous" period="15 min" units="m3/s" startDate="2016-02-12" startTime="14:45:00" endDate="2016-02-12" endTime="14:45:00">
			<Value date="2016-02-12" time="14:45:00">100.500</Value>
		</SetofValues>
	</Station>
</EATimeSeriesDataExchangeFormat>
