<?xml version="1.0" standalone="yes"?>
<EATimeSeriesDataExchangeFormat xmlns="http://www.environment-agency.gov.uk/XMLSchemas/EATimeSeriesDataExchangeFormat" xmlns:md="http://www.environment-agency.gov.uk/XMLSchemas/EAMetadataFormat" xmlns:xsi="http://www.w3.org/2001/XMLSchema-instance" xsi:schemaLocation="http://www.environment-agency.gov.uk/XMLSchemas/EATimeSeriesDataExchangeFormat EATimeSeriesDataExchangeFormat.xsd">
	<md:Publisher>Environment Agency</md:Publisher>
	<md:Source>Midland Regional Telemetry System</md:Source>
	<md:Description>Automated telemetry data export process</md:Description>
	<md:Creator>SCX 6</md:Creator>
	<md:Date>2016-02-12</md:Date>
	<md:Time>15:24:05</md:Time>
	<md:Identifier>MISAPSCXAS1</md:Identifier>
	<Station stationReference="2255" region="Midland" stationName="Bosbury LVL" ngr="SO6948043394">
		<SetofValues parameter="Water Level" qualifier="Stage" dataType="Instantaneous" period="15 min" units="mASD" startDate="2016-02-12" startTime="14:30:00" endDate="2016-02-12" endTime="15:15:00">
			<Value date="2016-02-12" time="14:30:00">0.109</Value>
			<Value date="2016-02-12" time="14:45:00">0.109</Value>
			<Value date="2016-02-12" time="15:00:00">0.109</Value>
			<Value date="2016-02-12" time="15:15:00">0.108</Value>
		</SetofValues>
	</Station>
	<Station stationReference="2128" region="Midland" stationName="Bredon FLOW" ngr="SO9206537238">
		<SetofValues parameter="Water Level" qualifier="Stage" dataType="Instantaneous" period="15 min" units="mASD" startDate="2016-02-12" startTime="15:15:00" endDate="2016-02-12" endTime="15:15:00">
			<Value date="2016-02-12" time="15:15:00">2.526</Value>
		</SetofValues>
		<SetofValues parameter="Flow" dataType="Instantaneous" period="15 min" units="m3/s" startDate="2016-02-12" startTime="15:15:00" endDate="2016-02-12" endTime="15:15:00">
			<Value date="2016-02-12" time="15:15:00">0.000</Value>
		</SetofValues>
	</Station>
</EATimeSeriesDataExchangeFormat>
