<?xml version="1.0" standalone="yes"?>
<EATimeSeriesDataExchangeFormat xmlns="http://www.environment-agency.gov.uk/XMLSchemas/EATimeSeriesDataExchangeFormat" xmlns:md="http://www.environment-agency.gov.uk/XMLSchemas/EAMetadataFormat" xmlns:xsi="http://www.w3.org/2001/XMLSchema-instance" xsi:schemaLocation="http://www.environment-agency.gov.uk/XMLSchemas/EATimeSeriesDataExchangeFormat EATimeSeriesDataExchangeFormat.xsd">
	<md:Publisher>Environment Agency</md:Publisher>
	<md:Source>Midland Regional Telemetry System</md:Source>
	<md:Description>Automated telemetry data export process</md:Description>
	<md:Creator>SCX 6</md:Creator>
	<md:Date>2016-02-12</md:Date>
	<md:Time>14:18:11</md:Time>
	<md:Identifier>MISAPSCXAS1</md:Identifier>
	<Station stationReference="VCHURCH-T_TG 341" region="Midland" stationName="Vowchurch RAIN" ngr="SO3688336518">
		<SetofValues parameter="Rainfall" qualifier="Tipping Bucket Raingauge" dataType="Total" period="15 min" units="mm" startDate="2016-02-12" startTime="09:45:00" endDate="2016-02-12" endTime="14:15:00">
			<Value date="2016-02-12" time="09:45:00">0.0</Value>
			<Value date="2016-02-12" time="10:00:00">0.0</Value>
			<Value date="2016-02-12" time="10:15:00">0.0</Value>
			<Value date="2016-02-12" time="10:30:00">0.0</Value>
			<Value date="2016-02-12" time="10:45:00">0.0</Value>
			<Value date="2016-02-12" time="11:00:00">0.0</Value>
			<Value date="2016-02-12" time="11:15:00">0.0</Value>
			<Value date="2016-02-12" time="11:30:00">0.0</Value>
			<Value date="2016-02-12" time="11:45:00">0.0</Value>
			<Value date="2016-02-12" time="12:00:00">0.0</Value>
			<Value date="2016-02-12" time="12:15:00">0.0</Value>
			<Value date="2016-02-12" time="12:30:00">0.0</Value>
			<Value date="2016-02-12" time="12:45:00">0.0</Value>
			<Value date="2016-02-12" time="13:00:00">0.0</Value>
			<Value date="2016-02-12" time="13:15:00">0.0</Value>
			<Value date="2016-02-12" time="13:30:00">0.0</Value>
			<Value date="2016-02-12" time="13:45:00">0.0</Value>
			<Value date="2016-02-12" time="14:00:00">0.0</Value>
			<Value date="2016-02-12" time="14:15:00">0.0</Value>
		</SetofValues>
	</Station>
	<Station stationReference="476898_TG 333" region="Midland" stationName="Llanwarne RAIN" ngr="SO4950228435">
		<SetofValues parameter="Rainfall" qualifier="Tipping Bucket Raingauge" dataType="Total" period="15 min" units="mm" startDate="2016-02-12" startTime="09:45:00" endDate="2016-02-12" endTime="14:15:00">
			<Value date="2016-02-12" time="09:45:00">0.0</Value>
			<Value date="2016-02-12" time="10:00:00">0.0</Value>
			<Value date="2016-02-12" time="10:15:00">0.0</Value>
			<Value date="2016-02-12" time="10:30:00">0.0</Value>
			<Value date="2016-02-12" time="10:45:00">0.0</Value>
			<Value date="2016-02-12" time="11:00:00">0.0</Value>
			<Value date="2016-02-12" time="11:15:00">0.0</Value>
			<Value date="2016-02-12" time="11:30:00">0.0</Value>
			<Value date="2016-02-12" time="11:45:00">0.0</Value>
			<Value date="2016-02-12" time="12:00:00">0.0</Value>
			<Value date="2016-02-12" time="12:15:00">0.0</Value>
			<Value date="2016-02-12" time="12:30:00">0.0</Value>
			<Value date="2016-02-12" time="12:45:00">0.0</Value>
			<Value date="2016-02-12" time="13:00:00">0.0</Value>
			<Value date="2016-02-12" time="13:15:00">0.0</Value>
			<Value date="2016-02-12" time="13:30:00">0.0</Value>
			<Value date="2016-02-12" time="13:45:00">0.0</Value>
			<Value date="2016-02-12" time="14:00:00">0.0</Value>
			<Value date="2016-02-12" time="14:15:00">0.0</Value>
		</SetofValues>
	</Station>
	<Station stationReference="475212_TG 354" region="Midland" stationName="Bredenbury RAIN" ngr="SO6095056500">
		<SetofValues parameter="Rainfall" qualifier="Tipping Bucket Raingauge" dataType="Total" period="15 min" units="mm" startDate="2016-02-12" startTime="09:45:00" endDate="2016-02-12" endTime="14:15:00">
			<Value date="2016-02-12" time="09:45:00">0.0</Value>
			<Value date="2016-02-12" time="10:00:00">0.0</Value>
			<Value date="2016-02-12" time="10:15:00">0.0</Value>
			<Value date="2016-02-12" time="10:30:00">0.0</Value>
			<Value date="2016-02-12" time="10:45:00">0.0</Value>
			<Value date="2016-02-12" time="11:00:00">0.0</Value>
			<Value date="2016-02-12" time="11:15:00">0.0</Value>
			<Value date="2016-02-12" time="11:30:00">0.0</Value>
			<Value date="2016-02-12" time="11:45:00">0.0</Value>
			<Value date="2016-02-12" time="12:00:00">0.0</Value>
			<Value date="2016-02-12" time="12:15:00">0.0</Value>
			<Value date="2016-02-12" time="12:30:00">0.0</Value>
			<Value date="2016-02-12" time="12:45:00">0.0</Value>
			<Value date="2016-02-12" time="13:00:00">0.0</Value>
			<Value date="2016-02-12" time="13:15:00">0.0</Value>
			<Value date="2016-02-12" time="13:30:00">0.0</Value>
			<Value date="2016-02-12" time="13:45:00">0.0</Value>
			<Value date="2016-02-12" time="14:00:00">0.0</Value>
			<Value date="2016-02-12" time="14:15:00">0.0</Value>
		</SetofValues>
	</Station>
	<Station stationReference="2642" region="Midland" stationName="Worcester LVL" ngr="SO8401456544">
		<SetofValues parameter="Water Level" qualifier="Stage" dataType="Instantaneous" period="15 min" units="mASD" startDate="2016-02-12" startTime="14:15:00" endDate="2016-02-12" endTime="14:15:00">
			<Value date="2016-02-12" time="14:15:00">4.771</Value>
		</SetofValues>
	</Station>
	<Station stationReference="2165" region="Midland" stationName="Gloucester Docks LVL" ngr="SO8268718488">
		<SetofValues parameter="Water Level" qualifier="Stage" dataType="Instantaneous" period="15 min" units="mASD" startDate="2016-02-12" startTime="14:15:00" endDate="2016-02-12" endTime="14:15:00">
			<Value date="2016-02-12" time="14:15:00">3.591</Value>
		</SetofValues>
	</Station>
	<Station stationReference="2134" region="Midland" stationName="Buildwas FLOW" ngr="SJ64550440">
		<SetofValues parameter="Flow" dataType="Instantaneous" period="15 min" units="m3/s" startDate="2016-02-12" startTime="14:15:00" endDate="2016-02-12" endTime="14:15:00">
			<Value date="2016-02-12" time="14:15:00">286.245</Value>
		</SetofValues>
		<SetofValues parameter="Water Level" qualifier="Stage" dataType="Instantaneous" period="15 min" units="mASD" startDate="2016-02-12" startTime="14:15:00" endDate="2016-02-12" endTime="14:15:00">
			<Value date="2016-02-12" time="14:15:00">4.463</Value>
		</SetofValues>
	</Station>
	<Station stationReference="2087" region="Midland" stationName="Mythe Bridge LVL" ngr="SO8889933722">
		<SetofValues parameter="Water Level" qualifier="Stage" dataType="Instantaneous" period="15 min" units="mASD" startDate="2016-02-12" startTime="14:15:00" endDate="2016-02-12" endTime="14:15:00">
			<Value date="2016-02-12" time="14:15:00">4.056</Value>
		</SetofValues>
	</Station>
	<Station stationReference="2077" region="Midland" stationName="Welshbridge LVL" ngr="SJ48881273">
		<SetofValues parameter="Water Level" qualifier="Stage" dataType="Instantaneous" period="15 min" units="mASD" startDate="2016-02-12" startTime="14:15:00" endDate="2016-02-12" endTime="14:15:00">
			<Value date="2016-02-12" time="14:15:00">2.668</Value>
		</SetofValues>
	</Station>
	<Station stationReference="2032" region="Midland" stationName="Saxons Lode FLOW" ngr="SO8634939041">
		<SetofValues parameter="Water Level" qualifier="Stage" dataType="Instantaneous" period="15 min" units="mASD" startDate="2016-02-12" startTime="14:15:00" endDate="2016-02-12" endTime="14:15:00">
			<Value date="2016-02-12" time="14:15:00">4.782</Value>
		</SetofValues>
		<SetofValues parameter="Flow" dataType="Instantaneous" period="15 min" units="m3/s" startDate="2016-02-12" startTime="14:15:00" endDate="2016-02-12" endTime="14:15:00">
			<Value date="2016-02-12" time="14:15:00">354.089</Value>
		</SetofValues>
	</Station>
	<Station stationReference="2008" region="Midland" stationName="Tenbury LVL" ngr="SO59776852">
		<SetofValues parameter="Water Level" qualifier="Stage" dataType="Instantaneous" period="15 min" units="mASD" startDate="2016-02-12" startTime="14:15:00" endDate="2016-02-12" endTime="14:15:00">
			<Value date="2016-02-12" time="14:15:00">1.594</Value>
		</SetofValues>
	</Station>
	<Station stationReference="2002" region="Midland" stationName="Evesham LVL" ngr="SP0400743741">
		<SetofValues parameter="Water Level" qualifier="Stage" dataType="Instantaneous" period="15 min" units="mASD" startDate="2016-02-12" startTime="14:15:00" endDate="2016-02-12" endTime="14:15:00">
			<Value date="2016-02-12" time="14:15:00">0.909</Value>
		</SetofValues>
	</Station>
	<Station stationReference="2001" region="Midland" stationName="Bewdley FLOW" ngr="SO78237616">
		<SetofValues parameter="Water Level" qualifier="Stage" dataType="Instantaneous" period="15 min" units="mASD" startDate="2016-02-12" startTime="14:15:00" endDate="2016-02-12" endTime="14:15:00">
			<Value date="2016-02-12" time="14:15:00">3.693</Value>
		</SetofValues>
		<SetofValues parameter="Flow" dataType="Instantaneous" period="15 min" units="m3/s" startDate="2016-02-12" startTime="14:15:00" endDate="2016-02-12" endTime="14:15:00">
			<Value date="2016-02-12" time="14:15:00">268.057</Value>
		</SetofValues>
	</Station>
	<Station stationReference="1819" region="Midland" stationName="Suckley RAIN" ngr="SO71905348">
		<SetofValues parameter="Rainfall" qualifier="Tipping Bucket Raingauge" dataType="Total" period="15 min" units="mm" startDate="2016-02-12" startTime="14:15:00" endDate="2016-02-12" endTime="14:15:00">
			<Value date="2016-02-12" time="14:15:00">0.0</Value>
		</SetofValues>
	</Station>
	<Station stationReference="1817" region="Midland" stationName="Little Stanford RAIN" ngr="SJ33841278">
		<SetofValues parameter="Rainfall" qualifier="Tipping Bucket Raingauge" dataType="Total" period="15 min" units="mm" startDate="2016-02-12" startTime="14:15:00" endDate="2016-02-12" endTime="14:15:00">
			<Value date="2016-02-12" time="14:15:00">0.0</Value>
		</SetofValues>
	</Station>
	<Station stationReference="1814" region="Midland" stationName="Corley RAIN" ngr="SP3004387105">
		<SetofValues parameter="Rainfall" qualifier="Tipping Bucket Raingauge" dataType="Total" period="15 min" units="mm" startDate="2016-02-12" startTime="14:15:00" endDate="2016-02-12" endTime="14:15:00">
			<Value date="2016-02-12" time="14:15:00">0.0</Value>
		</SetofValues>
	</Station>
	<Station stationReference="1813" region="Midland" stationName="Eastington RAIN" ngr="SO7688605728">
		<SetofValues parameter="Rainfall" qualifier="Tipping Bucket Raingauge" dataType="Total" period="15 min" units="mm" startDate="2016-02-12" startTime="14:15:00" endDate="2016-02-12" endTime="14:15:00">
			<Value date="2016-02-12" time="14:15:00">0.0</Value>
		</SetofValues>
	</Station>
	<Station stationReference="1812" region="Midland" stationName="Taynton RAIN" ngr="SO7169722417">
		<SetofValues parameter="Rainfall" qualifier="Tipping Bucket Raingauge" dataType="Total" period="15 min" units="mm" startDate="2016-02-12" startTime="14:15:00" endDate="2016-02-12" endTime="14:15:00">
			<Value date="2016-02-12" time="14:15:00">0.0</Value>
		</SetofValues>
	</Station>
	<Station stationReference="1795" region="Midland" stationName="Aldon RAIN" ngr="SO43188018">
		<SetofValues parameter="Rainfall" qualifier="Tipping Bucket Raingauge" dataType="Total" period="15 min" units="mm" startDate="2016-02-12" startTime="14:15:00" endDate="2016-02-12" endTime="14:15:00">
			<Value date="2016-02-12" time="14:15:00">0.0</Value>
		</SetofValues>
	</Station>
	<Station stationReference="1794" region="Midland" stationName="Over Farm RAIN" ngr="SO8116319611">
		<SetofValues parameter="Rainfall" qualifier="Tipping Bucket Raingauge" dataType="Total" period="15 min" units="mm" startDate="2016-02-12" startTime="14:15:00" endDate="2016-02-12" endTime="14:15:00">
			<Value date="2016-02-12" time="14:15:00">0.0</Value>
		</SetofValues>
	</Station>
	<Station stationReference="1793" region="Midland" stationName="Long Mynd RAIN" ngr="SO4021691513">
		<SetofValues parameter="Rainfall" qualifier="Tipping Bucket Raingauge" dataType="Total" period="15 min" units="mm" startDate="2016-02-12" startTime="14:15:00" endDate="2016-02-12" endTime="14:15:00">
			<Value date="2016-02-12" time="14:15:00">0.0</Value>
		</SetofValues>
	</Station>
	<Station stationReference="1792" region="Midland" stationName="Brimfield RAIN" ngr="SO50446795">
		<SetofValues parameter="Rainfall" qualifier="Tipping Bucket Raingauge" dataType="Total" period="15 min" units="mm" startDate="2016-02-12" startTime="14:15:00" endDate="2016-02-12" endTime="14:15:00">
			<Value date="2016-02-12" time="14:15:00">0.0</Value>
		</SetofValues>
	</Station>
	<Station stationReference="1774" region="Midland" stationName="Bickley RAIN" ngr="SO631713">
		<SetofValues parameter="Rainfall" qualifier="Tipping Bucket Raingauge" dataType="Total" period="15 min" units="mm" startDate="2016-02-12" startTime="14:15:00" endDate="2016-02-12" endTime="14:15:00">
			<Value date="2016-02-12" time="14:15:00">0.0</Value>
		</SetofValues>
	</Station>
	<Station stationReference="1773" region="Midland" stationName="Hindlip RAIN" ngr="SO8810058200">
		<SetofValues parameter="Rainfall" qualifier="Tipping Bucket Raingauge" dataType="Total" period="15 min" units="mm" startDate="2016-02-12" startTime="14:15:00" endDate="2016-02-12" endTime="14:15:00">
			<Value date="2016-02-12" time="14:15:00">0.0</Value>
		</SetofValues>
	</Station>
	<Station stationReference="1771" region="Midland" stationName="Prees RAIN" ngr="SJ57243506">
		<SetofValues parameter="Rainfall" qualifier="Tipping Bucket Raingauge" dataType="Total" period="15 min" units="mm" startDate="2016-02-12" startTime="14:15:00" endDate="2016-02-12" endTime="14:15:00">
			<Value date="2016-02-12" time="14:15:00">0.0</Value>
		</SetofValues>
	</Station>
	<Station stationReference="1770" region="Midland" stationName="Braunston RAIN" ngr="SP5310465845">
		<SetofValues parameter="Rainfall" qualifier="Tipping Bucket Raingauge" dataType="Total" period="15 min" units="mm" startDate="2016-02-12" startTime="14:15:00" endDate="2016-02-12" endTime="14:15:00">
			<Value date="2016-02-12" time="14:15:00">0.0</Value>
		</SetofValues>
	</Station>
	<Station stationReference="1769" region="Midland" stationName="Crowle RAIN" ngr="SO9345555757">
		<SetofValues parameter="Rainfall" qualifier="Tipping Bucket Raingauge" dataType="Total" period="15 min" units="mm" startDate="2016-02-12" startTime="14:15:00" endDate="2016-02-12" endTime="14:15:00">
			<Value date="2016-02-12" time="14:15:00">0.0</Value>
		</SetofValues>
	</Station>
	<Station stationReference="1761" region="Midland" stationName="Chipping Campden RAIN" ngr="SP1631739235">
		<SetofValues parameter="Rainfall" qualifier="Tipping Bucket Raingauge" dataType="Total" period="15 min" units="mm" startDate="2016-02-12" startTime="14:15:00" endDate="2016-02-12" endTime="14:15:00">
			<Value date="2016-02-12" time="14:15:00">0.0</Value>
		</SetofValues>
	</Station>
	<Station stationReference="1760" region="Midland" stationName="Sheriffs Lench RAIN" ngr="SP0184749158">
		<SetofValues parameter="Rainfall" qualifier="Tipping Bucket Raingauge" dataType="Total" period="15 min" units="mm" startDate="2016-02-12" startTime="14:15:00" endDate="2016-02-12" endTime="14:15:00">
			<Value date="2016-02-12" time="14:15:00">0.0</Value>
		</SetofValues>
	</Station>
	<Station stationReference="1748" region="Midland" stationName="Burwarton RAIN" ngr="SO60798720">
		<SetofValues parameter="Rainfall" qualifier="Tipping Bucket Raingauge" dataType="Total" period="15 min" units="mm" startDate="2016-02-12" startTime="14:15:00" endDate="2016-02-12" endTime="14:15:00">
			<Value date="2016-02-12" time="14:15:00">0.0</Value>
		</SetofValues>
	</Station>
	<Station stationReference="1747" region="Midland" stationName="Ercall RAIN" ngr="SJ66512333">
		<SetofValues parameter="Rainfall" qualifier="Tipping Bucket Raingauge" dataType="Total" period="15 min" units="mm" startDate="2016-02-12" startTime="14:15:00" endDate="2016-02-12" endTime="14:15:00">
			<Value date="2016-02-12" time="14:15:00">0.0</Value>
		</SetofValues>
	</Station>
	<Station stationReference="1740" region="Midland" stationName="Kings Newnham RAIN" ngr="SP4606577380">
		<SetofValues parameter="Rainfall" qualifier="Tipping Bucket Raingauge" dataType="Total" period="15 min" units="mm" startDate="2016-02-12" startTime="14:15:00" endDate="2016-02-12" endTime="14:15:00">
			<Value date="2016-02-12" time="14:15:00">0.0</Value>
		</SetofValues>
	</Station>
	<Station stationReference="1713" region="Midland" stationName="Bagley RAIN" ngr="SJ41372755">
		<SetofValues parameter="Rainfall" qualifier="Tipping Bucket Raingauge" dataType="Total" period="15 min" units="mm" startDate="2016-02-12" startTime="14:15:00" endDate="2016-02-12" endTime="14:15:00">
			<Value date="2016-02-12" time="14:15:00">0.0</Value>
		</SetofValues>
	</Station>
	<Station stationReference="1712" region="Midland" stationName="Cosford Ww RAIN" ngr="SJ7802004670">
		<SetofValues parameter="Rainfall" qualifier="Tipping Bucket Raingauge" dataType="Total" period="15 min" units="mm" startDate="2016-02-12" startTime="14:15:00" endDate="2016-02-12" endTime="14:15:00">
			<Value date="2016-02-12" time="14:15:00">0.0</Value>
		</SetofValues>
	</Station>
	<Station stationReference="1687" region="Midland" stationName="Holme Lacy RAIN" ngr="SO5529935583">
		<SetofValues parameter="Rainfall" qualifier="Tipping Bucket Raingauge" dataType="Total" period="15 min" units="mm" startDate="2016-02-12" startTime="08:30:00" endDate="2016-02-12" endTime="14:15:00">
			<Value date="2016-02-12" time="08:30:00">0.0</Value>
			<Value date="2016-02-12" time="08:45:00">0.0</Value>
			<Value date="2016-02-12" time="09:00:00">0.0</Value>
			<Value date="2016-02-12" time="09:15:00">0.0</Value>
			<Value date="2016-02-12" time="09:30:00">0.0</Value>
			<Value date="2016-02-12" time="09:45:00">0.0</Value>
			<Value date="2016-02-12" time="10:00:00">0.0</Value>
			<Value date="2016-02-12" time="10:15:00">0.0</Value>
			<Value date="2016-02-12" time="10:30:00">0.0</Value>
			<Value date="2016-02-12" time="10:45:00">0.0</Value>
			<Value date="2016-02-12" time="11:00:00">0.0</Value>
			<Value date="2016-02-12" time="11:15:00">0.0</Value>
			<Value date="2016-02-12" time="11:30:00">0.0</Value>
			<Value date="2016-02-12" time="11:45:00">0.0</Value>
			<Value date="2016-02-12" time="12:00:00">0.0</Value>
			<Value date="2016-02-12" time="12:15:00">0.0</Value>
			<Value date="2016-02-12" time="12:30:00">0.0</Value>
			<Value date="2016-02-12" time="12:45:00">0.0</Value>
			<Value date="2016-02-12" time="13:00:00">0.0</Value>
			<Value date="2016-02-12" time="13:15:00">0.0</Value>
			<Value date="2016-02-12" time="13:30:00">0.0</Value>
			<Value date="2016-02-12" time="13:45:00">0.0</Value>
			<Value date="2016-02-12" time="14:00:00">0.0</Value>
			<Value date="2016-02-12" time="14:15:00">0.0</Value>
		</SetofValues>
	</Station>
	<Station stationReference="1602" region="Midland" stationName="Broomy Hill RAIN" ngr="SO4959639665">
		<SetofValues parameter="Rainfall" qualifier="Tipping Bucket Raingauge" dataType="Total" period="15 min" units="mm" startDate="2016-02-12" startTime="08:30:00" endDate="2016-02-12" endTime="14:15:00">
			<Value date="2016-02-12" time="08:30:00">0.0</Value>
			<Value date="2016-02-12" time="08:45:00">0.0</Value>
			<Value date="2016-02-12" time="09:00:00">0.0</Value>
			<Value date="2016-02-12" time="09:15:00">0.0</Value>
			<Value date="2016-02-12" time="09:30:00">0.0</Value>
			<Value date="2016-02-12" time="09:45:00">0.0</Value>
			<Value date="2016-02-12" time="10:00:00">0.0</Value>
			<Value date="2016-02-12" time="10:15:00">0.0</Value>
			<Value date="2016-02-12" time="10:30:00">0.0</Value>
			<Value date="2016-02-12" time="10:45:00">0.0</Value>
			<Value date="2016-02-12" time="11:00:00">0.0</Value>
			<Value date="2016-02-12" time="11:15:00">0.0</Value>
			<Value date="2016-02-12" time="11:30:00">0.0</Value>
			<Value date="2016-02-12" time="11:45:00">0.0</Value>
			<Value date="2016-02-12" time="12:00:00">0.0</Value>
			<Value date="2016-02-12" time="12:15:00">0.0</Value>
			<Value date="2016-02-12" time="12:30:00">0.0</Value>
			<Value date="2016-02-12" time="12:45:00">0.0</Value>
			<Value date="2016-02-12" time="13:00:00">0.0</Value>
			<Value date="2016-02-12" time="13:15:00">0.0</Value>
			<Value date="2016-02-12" time="13:30:00">0.0</Value>
			<Value date="2016-02-12" time="13:45:00">0.0</Value>
			<Value date="2016-02-12" time="14:00:00">0.0</Value>
			<Value date="2016-02-12" time="14:15:00">0.0</Value>
		</SetofValues>
	</Station>
	<Station stationReference="1552" region="Midland" stationName="Bratch RAIN" ngr="SO8699793783">
		<SetofValues parameter="Rainfall" qualifier="Tipping Bucket Raingauge" dataType="Total" period="15 min" units="mm" startDate="2016-02-12" startTime="14:15:00" endDate="2016-02-12" endTime="14:15:00">
			<Value date="2016-02-12" time="14:15:00">0.0</Value>
		</SetofValues>
	</Station>
	<Station stationReference="1548" region="Midland" stationName="Trimpley RAIN" ngr="SO77287893">
		<SetofValues parameter="Rainfall" qualifier="Tipping Bucket Raingauge" dataType="Total" period="15 min" units="mm" startDate="2016-02-12" startTime="14:15:00" endDate="2016-02-12" endTime="14:15:00">
			<Value date="2016-02-12" time="14:15:00">0.0</Value>
		</SetofValues>
	</Station>
	<Station stationReference="1413" region="Midland" stationName="Hartlebury RAIN" ngr="SO84656978">
		<SetofValues parameter="Rainfall" qualifier="Tipping Bucket Raingauge" dataType="Total" period="15 min" units="mm" startDate="2016-02-12" startTime="14:15:00" endDate="2016-02-12" endTime="14:15:00">
			<Value date="2016-02-12" time="14:15:00">0.0</Value>
		</SetofValues>
	</Station>
	<Station stationReference="1412" region="Midland" stationName="Bishop Castle RAIN" ngr="SO33808729">
		<SetofValues parameter="Temperature" qualifier="Dry Bulb" dataType="Instantaneous" period="15 min" units="deg C" startDate="2016-02-12" startTime="14:15:00" endDate="2016-02-12" endTime="14:15:00">
			<Value date="2016-02-12" time="14:15:00">5.4</Value>
		</SetofValues>
		<SetofValues parameter="Rainfall" qualifier="Tipping Bucket Raingauge" dataType="Total" period="15 min" units="mm" startDate="2016-02-12" startTime="14:15:00" endDate="2016-02-12" endTime="14:15:00">
			<Value date="2016-02-12" time="14:15:00">0.0</Value>
		</SetofValues>
	</Station>
	<Station stationReference="1409" region="Midland" stationName="Rorrington RAIN" ngr="SJ30360047">
		<SetofValues parameter="Rainfall" qualifier="Tipping Bucket Raingauge" dataType="Total" period="15 min" units="mm" startDate="2016-02-12" startTime="14:15:00" endDate="2016-02-12" endTime="14:15:00">
			<Value date="2016-02-12" time="14:15:00">0.0</Value>
		</SetofValues>
	</Station>
	<Station stationReference="1387" region="Midland" stationName="Bettws Y Crwyn RAIN" ngr="SO20368136">
		<SetofValues parameter="Rainfall" qualifier="Tipping Bucket Raingauge" dataType="Total" period="15 min" units="mm" startDate="2016-02-12" startTime="14:15:00" endDate="2016-02-12" endTime="14:15:00">
			<Value date="2016-02-12" time="14:15:00">0.0</Value>
		</SetofValues>
	</Station>
	<Station stationReference="1339" region="Midland" stationName="Rushmoor Wrw RAIN" ngr="SJ61591350">
		<SetofValues parameter="Rainfall" qualifier="Tipping Bucket Raingauge" dataType="Total" period="15 min" units="mm" startDate="2016-02-12" startTime="14:15:00" endDate="2016-02-12" endTime="14:15:00">
			<Value date="2016-02-12" time="14:15:00">0.0</Value>
		</SetofValues>
	</Station>
	<Station stationReference="1335" region="Midland" stationName="Cynynion RAIN" ngr="SJ24423012">
		<SetofValues parameter="Rainfall" qualifier="Tipping Bucket Raingauge" dataType="Total" period="15 min" units="mm" startDate="2016-02-12" startTime="14:15:00" endDate="2016-02-12" endTime="14:15:00">
			<Value date="2016-02-12" time="14:15:00">0.0</Value>
		</SetofValues>
	</Station>
	<Station stationReference="1332" region="Midland" stationName="Walkmills RAIN" ngr="SO46759932">
		<SetofValues parameter="Rainfall" qualifier="Tipping Bucket Raingauge" dataType="Total" period="15 min" units="mm" startDate="2016-02-12" startTime="14:15:00" endDate="2016-02-12" endTime="14:15:00">
			<Value date="2016-02-12" time="14:15:00">0.0</Value>
		</SetofValues>
	</Station>
	<Station stationReference="1331" region="Midland" stationName="Willey RAIN" ngr="SO68169994">
		<SetofValues parameter="Rainfall" qualifier="Tipping Bucket Raingauge" dataType="Total" period="15 min" units="mm" startDate="2016-02-12" startTime="14:15:00" endDate="2016-02-12" endTime="14:15:00">
			<Value date="2016-02-12" time="14:15:00">0.0</Value>
		</SetofValues>
	</Station>
	<Station stationReference="1201" region="Midland" stationName="Alvechurch RAIN" ngr="SP0317771748">
		<SetofValues parameter="Rainfall" qualifier="Tipping Bucket Raingauge" dataType="Total" period="15 min" units="mm" startDate="2016-02-12" startTime="14:15:00" endDate="2016-02-12" endTime="14:15:00">
			<Value date="2016-02-12" time="14:15:00">0.0</Value>
		</SetofValues>
	</Station>
	<Station stationReference="1165" region="Midland" stationName="Wellesbourne RAIN" ngr="SP2709556470">
		<SetofValues parameter="Rainfall" qualifier="Tipping Bucket Raingauge" dataType="Total" period="15 min" units="mm" startDate="2016-02-12" startTime="14:15:00" endDate="2016-02-12" endTime="14:15:00">
			<Value date="2016-02-12" time="14:15:00">0.0</Value>
		</SetofValues>
	</Station>
	<Station stationReference="1155" region="Midland" stationName="Stanford Reservoir RAIN" ngr="SP5958380259">
		<SetofValues parameter="Rainfall" qualifier="Tipping Bucket Raingauge" dataType="Total" period="15 min" units="mm" startDate="2016-02-12" startTime="14:15:00" endDate="2016-02-12" endTime="14:15:00">
			<Value date="2016-02-12" time="14:15:00">0.0</Value>
		</SetofValues>
	</Station>
	<Station stationReference="1141" region="Midland" stationName="Miserden RAIN" ngr="SO9367908745">
		<SetofValues parameter="Rainfall" qualifier="Tipping Bucket Raingauge" dataType="Total" period="15 min" units="mm" startDate="2016-02-12" startTime="14:15:00" endDate="2016-02-12" endTime="14:15:00">
			<Value date="2016-02-12" time="14:15:00">0.0</Value>
		</SetofValues>
	</Station>
	<Station stationReference="1140" region="Midland" stationName="Dowdeswell RAIN" ngr="SO9876919616">
		<SetofValues parameter="Rainfall" qualifier="Tipping Bucket Raingauge" dataType="Total" period="15 min" units="mm" startDate="2016-02-12" startTime="14:15:00" endDate="2016-02-12" endTime="14:15:00">
			<Value date="2016-02-12" time="14:15:00">0.0</Value>
		</SetofValues>
	</Station>
	<Station stationReference="1121" region="Midland" stationName="Monkmoor RAIN" ngr="SJ51681360">
		<SetofValues parameter="Rainfall" qualifier="Tipping Bucket Raingauge" dataType="Total" period="15 min" units="mm" startDate="2016-02-12" startTime="14:15:00" endDate="2016-02-12" endTime="14:15:00">
			<Value date="2016-02-12" time="14:15:00">0.0</Value>
		</SetofValues>
	</Station>
	<Station stationReference="1119" region="Midland" stationName="Ledbury Wrw RAIN" ngr="SO7023337123">
		<SetofValues parameter="Rainfall" qualifier="Tipping Bucket Raingauge" dataType="Total" period="15 min" units="mm" startDate="2016-02-12" startTime="14:15:00" endDate="2016-02-12" endTime="14:15:00">
			<Value date="2016-02-12" time="14:15:00">0.0</Value>
		</SetofValues>
	</Station>
	<Station stationReference="1117" region="Midland" stationName="Parkend RAIN" ngr="SO5785106873">
		<SetofValues parameter="Rainfall" qualifier="Tipping Bucket Raingauge" dataType="Total" period="15 min" units="mm" startDate="2016-02-12" startTime="14:15:00" endDate="2016-02-12" endTime="14:15:00">
			<Value date="2016-02-12" time="14:15:00">0.0</Value>
		</SetofValues>
	</Station>
	<Station stationReference="1112" region="Midland" stationName="Minchinhampton RAIN" ngr="ST8888898411">
		<SetofValues parameter="Rainfall" qualifier="Tipping Bucket Raingauge" dataType="Total" period="15 min" units="mm" startDate="2016-02-12" startTime="14:15:00" endDate="2016-02-12" endTime="14:15:00">
			<Value date="2016-02-12" time="14:15:00">0.0</Value>
		</SetofValues>
	</Station>
	<Station stationReference="1087" region="Midland" stationName="Shipston RAIN" ngr="SP2678441058">
		<SetofValues parameter="Rainfall" qualifier="Tipping Bucket Raingauge" dataType="Total" period="15 min" units="mm" startDate="2016-02-12" startTime="14:15:00" endDate="2016-02-12" endTime="14:15:00">
			<Value date="2016-02-12" time="14:15:00">0.0</Value>
		</SetofValues>
	</Station>
	<Station stationReference="1086" region="Midland" stationName="Stratford Milcote RAIN" ngr="SP1817452979">
		<SetofValues parameter="Rainfall" qualifier="Tipping Bucket Raingauge" dataType="Total" period="15 min" units="mm" startDate="2016-02-12" startTime="14:15:00" endDate="2016-02-12" endTime="14:15:00">
			<Value date="2016-02-12" time="14:15:00">0.0</Value>
		</SetofValues>
	</Station>
	<Station stationReference="1082" region="Midland" stationName="Knightcote RAIN" ngr="SP3983554472">
		<SetofValues parameter="Rainfall" qualifier="Tipping Bucket Raingauge" dataType="Total" period="15 min" units="mm" startDate="2016-02-12" startTime="14:15:00" endDate="2016-02-12" endTime="14:15:00">
			<Value date="2016-02-12" time="14:15:00">0.0</Value>
		</SetofValues>
	</Station>
	<Station stationReference="1045" region="Midland" stationName="Finham RAIN" ngr="SP3351873951">
		<SetofValues parameter="Rainfall" qualifier="Tipping Bucket Raingauge" dataType="Total" period="15 min" units="mm" startDate="2016-02-12" startTime="14:15:00" endDate="2016-02-12" endTime="14:15:00">
			<Value date="2016-02-12" time="14:15:00">0.0</Value>
		</SetofValues>
	</Station>
	<Station stationReference="1040" region="Midland" stationName="Henley In Arden Ps RAIN" ngr="SP1549467906">
		<SetofValues parameter="Rainfall" qualifier="Tipping Bucket Raingauge" dataType="Total" period="15 min" units="mm" startDate="2016-02-12" startTime="14:15:00" endDate="2016-02-12" endTime="14:15:00">
			<Value date="2016-02-12" time="14:15:00">0.0</Value>
		</SetofValues>
	</Station>
	<Station stationReference="055R0521E_TG 326" region="Midland" stationName="Titley Mill RAIN" ngr="SO328585">
		<SetofValues parameter="Rainfall" qualifier="Tipping Bucket Raingauge" dataType="Total" period="15 min" units="mm" startDate="2016-02-12" startTime="14:15:00" endDate="2016-02-12" endTime="14:15:00">
			<Value date="2016-02-12" time="14:15:00">0.0</Value>
		</SetofValues>
	</Station>
	<Station stationReference="055807_TG 320" region="Midland" stationName="Old Wye Bridge LVL" ngr="SO5056839430">
		<SetofValues parameter="Water Level" qualifier="Stage" dataType="Instantaneous" period="15 min" units="mASD" startDate="2016-02-12" startTime="08:30:00" endDate="2016-02-12" endTime="14:15:00">
			<Value date="2016-02-12" time="08:30:00">1.880</Value>
			<Value date="2016-02-12" time="08:45:00">1.877</Value>
			<Value date="2016-02-12" time="09:00:00">1.873</Value>
			<Value date="2016-02-12" time="09:15:00">1.870</Value>
			<Value date="2016-02-12" time="09:30:00">1.867</Value>
			<Value date="2016-02-12" time="09:45:00">1.863</Value>
			<Value date="2016-02-12" time="10:00:00">1.859</Value>
			<Value date="2016-02-12" time="10:15:00">1.856</Value>
			<Value date="2016-02-12" time="10:30:00">1.852</Value>
			<Value date="2016-02-12" time="10:45:00">1.848</Value>
			<Value date="2016-02-12" time="11:00:00">1.845</Value>
			<Value date="2016-02-12" time="11:15:00">1.841</Value>
			<Value date="2016-02-12" time="11:30:00">1.838</Value>
			<Value date="2016-02-12" time="11:45:00">1.834</Value>
			<Value date="2016-02-12" time="12:00:00">1.831</Value>
			<Value date="2016-02-12" time="12:15:00">1.827</Value>
			<Value date="2016-02-12" time="12:30:00">1.824</Value>
			<Value date="2016-02-12" time="12:45:00">1.820</Value>
			<Value date="2016-02-12" time="13:00:00">1.817</Value>
			<Value date="2016-02-12" time="13:15:00">1.814</Value>
			<Value date="2016-02-12" time="13:30:00">1.811</Value>
			<Value date="2016-02-12" time="13:45:00">1.808</Value>
			<Value date="2016-02-12" time="14:00:00">1.805</Value>
			<Value date="2016-02-12" time="14:15:00">1.802</Value>
		</SetofValues>
	</Station>
	<Station stationReference="055013_TG 326" region="Midland" stationName="Titley Mill RAIN" ngr="SO328585">
		<SetofValues parameter="Water Level" qualifier="Stage" dataType="Instantaneous" period="15 min" units="mASD" startDate="2016-02-12" startTime="14:15:00" endDate="2016-02-12" endTime="14:15:00">
			<Value date="2016-02-12" time="14:15:00">0.590</Value>
		</SetofValues>
	</Station>
</EATimeSeriesDataExchangeFormat>
