<?xml version="1.0" standalone="yes"?>
<EATimeSeriesDataExchangeFormat xmlns="http://www.environment-agency.gov.uk/XMLSchemas/EATimeSeriesDataExchangeFormat" xmlns:md="http://www.environment-agency.gov.uk/XMLSchemas/EAMetadataFormat" xmlns:xsi="http://www.w3.org/2001/XMLSchema-instance" xsi:schemaLocation="http://www.environment-agency.gov.uk/XMLSchemas/EATimeSeriesDataExchangeFormat EATimeSeriesDataExchangeFormat.xsd">
	<md:Publisher>Environment Agency</md:Publisher>
	<md:Source>North East Regional Telemetry System</md:Source>
	<md:Description>Automated telemetry data export process</md:Description>
	<md:Creator>SCX 6</md:Creator>
	<md:Date>2016-02-12</md:Date>
	<md:Time>11:53:58</md:Time>
	<md:Identifier>NELATSCXAS1</md:Identifier>
	<Station stationReference="F0513" region="North East" stationName="Loxley Rowel Bridge" ngr="SK3017389545">
		<SetofValues parameter="Water Level" qualifier="Stage" dataType="Instantaneous" period="15 min" units="m" startDate="2016-02-12" startTime="09:15:00" endDate="2016-02-12" endTime="11:45:00">
			<Value date="2016-02-12" time="09:15:00">0.167</Value>
			<Value date="2016-02-12" time="09:30:00">0.167</Value>
			<Value date="2016-02-12" time="09:45:00">0.167</Value>
			<Value date="2016-02-12" time="10:00:00">0.166</Value>
			<Value date="2016-02-12" time="10:15:00">0.166</Value>
			<Value date="2016-02-12" time="10:30:00">0.166</Value>
			<Value date="2016-02-12" time="10:45:00">0.166</Value>
			<Value date="2016-02-12" time="11:00:00">0.166</Value>
			<Value date="2016-02-12" time="11:15:00">0.165</Value>
			<Value date="2016-02-12" time="11:30:00">0.165</Value>
			<Value date="2016-02-12" time="11:45:00">0.165</Value>
		</SetofValues>
	</Station>
</EATimeSeriesDataExchangeFormat>
