<?xml version="1.0" standalone="yes"?>
<EATimeSeriesDataExchangeFormat xmlns="http://www.environment-agency.gov.uk/XMLSchemas/EATimeSeriesDataExchangeFormat" xmlns:md="http://www.environment-agency.gov.uk/XMLSchemas/EAMetadataFormat" xmlns:xsi="http://www.w3.org/2001/XMLSchema-instance" xsi:schemaLocation="http://www.environment-agency.gov.uk/XMLSchemas/EATimeSeriesDataExchangeFormat EATimeSeriesDataExchangeFormat.xsd">
	<md:Publisher>Environment Agency</md:Publisher>
	<md:Source>North East Regional Telemetry System</md:Source>
	<md:Description>Automated telemetry data export process</md:Description>
	<md:Creator>SCX 6</md:Creator>
	<md:Date>2016-02-12</md:Date>
	<md:Time>13:32:43</md:Time>
	<md:Identifier>NELATSCXAS1</md:Identifier>
	<Station stationReference="L3211" region="North East" stationName="Hessle" ngr="TA0343125880">
		<SetofValues parameter="Water Level" qualifier="Stage" dataType="Instantaneous" period="15 min" units="mAOD" startDate="2016-02-12" startTime="13:30:00" endDate="2016-02-12" endTime="13:30:00">
			<Value date="2016-02-12" time="13:30:00">2.347</Value>
		</SetofValues>
		<SetofValues parameter="Water Level" qualifier="Downstream Stage" dataType="Instantaneous" period="15 min" units="mAOD" startDate="2016-02-12" startTime="13:30:00" endDate="2016-02-12" endTime="13:30:00">
			<Value date="2016-02-12" time="13:30:00">1.540</Value>
		</SetofValues>
	</Station>
	<Station stationReference="L2452" region="North East" stationName="Holgate" ngr="SE5841952429">
		<SetofValues parameter="Water Level" qualifier="Stage" dataType="Instantaneous" period="15 min" units="m" startDate="2016-02-12" startTime="13:30:00" endDate="2016-02-12" endTime="13:30:00">
			<Value date="2016-02-12" time="13:30:00">0.817</Value>
		</SetofValues>
	</Station>
	<Station stationReference="L1800" region="North East" stationName="Airmyn" ngr="SE7217525015">
		<SetofValues parameter="Water Level" qualifier="Stage" dataType="Instantaneous" period="15 min" units="m" startDate="2016-02-12" startTime="13:30:00" endDate="2016-02-12" endTime="13:30:00">
			<Value date="2016-02-12" time="13:30:00">2.875</Value>
		</SetofValues>
	</Station>
	<Station stationReference="022006" region="North East" stationName="Hartford Bridge" ngr="NZ2433680000">
		<SetofValues parameter="Water Level" qualifier="Stage" dataType="Instantaneous" period="15 min" units="m" startDate="2016-02-12" startTime="13:30:00" endDate="2016-02-12" endTime="13:30:00">
			<Value date="2016-02-12" time="13:30:00">0.274</Value>
		</SetofValues>
	</Station>
</EATimeSeriesDataExchangeFormat>
