<?xml version="1.0" standalone="yes"?>
<EATimeSeriesDataExchangeFormat xmlns="http://www.environment-agency.gov.uk/XMLSchemas/EATimeSeriesDataExchangeFormat" xmlns:md="http://www.environment-agency.gov.uk/XMLSchemas/EAMetadataFormat" xmlns:xsi="http://www.w3.org/2001/XMLSchema-instance" xsi:schemaLocation="http://www.environment-agency.gov.uk/XMLSchemas/EATimeSeriesDataExchangeFormat EATimeSeriesDataExchangeFormat.xsd">
	<md:Publisher>Environment Agency</md:Publisher>
	<md:Source>North East Regional Telemetry System</md:Source>
	<md:Description>Automated telemetry data export process</md:Description>
	<md:Creator>SCX 6</md:Creator>
	<md:Date>2016-02-12</md:Date>
	<md:Time>12:30:13</md:Time>
	<md:Identifier>NELATSCXAS1</md:Identifier>
	<Station stationReference="L2516" region="North East" stationName="Pickering FAS" ngr="SE8137685728">
		<SetofValues parameter="Water Level" qualifier="1" dataType="Instantaneous" period="15 min" units="m" startDate="2016-02-12" startTime="05:45:00" endDate="2016-02-12" endTime="12:15:00">
			<Value date="2016-02-12" time="05:45:00">0.589</Value>
			<Value date="2016-02-12" time="06:00:00">0.589</Value>
			<Value date="2016-02-12" time="06:15:00">0.589</Value>
			<Value date="2016-02-12" time="06:30:00">0.589</Value>
			<Value date="2016-02-12" time="06:45:00">0.587</Value>
			<Value date="2016-02-12" time="07:00:00">0.588</Value>
			<Value date="2016-02-12" time="07:15:00">0.587</Value>
			<Value date="2016-02-12" time="07:30:00">0.586</Value>
			<Value date="2016-02-12" time="07:45:00">0.587</Value>
			<Value date="2016-02-12" time="08:00:00">0.586</Value>
			<Value date="2016-02-12" time="08:15:00">0.586</Value>
			<Value date="2016-02-12" time="08:30:00">0.585</Value>
			<Value date="2016-02-12" time="08:45:00">0.586</Value>
			<Value date="2016-02-12" time="09:00:00">0.585</Value>
			<Value date="2016-02-12" time="09:15:00">0.585</Value>
			<Value date="2016-02-12" time="09:30:00">0.584</Value>
			<Value date="2016-02-12" time="09:45:00">0.584</Value>
			<Value date="2016-02-12" time="10:00:00">0.584</Value>
			<Value date="2016-02-12" time="10:15:00">0.584</Value>
			<Value date="2016-02-12" time="10:30:00">0.583</Value>
			<Value date="2016-02-12" time="10:45:00">0.584</Value>
			<Value date="2016-02-12" time="11:00:00">0.583</Value>
			<Value date="2016-02-12" time="11:15:00">0.583</Value>
			<Value date="2016-02-12" time="11:30:00">0.583</Value>
			<Value date="2016-02-12" time="11:45:00">0.582</Value>
			<Value date="2016-02-12" time="12:00:00">0.582</Value>
			<Value date="2016-02-12" time="12:15:00">0.583</Value>
		</SetofValues>
	</Station>
	<Station stationReference="L1535" region="North East" stationName="Skipton Morrisons" ngr="SD9861851484">
		<SetofValues parameter="Water Level" qualifier="Stage" dataType="Instantaneous" period="15 min" units="m" startDate="2016-02-12" startTime="12:27:37" endDate="2016-02-12" endTime="12:29:37">
			<Value date="2016-02-12" time="12:27:37">0.107</Value>
			<Value date="2016-02-12" time="12:29:37">0.119</Value>
		</SetofValues>
	</Station>
</EATimeSeriesDataExchangeFormat>
