<?xml version="1.0" standalone="yes"?>
<EATimeSeriesDataExchangeFormat xmlns="http://www.environment-agency.gov.uk/XMLSchemas/EATimeSeriesDataExchangeFormat" xmlns:md="http://www.environment-agency.gov.uk/XMLSchemas/EAMetadataFormat" xmlns:xsi="http://www.w3.org/2001/XMLSchema-instance" xsi:schemaLocation="http://www.environment-agency.gov.uk/XMLSchemas/EATimeSeriesDataExchangeFormat EATimeSeriesDataExchangeFormat.xsd">
	<md:Publisher>Environment Agency</md:Publisher>
	<md:Source>North East Regional Telemetry System</md:Source>
	<md:Description>Automated telemetry data export process</md:Description>
	<md:Creator>SCX 6</md:Creator>
	<md:Date>2016-02-12</md:Date>
	<md:Time>13:06:28</md:Time>
	<md:Identifier>NELATSCXAS1</md:Identifier>
	<Station stationReference="SE77BRT0CO" region="North East" stationName="Broughton" ngr="SE7690573044">
		<SetofValues parameter="Water Level" qualifier="Groundwater" dataType="Instantaneous" period="15 min" units="mAOD" startDate="2016-02-12" startTime="06:15:00" endDate="2016-02-12" endTime="13:00:00">
			<Value date="2016-02-12" time="06:15:00">20.75</Value>
			<Value date="2016-02-12" time="06:30:00">20.75</Value>
			<Value date="2016-02-12" time="06:45:00">20.74</Value>
			<Value date="2016-02-12" time="07:00:00">20.74</Value>
			<Value date="2016-02-12" time="07:15:00">20.74</Value>
			<Value date="2016-02-12" time="07:30:00">20.74</Value>
			<Value date="2016-02-12" time="07:45:00">20.74</Value>
			<Value date="2016-02-12" time="08:00:00">20.74</Value>
			<Value date="2016-02-12" time="08:15:00">20.74</Value>
			<Value date="2016-02-12" time="08:30:00">20.74</Value>
			<Value date="2016-02-12" time="08:45:00">20.74</Value>
			<Value date="2016-02-12" time="09:00:00">20.74</Value>
			<Value date="2016-02-12" time="09:15:00">20.74</Value>
			<Value date="2016-02-12" time="09:30:00">20.74</Value>
			<Value date="2016-02-12" time="09:45:00">20.74</Value>
			<Value date="2016-02-12" time="10:00:00">20.74</Value>
			<Value date="2016-02-12" time="10:15:00">20.74</Value>
			<Value date="2016-02-12" time="10:30:00">20.74</Value>
			<Value date="2016-02-12" time="10:45:00">20.74</Value>
			<Value date="2016-02-12" time="11:00:00">20.74</Value>
			<Value date="2016-02-12" time="11:15:00">20.74</Value>
			<Value date="2016-02-12" time="11:30:00">20.74</Value>
			<Value date="2016-02-12" time="11:45:00">20.74</Value>
			<Value date="2016-02-12" time="12:00:00">20.74</Value>
			<Value date="2016-02-12" time="12:15:00">20.74</Value>
			<Value date="2016-02-12" time="12:30:00">20.74</Value>
			<Value date="2016-02-12" time="12:45:00">20.74</Value>
			<Value date="2016-02-12" time="13:00:00">20.74</Value>
		</SetofValues>
	</Station>
	<Station stationReference="078772" region="North East" stationName="Brownhill Reservoir" ngr="SE1173506210">
		<SetofValues parameter="Rainfall" qualifier="Tipping Bucket Raingauge" dataType="Total" period="15 min" units="mm" startDate="2016-02-12" startTime="12:15:00" endDate="2016-02-12" endTime="13:00:00">
			<Value date="2016-02-12" time="12:15:00">0.2</Value>
			<Value date="2016-02-12" time="12:30:00">0.0</Value>
			<Value date="2016-02-12" time="12:45:00">0.0</Value>
			<Value date="2016-02-12" time="13:00:00">0.0</Value>
		</SetofValues>
	</Station>
	<Station stationReference="028185" region="North East" stationName="Lartington Filters" ngr="NZ0110218340">
		<SetofValues parameter="Rainfall" qualifier="Tipping Bucket Raingauge" dataType="Total" period="15 min" units="mm" startDate="2016-02-12" startTime="06:00:00" endDate="2016-02-12" endTime="13:00:00">
			<Value date="2016-02-12" time="06:00:00">0.0</Value>
			<Value date="2016-02-12" time="06:15:00">0.0</Value>
			<Value date="2016-02-12" time="06:30:00">0.0</Value>
			<Value date="2016-02-12" time="06:45:00">0.0</Value>
			<Value date="2016-02-12" time="07:00:00">0.0</Value>
			<Value date="2016-02-12" time="07:15:00">0.0</Value>
			<Value date="2016-02-12" time="07:30:00">0.0</Value>
			<Value date="2016-02-12" time="07:45:00">0.0</Value>
			<Value date="2016-02-12" time="08:00:00">0.0</Value>
			<Value date="2016-02-12" time="08:15:00">0.0</Value>
			<Value date="2016-02-12" time="08:30:00">0.0</Value>
			<Value date="2016-02-12" time="08:45:00">0.0</Value>
			<Value date="2016-02-12" time="09:00:00">0.0</Value>
			<Value date="2016-02-12" time="09:15:00">0.0</Value>
			<Value date="2016-02-12" time="09:30:00">0.0</Value>
			<Value date="2016-02-12" time="09:45:00">0.0</Value>
			<Value date="2016-02-12" time="10:00:00">0.0</Value>
			<Value date="2016-02-12" time="10:15:00">0.0</Value>
			<Value date="2016-02-12" time="10:30:00">0.0</Value>
			<Value date="2016-02-12" time="10:45:00">0.0</Value>
			<Value date="2016-02-12" time="11:00:00">0.0</Value>
			<Value date="2016-02-12" time="11:15:00">0.0</Value>
			<Value date="2016-02-12" time="11:30:00">0.0</Value>
			<Value date="2016-02-12" time="11:45:00">0.0</Value>
			<Value date="2016-02-12" time="12:00:00">0.0</Value>
			<Value date="2016-02-12" time="12:15:00">0.2</Value>
			<Value date="2016-02-12" time="12:30:00">0.0</Value>
			<Value date="2016-02-12" time="12:45:00">0.0</Value>
			<Value date="2016-02-12" time="13:00:00">0.0</Value>
		</SetofValues>
	</Station>
	<Station stationReference="008062" region="North East" stationName="Blyth STW" ngr="NZ2950082192">
		<SetofValues parameter="Rainfall" qualifier="Tipping Bucket Raingauge" dataType="Total" period="15 min" units="mm" startDate="2016-02-12" startTime="06:15:00" endDate="2016-02-12" endTime="13:00:00">
			<Value date="2016-02-12" time="06:15:00">0.0</Value>
			<Value date="2016-02-12" time="06:30:00">0.0</Value>
			<Value date="2016-02-12" time="06:45:00">0.0</Value>
			<Value date="2016-02-12" time="07:00:00">0.0</Value>
			<Value date="2016-02-12" time="07:15:00">0.0</Value>
			<Value date="2016-02-12" time="07:30:00">0.0</Value>
			<Value date="2016-02-12" time="07:45:00">0.0</Value>
			<Value date="2016-02-12" time="08:00:00">0.0</Value>
			<Value date="2016-02-12" time="08:15:00">0.0</Value>
			<Value date="2016-02-12" time="08:30:00">0.0</Value>
			<Value date="2016-02-12" time="08:45:00">0.0</Value>
			<Value date="2016-02-12" time="09:00:00">0.0</Value>
			<Value date="2016-02-12" time="09:15:00">0.0</Value>
			<Value date="2016-02-12" time="09:30:00">0.0</Value>
			<Value date="2016-02-12" time="09:45:00">0.0</Value>
			<Value date="2016-02-12" time="10:00:00">0.0</Value>
			<Value date="2016-02-12" time="10:15:00">0.0</Value>
			<Value date="2016-02-12" time="10:30:00">0.0</Value>
			<Value date="2016-02-12" time="10:45:00">0.0</Value>
			<Value date="2016-02-12" time="11:00:00">0.0</Value>
			<Value date="2016-02-12" time="11:15:00">0.0</Value>
			<Value date="2016-02-12" time="11:30:00">0.0</Value>
			<Value date="2016-02-12" time="11:45:00">0.0</Value>
			<Value date="2016-02-12" time="12:00:00">0.0</Value>
			<Value date="2016-02-12" time="12:15:00">0.0</Value>
			<Value date="2016-02-12" time="12:30:00">0.0</Value>
			<Value date="2016-02-12" time="12:45:00">0.2</Value>
			<Value date="2016-02-12" time="13:00:00">0.0</Value>
		</SetofValues>
	</Station>
</EATimeSeriesDataExchangeFormat>
