<?xml version="1.0" standalone="yes"?>
<EATimeSeriesDataExchangeFormat xmlns="http://www.environment-agency.gov.uk/XMLSchemas/EATimeSeriesDataExchangeFormat" xmlns:md="http://www.environment-agency.gov.uk/XMLSchemas/EAMetadataFormat" xmlns:xsi="http://www.w3.org/2001/XMLSchema-instance" xsi:schemaLocation="http://www.environment-agency.gov.uk/XMLSchemas/EATimeSeriesDataExchangeFormat EATimeSeriesDataExchangeFormat.xsd">
	<md:Publisher>Environment Agency</md:Publisher>
	<md:Source>North East Regional Telemetry System</md:Source>
	<md:Description>Automated telemetry data export process</md:Description>
	<md:Creator>SCX 6</md:Creator>
	<md:Date>2016-02-12</md:Date>
	<md:Time>12:26:28</md:Time>
	<md:Identifier>NELATSCXAS1</md:Identifier>
	<Station stationReference="L2516" region="North East" stationName="Pickering FAS" ngr="SE8137685728">
		<SetofValues parameter="Water Level" qualifier="Downstream Stage" dataType="Instantaneous" period="15 min" units="m" startDate="2016-02-12" startTime="05:45:00" endDate="2016-02-12" endTime="12:15:00">
			<Value date="2016-02-12" time="05:45:00">0.504</Value>
			<Value date="2016-02-12" time="06:00:00">0.503</Value>
			<Value date="2016-02-12" time="06:15:00">0.501</Value>
			<Value date="2016-02-12" time="06:30:00">0.502</Value>
			<Value date="2016-02-12" time="06:45:00">0.501</Value>
			<Value date="2016-02-12" time="07:00:00">0.501</Value>
			<Value date="2016-02-12" time="07:15:00">0.501</Value>
			<Value date="2016-02-12" time="07:30:00">0.500</Value>
			<Value date="2016-02-12" time="07:45:00">0.500</Value>
			<Value date="2016-02-12" time="08:00:00">0.500</Value>
			<Value date="2016-02-12" time="08:15:00">0.499</Value>
			<Value date="2016-02-12" time="08:30:00">0.500</Value>
			<Value date="2016-02-12" time="08:45:00">0.499</Value>
			<Value date="2016-02-12" time="09:00:00">0.498</Value>
			<Value date="2016-02-12" time="09:15:00">0.499</Value>
			<Value date="2016-02-12" time="09:30:00">0.497</Value>
			<Value date="2016-02-12" time="09:45:00">0.497</Value>
			<Value date="2016-02-12" time="10:00:00">0.498</Value>
			<Value date="2016-02-12" time="10:15:00">0.497</Value>
			<Value date="2016-02-12" time="10:30:00">0.497</Value>
			<Value date="2016-02-12" time="10:45:00">0.496</Value>
			<Value date="2016-02-12" time="11:00:00">0.496</Value>
			<Value date="2016-02-12" time="11:15:00">0.498</Value>
			<Value date="2016-02-12" time="11:30:00">0.496</Value>
			<Value date="2016-02-12" time="11:45:00">0.496</Value>
			<Value date="2016-02-12" time="12:00:00">0.494</Value>
			<Value date="2016-02-12" time="12:15:00">0.494</Value>
		</SetofValues>
	</Station>
	<Station stationReference="L1721" region="North East" stationName="Allerton Ings" ngr="SE4190027265">
		<SetofValues parameter="Water Level" qualifier="Stage" dataType="Instantaneous" period="15 min" units="m" startDate="2016-02-12" startTime="12:15:00" endDate="2016-02-12" endTime="12:15:00">
			<Value date="2016-02-12" time="12:15:00">0.113</Value>
		</SetofValues>
	</Station>
	<Station stationReference="F2405" region="North East" stationName="Skelton" ngr="SE5683955398">
		<SetofValues parameter="Water Level" qualifier="Stage" dataType="Instantaneous" period="15 min" units="m" startDate="2016-02-12" startTime="12:15:00" endDate="2016-02-12" endTime="12:15:00">
			<Value date="2016-02-12" time="12:15:00">1.934</Value>
		</SetofValues>
	</Station>
</EATimeSeriesDataExchangeFormat>
