<?xml version="1.0" standalone="yes"?>
<EATimeSeriesDataExchangeFormat xmlns="http://www.environment-agency.gov.uk/XMLSchemas/EATimeSeriesDataExchangeFormat" xmlns:md="http://www.environment-agency.gov.uk/XMLSchemas/EAMetadataFormat" xmlns:xsi="http://www.w3.org/2001/XMLSchema-instance" xsi:schemaLocation="http://www.environment-agency.gov.uk/XMLSchemas/EATimeSeriesDataExchangeFormat EATimeSeriesDataExchangeFormat.xsd">
	<md:Publisher>Environment Agency</md:Publisher>
	<md:Source>North East Regional Telemetry System</md:Source>
	<md:Description>Automated telemetry data export process</md:Description>
	<md:Creator>SCX 6</md:Creator>
	<md:Date>2016-02-12</md:Date>
	<md:Time>12:51:28</md:Time>
	<md:Identifier>NELATSCXAS1</md:Identifier>
	<Station stationReference="L17013" region="North East" stationName="Gipton South Parkway" ngr="SE3426735306">
		<SetofValues parameter="Water Level" qualifier="Stage" dataType="Instantaneous" period="15 min" units="m" startDate="2016-02-12" startTime="12:45:00" endDate="2016-02-12" endTime="12:45:00">
			<Value date="2016-02-12" time="12:45:00">0.115</Value>
		</SetofValues>
	</Station>
	<Station stationReference="F2502" region="North East" stationName="Howe Bridge" ngr="SE8087876050">
		<SetofValues parameter="Water Level" qualifier="Stage" dataType="Instantaneous" period="15 min" units="m" startDate="2016-02-12" startTime="05:45:00" endDate="2016-02-12" endTime="12:45:00">
			<Value date="2016-02-12" time="05:45:00">1.828</Value>
			<Value date="2016-02-12" time="06:00:00">1.827</Value>
			<Value date="2016-02-12" time="06:15:00">1.826</Value>
			<Value date="2016-02-12" time="06:30:00">1.824</Value>
			<Value date="2016-02-12" time="06:45:00">1.823</Value>
			<Value date="2016-02-12" time="07:00:00">1.822</Value>
			<Value date="2016-02-12" time="07:15:00">1.820</Value>
			<Value date="2016-02-12" time="07:30:00">1.819</Value>
			<Value date="2016-02-12" time="07:45:00">1.818</Value>
			<Value date="2016-02-12" time="08:00:00">1.817</Value>
			<Value date="2016-02-12" time="08:15:00">1.816</Value>
			<Value date="2016-02-12" time="08:30:00">1.815</Value>
			<Value date="2016-02-12" time="08:45:00">1.814</Value>
			<Value date="2016-02-12" time="09:00:00">1.813</Value>
			<Value date="2016-02-12" time="09:15:00">1.811</Value>
			<Value date="2016-02-12" time="09:30:00">1.810</Value>
			<Value date="2016-02-12" time="09:45:00">1.809</Value>
			<Value date="2016-02-12" time="10:00:00">1.808</Value>
			<Value date="2016-02-12" time="10:15:00">1.807</Value>
			<Value date="2016-02-12" time="10:30:00">1.806</Value>
			<Value date="2016-02-12" time="10:45:00">1.805</Value>
			<Value date="2016-02-12" time="11:00:00">1.804</Value>
			<Value date="2016-02-12" time="11:15:00">1.803</Value>
			<Value date="2016-02-12" time="11:30:00">1.802</Value>
			<Value date="2016-02-12" time="11:45:00">1.801</Value>
			<Value date="2016-02-12" time="12:00:00">1.800</Value>
			<Value date="2016-02-12" time="12:15:00">1.799</Value>
			<Value date="2016-02-12" time="12:30:00">1.798</Value>
			<Value date="2016-02-12" time="12:45:00">1.797</Value>
		</SetofValues>
	</Station>
</EATimeSeriesDataExchangeFormat>
