<?xml version="1.0" standalone="yes"?>
<EATimeSeriesDataExchangeFormat xmlns="http://www.environment-agency.gov.uk/XMLSchemas/EATimeSeriesDataExchangeFormat" xmlns:md="http://www.environment-agency.gov.uk/XMLSchemas/EAMetadataFormat" xmlns:xsi="http://www.w3.org/2001/XMLSchema-instance" xsi:schemaLocation="http://www.environment-agency.gov.uk/XMLSchemas/EATimeSeriesDataExchangeFormat EATimeSeriesDataExchangeFormat.xsd">
	<md:Publisher>Environment Agency</md:Publisher>
	<md:Source>North East Regional Telemetry System</md:Source>
	<md:Description>Automated telemetry data export process</md:Description>
	<md:Creator>SCX 6</md:Creator>
	<md:Date>2016-02-12</md:Date>
	<md:Time>13:17:43</md:Time>
	<md:Identifier>NELATSCXAS1</md:Identifier>
	<Station stationReference="L2452" region="North East" stationName="Holgate" ngr="SE5841952429">
		<SetofValues parameter="Water Level" qualifier="Stage" dataType="Instantaneous" period="15 min" units="m" startDate="2016-02-12" startTime="13:15:00" endDate="2016-02-12" endTime="13:15:00">
			<Value date="2016-02-12" time="13:15:00">0.822</Value>
		</SetofValues>
	</Station>
	<Station stationReference="L1800" region="North East" stationName="Airmyn" ngr="SE7217525015">
		<SetofValues parameter="Water Level" qualifier="Stage" dataType="Instantaneous" period="15 min" units="m" startDate="2016-02-12" startTime="12:15:00" endDate="2016-02-12" endTime="13:15:00">
			<Value date="2016-02-12" time="12:15:00">3.025</Value>
			<Value date="2016-02-12" time="12:30:00">2.884</Value>
			<Value date="2016-02-12" time="12:45:00">2.875</Value>
			<Value date="2016-02-12" time="13:00:00">2.875</Value>
			<Value date="2016-02-12" time="13:15:00">2.875</Value>
		</SetofValues>
	</Station>
	<Station stationReference="022006" region="North East" stationName="Hartford Bridge" ngr="NZ2433680000">
		<SetofValues parameter="Water Level" qualifier="Stage" dataType="Instantaneous" period="15 min" units="m" startDate="2016-02-12" startTime="06:00:00" endDate="2016-02-12" endTime="13:15:00">
			<Value date="2016-02-12" time="06:00:00">0.274</Value>
			<Value date="2016-02-12" time="06:15:00">0.273</Value>
			<Value date="2016-02-12" time="06:30:00">0.274</Value>
			<Value date="2016-02-12" time="06:45:00">0.274</Value>
			<Value date="2016-02-12" time="07:00:00">0.274</Value>
			<Value date="2016-02-12" time="07:15:00">0.274</Value>
			<Value date="2016-02-12" time="07:30:00">0.274</Value>
			<Value date="2016-02-12" time="07:45:00">0.274</Value>
			<Value date="2016-02-12" time="08:00:00">0.275</Value>
			<Value date="2016-02-12" time="08:15:00">0.274</Value>
			<Value date="2016-02-12" time="08:30:00">0.274</Value>
			<Value date="2016-02-12" time="08:45:00">0.275</Value>
			<Value date="2016-02-12" time="09:00:00">0.275</Value>
			<Value date="2016-02-12" time="09:15:00">0.274</Value>
			<Value date="2016-02-12" time="09:30:00">0.275</Value>
			<Value date="2016-02-12" time="09:45:00">0.275</Value>
			<Value date="2016-02-12" time="10:00:00">0.274</Value>
			<Value date="2016-02-12" time="10:15:00">0.275</Value>
			<Value date="2016-02-12" time="10:30:00">0.275</Value>
			<Value date="2016-02-12" time="10:45:00">0.275</Value>
			<Value date="2016-02-12" time="11:00:00">0.275</Value>
			<Value date="2016-02-12" time="11:15:00">0.274</Value>
			<Value date="2016-02-12" time="11:30:00">0.274</Value>
			<Value date="2016-02-12" time="11:45:00">0.274</Value>
			<Value date="2016-02-12" time="12:00:00">0.275</Value>
			<Value date="2016-02-12" time="12:15:00">0.275</Value>
			<Value date="2016-02-12" time="12:30:00">0.274</Value>
			<Value date="2016-02-12" time="12:45:00">0.274</Value>
			<Value date="2016-02-12" time="13:00:00">0.274</Value>
			<Value date="2016-02-12" time="13:15:00">0.274</Value>
		</SetofValues>
	</Station>
</EATimeSeriesDataExchangeFormat>
