<?xml version="1.0" standalone="yes"?>
<EATimeSeriesDataExchangeFormat xmlns="http://www.environment-agency.gov.uk/XMLSchemas/EATimeSeriesDataExchangeFormat" xmlns:md="http://www.environment-agency.gov.uk/XMLSchemas/EAMetadataFormat" xmlns:xsi="http://www.w3.org/2001/XMLSchema-instance" xsi:schemaLocation="http://www.environment-agency.gov.uk/XMLSchemas/EATimeSeriesDataExchangeFormat EATimeSeriesDataExchangeFormat.xsd">
	<md:Publisher>Environment Agency</md:Publisher>
	<md:Source>North East Regional Telemetry System</md:Source>
	<md:Description>Automated telemetry data export process</md:Description>
	<md:Creator>SCX 6</md:Creator>
	<md:Date>2016-02-12</md:Date>
	<md:Time>14:02:43</md:Time>
	<md:Identifier>NELATSCXAS1</md:Identifier>
	<Station stationReference="L2462" region="North East" stationName="Rawcliffe" ngr="SE5794353901">
		<SetofValues parameter="Water Level" qualifier="Stage" dataType="Instantaneous" period="15 min" units="m" startDate="2016-02-12" startTime="13:15:00" endDate="2016-02-12" endTime="14:00:00">
			<Value date="2016-02-12" time="13:15:00">0.366</Value>
			<Value date="2016-02-12" time="13:30:00">0.359</Value>
			<Value date="2016-02-12" time="13:45:00">0.352</Value>
			<Value date="2016-02-12" time="14:00:00">0.341</Value>
		</SetofValues>
	</Station>
	<Station stationReference="L2452" region="North East" stationName="Holgate" ngr="SE5841952429">
		<SetofValues parameter="Water Level" qualifier="Stage" dataType="Instantaneous" period="15 min" units="m" startDate="2016-02-12" startTime="13:45:00" endDate="2016-02-12" endTime="14:00:00">
			<Value date="2016-02-12" time="13:45:00">0.812</Value>
			<Value date="2016-02-12" time="14:00:00">0.806</Value>
		</SetofValues>
	</Station>
	<Station stationReference="L2412" region="North East" stationName="Selby Wistow Sluices" ngr="SE6275434481">
		<SetofValues parameter="Water Level" qualifier="Stage" dataType="Instantaneous" period="15 min" units="mAOD" startDate="2016-02-12" startTime="13:15:00" endDate="2016-02-12" endTime="14:00:00">
			<Value date="2016-02-12" time="13:15:00">3.801</Value>
			<Value date="2016-02-12" time="13:30:00">3.703</Value>
			<Value date="2016-02-12" time="13:45:00">3.606</Value>
			<Value date="2016-02-12" time="14:00:00">3.512</Value>
		</SetofValues>
	</Station>
	<Station stationReference="L2409" region="North East" stationName="Moor Monkton PS Temp" ngr="SE5260057506">
		<SetofValues parameter="Water Level" qualifier="Stage" dataType="Instantaneous" period="15 min" units="m" startDate="2016-02-12" startTime="13:15:00" endDate="2016-02-12" endTime="14:00:00">
			<Value date="2016-02-12" time="13:15:00">1.741</Value>
			<Value date="2016-02-12" time="13:30:00">1.736</Value>
			<Value date="2016-02-12" time="13:45:00">1.729</Value>
			<Value date="2016-02-12" time="14:00:00">1.724</Value>
		</SetofValues>
	</Station>
	<Station stationReference="L2406" region="North East" stationName="York Viking Recorder" ngr="SE6010951782">
		<SetofValues parameter="Water Level" qualifier="Stage" dataType="Instantaneous" period="15 min" units="m" startDate="2016-02-12" startTime="13:15:00" endDate="2016-02-12" endTime="14:00:00">
			<Value date="2016-02-12" time="13:15:00">1.200</Value>
			<Value date="2016-02-12" time="13:30:00">1.196</Value>
			<Value date="2016-02-12" time="13:45:00">1.189</Value>
			<Value date="2016-02-12" time="14:00:00">1.185</Value>
		</SetofValues>
	</Station>
	<Station stationReference="L2404" region="North East" stationName="York Foss Barrier" ngr="SE6054151119">
		<SetofValues parameter="Water Level" qualifier="Stage" dataType="Instantaneous" period="15 min" units="mAOD" startDate="2016-02-12" startTime="13:15:00" endDate="2016-02-12" endTime="14:00:00">
			<Value date="2016-02-12" time="13:15:00">6.167</Value>
			<Value date="2016-02-12" time="13:30:00">6.159</Value>
			<Value date="2016-02-12" time="13:45:00">6.164</Value>
			<Value date="2016-02-12" time="14:00:00">6.150</Value>
		</SetofValues>
	</Station>
	<Station stationReference="L2403" region="North East" stationName="Cawood" ngr="SE5768437742">
		<SetofValues parameter="Water Level" qualifier="Stage" dataType="Instantaneous" period="15 min" units="mAOD" startDate="2016-02-12" startTime="13:15:00" endDate="2016-02-12" endTime="14:00:00">
			<Value date="2016-02-12" time="13:15:00">4.650</Value>
			<Value date="2016-02-12" time="13:30:00">4.587</Value>
			<Value date="2016-02-12" time="13:45:00">4.515</Value>
			<Value date="2016-02-12" time="14:00:00">4.447</Value>
		</SetofValues>
	</Station>
	<Station stationReference="L2402" region="North East" stationName="Naburn" ngr="SE5939444477">
		<SetofValues parameter="Water Level" qualifier="Downstream Stage" dataType="Instantaneous" period="15 min" units="mAOD" startDate="2016-02-12" startTime="13:15:00" endDate="2016-02-12" endTime="14:00:00">
			<Value date="2016-02-12" time="13:15:00">5.866</Value>
			<Value date="2016-02-12" time="13:30:00">5.829</Value>
			<Value date="2016-02-12" time="13:45:00">5.792</Value>
			<Value date="2016-02-12" time="14:00:00">5.752</Value>
		</SetofValues>
	</Station>
	<Station stationReference="L2401A" region="North East" stationName="Selby Westmill Foods" ngr="SE6160732603">
		<SetofValues parameter="Water Level" qualifier="Stage" dataType="Instantaneous" period="15 min" units="mAOD" startDate="2016-02-12" startTime="13:15:00" endDate="2016-02-12" endTime="14:00:00">
			<Value date="2016-02-12" time="13:15:00">3.608</Value>
			<Value date="2016-02-12" time="13:30:00">3.498</Value>
			<Value date="2016-02-12" time="13:45:00">3.399</Value>
			<Value date="2016-02-12" time="14:00:00">3.302</Value>
		</SetofValues>
	</Station>
	<Station stationReference="L24001" region="North East" stationName="Selby Lock" ngr="SE6222732200">
		<SetofValues parameter="Water Level" qualifier="Stage" dataType="Instantaneous" period="15 min" units="mAOD" startDate="2016-02-12" startTime="13:15:00" endDate="2016-02-12" endTime="14:00:00">
			<Value date="2016-02-12" time="13:15:00">3.314</Value>
			<Value date="2016-02-12" time="13:30:00">3.203</Value>
			<Value date="2016-02-12" time="13:45:00">3.097</Value>
			<Value date="2016-02-12" time="14:00:00">3.003</Value>
		</SetofValues>
	</Station>
	<Station stationReference="L08013" region="North East" stationName="Bolton Bridge" ngr="SE4568502119">
		<SetofValues parameter="Water Level" qualifier="Stage" dataType="Instantaneous" period="15 min" units="m" startDate="2016-02-12" startTime="14:00:00" endDate="2016-02-12" endTime="14:00:00">
			<Value date="2016-02-12" time="14:00:00">0.587</Value>
		</SetofValues>
	</Station>
	<Station stationReference="F2405" region="North East" stationName="Skelton" ngr="SE5683955398">
		<SetofValues parameter="Water Level" qualifier="Stage" dataType="Instantaneous" period="15 min" units="m" startDate="2016-02-12" startTime="13:15:00" endDate="2016-02-12" endTime="14:00:00">
			<Value date="2016-02-12" time="13:15:00">1.917</Value>
			<Value date="2016-02-12" time="13:30:00">1.910</Value>
			<Value date="2016-02-12" time="13:45:00">1.902</Value>
			<Value date="2016-02-12" time="14:00:00">1.898</Value>
		</SetofValues>
	</Station>
	<Station stationReference="078922" region="North East" stationName="Honley Ludhill Farm" ngr="SE1551112167">
		<SetofValues parameter="Rainfall" qualifier="Tipping Bucket Raingauge" dataType="Total" period="15 min" units="mm" startDate="2016-02-12" startTime="06:15:00" endDate="2016-02-12" endTime="14:00:00">
			<Value date="2016-02-12" time="06:15:00">0.0</Value>
			<Value date="2016-02-12" time="06:30:00">0.0</Value>
			<Value date="2016-02-12" time="06:45:00">0.0</Value>
			<Value date="2016-02-12" time="07:00:00">0.0</Value>
			<Value date="2016-02-12" time="07:15:00">0.0</Value>
			<Value date="2016-02-12" time="07:30:00">0.0</Value>
			<Value date="2016-02-12" time="07:45:00">0.0</Value>
			<Value date="2016-02-12" time="08:00:00">0.0</Value>
			<Value date="2016-02-12" time="08:15:00">0.0</Value>
			<Value date="2016-02-12" time="08:30:00">0.0</Value>
			<Value date="2016-02-12" time="08:45:00">0.0</Value>
			<Value date="2016-02-12" time="09:00:00">0.0</Value>
			<Value date="2016-02-12" time="09:15:00">0.0</Value>
			<Value date="2016-02-12" time="09:30:00">0.0</Value>
			<Value date="2016-02-12" time="09:45:00">0.0</Value>
			<Value date="2016-02-12" time="10:00:00">0.0</Value>
			<Value date="2016-02-12" time="10:15:00">0.0</Value>
			<Value date="2016-02-12" time="10:30:00">0.0</Value>
			<Value date="2016-02-12" time="10:45:00">0.0</Value>
			<Value date="2016-02-12" time="11:00:00">0.0</Value>
			<Value date="2016-02-12" time="11:15:00">0.0</Value>
			<Value date="2016-02-12" time="11:30:00">0.0</Value>
			<Value date="2016-02-12" time="11:45:00">0.0</Value>
			<Value date="2016-02-12" time="12:00:00">0.0</Value>
			<Value date="2016-02-12" time="12:15:00">0.0</Value>
			<Value date="2016-02-12" time="12:30:00">0.0</Value>
			<Value date="2016-02-12" time="12:45:00">0.0</Value>
			<Value date="2016-02-12" time="13:00:00">0.0</Value>
			<Value date="2016-02-12" time="13:15:00">0.0</Value>
			<Value date="2016-02-12" time="13:30:00">0.0</Value>
			<Value date="2016-02-12" time="13:45:00">0.0</Value>
			<Value date="2016-02-12" time="14:00:00">0.2</Value>
		</SetofValues>
	</Station>
	<Station stationReference="013045" region="North East" stationName="Garrigill Noonstones Hill" ngr="NY7573938697">
		<SetofValues parameter="Rainfall" qualifier="Tipping Bucket Raingauge" dataType="Total" period="15 min" units="mm" startDate="2016-02-12" startTime="14:00:00" endDate="2016-02-12" endTime="14:00:00">
			<Value date="2016-02-12" time="14:00:00">0.0</Value>
		</SetofValues>
	</Station>
</EATimeSeriesDataExchangeFormat>
