<?xml version="1.0" standalone="yes"?>
<EATimeSeriesDataExchangeFormat xmlns="http://www.environment-agency.gov.uk/XMLSchemas/EATimeSeriesDataExchangeFormat" xmlns:md="http://www.environment-agency.gov.uk/XMLSchemas/EAMetadataFormat" xmlns:xsi="http://www.w3.org/2001/XMLSchema-instance" xsi:schemaLocation="http://www.environment-agency.gov.uk/XMLSchemas/EATimeSeriesDataExchangeFormat EATimeSeriesDataExchangeFormat.xsd">
	<md:Publisher>Environment Agency</md:Publisher>
	<md:Source>North East Regional Telemetry System</md:Source>
	<md:Description>Automated telemetry data export process</md:Description>
	<md:Creator>SCX 6</md:Creator>
	<md:Date>2016-02-12</md:Date>
	<md:Time>10:02:43</md:Time>
	<md:Identifier>NELATSCXAS1</md:Identifier>
	<Station stationReference="L2462" region="North East" stationName="Rawcliffe" ngr="SE5794353901">
		<SetofValues parameter="Water Level" qualifier="Stage" dataType="Instantaneous" period="15 min" units="m" startDate="2016-02-12" startTime="09:15:00" endDate="2016-02-12" endTime="10:00:00">
			<Value date="2016-02-12" time="09:15:00">0.593</Value>
			<Value date="2016-02-12" time="09:30:00">0.576</Value>
			<Value date="2016-02-12" time="09:45:00">0.554</Value>
			<Value date="2016-02-12" time="10:00:00">0.537</Value>
		</SetofValues>
	</Station>
	<Station stationReference="L2452" region="North East" stationName="Holgate" ngr="SE5841952429">
		<SetofValues parameter="Water Level" qualifier="Stage" dataType="Instantaneous" period="15 min" units="m" startDate="2016-02-12" startTime="09:15:00" endDate="2016-02-12" endTime="10:00:00">
			<Value date="2016-02-12" time="09:15:00">0.916</Value>
			<Value date="2016-02-12" time="09:30:00">0.908</Value>
			<Value date="2016-02-12" time="09:45:00">0.898</Value>
			<Value date="2016-02-12" time="10:00:00">0.891</Value>
		</SetofValues>
	</Station>
	<Station stationReference="L2412" region="North East" stationName="Selby Wistow Sluices" ngr="SE6275434481">
		<SetofValues parameter="Water Level" qualifier="Stage" dataType="Instantaneous" period="15 min" units="mAOD" startDate="2016-02-12" startTime="10:00:00" endDate="2016-02-12" endTime="10:00:00">
			<Value date="2016-02-12" time="10:00:00">4.572</Value>
		</SetofValues>
	</Station>
	<Station stationReference="L2409" region="North East" stationName="Moor Monkton PS Temp" ngr="SE5260057506">
		<SetofValues parameter="Water Level" qualifier="Stage" dataType="Instantaneous" period="15 min" units="m" startDate="2016-02-12" startTime="09:15:00" endDate="2016-02-12" endTime="10:00:00">
			<Value date="2016-02-12" time="09:15:00">1.871</Value>
			<Value date="2016-02-12" time="09:30:00">1.861</Value>
			<Value date="2016-02-12" time="09:45:00">1.850</Value>
			<Value date="2016-02-12" time="10:00:00">1.840</Value>
		</SetofValues>
	</Station>
	<Station stationReference="L2406" region="North East" stationName="York Viking Recorder" ngr="SE6010951782">
		<SetofValues parameter="Water Level" qualifier="Stage" dataType="Instantaneous" period="15 min" units="m" startDate="2016-02-12" startTime="10:00:00" endDate="2016-02-12" endTime="10:00:00">
			<Value date="2016-02-12" time="10:00:00">1.254</Value>
		</SetofValues>
	</Station>
	<Station stationReference="L2404" region="North East" stationName="York Foss Barrier" ngr="SE6054151119">
		<SetofValues parameter="Water Level" qualifier="Stage" dataType="Instantaneous" period="15 min" units="mAOD" startDate="2016-02-12" startTime="10:00:00" endDate="2016-02-12" endTime="10:00:00">
			<Value date="2016-02-12" time="10:00:00">6.221</Value>
		</SetofValues>
	</Station>
	<Station stationReference="L2403" region="North East" stationName="Cawood" ngr="SE5768437742">
		<SetofValues parameter="Water Level" qualifier="Stage" dataType="Instantaneous" period="15 min" units="mAOD" startDate="2016-02-12" startTime="10:00:00" endDate="2016-02-12" endTime="10:00:00">
			<Value date="2016-02-12" time="10:00:00">4.415</Value>
		</SetofValues>
	</Station>
	<Station stationReference="L2402" region="North East" stationName="Naburn" ngr="SE5939444477">
		<SetofValues parameter="Water Level" qualifier="Downstream Stage" dataType="Instantaneous" period="15 min" units="mAOD" startDate="2016-02-12" startTime="10:00:00" endDate="2016-02-12" endTime="10:00:00">
			<Value date="2016-02-12" time="10:00:00">5.408</Value>
		</SetofValues>
	</Station>
	<Station stationReference="L24001" region="North East" stationName="Selby Lock" ngr="SE6222732200">
		<SetofValues parameter="Water Level" qualifier="Stage" dataType="Instantaneous" period="15 min" units="mAOD" startDate="2016-02-12" startTime="10:00:00" endDate="2016-02-12" endTime="10:00:00">
			<Value date="2016-02-12" time="10:00:00">4.477</Value>
		</SetofValues>
	</Station>
	<Station stationReference="F2405" region="North East" stationName="Skelton" ngr="SE5683955398">
		<SetofValues parameter="Water Level" qualifier="Stage" dataType="Instantaneous" period="15 min" units="m" startDate="2016-02-12" startTime="10:00:00" endDate="2016-02-12" endTime="10:00:00">
			<Value date="2016-02-12" time="10:00:00">1.999</Value>
		</SetofValues>
	</Station>
	<Station stationReference="086575" region="North East" stationName="South Emsall STW" ngr="SE4838210712">
		<SetofValues parameter="Rainfall" qualifier="Tipping Bucket Raingauge" dataType="Total" period="15 min" units="mm" startDate="2016-02-12" startTime="05:30:00" endDate="2016-02-12" endTime="10:00:00">
			<Value date="2016-02-12" time="05:30:00">0.0</Value>
			<Value date="2016-02-12" time="05:45:00">0.0</Value>
			<Value date="2016-02-12" time="06:00:00">0.0</Value>
			<Value date="2016-02-12" time="06:15:00">0.0</Value>
			<Value date="2016-02-12" time="06:30:00">0.0</Value>
			<Value date="2016-02-12" time="06:45:00">0.0</Value>
			<Value date="2016-02-12" time="07:00:00">0.0</Value>
			<Value date="2016-02-12" time="07:15:00">0.0</Value>
			<Value date="2016-02-12" time="07:30:00">0.0</Value>
			<Value date="2016-02-12" time="07:45:00">0.0</Value>
			<Value date="2016-02-12" time="08:00:00">0.0</Value>
			<Value date="2016-02-12" time="08:15:00">0.0</Value>
			<Value date="2016-02-12" time="08:30:00">0.0</Value>
			<Value date="2016-02-12" time="08:45:00">0.0</Value>
			<Value date="2016-02-12" time="09:00:00">0.0</Value>
			<Value date="2016-02-12" time="09:15:00">0.0</Value>
			<Value date="2016-02-12" time="09:30:00">0.0</Value>
			<Value date="2016-02-12" time="09:45:00">0.2</Value>
			<Value date="2016-02-12" time="10:00:00">0.2</Value>
		</SetofValues>
	</Station>
	<Station stationReference="062046" region="North East" stationName="Grimwith Reservoir" ngr="SE0577763931">
		<SetofValues parameter="Rainfall" qualifier="Tipping Bucket Raingauge" dataType="Total" period="15 min" units="mm" startDate="2016-02-12" startTime="09:15:00" endDate="2016-02-12" endTime="10:00:00">
			<Value date="2016-02-12" time="09:15:00">0.2</Value>
			<Value date="2016-02-12" time="09:30:00">0.2</Value>
			<Value date="2016-02-12" time="09:45:00">0.0</Value>
			<Value date="2016-02-12" time="10:00:00">0.2</Value>
		</SetofValues>
	</Station>
	<Station stationReference="034459" region="North East" stationName="Lockwood Reservoir" ngr="NZ6712714106">
		<SetofValues parameter="Rainfall" qualifier="Tipping Bucket Raingauge" dataType="Total" period="15 min" units="mm" startDate="2016-02-12" startTime="06:00:00" endDate="2016-02-12" endTime="10:00:00">
			<Value date="2016-02-12" time="06:00:00">0.0</Value>
			<Value date="2016-02-12" time="06:15:00">0.0</Value>
			<Value date="2016-02-12" time="06:30:00">0.0</Value>
			<Value date="2016-02-12" time="06:45:00">0.0</Value>
			<Value date="2016-02-12" time="07:00:00">0.0</Value>
			<Value date="2016-02-12" time="07:15:00">0.0</Value>
			<Value date="2016-02-12" time="07:30:00">0.0</Value>
			<Value date="2016-02-12" time="07:45:00">0.0</Value>
			<Value date="2016-02-12" time="08:00:00">0.0</Value>
			<Value date="2016-02-12" time="08:15:00">0.0</Value>
			<Value date="2016-02-12" time="08:30:00">0.0</Value>
			<Value date="2016-02-12" time="08:45:00">0.0</Value>
			<Value date="2016-02-12" time="09:00:00">0.0</Value>
			<Value date="2016-02-12" time="09:15:00">0.0</Value>
			<Value date="2016-02-12" time="09:30:00">0.0</Value>
			<Value date="2016-02-12" time="09:45:00">0.0</Value>
			<Value date="2016-02-12" time="10:00:00">0.2</Value>
		</SetofValues>
	</Station>
	<Station stationReference="023028" region="North East" stationName="Chollerford" ngr="NY9196170577">
		<SetofValues parameter="Water Level" qualifier="Stage" dataType="Instantaneous" period="15 min" units="m" startDate="2016-02-12" startTime="10:00:00" endDate="2016-02-12" endTime="10:00:00">
			<Value date="2016-02-12" time="10:00:00">0.404</Value>
		</SetofValues>
	</Station>
	<Station stationReference="016140" region="North East" stationName="Hexham Firtrees" ngr="NY8989062845">
		<SetofValues parameter="Rainfall" qualifier="Tipping Bucket Raingauge" dataType="Total" period="15 min" units="mm" startDate="2016-02-12" startTime="06:00:00" endDate="2016-02-12" endTime="10:00:00">
			<Value date="2016-02-12" time="06:00:00">0.0</Value>
			<Value date="2016-02-12" time="06:15:00">0.0</Value>
			<Value date="2016-02-12" time="06:30:00">0.0</Value>
			<Value date="2016-02-12" time="06:45:00">0.0</Value>
			<Value date="2016-02-12" time="07:00:00">0.0</Value>
			<Value date="2016-02-12" time="07:15:00">0.0</Value>
			<Value date="2016-02-12" time="07:30:00">0.0</Value>
			<Value date="2016-02-12" time="07:45:00">0.0</Value>
			<Value date="2016-02-12" time="08:00:00">0.0</Value>
			<Value date="2016-02-12" time="08:15:00">0.0</Value>
			<Value date="2016-02-12" time="08:30:00">0.0</Value>
			<Value date="2016-02-12" time="08:45:00">0.0</Value>
			<Value date="2016-02-12" time="09:00:00">0.0</Value>
			<Value date="2016-02-12" time="09:15:00">0.0</Value>
			<Value date="2016-02-12" time="09:30:00">0.0</Value>
			<Value date="2016-02-12" time="09:45:00">0.2</Value>
			<Value date="2016-02-12" time="10:00:00">0.0</Value>
		</SetofValues>
	</Station>
	<Station stationReference="005588" region="North East" stationName="Newbiggin By The Sea STW" ngr="NZ3052886881">
		<SetofValues parameter="Rainfall" qualifier="Tipping Bucket Raingauge" dataType="Total" period="15 min" units="mm" startDate="2016-02-12" startTime="06:00:00" endDate="2016-02-12" endTime="10:00:00">
			<Value date="2016-02-12" time="06:00:00">0.0</Value>
			<Value date="2016-02-12" time="06:15:00">0.0</Value>
			<Value date="2016-02-12" time="06:30:00">0.0</Value>
			<Value date="2016-02-12" time="06:45:00">0.0</Value>
			<Value date="2016-02-12" time="07:00:00">0.0</Value>
			<Value date="2016-02-12" time="07:15:00">0.0</Value>
			<Value date="2016-02-12" time="07:30:00">0.0</Value>
			<Value date="2016-02-12" time="07:45:00">0.0</Value>
			<Value date="2016-02-12" time="08:00:00">0.0</Value>
			<Value date="2016-02-12" time="08:15:00">0.0</Value>
			<Value date="2016-02-12" time="08:30:00">0.0</Value>
			<Value date="2016-02-12" time="08:45:00">0.0</Value>
			<Value date="2016-02-12" time="09:00:00">0.0</Value>
			<Value date="2016-02-12" time="09:15:00">0.2</Value>
			<Value date="2016-02-12" time="09:30:00">0.0</Value>
			<Value date="2016-02-12" time="09:45:00">0.0</Value>
			<Value date="2016-02-12" time="10:00:00">0.0</Value>
		</SetofValues>
	</Station>
	<Station stationReference="000032" region="North East" stationName="Scaling Reservoir" ngr="NZ7482112848">
		<SetofValues parameter="Rainfall" qualifier="Tipping Bucket Raingauge" dataType="Total" period="15 min" units="mm" startDate="2016-02-12" startTime="05:45:00" endDate="2016-02-12" endTime="10:00:00">
			<Value date="2016-02-12" time="05:45:00">0.0</Value>
			<Value date="2016-02-12" time="06:00:00">0.0</Value>
			<Value date="2016-02-12" time="06:15:00">0.0</Value>
			<Value date="2016-02-12" time="06:30:00">0.0</Value>
			<Value date="2016-02-12" time="06:45:00">0.0</Value>
			<Value date="2016-02-12" time="07:00:00">0.0</Value>
			<Value date="2016-02-12" time="07:15:00">0.0</Value>
			<Value date="2016-02-12" time="07:30:00">0.0</Value>
			<Value date="2016-02-12" time="07:45:00">0.0</Value>
			<Value date="2016-02-12" time="08:00:00">0.0</Value>
			<Value date="2016-02-12" time="08:15:00">0.0</Value>
			<Value date="2016-02-12" time="08:30:00">0.0</Value>
			<Value date="2016-02-12" time="08:45:00">0.0</Value>
			<Value date="2016-02-12" time="09:00:00">0.0</Value>
			<Value date="2016-02-12" time="09:15:00">0.0</Value>
			<Value date="2016-02-12" time="09:30:00">0.0</Value>
			<Value date="2016-02-12" time="09:45:00">0.2</Value>
			<Value date="2016-02-12" time="10:00:00">0.0</Value>
		</SetofValues>
	</Station>
</EATimeSeriesDataExchangeFormat>
