<?xml version="1.0" standalone="yes"?>
<EATimeSeriesDataExchangeFormat xmlns="http://www.environment-agency.gov.uk/XMLSchemas/EATimeSeriesDataExchangeFormat" xmlns:md="http://www.environment-agency.gov.uk/XMLSchemas/EAMetadataFormat" xmlns:xsi="http://www.w3.org/2001/XMLSchema-instance" xsi:schemaLocation="http://www.environment-agency.gov.uk/XMLSchemas/EATimeSeriesDataExchangeFormat EATimeSeriesDataExchangeFormat.xsd">
	<md:Publisher>Environment Agency</md:Publisher>
	<md:Source>North East Regional Telemetry System</md:Source>
	<md:Description>Automated telemetry data export process</md:Description>
	<md:Creator>SCX 6</md:Creator>
	<md:Date>2016-02-12</md:Date>
	<md:Time>12:06:28</md:Time>
	<md:Identifier>NELATSCXAS1</md:Identifier>
	<Station stationReference="L1535" region="North East" stationName="Skipton Morrisons" ngr="SD9861851484">
		<SetofValues parameter="Water Level" qualifier="Stage" dataType="Instantaneous" period="15 min" units="m" startDate="2016-02-12" startTime="12:03:14" endDate="2016-02-12" endTime="12:04:28">
			<Value date="2016-02-12" time="12:03:14">-2.500</Value>
			<Value date="2016-02-12" time="12:04:28">-2.500</Value>
		</SetofValues>
	</Station>
	<Station stationReference="F3316" region="North East" stationName="Burstwick Hall Road Bridge" ngr="TA2248328656">
		<SetofValues parameter="Water Level" qualifier="Stage" dataType="Instantaneous" period="15 min" units="mAOD" startDate="2016-02-12" startTime="12:00:00" endDate="2016-02-12" endTime="12:00:00">
			<Value date="2016-02-12" time="12:00:00">1.268</Value>
		</SetofValues>
	</Station>
	<Station stationReference="F2002" region="North East" stationName="Tadcaster" ngr="SE4770944121">
		<SetofValues parameter="Flow" qualifier="Logged" dataType="Instantaneous" period="15 min" units="m3/s" startDate="2016-02-12" startTime="05:45:00" endDate="2016-02-12" endTime="12:00:00">
			<Value date="2016-02-12" time="05:45:00">26.87</Value>
			<Value date="2016-02-12" time="06:00:00">26.90</Value>
			<Value date="2016-02-12" time="06:15:00">26.73</Value>
			<Value date="2016-02-12" time="06:30:00">26.68</Value>
			<Value date="2016-02-12" time="06:45:00">26.67</Value>
			<Value date="2016-02-12" time="07:00:00">26.51</Value>
			<Value date="2016-02-12" time="07:15:00">26.40</Value>
			<Value date="2016-02-12" time="07:30:00">26.32</Value>
			<Value date="2016-02-12" time="07:45:00">26.21</Value>
			<Value date="2016-02-12" time="08:00:00">26.20</Value>
			<Value date="2016-02-12" time="08:15:00">26.07</Value>
			<Value date="2016-02-12" time="08:30:00">26.03</Value>
			<Value date="2016-02-12" time="08:45:00">25.94</Value>
			<Value date="2016-02-12" time="09:00:00">25.73</Value>
			<Value date="2016-02-12" time="09:15:00">25.72</Value>
			<Value date="2016-02-12" time="09:30:00">25.62</Value>
			<Value date="2016-02-12" time="09:45:00">25.51</Value>
			<Value date="2016-02-12" time="10:00:00">25.44</Value>
			<Value date="2016-02-12" time="10:15:00">25.27</Value>
			<Value date="2016-02-12" time="10:30:00">25.20</Value>
			<Value date="2016-02-12" time="10:45:00">25.14</Value>
			<Value date="2016-02-12" time="11:00:00">25.06</Value>
			<Value date="2016-02-12" time="11:15:00">24.93</Value>
			<Value date="2016-02-12" time="11:30:00">24.77</Value>
			<Value date="2016-02-12" time="11:45:00">24.65</Value>
			<Value date="2016-02-12" time="12:00:00">24.55</Value>
		</SetofValues>
	</Station>
	<Station stationReference="078772" region="North East" stationName="Brownhill Reservoir" ngr="SE1173506210">
		<SetofValues parameter="Rainfall" qualifier="Tipping Bucket Raingauge" dataType="Total" period="15 min" units="mm" startDate="2016-02-12" startTime="05:30:00" endDate="2016-02-12" endTime="12:00:00">
			<Value date="2016-02-12" time="05:30:00">0.0</Value>
			<Value date="2016-02-12" time="05:45:00">0.0</Value>
			<Value date="2016-02-12" time="06:00:00">0.0</Value>
			<Value date="2016-02-12" time="06:15:00">0.0</Value>
			<Value date="2016-02-12" time="06:30:00">0.0</Value>
			<Value date="2016-02-12" time="06:45:00">0.0</Value>
			<Value date="2016-02-12" time="07:00:00">0.0</Value>
			<Value date="2016-02-12" time="07:15:00">0.0</Value>
			<Value date="2016-02-12" time="07:30:00">0.0</Value>
			<Value date="2016-02-12" time="07:45:00">0.0</Value>
			<Value date="2016-02-12" time="08:00:00">0.0</Value>
			<Value date="2016-02-12" time="08:15:00">0.0</Value>
			<Value date="2016-02-12" time="08:30:00">0.0</Value>
			<Value date="2016-02-12" time="08:45:00">0.0</Value>
			<Value date="2016-02-12" time="09:00:00">0.0</Value>
			<Value date="2016-02-12" time="09:15:00">0.0</Value>
			<Value date="2016-02-12" time="09:30:00">0.0</Value>
			<Value date="2016-02-12" time="09:45:00">0.0</Value>
			<Value date="2016-02-12" time="10:00:00">0.0</Value>
			<Value date="2016-02-12" time="10:15:00">0.0</Value>
			<Value date="2016-02-12" time="10:30:00">0.0</Value>
			<Value date="2016-02-12" time="10:45:00">0.0</Value>
			<Value date="2016-02-12" time="11:00:00">0.0</Value>
			<Value date="2016-02-12" time="11:15:00">0.0</Value>
			<Value date="2016-02-12" time="11:30:00">0.0</Value>
			<Value date="2016-02-12" time="11:45:00">0.2</Value>
			<Value date="2016-02-12" time="12:00:00">0.0</Value>
		</SetofValues>
	</Station>
	<Station stationReference="077952" region="North East" stationName="Halifax Ogden Reservoir" ngr="SE0642630665">
		<SetofValues parameter="Rainfall" qualifier="Tipping Bucket Raingauge" dataType="Total" period="15 min" units="mm" startDate="2016-02-12" startTime="05:30:00" endDate="2016-02-12" endTime="12:00:00">
			<Value date="2016-02-12" time="05:30:00">0.0</Value>
			<Value date="2016-02-12" time="05:45:00">0.0</Value>
			<Value date="2016-02-12" time="06:00:00">0.0</Value>
			<Value date="2016-02-12" time="06:15:00">0.0</Value>
			<Value date="2016-02-12" time="06:30:00">0.0</Value>
			<Value date="2016-02-12" time="06:45:00">0.0</Value>
			<Value date="2016-02-12" time="07:00:00">0.0</Value>
			<Value date="2016-02-12" time="07:15:00">0.0</Value>
			<Value date="2016-02-12" time="07:30:00">0.0</Value>
			<Value date="2016-02-12" time="07:45:00">0.0</Value>
			<Value date="2016-02-12" time="08:00:00">0.0</Value>
			<Value date="2016-02-12" time="08:15:00">0.0</Value>
			<Value date="2016-02-12" time="08:30:00">0.0</Value>
			<Value date="2016-02-12" time="08:45:00">0.0</Value>
			<Value date="2016-02-12" time="09:00:00">0.0</Value>
			<Value date="2016-02-12" time="09:15:00">0.0</Value>
			<Value date="2016-02-12" time="09:30:00">0.0</Value>
			<Value date="2016-02-12" time="09:45:00">0.0</Value>
			<Value date="2016-02-12" time="10:00:00">0.0</Value>
			<Value date="2016-02-12" time="10:15:00">0.0</Value>
			<Value date="2016-02-12" time="10:30:00">0.0</Value>
			<Value date="2016-02-12" time="10:45:00">0.0</Value>
			<Value date="2016-02-12" time="11:00:00">0.0</Value>
			<Value date="2016-02-12" time="11:15:00">0.0</Value>
			<Value date="2016-02-12" time="11:30:00">0.2</Value>
			<Value date="2016-02-12" time="11:45:00">0.0</Value>
			<Value date="2016-02-12" time="12:00:00">0.0</Value>
		</SetofValues>
	</Station>
	<Station stationReference="074108" region="North East" stationName="Lothersdale Proctor Heights" ngr="SD9362346154">
		<SetofValues parameter="Rainfall" qualifier="Tipping Bucket Raingauge" dataType="Total" period="15 min" units="mm" startDate="2016-02-12" startTime="05:30:00" endDate="2016-02-12" endTime="12:00:00">
			<Value date="2016-02-12" time="05:30:00">0.0</Value>
			<Value date="2016-02-12" time="05:45:00">0.0</Value>
			<Value date="2016-02-12" time="06:00:00">0.0</Value>
			<Value date="2016-02-12" time="06:15:00">0.0</Value>
			<Value date="2016-02-12" time="06:30:00">0.0</Value>
			<Value date="2016-02-12" time="06:45:00">0.0</Value>
			<Value date="2016-02-12" time="07:00:00">0.0</Value>
			<Value date="2016-02-12" time="07:15:00">0.0</Value>
			<Value date="2016-02-12" time="07:30:00">0.0</Value>
			<Value date="2016-02-12" time="07:45:00">0.0</Value>
			<Value date="2016-02-12" time="08:00:00">0.0</Value>
			<Value date="2016-02-12" time="08:15:00">0.0</Value>
			<Value date="2016-02-12" time="08:30:00">0.0</Value>
			<Value date="2016-02-12" time="08:45:00">0.0</Value>
			<Value date="2016-02-12" time="09:00:00">0.0</Value>
			<Value date="2016-02-12" time="09:15:00">0.0</Value>
			<Value date="2016-02-12" time="09:30:00">0.0</Value>
			<Value date="2016-02-12" time="09:45:00">0.0</Value>
			<Value date="2016-02-12" time="10:00:00">0.0</Value>
			<Value date="2016-02-12" time="10:15:00">0.0</Value>
			<Value date="2016-02-12" time="10:30:00">0.0</Value>
			<Value date="2016-02-12" time="10:45:00">0.0</Value>
			<Value date="2016-02-12" time="11:00:00">0.0</Value>
			<Value date="2016-02-12" time="11:15:00">0.0</Value>
			<Value date="2016-02-12" time="11:30:00">0.2</Value>
			<Value date="2016-02-12" time="11:45:00">0.0</Value>
			<Value date="2016-02-12" time="12:00:00">0.0</Value>
		</SetofValues>
	</Station>
	<Station stationReference="061431" region="North East" stationName="Littondale" ngr="SD9011474278">
		<SetofValues parameter="Rainfall" qualifier="Tipping Bucket Raingauge" dataType="Total" period="15 min" units="mm" startDate="2016-02-12" startTime="05:45:00" endDate="2016-02-12" endTime="12:00:00">
			<Value date="2016-02-12" time="05:45:00">0.0</Value>
			<Value date="2016-02-12" time="06:00:00">0.0</Value>
			<Value date="2016-02-12" time="06:15:00">0.0</Value>
			<Value date="2016-02-12" time="06:30:00">0.0</Value>
			<Value date="2016-02-12" time="06:45:00">0.0</Value>
			<Value date="2016-02-12" time="07:00:00">0.0</Value>
			<Value date="2016-02-12" time="07:15:00">0.0</Value>
			<Value date="2016-02-12" time="07:30:00">0.0</Value>
			<Value date="2016-02-12" time="07:45:00">0.0</Value>
			<Value date="2016-02-12" time="08:00:00">0.0</Value>
			<Value date="2016-02-12" time="08:15:00">0.0</Value>
			<Value date="2016-02-12" time="08:30:00">0.0</Value>
			<Value date="2016-02-12" time="08:45:00">0.0</Value>
			<Value date="2016-02-12" time="09:00:00">0.0</Value>
			<Value date="2016-02-12" time="09:15:00">0.0</Value>
			<Value date="2016-02-12" time="09:30:00">0.0</Value>
			<Value date="2016-02-12" time="09:45:00">0.0</Value>
			<Value date="2016-02-12" time="10:00:00">0.0</Value>
			<Value date="2016-02-12" time="10:15:00">0.0</Value>
			<Value date="2016-02-12" time="10:30:00">0.0</Value>
			<Value date="2016-02-12" time="10:45:00">0.0</Value>
			<Value date="2016-02-12" time="11:00:00">0.0</Value>
			<Value date="2016-02-12" time="11:15:00">0.0</Value>
			<Value date="2016-02-12" time="11:30:00">0.2</Value>
			<Value date="2016-02-12" time="11:45:00">0.2</Value>
			<Value date="2016-02-12" time="12:00:00">0.0</Value>
		</SetofValues>
	</Station>
	<Station stationReference="060947" region="North East" stationName="Beckermonds" ngr="SD8737080349">
		<SetofValues parameter="Rainfall" qualifier="Tipping Bucket Raingauge" dataType="Total" period="15 min" units="mm" startDate="2016-02-12" startTime="05:45:00" endDate="2016-02-12" endTime="12:00:00">
			<Value date="2016-02-12" time="05:45:00">0.0</Value>
			<Value date="2016-02-12" time="06:00:00">0.0</Value>
			<Value date="2016-02-12" time="06:15:00">0.0</Value>
			<Value date="2016-02-12" time="06:30:00">0.0</Value>
			<Value date="2016-02-12" time="06:45:00">0.0</Value>
			<Value date="2016-02-12" time="07:00:00">0.0</Value>
			<Value date="2016-02-12" time="07:15:00">0.0</Value>
			<Value date="2016-02-12" time="07:30:00">0.0</Value>
			<Value date="2016-02-12" time="07:45:00">0.0</Value>
			<Value date="2016-02-12" time="08:00:00">0.0</Value>
			<Value date="2016-02-12" time="08:15:00">0.0</Value>
			<Value date="2016-02-12" time="08:30:00">0.0</Value>
			<Value date="2016-02-12" time="08:45:00">0.0</Value>
			<Value date="2016-02-12" time="09:00:00">0.0</Value>
			<Value date="2016-02-12" time="09:15:00">0.0</Value>
			<Value date="2016-02-12" time="09:30:00">0.0</Value>
			<Value date="2016-02-12" time="09:45:00">0.0</Value>
			<Value date="2016-02-12" time="10:00:00">0.0</Value>
			<Value date="2016-02-12" time="10:15:00">0.0</Value>
			<Value date="2016-02-12" time="10:30:00">0.0</Value>
			<Value date="2016-02-12" time="10:45:00">0.0</Value>
			<Value date="2016-02-12" time="11:00:00">0.0</Value>
			<Value date="2016-02-12" time="11:15:00">0.0</Value>
			<Value date="2016-02-12" time="11:30:00">0.4</Value>
			<Value date="2016-02-12" time="11:45:00">0.0</Value>
			<Value date="2016-02-12" time="12:00:00">0.0</Value>
		</SetofValues>
	</Station>
	<Station stationReference="047439" region="North East" stationName="Sedbusk" ngr="SD8839591076">
		<SetofValues parameter="Rainfall" qualifier="Tipping Bucket Raingauge" dataType="Total" period="15 min" units="mm" startDate="2016-02-12" startTime="11:15:00" endDate="2016-02-12" endTime="12:00:00">
			<Value date="2016-02-12" time="11:15:00">0.4</Value>
			<Value date="2016-02-12" time="11:30:00">0.2</Value>
			<Value date="2016-02-12" time="11:45:00">0.2</Value>
			<Value date="2016-02-12" time="12:00:00">0.0</Value>
		</SetofValues>
	</Station>
	<Station stationReference="037292" region="North East" stationName="Filey" ngr="TA1078680039">
		<SetofValues parameter="Rainfall" qualifier="Tipping Bucket Raingauge" dataType="Total" period="15 min" units="mm" startDate="2016-02-12" startTime="06:00:00" endDate="2016-02-12" endTime="12:00:00">
			<Value date="2016-02-12" time="06:00:00">0.0</Value>
			<Value date="2016-02-12" time="06:15:00">0.0</Value>
			<Value date="2016-02-12" time="06:30:00">0.0</Value>
			<Value date="2016-02-12" time="06:45:00">0.0</Value>
			<Value date="2016-02-12" time="07:00:00">0.0</Value>
			<Value date="2016-02-12" time="07:15:00">0.0</Value>
			<Value date="2016-02-12" time="07:30:00">0.0</Value>
			<Value date="2016-02-12" time="07:45:00">0.0</Value>
			<Value date="2016-02-12" time="08:00:00">0.0</Value>
			<Value date="2016-02-12" time="08:15:00">0.0</Value>
			<Value date="2016-02-12" time="08:30:00">0.0</Value>
			<Value date="2016-02-12" time="08:45:00">0.0</Value>
			<Value date="2016-02-12" time="09:00:00">0.0</Value>
			<Value date="2016-02-12" time="09:15:00">0.0</Value>
			<Value date="2016-02-12" time="09:30:00">0.0</Value>
			<Value date="2016-02-12" time="09:45:00">0.0</Value>
			<Value date="2016-02-12" time="10:00:00">0.0</Value>
			<Value date="2016-02-12" time="10:15:00">0.0</Value>
			<Value date="2016-02-12" time="10:30:00">0.0</Value>
			<Value date="2016-02-12" time="10:45:00">0.0</Value>
			<Value date="2016-02-12" time="11:00:00">0.0</Value>
			<Value date="2016-02-12" time="11:15:00">0.0</Value>
			<Value date="2016-02-12" time="11:30:00">0.0</Value>
			<Value date="2016-02-12" time="11:45:00">0.0</Value>
			<Value date="2016-02-12" time="12:00:00">0.2</Value>
		</SetofValues>
	</Station>
	<Station stationReference="013336" region="North East" stationName="Hartside" ngr="NY6686042305">
		<SetofValues parameter="Rainfall" qualifier="Tipping Bucket Raingauge" dataType="Total" period="15 min" units="mm" startDate="2016-02-12" startTime="06:00:00" endDate="2016-02-12" endTime="12:00:00">
			<Value date="2016-02-12" time="06:00:00">0.0</Value>
			<Value date="2016-02-12" time="06:15:00">0.0</Value>
			<Value date="2016-02-12" time="06:30:00">0.0</Value>
			<Value date="2016-02-12" time="06:45:00">0.0</Value>
			<Value date="2016-02-12" time="07:00:00">0.0</Value>
			<Value date="2016-02-12" time="07:15:00">0.0</Value>
			<Value date="2016-02-12" time="07:30:00">0.0</Value>
			<Value date="2016-02-12" time="07:45:00">0.0</Value>
			<Value date="2016-02-12" time="08:00:00">0.0</Value>
			<Value date="2016-02-12" time="08:15:00">0.0</Value>
			<Value date="2016-02-12" time="08:30:00">0.0</Value>
			<Value date="2016-02-12" time="08:45:00">0.0</Value>
			<Value date="2016-02-12" time="09:00:00">0.0</Value>
			<Value date="2016-02-12" time="09:15:00">0.0</Value>
			<Value date="2016-02-12" time="09:30:00">0.0</Value>
			<Value date="2016-02-12" time="09:45:00">0.0</Value>
			<Value date="2016-02-12" time="10:00:00">0.0</Value>
			<Value date="2016-02-12" time="10:15:00">0.0</Value>
			<Value date="2016-02-12" time="10:30:00">0.0</Value>
			<Value date="2016-02-12" time="10:45:00">0.0</Value>
			<Value date="2016-02-12" time="11:00:00">0.0</Value>
			<Value date="2016-02-12" time="11:15:00">0.0</Value>
			<Value date="2016-02-12" time="11:30:00">0.2</Value>
			<Value date="2016-02-12" time="11:45:00">0.0</Value>
			<Value date="2016-02-12" time="12:00:00">0.0</Value>
		</SetofValues>
	</Station>
	<Station stationReference="003232" region="North East" stationName="Rothbury First School" ngr="NU0584402020">
		<SetofValues parameter="Rainfall" qualifier="Tipping Bucket Raingauge" dataType="Total" period="15 min" units="mm" startDate="2016-02-12" startTime="06:00:00" endDate="2016-02-12" endTime="12:00:00">
			<Value date="2016-02-12" time="06:00:00">0.0</Value>
			<Value date="2016-02-12" time="06:15:00">0.0</Value>
			<Value date="2016-02-12" time="06:30:00">0.0</Value>
			<Value date="2016-02-12" time="06:45:00">0.0</Value>
			<Value date="2016-02-12" time="07:00:00">0.0</Value>
			<Value date="2016-02-12" time="07:15:00">0.0</Value>
			<Value date="2016-02-12" time="07:30:00">0.0</Value>
			<Value date="2016-02-12" time="07:45:00">0.0</Value>
			<Value date="2016-02-12" time="08:00:00">0.0</Value>
			<Value date="2016-02-12" time="08:15:00">0.0</Value>
			<Value date="2016-02-12" time="08:30:00">0.0</Value>
			<Value date="2016-02-12" time="08:45:00">0.0</Value>
			<Value date="2016-02-12" time="09:00:00">0.0</Value>
			<Value date="2016-02-12" time="09:15:00">0.0</Value>
			<Value date="2016-02-12" time="09:30:00">0.0</Value>
			<Value date="2016-02-12" time="09:45:00">0.0</Value>
			<Value date="2016-02-12" time="10:00:00">0.0</Value>
			<Value date="2016-02-12" time="10:15:00">0.0</Value>
			<Value date="2016-02-12" time="10:30:00">0.0</Value>
			<Value date="2016-02-12" time="10:45:00">0.0</Value>
			<Value date="2016-02-12" time="11:00:00">0.0</Value>
			<Value date="2016-02-12" time="11:15:00">0.0</Value>
			<Value date="2016-02-12" time="11:30:00">0.0</Value>
			<Value date="2016-02-12" time="11:45:00">0.0</Value>
			<Value date="2016-02-12" time="12:00:00">0.0</Value>
		</SetofValues>
	</Station>
</EATimeSeriesDataExchangeFormat>
