<?xml version="1.0" standalone="yes"?>
<EATimeSeriesDataExchangeFormat xmlns="http://www.environment-agency.gov.uk/XMLSchemas/EATimeSeriesDataExchangeFormat" xmlns:md="http://www.environment-agency.gov.uk/XMLSchemas/EAMetadataFormat" xmlns:xsi="http://www.w3.org/2001/XMLSchema-instance" xsi:schemaLocation="http://www.environment-agency.gov.uk/XMLSchemas/EATimeSeriesDataExchangeFormat EATimeSeriesDataExchangeFormat.xsd">
	<md:Publisher>Environment Agency</md:Publisher>
	<md:Source>North East Regional Telemetry System</md:Source>
	<md:Description>Automated telemetry data export process</md:Description>
	<md:Creator>SCX 6</md:Creator>
	<md:Date>2016-02-12</md:Date>
	<md:Time>12:15:13</md:Time>
	<md:Identifier>NELATSCXAS1</md:Identifier>
	<Station stationReference="L1535" region="North East" stationName="Skipton Morrisons" ngr="SD9861851484">
		<SetofValues parameter="Water Level" qualifier="Stage" dataType="Instantaneous" period="15 min" units="m" startDate="2016-02-12" startTime="12:11:39" endDate="2016-02-12" endTime="12:14:15">
			<Value date="2016-02-12" time="12:11:39">1.034</Value>
			<Value date="2016-02-12" time="12:11:55">1.003</Value>
			<Value date="2016-02-12" time="12:12:11">1.910</Value>
			<Value date="2016-02-12" time="12:12:28">2.003</Value>
			<Value date="2016-02-12" time="12:13:00">2.998</Value>
			<Value date="2016-02-12" time="12:13:06">2.998</Value>
			<Value date="2016-02-12" time="12:13:38">3.988</Value>
			<Value date="2016-02-12" time="12:13:49">4.001</Value>
			<Value date="2016-02-12" time="12:14:10">0.004</Value>
			<Value date="2016-02-12" time="12:14:15">0.004</Value>
		</SetofValues>
	</Station>
</EATimeSeriesDataExchangeFormat>
