<?xml version="1.0" standalone="yes"?>
<EATimeSeriesDataExchangeFormat xmlns="http://www.environment-agency.gov.uk/XMLSchemas/EATimeSeriesDataExchangeFormat" xmlns:md="http://www.environment-agency.gov.uk/XMLSchemas/EAMetadataFormat" xmlns:xsi="http://www.w3.org/2001/XMLSchema-instance" xsi:schemaLocation="http://www.environment-agency.gov.uk/XMLSchemas/EATimeSeriesDataExchangeFormat EATimeSeriesDataExchangeFormat.xsd">
	<md:Publisher>Environment Agency</md:Publisher>
	<md:Source>North East Regional Telemetry System</md:Source>
	<md:Description>Automated telemetry data export process</md:Description>
	<md:Creator>SCX 6</md:Creator>
	<md:Date>2016-02-12</md:Date>
	<md:Time>13:02:43</md:Time>
	<md:Identifier>NELATSCXAS1</md:Identifier>
	<Station stationReference="L2462" region="North East" stationName="Rawcliffe" ngr="SE5794353901">
		<SetofValues parameter="Water Level" qualifier="Stage" dataType="Instantaneous" period="15 min" units="m" startDate="2016-02-12" startTime="12:15:00" endDate="2016-02-12" endTime="13:00:00">
			<Value date="2016-02-12" time="12:15:00">0.399</Value>
			<Value date="2016-02-12" time="12:30:00">0.392</Value>
			<Value date="2016-02-12" time="12:45:00">0.384</Value>
			<Value date="2016-02-12" time="13:00:00">0.372</Value>
		</SetofValues>
	</Station>
	<Station stationReference="L2452" region="North East" stationName="Holgate" ngr="SE5841952429">
		<SetofValues parameter="Water Level" qualifier="Stage" dataType="Instantaneous" period="15 min" units="m" startDate="2016-02-12" startTime="12:15:00" endDate="2016-02-12" endTime="13:00:00">
			<Value date="2016-02-12" time="12:15:00">0.837</Value>
			<Value date="2016-02-12" time="12:30:00">0.834</Value>
			<Value date="2016-02-12" time="12:45:00">0.832</Value>
			<Value date="2016-02-12" time="13:00:00">0.828</Value>
		</SetofValues>
	</Station>
	<Station stationReference="L2412" region="North East" stationName="Selby Wistow Sluices" ngr="SE6275434481">
		<SetofValues parameter="Water Level" qualifier="Stage" dataType="Instantaneous" period="15 min" units="mAOD" startDate="2016-02-12" startTime="12:15:00" endDate="2016-02-12" endTime="13:00:00">
			<Value date="2016-02-12" time="12:15:00">4.242</Value>
			<Value date="2016-02-12" time="12:30:00">4.127</Value>
			<Value date="2016-02-12" time="12:45:00">4.009</Value>
			<Value date="2016-02-12" time="13:00:00">3.915</Value>
		</SetofValues>
	</Station>
	<Station stationReference="L2409" region="North East" stationName="Moor Monkton PS Temp" ngr="SE5260057506">
		<SetofValues parameter="Water Level" qualifier="Stage" dataType="Instantaneous" period="15 min" units="m" startDate="2016-02-12" startTime="12:15:00" endDate="2016-02-12" endTime="13:00:00">
			<Value date="2016-02-12" time="12:15:00">1.766</Value>
			<Value date="2016-02-12" time="12:30:00">1.757</Value>
			<Value date="2016-02-12" time="12:45:00">1.750</Value>
			<Value date="2016-02-12" time="13:00:00">1.745</Value>
		</SetofValues>
	</Station>
	<Station stationReference="L2406" region="North East" stationName="York Viking Recorder" ngr="SE6010951782">
		<SetofValues parameter="Water Level" qualifier="Stage" dataType="Instantaneous" period="15 min" units="m" startDate="2016-02-12" startTime="12:15:00" endDate="2016-02-12" endTime="13:00:00">
			<Value date="2016-02-12" time="12:15:00">1.215</Value>
			<Value date="2016-02-12" time="12:30:00">1.214</Value>
			<Value date="2016-02-12" time="12:45:00">1.211</Value>
			<Value date="2016-02-12" time="13:00:00">1.205</Value>
		</SetofValues>
	</Station>
	<Station stationReference="L2404" region="North East" stationName="York Foss Barrier" ngr="SE6054151119">
		<SetofValues parameter="Water Level" qualifier="Stage" dataType="Instantaneous" period="15 min" units="mAOD" startDate="2016-02-12" startTime="12:15:00" endDate="2016-02-12" endTime="13:00:00">
			<Value date="2016-02-12" time="12:15:00">6.189</Value>
			<Value date="2016-02-12" time="12:30:00">6.188</Value>
			<Value date="2016-02-12" time="12:45:00">6.174</Value>
			<Value date="2016-02-12" time="13:00:00">6.173</Value>
		</SetofValues>
	</Station>
	<Station stationReference="L2403" region="North East" stationName="Cawood" ngr="SE5768437742">
		<SetofValues parameter="Water Level" qualifier="Stage" dataType="Instantaneous" period="15 min" units="mAOD" startDate="2016-02-12" startTime="12:15:00" endDate="2016-02-12" endTime="13:00:00">
			<Value date="2016-02-12" time="12:15:00">4.905</Value>
			<Value date="2016-02-12" time="12:30:00">4.837</Value>
			<Value date="2016-02-12" time="12:45:00">4.779</Value>
			<Value date="2016-02-12" time="13:00:00">4.709</Value>
		</SetofValues>
	</Station>
	<Station stationReference="L2402" region="North East" stationName="Naburn" ngr="SE5939444477">
		<SetofValues parameter="Water Level" qualifier="Downstream Stage" dataType="Instantaneous" period="15 min" units="mAOD" startDate="2016-02-12" startTime="12:15:00" endDate="2016-02-12" endTime="13:00:00">
			<Value date="2016-02-12" time="12:15:00">5.984</Value>
			<Value date="2016-02-12" time="12:30:00">5.959</Value>
			<Value date="2016-02-12" time="12:45:00">5.930</Value>
			<Value date="2016-02-12" time="13:00:00">5.899</Value>
		</SetofValues>
	</Station>
	<Station stationReference="L2401A" region="North East" stationName="Selby Westmill Foods" ngr="SE6160732603">
		<SetofValues parameter="Water Level" qualifier="Stage" dataType="Instantaneous" period="15 min" units="mAOD" startDate="2016-02-12" startTime="12:15:00" endDate="2016-02-12" endTime="13:00:00">
			<Value date="2016-02-12" time="12:15:00">4.083</Value>
			<Value date="2016-02-12" time="12:30:00">3.956</Value>
			<Value date="2016-02-12" time="12:45:00">3.839</Value>
			<Value date="2016-02-12" time="13:00:00">3.718</Value>
		</SetofValues>
	</Station>
	<Station stationReference="L24001" region="North East" stationName="Selby Lock" ngr="SE6222732200">
		<SetofValues parameter="Water Level" qualifier="Stage" dataType="Instantaneous" period="15 min" units="mAOD" startDate="2016-02-12" startTime="12:15:00" endDate="2016-02-12" endTime="13:00:00">
			<Value date="2016-02-12" time="12:15:00">3.824</Value>
			<Value date="2016-02-12" time="12:30:00">3.697</Value>
			<Value date="2016-02-12" time="12:45:00">3.567</Value>
			<Value date="2016-02-12" time="13:00:00">3.430</Value>
		</SetofValues>
	</Station>
	<Station stationReference="L1711" region="North East" stationName="Fairburn Sluices" ngr="SE4689127109">
		<SetofValues parameter="Water Level" qualifier="Stage" dataType="Instantaneous" period="15 min" units="m" startDate="2016-02-12" startTime="12:15:00" endDate="2016-02-12" endTime="13:00:00">
			<Value date="2016-02-12" time="12:15:00">0.932</Value>
			<Value date="2016-02-12" time="12:30:00">0.931</Value>
			<Value date="2016-02-12" time="12:45:00">0.931</Value>
			<Value date="2016-02-12" time="13:00:00">0.931</Value>
		</SetofValues>
	</Station>
	<Station stationReference="F2405" region="North East" stationName="Skelton" ngr="SE5683955398">
		<SetofValues parameter="Water Level" qualifier="Stage" dataType="Instantaneous" period="15 min" units="m" startDate="2016-02-12" startTime="12:30:00" endDate="2016-02-12" endTime="13:00:00">
			<Value date="2016-02-12" time="12:30:00">1.928</Value>
			<Value date="2016-02-12" time="12:45:00">1.925</Value>
			<Value date="2016-02-12" time="13:00:00">1.919</Value>
		</SetofValues>
	</Station>
	<Station stationReference="075233" region="North East" stationName="Thornton Moor Reservoir" ngr="SE0508033439">
		<SetofValues parameter="Rainfall" qualifier="Tipping Bucket Raingauge" dataType="Total" period="15 min" units="mm" startDate="2016-02-12" startTime="11:15:00" endDate="2016-02-12" endTime="13:00:00">
			<Value date="2016-02-12" time="11:15:00">0.0</Value>
			<Value date="2016-02-12" time="11:30:00">0.0</Value>
			<Value date="2016-02-12" time="11:45:00">0.0</Value>
			<Value date="2016-02-12" time="12:00:00">0.0</Value>
			<Value date="2016-02-12" time="12:15:00">0.2</Value>
			<Value date="2016-02-12" time="12:30:00">0.0</Value>
			<Value date="2016-02-12" time="12:45:00">0.0</Value>
			<Value date="2016-02-12" time="13:00:00">0.0</Value>
		</SetofValues>
	</Station>
	<Station stationReference="022994" region="North East" stationName="Copley RNG" ngr="NZ0847625438">
		<SetofValues parameter="Rainfall" qualifier="Tipping Bucket Raingauge" dataType="Total" period="15 min" units="mm" startDate="2016-02-09" startTime="11:45:00" endDate="2016-02-12" endTime="01:00:00">
			<Value date="2016-02-09" time="11:45:00">0.0</Value>
			<Value date="2016-02-09" time="17:30:00">0.0</Value>
			<Value date="2016-02-10" time="04:45:00">0.0</Value>
			<Value date="2016-02-10" time="09:45:00">0.0</Value>
			<Value date="2016-02-10" time="11:15:00">0.0</Value>
			<Value date="2016-02-10" time="12:30:00">0.0</Value>
			<Value date="2016-02-11" time="10:30:00">0.0</Value>
			<Value date="2016-02-11" time="10:45:00">0.0</Value>
			<Value date="2016-02-11" time="11:00:00">0.0</Value>
			<Value date="2016-02-11" time="11:15:00">0.0</Value>
			<Value date="2016-02-11" time="11:30:00">0.0</Value>
			<Value date="2016-02-11" time="12:00:00">0.0</Value>
			<Value date="2016-02-11" time="12:30:00">0.0</Value>
			<Value date="2016-02-11" time="14:15:00">0.0</Value>
			<Value date="2016-02-11" time="16:30:00">0.0</Value>
			<Value date="2016-02-12" time="01:00:00">0.0</Value>
		</SetofValues>
	</Station>
</EATimeSeriesDataExchangeFormat>
