<?xml version="1.0" standalone="yes"?>
<EATimeSeriesDataExchangeFormat xmlns="http://www.environment-agency.gov.uk/XMLSchemas/EATimeSeriesDataExchangeFormat" xmlns:md="http://www.environment-agency.gov.uk/XMLSchemas/EAMetadataFormat" xmlns:xsi="http://www.w3.org/2001/XMLSchema-instance" xsi:schemaLocation="http://www.environment-agency.gov.uk/XMLSchemas/EATimeSeriesDataExchangeFormat EATimeSeriesDataExchangeFormat.xsd">
	<md:Publisher>Environment Agency</md:Publisher>
	<md:Source>North East Regional Telemetry System</md:Source>
	<md:Description>Automated telemetry data export process</md:Description>
	<md:Creator>SCX 6</md:Creator>
	<md:Date>2016-02-12</md:Date>
	<md:Time>14:56:28</md:Time>
	<md:Identifier>NELATSCXAS1</md:Identifier>
	<Station stationReference="L2810" region="North East" stationName="Stamford Bridge" ngr="SE7117255636">
		<SetofValues parameter="Water Level" qualifier="Stage" dataType="Instantaneous" period="15 min" units="mAOD" startDate="2016-02-12" startTime="05:45:00" endDate="2016-02-12" endTime="14:45:00">
			<Value date="2016-02-12" time="05:45:00">7.017</Value>
			<Value date="2016-02-12" time="06:00:00">7.018</Value>
			<Value date="2016-02-12" time="06:15:00">7.018</Value>
			<Value date="2016-02-12" time="06:30:00">7.018</Value>
			<Value date="2016-02-12" time="06:45:00">7.017</Value>
			<Value date="2016-02-12" time="07:00:00">7.017</Value>
			<Value date="2016-02-12" time="07:15:00">7.018</Value>
			<Value date="2016-02-12" time="07:30:00">7.018</Value>
			<Value date="2016-02-12" time="07:45:00">7.017</Value>
			<Value date="2016-02-12" time="08:00:00">7.018</Value>
			<Value date="2016-02-12" time="08:15:00">7.019</Value>
			<Value date="2016-02-12" time="08:30:00">7.018</Value>
			<Value date="2016-02-12" time="08:45:00">7.018</Value>
			<Value date="2016-02-12" time="09:00:00">7.018</Value>
			<Value date="2016-02-12" time="09:15:00">7.019</Value>
			<Value date="2016-02-12" time="09:30:00">7.018</Value>
			<Value date="2016-02-12" time="09:45:00">7.018</Value>
			<Value date="2016-02-12" time="10:00:00">7.018</Value>
			<Value date="2016-02-12" time="10:15:00">7.020</Value>
			<Value date="2016-02-12" time="10:30:00">7.020</Value>
			<Value date="2016-02-12" time="10:45:00">7.020</Value>
			<Value date="2016-02-12" time="11:00:00">7.020</Value>
			<Value date="2016-02-12" time="11:15:00">7.020</Value>
			<Value date="2016-02-12" time="11:30:00">7.021</Value>
			<Value date="2016-02-12" time="11:45:00">7.020</Value>
			<Value date="2016-02-12" time="12:00:00">7.020</Value>
			<Value date="2016-02-12" time="12:15:00">7.020</Value>
			<Value date="2016-02-12" time="12:30:00">7.020</Value>
			<Value date="2016-02-12" time="12:45:00">7.020</Value>
			<Value date="2016-02-12" time="13:00:00">7.021</Value>
			<Value date="2016-02-12" time="13:15:00">7.020</Value>
			<Value date="2016-02-12" time="13:30:00">7.021</Value>
			<Value date="2016-02-12" time="13:45:00">7.021</Value>
			<Value date="2016-02-12" time="14:00:00">7.020</Value>
			<Value date="2016-02-12" time="14:15:00">7.021</Value>
			<Value date="2016-02-12" time="14:30:00">7.020</Value>
			<Value date="2016-02-12" time="14:45:00">7.021</Value>
		</SetofValues>
	</Station>
</EATimeSeriesDataExchangeFormat>
