<?xml version="1.0" standalone="yes"?>
<EATimeSeriesDataExchangeFormat xmlns="http://www.environment-agency.gov.uk/XMLSchemas/EATimeSeriesDataExchangeFormat" xmlns:md="http://www.environment-agency.gov.uk/XMLSchemas/EAMetadataFormat" xmlns:xsi="http://www.w3.org/2001/XMLSchema-instance" xsi:schemaLocation="http://www.environment-agency.gov.uk/XMLSchemas/EATimeSeriesDataExchangeFormat EATimeSeriesDataExchangeFormat.xsd">
	<md:Publisher>Environment Agency</md:Publisher>
	<md:Source>North East Regional Telemetry System</md:Source>
	<md:Description>Automated telemetry data export process</md:Description>
	<md:Creator>SCX 6</md:Creator>
	<md:Date>2016-02-12</md:Date>
	<md:Time>11:32:43</md:Time>
	<md:Identifier>NELATSCXAS1</md:Identifier>
	<Station stationReference="L2412" region="North East" stationName="Selby Wistow Sluices" ngr="SE6275434481">
		<SetofValues parameter="Water Level" qualifier="Stage" dataType="Instantaneous" period="15 min" units="mAOD" startDate="2016-02-12" startTime="11:15:00" endDate="2016-02-12" endTime="11:30:00">
			<Value date="2016-02-12" time="11:15:00">4.764</Value>
			<Value date="2016-02-12" time="11:30:00">4.632</Value>
		</SetofValues>
	</Station>
	<Station stationReference="L2406" region="North East" stationName="York Viking Recorder" ngr="SE6010951782">
		<SetofValues parameter="Water Level" qualifier="Stage" dataType="Instantaneous" period="15 min" units="m" startDate="2016-02-12" startTime="11:15:00" endDate="2016-02-12" endTime="11:30:00">
			<Value date="2016-02-12" time="11:15:00">1.222</Value>
			<Value date="2016-02-12" time="11:30:00">1.218</Value>
		</SetofValues>
	</Station>
	<Station stationReference="L2404" region="North East" stationName="York Foss Barrier" ngr="SE6054151119">
		<SetofValues parameter="Water Level" qualifier="Stage" dataType="Instantaneous" period="15 min" units="mAOD" startDate="2016-02-12" startTime="11:15:00" endDate="2016-02-12" endTime="11:30:00">
			<Value date="2016-02-12" time="11:15:00">6.191</Value>
			<Value date="2016-02-12" time="11:30:00">6.187</Value>
		</SetofValues>
	</Station>
	<Station stationReference="L2403" region="North East" stationName="Cawood" ngr="SE5768437742">
		<SetofValues parameter="Water Level" qualifier="Stage" dataType="Instantaneous" period="15 min" units="mAOD" startDate="2016-02-12" startTime="11:15:00" endDate="2016-02-12" endTime="11:30:00">
			<Value date="2016-02-12" time="11:15:00">5.074</Value>
			<Value date="2016-02-12" time="11:30:00">5.067</Value>
		</SetofValues>
	</Station>
	<Station stationReference="L2402" region="North East" stationName="Naburn" ngr="SE5939444477">
		<SetofValues parameter="Water Level" qualifier="Downstream Stage" dataType="Instantaneous" period="15 min" units="mAOD" startDate="2016-02-12" startTime="11:15:00" endDate="2016-02-12" endTime="11:30:00">
			<Value date="2016-02-12" time="11:15:00">5.903</Value>
			<Value date="2016-02-12" time="11:30:00">5.956</Value>
		</SetofValues>
	</Station>
	<Station stationReference="L24001" region="North East" stationName="Selby Lock" ngr="SE6222732200">
		<SetofValues parameter="Water Level" qualifier="Stage" dataType="Instantaneous" period="15 min" units="mAOD" startDate="2016-02-12" startTime="11:15:00" endDate="2016-02-12" endTime="11:30:00">
			<Value date="2016-02-12" time="11:15:00">4.428</Value>
			<Value date="2016-02-12" time="11:30:00">4.261</Value>
		</SetofValues>
	</Station>
	<Station stationReference="F2405" region="North East" stationName="Skelton" ngr="SE5683955398">
		<SetofValues parameter="Water Level" qualifier="Stage" dataType="Instantaneous" period="15 min" units="m" startDate="2016-02-12" startTime="11:15:00" endDate="2016-02-12" endTime="11:30:00">
			<Value date="2016-02-12" time="11:15:00">1.956</Value>
			<Value date="2016-02-12" time="11:30:00">1.949</Value>
		</SetofValues>
	</Station>
</EATimeSeriesDataExchangeFormat>
