<?xml version="1.0" standalone="yes"?>
<EATimeSeriesDataExchangeFormat xmlns="http://www.environment-agency.gov.uk/XMLSchemas/EATimeSeriesDataExchangeFormat" xmlns:md="http://www.environment-agency.gov.uk/XMLSchemas/EAMetadataFormat" xmlns:xsi="http://www.w3.org/2001/XMLSchema-instance" xsi:schemaLocation="http://www.environment-agency.gov.uk/XMLSchemas/EATimeSeriesDataExchangeFormat EATimeSeriesDataExchangeFormat.xsd">
	<md:Publisher>Environment Agency</md:Publisher>
	<md:Source>North East Regional Telemetry System</md:Source>
	<md:Description>Automated telemetry data export process</md:Description>
	<md:Creator>SCX 6</md:Creator>
	<md:Date>2016-02-12</md:Date>
	<md:Time>13:30:13</md:Time>
	<md:Identifier>NELATSCXAS1</md:Identifier>
	<Station stationReference="L3211" region="North East" stationName="Hessle" ngr="TA0343125880">
		<SetofValues parameter="Water Level" qualifier="Stage" dataType="Instantaneous" period="15 min" units="mAOD" startDate="2016-02-12" startTime="11:15:00" endDate="2016-02-12" endTime="13:15:00">
			<Value date="2016-02-12" time="11:15:00">2.982</Value>
			<Value date="2016-02-12" time="11:30:00">2.959</Value>
			<Value date="2016-02-12" time="11:45:00">2.936</Value>
			<Value date="2016-02-12" time="12:00:00">2.913</Value>
			<Value date="2016-02-12" time="12:15:00">2.891</Value>
			<Value date="2016-02-12" time="12:30:00">2.870</Value>
			<Value date="2016-02-12" time="12:45:00">2.851</Value>
			<Value date="2016-02-12" time="13:00:00">2.829</Value>
			<Value date="2016-02-12" time="13:15:00">2.810</Value>
		</SetofValues>
		<SetofValues parameter="Water Level" qualifier="Downstream Stage" dataType="Instantaneous" period="15 min" units="mAOD" startDate="2016-02-12" startTime="11:15:00" endDate="2016-02-12" endTime="13:15:00">
			<Value date="2016-02-12" time="11:15:00">1.532</Value>
			<Value date="2016-02-12" time="11:30:00">1.219</Value>
			<Value date="2016-02-12" time="11:45:00">0.887</Value>
			<Value date="2016-02-12" time="12:00:00">0.714</Value>
			<Value date="2016-02-12" time="12:15:00">0.710</Value>
			<Value date="2016-02-12" time="12:30:00">0.710</Value>
			<Value date="2016-02-12" time="12:45:00">0.711</Value>
			<Value date="2016-02-12" time="13:00:00">0.711</Value>
			<Value date="2016-02-12" time="13:15:00">0.716</Value>
		</SetofValues>
	</Station>
</EATimeSeriesDataExchangeFormat>
