<?xml version="1.0" standalone="yes"?>
<EATimeSeriesDataExchangeFormat xmlns="http://www.environment-agency.gov.uk/XMLSchemas/EATimeSeriesDataExchangeFormat" xmlns:md="http://www.environment-agency.gov.uk/XMLSchemas/EAMetadataFormat" xmlns:xsi="http://www.w3.org/2001/XMLSchema-instance" xsi:schemaLocation="http://www.environment-agency.gov.uk/XMLSchemas/EATimeSeriesDataExchangeFormat EATimeSeriesDataExchangeFormat.xsd">
	<md:Publisher>Environment Agency</md:Publisher>
	<md:Source>North East Regional Telemetry System</md:Source>
	<md:Description>Automated telemetry data export process</md:Description>
	<md:Creator>SCX 6</md:Creator>
	<md:Date>2016-02-12</md:Date>
	<md:Time>11:51:28</md:Time>
	<md:Identifier>NELATSCXAS1</md:Identifier>
	<Station stationReference="L2401A" region="North East" stationName="Selby Westmill Foods" ngr="SE6160732603">
		<SetofValues parameter="Water Level" qualifier="Stage" dataType="Instantaneous" period="15 min" units="mAOD" startDate="2016-02-12" startTime="11:30:00" endDate="2016-02-12" endTime="11:45:00">
			<Value date="2016-02-12" time="11:30:00">4.481</Value>
			<Value date="2016-02-12" time="11:45:00">4.341</Value>
		</SetofValues>
	</Station>
	<Station stationReference="L1816" region="North East" stationName="West Holme Washlands" ngr="SE5223725319">
		<SetofValues parameter="Water Level" qualifier="Stage" dataType="Instantaneous" period="15 min" units="m" startDate="2016-02-12" startTime="06:15:00" endDate="2016-02-12" endTime="11:45:00">
			<Value date="2016-02-12" time="06:15:00">0.457</Value>
			<Value date="2016-02-12" time="06:30:00">0.060</Value>
			<Value date="2016-02-12" time="06:45:00">0.435</Value>
			<Value date="2016-02-12" time="07:00:00">0.373</Value>
			<Value date="2016-02-12" time="07:15:00">0.350</Value>
			<Value date="2016-02-12" time="07:30:00">0.413</Value>
			<Value date="2016-02-12" time="07:45:00">0.374</Value>
			<Value date="2016-02-12" time="08:00:00">0.378</Value>
			<Value date="2016-02-12" time="08:15:00">0.392</Value>
			<Value date="2016-02-12" time="08:30:00">0.354</Value>
			<Value date="2016-02-12" time="08:45:00">0.216</Value>
			<Value date="2016-02-12" time="09:00:00">0.444</Value>
			<Value date="2016-02-12" time="09:15:00">0.242</Value>
			<Value date="2016-02-12" time="09:30:00">0.453</Value>
			<Value date="2016-02-12" time="09:45:00">0.060</Value>
			<Value date="2016-02-12" time="10:00:00">0.422</Value>
			<Value date="2016-02-12" time="10:15:00">0.376</Value>
			<Value date="2016-02-12" time="10:30:00">0.323</Value>
			<Value date="2016-02-12" time="10:45:00">0.428</Value>
			<Value date="2016-02-12" time="11:00:00">0.141</Value>
			<Value date="2016-02-12" time="11:15:00">0.455</Value>
			<Value date="2016-02-12" time="11:30:00">0.368</Value>
			<Value date="2016-02-12" time="11:45:00">0.320</Value>
		</SetofValues>
	</Station>
	<Station stationReference="L1808" region="North East" stationName="Ferrybridge Lock" ngr="SE4848524451">
		<SetofValues parameter="Water Level" qualifier="Stage" dataType="Instantaneous" period="15 min" units="m" startDate="2016-02-12" startTime="06:15:00" endDate="2016-02-12" endTime="11:45:00">
			<Value date="2016-02-12" time="06:15:00">0.570</Value>
			<Value date="2016-02-12" time="06:30:00">0.586</Value>
			<Value date="2016-02-12" time="06:45:00">0.580</Value>
			<Value date="2016-02-12" time="07:00:00">0.567</Value>
			<Value date="2016-02-12" time="07:15:00">0.578</Value>
			<Value date="2016-02-12" time="07:30:00">0.583</Value>
			<Value date="2016-02-12" time="07:45:00">0.573</Value>
			<Value date="2016-02-12" time="08:00:00">0.564</Value>
			<Value date="2016-02-12" time="08:15:00">0.579</Value>
			<Value date="2016-02-12" time="08:30:00">0.572</Value>
			<Value date="2016-02-12" time="08:45:00">0.560</Value>
			<Value date="2016-02-12" time="09:00:00">0.550</Value>
			<Value date="2016-02-12" time="09:15:00">0.572</Value>
			<Value date="2016-02-12" time="09:30:00">0.566</Value>
			<Value date="2016-02-12" time="09:45:00">0.549</Value>
			<Value date="2016-02-12" time="10:00:00">0.555</Value>
			<Value date="2016-02-12" time="10:15:00">0.561</Value>
			<Value date="2016-02-12" time="10:30:00">0.549</Value>
			<Value date="2016-02-12" time="10:45:00">0.535</Value>
			<Value date="2016-02-12" time="11:00:00">0.553</Value>
			<Value date="2016-02-12" time="11:15:00">0.545</Value>
			<Value date="2016-02-12" time="11:30:00">0.532</Value>
			<Value date="2016-02-12" time="11:45:00">0.535</Value>
		</SetofValues>
	</Station>
	<Station stationReference="L1805" region="North East" stationName="Knottingley Bank Dole Lock" ngr="SE5121223969">
		<SetofValues parameter="Water Level" qualifier="Stage" dataType="Instantaneous" period="15 min" units="m" startDate="2016-02-12" startTime="06:15:00" endDate="2016-02-12" endTime="11:45:00">
			<Value date="2016-02-12" time="06:15:00">1.297</Value>
			<Value date="2016-02-12" time="06:30:00">1.292</Value>
			<Value date="2016-02-12" time="06:45:00">1.290</Value>
			<Value date="2016-02-12" time="07:00:00">1.289</Value>
			<Value date="2016-02-12" time="07:15:00">1.281</Value>
			<Value date="2016-02-12" time="07:30:00">1.280</Value>
			<Value date="2016-02-12" time="07:45:00">1.279</Value>
			<Value date="2016-02-12" time="08:00:00">1.273</Value>
			<Value date="2016-02-12" time="08:15:00">1.267</Value>
			<Value date="2016-02-12" time="08:30:00">1.271</Value>
			<Value date="2016-02-12" time="08:45:00">1.268</Value>
			<Value date="2016-02-12" time="09:00:00">1.264</Value>
			<Value date="2016-02-12" time="09:15:00">1.258</Value>
			<Value date="2016-02-12" time="09:30:00">1.259</Value>
			<Value date="2016-02-12" time="09:45:00">1.257</Value>
			<Value date="2016-02-12" time="10:00:00">1.246</Value>
			<Value date="2016-02-12" time="10:15:00">1.247</Value>
			<Value date="2016-02-12" time="10:30:00">1.241</Value>
			<Value date="2016-02-12" time="10:45:00">1.233</Value>
			<Value date="2016-02-12" time="11:00:00">1.229</Value>
			<Value date="2016-02-12" time="11:15:00">1.230</Value>
			<Value date="2016-02-12" time="11:30:00">1.224</Value>
			<Value date="2016-02-12" time="11:45:00">1.213</Value>
		</SetofValues>
	</Station>
	<Station stationReference="L1801" region="North East" stationName="Carlton Bridge" ngr="SE6455022783">
		<SetofValues parameter="Water Level" qualifier="Stage" dataType="Instantaneous" period="15 min" units="m" startDate="2016-02-12" startTime="06:15:00" endDate="2016-02-12" endTime="11:45:00">
			<Value date="2016-02-12" time="06:15:00">1.705</Value>
			<Value date="2016-02-12" time="06:30:00">1.668</Value>
			<Value date="2016-02-12" time="06:45:00">1.633</Value>
			<Value date="2016-02-12" time="07:00:00">1.601</Value>
			<Value date="2016-02-12" time="07:15:00">1.562</Value>
			<Value date="2016-02-12" time="07:30:00">1.536</Value>
			<Value date="2016-02-12" time="07:45:00">1.501</Value>
			<Value date="2016-02-12" time="08:00:00">1.467</Value>
			<Value date="2016-02-12" time="08:15:00">1.436</Value>
			<Value date="2016-02-12" time="08:30:00">1.421</Value>
			<Value date="2016-02-12" time="08:45:00">1.474</Value>
			<Value date="2016-02-12" time="09:00:00">1.711</Value>
			<Value date="2016-02-12" time="09:15:00">2.035</Value>
			<Value date="2016-02-12" time="09:30:00">2.351</Value>
			<Value date="2016-02-12" time="09:45:00">2.618</Value>
			<Value date="2016-02-12" time="10:00:00">2.837</Value>
			<Value date="2016-02-12" time="10:15:00">2.998</Value>
			<Value date="2016-02-12" time="10:30:00">3.115</Value>
			<Value date="2016-02-12" time="10:45:00">3.169</Value>
			<Value date="2016-02-12" time="11:00:00">3.146</Value>
			<Value date="2016-02-12" time="11:15:00">3.081</Value>
			<Value date="2016-02-12" time="11:30:00">3.014</Value>
			<Value date="2016-02-12" time="11:45:00">2.946</Value>
		</SetofValues>
	</Station>
	<Station stationReference="L1800" region="North East" stationName="Airmyn" ngr="SE7217525015">
		<SetofValues parameter="Water Level" qualifier="Stage" dataType="Instantaneous" period="15 min" units="m" startDate="2016-02-12" startTime="06:15:00" endDate="2016-02-12" endTime="11:45:00">
			<Value date="2016-02-12" time="06:15:00">2.875</Value>
			<Value date="2016-02-12" time="06:30:00">2.875</Value>
			<Value date="2016-02-12" time="06:45:00">2.875</Value>
			<Value date="2016-02-12" time="07:00:00">2.875</Value>
			<Value date="2016-02-12" time="07:15:00">2.875</Value>
			<Value date="2016-02-12" time="07:30:00">2.875</Value>
			<Value date="2016-02-12" time="07:45:00">2.875</Value>
			<Value date="2016-02-12" time="08:00:00">2.875</Value>
			<Value date="2016-02-12" time="08:15:00">2.875</Value>
			<Value date="2016-02-12" time="08:30:00">2.876</Value>
			<Value date="2016-02-12" time="08:45:00">3.372</Value>
			<Value date="2016-02-12" time="09:00:00">3.795</Value>
			<Value date="2016-02-12" time="09:15:00">4.159</Value>
			<Value date="2016-02-12" time="09:30:00">4.405</Value>
			<Value date="2016-02-12" time="09:45:00">4.554</Value>
			<Value date="2016-02-12" time="10:00:00">4.628</Value>
			<Value date="2016-02-12" time="10:15:00">4.634</Value>
			<Value date="2016-02-12" time="10:30:00">4.517</Value>
			<Value date="2016-02-12" time="10:45:00">4.320</Value>
			<Value date="2016-02-12" time="11:00:00">4.086</Value>
			<Value date="2016-02-12" time="11:15:00">3.847</Value>
			<Value date="2016-02-12" time="11:30:00">3.618</Value>
			<Value date="2016-02-12" time="11:45:00">3.402</Value>
		</SetofValues>
	</Station>
	<Station stationReference="L1741" region="North East" stationName="Mickletown Ings" ngr="SE4173227362">
		<SetofValues parameter="Water Level" qualifier="Stage" dataType="Instantaneous" period="15 min" units="m" startDate="2016-02-12" startTime="06:15:00" endDate="2016-02-12" endTime="11:45:00">
			<Value date="2016-02-12" time="06:15:00">3.477</Value>
			<Value date="2016-02-12" time="06:30:00">3.477</Value>
			<Value date="2016-02-12" time="06:45:00">3.476</Value>
			<Value date="2016-02-12" time="07:00:00">3.476</Value>
			<Value date="2016-02-12" time="07:15:00">3.476</Value>
			<Value date="2016-02-12" time="07:30:00">3.477</Value>
			<Value date="2016-02-12" time="07:45:00">3.476</Value>
			<Value date="2016-02-12" time="08:00:00">3.476</Value>
			<Value date="2016-02-12" time="08:15:00">3.475</Value>
			<Value date="2016-02-12" time="08:30:00">3.474</Value>
			<Value date="2016-02-12" time="08:45:00">3.474</Value>
			<Value date="2016-02-12" time="09:00:00">3.474</Value>
			<Value date="2016-02-12" time="09:15:00">3.475</Value>
			<Value date="2016-02-12" time="09:30:00">3.474</Value>
			<Value date="2016-02-12" time="09:45:00">3.473</Value>
			<Value date="2016-02-12" time="10:00:00">3.473</Value>
			<Value date="2016-02-12" time="10:15:00">3.473</Value>
			<Value date="2016-02-12" time="10:30:00">3.472</Value>
			<Value date="2016-02-12" time="10:45:00">3.470</Value>
			<Value date="2016-02-12" time="11:00:00">3.472</Value>
			<Value date="2016-02-12" time="11:15:00">3.472</Value>
			<Value date="2016-02-12" time="11:30:00">3.471</Value>
			<Value date="2016-02-12" time="11:45:00">3.472</Value>
		</SetofValues>
	</Station>
	<Station stationReference="L1721" region="North East" stationName="Allerton Ings" ngr="SE4190027265">
		<SetofValues parameter="Water Level" qualifier="Stage" dataType="Instantaneous" period="15 min" units="m" startDate="2016-02-12" startTime="06:15:00" endDate="2016-02-12" endTime="11:45:00">
			<Value date="2016-02-12" time="06:15:00">0.115</Value>
			<Value date="2016-02-12" time="06:30:00">0.115</Value>
			<Value date="2016-02-12" time="06:45:00">0.115</Value>
			<Value date="2016-02-12" time="07:00:00">0.115</Value>
			<Value date="2016-02-12" time="07:15:00">0.115</Value>
			<Value date="2016-02-12" time="07:30:00">0.115</Value>
			<Value date="2016-02-12" time="07:45:00">0.115</Value>
			<Value date="2016-02-12" time="08:00:00">0.115</Value>
			<Value date="2016-02-12" time="08:15:00">0.115</Value>
			<Value date="2016-02-12" time="08:30:00">0.115</Value>
			<Value date="2016-02-12" time="08:45:00">0.115</Value>
			<Value date="2016-02-12" time="09:00:00">0.115</Value>
			<Value date="2016-02-12" time="09:15:00">0.115</Value>
			<Value date="2016-02-12" time="09:30:00">0.115</Value>
			<Value date="2016-02-12" time="09:45:00">0.115</Value>
			<Value date="2016-02-12" time="10:00:00">0.114</Value>
			<Value date="2016-02-12" time="10:15:00">0.114</Value>
			<Value date="2016-02-12" time="10:30:00">0.115</Value>
			<Value date="2016-02-12" time="10:45:00">0.114</Value>
			<Value date="2016-02-12" time="11:00:00">0.114</Value>
			<Value date="2016-02-12" time="11:15:00">0.113</Value>
			<Value date="2016-02-12" time="11:30:00">0.113</Value>
			<Value date="2016-02-12" time="11:45:00">0.114</Value>
		</SetofValues>
	</Station>
	<Station stationReference="L1711" region="North East" stationName="Fairburn Sluices" ngr="SE4689127109">
		<SetofValues parameter="Water Level" qualifier="Stage" dataType="Instantaneous" period="15 min" units="m" startDate="2016-02-12" startTime="06:15:00" endDate="2016-02-12" endTime="11:45:00">
			<Value date="2016-02-12" time="06:15:00">0.952</Value>
			<Value date="2016-02-12" time="06:30:00">0.951</Value>
			<Value date="2016-02-12" time="06:45:00">0.950</Value>
			<Value date="2016-02-12" time="07:00:00">0.950</Value>
			<Value date="2016-02-12" time="07:15:00">0.949</Value>
			<Value date="2016-02-12" time="07:30:00">0.948</Value>
			<Value date="2016-02-12" time="07:45:00">0.947</Value>
			<Value date="2016-02-12" time="08:00:00">0.946</Value>
			<Value date="2016-02-12" time="08:15:00">0.945</Value>
			<Value date="2016-02-12" time="08:30:00">0.945</Value>
			<Value date="2016-02-12" time="08:45:00">0.945</Value>
			<Value date="2016-02-12" time="09:00:00">0.943</Value>
			<Value date="2016-02-12" time="09:15:00">0.942</Value>
			<Value date="2016-02-12" time="09:30:00">0.943</Value>
			<Value date="2016-02-12" time="09:45:00">0.941</Value>
			<Value date="2016-02-12" time="10:00:00">0.939</Value>
			<Value date="2016-02-12" time="10:15:00">0.939</Value>
			<Value date="2016-02-12" time="10:30:00">0.937</Value>
			<Value date="2016-02-12" time="10:45:00">0.937</Value>
			<Value date="2016-02-12" time="11:00:00">0.937</Value>
			<Value date="2016-02-12" time="11:15:00">0.936</Value>
			<Value date="2016-02-12" time="11:30:00">0.934</Value>
			<Value date="2016-02-12" time="11:45:00">0.934</Value>
		</SetofValues>
	</Station>
	<Station stationReference="L1708" region="North East" stationName="Kirkstall Abbey" ngr="SE2612035971">
		<SetofValues parameter="Water Level" qualifier="Stage" dataType="Instantaneous" period="15 min" units="m" startDate="2016-02-12" startTime="06:15:00" endDate="2016-02-12" endTime="11:45:00">
			<Value date="2016-02-12" time="06:15:00">1.688</Value>
			<Value date="2016-02-12" time="06:30:00">1.688</Value>
			<Value date="2016-02-12" time="06:45:00">1.687</Value>
			<Value date="2016-02-12" time="07:00:00">1.688</Value>
			<Value date="2016-02-12" time="07:15:00">1.685</Value>
			<Value date="2016-02-12" time="07:30:00">1.687</Value>
			<Value date="2016-02-12" time="07:45:00">1.686</Value>
			<Value date="2016-02-12" time="08:00:00">1.684</Value>
			<Value date="2016-02-12" time="08:15:00">1.684</Value>
			<Value date="2016-02-12" time="08:30:00">1.684</Value>
			<Value date="2016-02-12" time="08:45:00">1.686</Value>
			<Value date="2016-02-12" time="09:00:00">1.684</Value>
			<Value date="2016-02-12" time="09:15:00">1.685</Value>
			<Value date="2016-02-12" time="09:30:00">1.684</Value>
			<Value date="2016-02-12" time="09:45:00">1.683</Value>
			<Value date="2016-02-12" time="10:00:00">1.684</Value>
			<Value date="2016-02-12" time="10:15:00">1.683</Value>
			<Value date="2016-02-12" time="10:30:00">1.683</Value>
			<Value date="2016-02-12" time="10:45:00">1.685</Value>
			<Value date="2016-02-12" time="11:00:00">1.687</Value>
			<Value date="2016-02-12" time="11:15:00">1.685</Value>
			<Value date="2016-02-12" time="11:30:00">1.685</Value>
			<Value date="2016-02-12" time="11:45:00">1.683</Value>
		</SetofValues>
	</Station>
	<Station stationReference="L1707" region="North East" stationName="Crown Point Bridge" ngr="SE3066833170">
		<SetofValues parameter="Water Level" qualifier="Stage" dataType="Instantaneous" period="15 min" units="m" startDate="2016-02-12" startTime="06:15:00" endDate="2016-02-12" endTime="11:45:00">
			<Value date="2016-02-12" time="06:15:00">0.639</Value>
			<Value date="2016-02-12" time="06:30:00">0.636</Value>
			<Value date="2016-02-12" time="06:45:00">0.637</Value>
			<Value date="2016-02-12" time="07:00:00">0.637</Value>
			<Value date="2016-02-12" time="07:15:00">0.632</Value>
			<Value date="2016-02-12" time="07:30:00">0.634</Value>
			<Value date="2016-02-12" time="07:45:00">0.634</Value>
			<Value date="2016-02-12" time="08:00:00">0.633</Value>
			<Value date="2016-02-12" time="08:15:00">0.633</Value>
			<Value date="2016-02-12" time="08:30:00">0.632</Value>
			<Value date="2016-02-12" time="08:45:00">0.631</Value>
			<Value date="2016-02-12" time="09:00:00">0.632</Value>
			<Value date="2016-02-12" time="09:15:00">0.629</Value>
			<Value date="2016-02-12" time="09:30:00">0.629</Value>
			<Value date="2016-02-12" time="09:45:00">0.630</Value>
			<Value date="2016-02-12" time="10:00:00">0.645</Value>
			<Value date="2016-02-12" time="10:15:00">0.631</Value>
			<Value date="2016-02-12" time="10:30:00">0.630</Value>
			<Value date="2016-02-12" time="10:45:00">0.631</Value>
			<Value date="2016-02-12" time="11:00:00">0.632</Value>
			<Value date="2016-02-12" time="11:15:00">0.632</Value>
			<Value date="2016-02-12" time="11:30:00">0.630</Value>
			<Value date="2016-02-12" time="11:45:00">0.631</Value>
		</SetofValues>
	</Station>
	<Station stationReference="L1703" region="North East" stationName="Castleford" ngr="SE4243726274">
		<SetofValues parameter="Water Level" qualifier="Stage" dataType="Instantaneous" period="15 min" units="m" startDate="2016-02-12" startTime="06:15:00" endDate="2016-02-12" endTime="11:45:00">
			<Value date="2016-02-12" time="06:15:00">1.509</Value>
			<Value date="2016-02-12" time="06:30:00">1.509</Value>
			<Value date="2016-02-12" time="06:45:00">1.506</Value>
			<Value date="2016-02-12" time="07:00:00">1.504</Value>
			<Value date="2016-02-12" time="07:15:00">1.502</Value>
			<Value date="2016-02-12" time="07:30:00">1.501</Value>
			<Value date="2016-02-12" time="07:45:00">1.498</Value>
			<Value date="2016-02-12" time="08:00:00">1.497</Value>
			<Value date="2016-02-12" time="08:15:00">1.494</Value>
			<Value date="2016-02-12" time="08:30:00">1.494</Value>
			<Value date="2016-02-12" time="08:45:00">1.490</Value>
			<Value date="2016-02-12" time="09:00:00">1.490</Value>
			<Value date="2016-02-12" time="09:15:00">1.488</Value>
			<Value date="2016-02-12" time="09:30:00">1.463</Value>
			<Value date="2016-02-12" time="09:45:00">1.460</Value>
			<Value date="2016-02-12" time="10:00:00">1.461</Value>
			<Value date="2016-02-12" time="10:15:00">1.464</Value>
			<Value date="2016-02-12" time="10:30:00">1.468</Value>
			<Value date="2016-02-12" time="10:45:00">1.468</Value>
			<Value date="2016-02-12" time="11:00:00">1.478</Value>
			<Value date="2016-02-12" time="11:15:00">1.477</Value>
			<Value date="2016-02-12" time="11:30:00">1.479</Value>
			<Value date="2016-02-12" time="11:45:00">1.479</Value>
		</SetofValues>
	</Station>
	<Station stationReference="L17013" region="North East" stationName="Gipton South Parkway" ngr="SE3426735306">
		<SetofValues parameter="Water Level" qualifier="Stage" dataType="Instantaneous" period="15 min" units="m" startDate="2016-02-12" startTime="06:15:00" endDate="2016-02-12" endTime="11:45:00">
			<Value date="2016-02-12" time="06:15:00">0.112</Value>
			<Value date="2016-02-12" time="06:30:00">0.113</Value>
			<Value date="2016-02-12" time="06:45:00">0.111</Value>
			<Value date="2016-02-12" time="07:00:00">0.112</Value>
			<Value date="2016-02-12" time="07:15:00">0.111</Value>
			<Value date="2016-02-12" time="07:30:00">0.111</Value>
			<Value date="2016-02-12" time="07:45:00">0.112</Value>
			<Value date="2016-02-12" time="08:00:00">0.111</Value>
			<Value date="2016-02-12" time="08:15:00">0.111</Value>
			<Value date="2016-02-12" time="08:30:00">0.112</Value>
			<Value date="2016-02-12" time="08:45:00">0.113</Value>
			<Value date="2016-02-12" time="09:00:00">0.113</Value>
			<Value date="2016-02-12" time="09:15:00">0.113</Value>
			<Value date="2016-02-12" time="09:30:00">0.113</Value>
			<Value date="2016-02-12" time="09:45:00">0.114</Value>
			<Value date="2016-02-12" time="10:00:00">0.114</Value>
			<Value date="2016-02-12" time="10:15:00">0.114</Value>
			<Value date="2016-02-12" time="10:30:00">0.114</Value>
			<Value date="2016-02-12" time="10:45:00">0.114</Value>
			<Value date="2016-02-12" time="11:00:00">0.115</Value>
			<Value date="2016-02-12" time="11:15:00">0.114</Value>
			<Value date="2016-02-12" time="11:30:00">0.116</Value>
			<Value date="2016-02-12" time="11:45:00">0.116</Value>
		</SetofValues>
	</Station>
	<Station stationReference="L1607" region="North East" stationName="Cottingley Bridge" ngr="SE1140737973">
		<SetofValues parameter="Water Level" qualifier="Stage" dataType="Instantaneous" period="15 min" units="m" startDate="2016-02-12" startTime="06:15:00" endDate="2016-02-12" endTime="11:45:00">
			<Value date="2016-02-12" time="06:15:00">0.987</Value>
			<Value date="2016-02-12" time="06:30:00">0.986</Value>
			<Value date="2016-02-12" time="06:45:00">0.984</Value>
			<Value date="2016-02-12" time="07:00:00">0.984</Value>
			<Value date="2016-02-12" time="07:15:00">0.983</Value>
			<Value date="2016-02-12" time="07:30:00">0.981</Value>
			<Value date="2016-02-12" time="07:45:00">0.981</Value>
			<Value date="2016-02-12" time="08:00:00">0.980</Value>
			<Value date="2016-02-12" time="08:15:00">0.979</Value>
			<Value date="2016-02-12" time="08:30:00">0.978</Value>
			<Value date="2016-02-12" time="08:45:00">0.977</Value>
			<Value date="2016-02-12" time="09:00:00">0.976</Value>
			<Value date="2016-02-12" time="09:15:00">0.975</Value>
			<Value date="2016-02-12" time="09:30:00">0.974</Value>
			<Value date="2016-02-12" time="09:45:00">0.974</Value>
			<Value date="2016-02-12" time="10:00:00">0.973</Value>
			<Value date="2016-02-12" time="10:15:00">0.972</Value>
			<Value date="2016-02-12" time="10:30:00">0.970</Value>
			<Value date="2016-02-12" time="10:45:00">0.970</Value>
			<Value date="2016-02-12" time="11:00:00">0.969</Value>
			<Value date="2016-02-12" time="11:15:00">0.968</Value>
			<Value date="2016-02-12" time="11:30:00">0.968</Value>
			<Value date="2016-02-12" time="11:45:00">0.968</Value>
		</SetofValues>
	</Station>
	<Station stationReference="L1605" region="North East" stationName="Saltaire" ngr="SE1398038224">
		<SetofValues parameter="Water Level" qualifier="Stage" dataType="Instantaneous" period="15 min" units="m" startDate="2016-02-12" startTime="06:15:00" endDate="2016-02-12" endTime="11:45:00">
			<Value date="2016-02-12" time="06:15:00">0.628</Value>
			<Value date="2016-02-12" time="06:30:00">0.628</Value>
			<Value date="2016-02-12" time="06:45:00">0.628</Value>
			<Value date="2016-02-12" time="07:00:00">0.627</Value>
			<Value date="2016-02-12" time="07:15:00">0.627</Value>
			<Value date="2016-02-12" time="07:30:00">0.626</Value>
			<Value date="2016-02-12" time="07:45:00">0.625</Value>
			<Value date="2016-02-12" time="08:00:00">0.624</Value>
			<Value date="2016-02-12" time="08:15:00">0.624</Value>
			<Value date="2016-02-12" time="08:30:00">0.625</Value>
			<Value date="2016-02-12" time="08:45:00">0.625</Value>
			<Value date="2016-02-12" time="09:00:00">0.624</Value>
			<Value date="2016-02-12" time="09:15:00">0.625</Value>
			<Value date="2016-02-12" time="09:30:00">0.623</Value>
			<Value date="2016-02-12" time="09:45:00">0.622</Value>
			<Value date="2016-02-12" time="10:00:00">0.623</Value>
			<Value date="2016-02-12" time="10:15:00">0.622</Value>
			<Value date="2016-02-12" time="10:30:00">0.621</Value>
			<Value date="2016-02-12" time="10:45:00">0.621</Value>
			<Value date="2016-02-12" time="11:00:00">0.621</Value>
			<Value date="2016-02-12" time="11:15:00">0.619</Value>
			<Value date="2016-02-12" time="11:30:00">0.619</Value>
			<Value date="2016-02-12" time="11:45:00">0.619</Value>
		</SetofValues>
	</Station>
	<Station stationReference="L1602" region="North East" stationName="Apperley Bridge" ngr="SE1940737961">
		<SetofValues parameter="Water Level" qualifier="Stage" dataType="Instantaneous" period="15 min" units="m" startDate="2016-02-12" startTime="06:15:00" endDate="2016-02-12" endTime="11:45:00">
			<Value date="2016-02-12" time="06:15:00">0.600</Value>
			<Value date="2016-02-12" time="06:30:00">0.600</Value>
			<Value date="2016-02-12" time="06:45:00">0.593</Value>
			<Value date="2016-02-12" time="07:00:00">0.599</Value>
			<Value date="2016-02-12" time="07:15:00">0.601</Value>
			<Value date="2016-02-12" time="07:30:00">0.597</Value>
			<Value date="2016-02-12" time="07:45:00">0.594</Value>
			<Value date="2016-02-12" time="08:00:00">0.590</Value>
			<Value date="2016-02-12" time="08:15:00">0.601</Value>
			<Value date="2016-02-12" time="08:30:00">0.600</Value>
			<Value date="2016-02-12" time="08:45:00">0.600</Value>
			<Value date="2016-02-12" time="09:00:00">0.595</Value>
			<Value date="2016-02-12" time="09:15:00">0.597</Value>
			<Value date="2016-02-12" time="09:30:00">0.600</Value>
			<Value date="2016-02-12" time="09:45:00">0.601</Value>
			<Value date="2016-02-12" time="10:00:00">0.597</Value>
			<Value date="2016-02-12" time="10:15:00">0.613</Value>
			<Value date="2016-02-12" time="10:30:00">0.597</Value>
			<Value date="2016-02-12" time="10:45:00">0.592</Value>
			<Value date="2016-02-12" time="11:00:00">0.599</Value>
			<Value date="2016-02-12" time="11:15:00">0.598</Value>
			<Value date="2016-02-12" time="11:30:00">0.598</Value>
			<Value date="2016-02-12" time="11:45:00">0.594</Value>
		</SetofValues>
	</Station>
	<Station stationReference="L1546" region="North East" stationName="Earby Youth Hostel" ngr="SD9154146941">
		<SetofValues parameter="Water Level" qualifier="Stage" dataType="Instantaneous" period="15 min" units="m" startDate="2016-02-12" startTime="05:30:00" endDate="2016-02-12" endTime="11:45:00">
			<Value date="2016-02-12" time="05:30:00">0.118</Value>
			<Value date="2016-02-12" time="05:45:00">0.120</Value>
			<Value date="2016-02-12" time="06:00:00">0.119</Value>
			<Value date="2016-02-12" time="06:15:00">0.117</Value>
			<Value date="2016-02-12" time="06:30:00">0.117</Value>
			<Value date="2016-02-12" time="06:45:00">0.115</Value>
			<Value date="2016-02-12" time="07:00:00">0.117</Value>
			<Value date="2016-02-12" time="07:15:00">0.116</Value>
			<Value date="2016-02-12" time="07:30:00">0.116</Value>
			<Value date="2016-02-12" time="07:45:00">0.115</Value>
			<Value date="2016-02-12" time="08:00:00">0.114</Value>
			<Value date="2016-02-12" time="08:15:00">0.114</Value>
			<Value date="2016-02-12" time="08:30:00">0.115</Value>
			<Value date="2016-02-12" time="08:45:00">0.114</Value>
			<Value date="2016-02-12" time="09:00:00">0.114</Value>
			<Value date="2016-02-12" time="09:15:00">0.114</Value>
			<Value date="2016-02-12" time="09:30:00">0.112</Value>
			<Value date="2016-02-12" time="09:45:00">0.115</Value>
			<Value date="2016-02-12" time="10:00:00">0.114</Value>
			<Value date="2016-02-12" time="10:15:00">0.114</Value>
			<Value date="2016-02-12" time="10:30:00">0.115</Value>
			<Value date="2016-02-12" time="10:45:00">0.112</Value>
			<Value date="2016-02-12" time="11:00:00">0.112</Value>
			<Value date="2016-02-12" time="11:15:00">0.112</Value>
			<Value date="2016-02-12" time="11:30:00">0.111</Value>
			<Value date="2016-02-12" time="11:45:00">0.110</Value>
		</SetofValues>
	</Station>
	<Station stationReference="L1545" region="North East" stationName="Earby" ngr="SD9064946528">
		<SetofValues parameter="Water Level" qualifier="Stage" dataType="Instantaneous" period="15 min" units="m" startDate="2016-02-12" startTime="06:15:00" endDate="2016-02-12" endTime="11:45:00">
			<Value date="2016-02-12" time="06:15:00">0.297</Value>
			<Value date="2016-02-12" time="06:30:00">0.295</Value>
			<Value date="2016-02-12" time="06:45:00">0.294</Value>
			<Value date="2016-02-12" time="07:00:00">0.293</Value>
			<Value date="2016-02-12" time="07:15:00">0.290</Value>
			<Value date="2016-02-12" time="07:30:00">0.292</Value>
			<Value date="2016-02-12" time="07:45:00">0.292</Value>
			<Value date="2016-02-12" time="08:00:00">0.292</Value>
			<Value date="2016-02-12" time="08:15:00">0.292</Value>
			<Value date="2016-02-12" time="08:30:00">0.287</Value>
			<Value date="2016-02-12" time="08:45:00">0.289</Value>
			<Value date="2016-02-12" time="09:00:00">0.286</Value>
			<Value date="2016-02-12" time="09:15:00">0.287</Value>
			<Value date="2016-02-12" time="09:30:00">0.287</Value>
			<Value date="2016-02-12" time="09:45:00">0.287</Value>
			<Value date="2016-02-12" time="10:00:00">0.287</Value>
			<Value date="2016-02-12" time="10:15:00">0.286</Value>
			<Value date="2016-02-12" time="10:30:00">0.286</Value>
			<Value date="2016-02-12" time="10:45:00">0.285</Value>
			<Value date="2016-02-12" time="11:00:00">0.284</Value>
			<Value date="2016-02-12" time="11:15:00">0.283</Value>
			<Value date="2016-02-12" time="11:30:00">0.283</Value>
			<Value date="2016-02-12" time="11:45:00">0.286</Value>
		</SetofValues>
	</Station>
	<Station stationReference="L1540" region="North East" stationName="Broughton Hall" ngr="SD9528651283">
		<SetofValues parameter="Water Level" qualifier="Stage" dataType="Instantaneous" period="15 min" units="m" startDate="2016-02-12" startTime="06:15:00" endDate="2016-02-12" endTime="11:45:00">
			<Value date="2016-02-12" time="06:15:00">0.350</Value>
			<Value date="2016-02-12" time="06:30:00">0.347</Value>
			<Value date="2016-02-12" time="06:45:00">0.345</Value>
			<Value date="2016-02-12" time="07:00:00">0.344</Value>
			<Value date="2016-02-12" time="07:15:00">0.345</Value>
			<Value date="2016-02-12" time="07:30:00">0.343</Value>
			<Value date="2016-02-12" time="07:45:00">0.345</Value>
			<Value date="2016-02-12" time="08:00:00">0.343</Value>
			<Value date="2016-02-12" time="08:15:00">0.341</Value>
			<Value date="2016-02-12" time="08:30:00">0.345</Value>
			<Value date="2016-02-12" time="08:45:00">0.342</Value>
			<Value date="2016-02-12" time="09:00:00">0.339</Value>
			<Value date="2016-02-12" time="09:15:00">0.343</Value>
			<Value date="2016-02-12" time="09:30:00">0.338</Value>
			<Value date="2016-02-12" time="09:45:00">0.343</Value>
			<Value date="2016-02-12" time="10:00:00">0.340</Value>
			<Value date="2016-02-12" time="10:15:00">0.338</Value>
			<Value date="2016-02-12" time="10:30:00">0.338</Value>
			<Value date="2016-02-12" time="10:45:00">0.342</Value>
			<Value date="2016-02-12" time="11:00:00">0.340</Value>
			<Value date="2016-02-12" time="11:15:00">0.335</Value>
			<Value date="2016-02-12" time="11:30:00">0.337</Value>
			<Value date="2016-02-12" time="11:45:00">0.337</Value>
		</SetofValues>
	</Station>
	<Station stationReference="L1538" region="North East" stationName="Skipton Waller Hill Beck" ngr="SD9932351642">
		<SetofValues parameter="Water Level" qualifier="Stage" dataType="Instantaneous" period="15 min" units="m" startDate="2016-02-12" startTime="06:15:00" endDate="2016-02-12" endTime="11:45:00">
			<Value date="2016-02-12" time="06:15:00">0.270</Value>
			<Value date="2016-02-12" time="06:30:00">0.267</Value>
			<Value date="2016-02-12" time="06:45:00">0.270</Value>
			<Value date="2016-02-12" time="07:00:00">0.268</Value>
			<Value date="2016-02-12" time="07:15:00">0.267</Value>
			<Value date="2016-02-12" time="07:30:00">0.266</Value>
			<Value date="2016-02-12" time="07:45:00">0.267</Value>
			<Value date="2016-02-12" time="08:00:00">0.265</Value>
			<Value date="2016-02-12" time="08:15:00">0.267</Value>
			<Value date="2016-02-12" time="08:30:00">0.266</Value>
			<Value date="2016-02-12" time="08:45:00">0.267</Value>
			<Value date="2016-02-12" time="09:00:00">0.268</Value>
			<Value date="2016-02-12" time="09:15:00">0.265</Value>
			<Value date="2016-02-12" time="09:30:00">0.267</Value>
			<Value date="2016-02-12" time="09:45:00">0.264</Value>
			<Value date="2016-02-12" time="10:00:00">0.264</Value>
			<Value date="2016-02-12" time="10:15:00">0.263</Value>
			<Value date="2016-02-12" time="10:30:00">0.266</Value>
			<Value date="2016-02-12" time="10:45:00">0.266</Value>
			<Value date="2016-02-12" time="11:00:00">0.266</Value>
			<Value date="2016-02-12" time="11:15:00">0.267</Value>
			<Value date="2016-02-12" time="11:30:00">0.265</Value>
			<Value date="2016-02-12" time="11:45:00">0.265</Value>
		</SetofValues>
	</Station>
	<Station stationReference="L1535" region="North East" stationName="Skipton Morrisons" ngr="SD9861851484">
		<SetofValues parameter="Water Level" qualifier="Stage" dataType="Instantaneous" period="15 min" units="m" startDate="2016-02-12" startTime="11:48:20" endDate="2016-02-12" endTime="11:49:37">
			<Value date="2016-02-12" time="11:48:20">2.729</Value>
			<Value date="2016-02-12" time="11:49:08">9.050</Value>
			<Value date="2016-02-12" time="11:49:37">9.043</Value>
		</SetofValues>
	</Station>
	<Station stationReference="L1527" region="North East" stationName="Glusburn Bridge" ngr="SD9955344635">
		<SetofValues parameter="Water Level" qualifier="Stage" dataType="Instantaneous" period="15 min" units="m" startDate="2016-02-12" startTime="06:15:00" endDate="2016-02-12" endTime="11:45:00">
			<Value date="2016-02-12" time="06:15:00">0.495</Value>
			<Value date="2016-02-12" time="06:30:00">0.495</Value>
			<Value date="2016-02-12" time="06:45:00">0.494</Value>
			<Value date="2016-02-12" time="07:00:00">0.494</Value>
			<Value date="2016-02-12" time="07:15:00">0.495</Value>
			<Value date="2016-02-12" time="07:30:00">0.493</Value>
			<Value date="2016-02-12" time="07:45:00">0.494</Value>
			<Value date="2016-02-12" time="08:00:00">0.493</Value>
			<Value date="2016-02-12" time="08:15:00">0.493</Value>
			<Value date="2016-02-12" time="08:30:00">0.493</Value>
			<Value date="2016-02-12" time="08:45:00">0.493</Value>
			<Value date="2016-02-12" time="09:00:00">0.492</Value>
			<Value date="2016-02-12" time="09:15:00">0.492</Value>
			<Value date="2016-02-12" time="09:30:00">0.492</Value>
			<Value date="2016-02-12" time="09:45:00">0.491</Value>
			<Value date="2016-02-12" time="10:00:00">0.491</Value>
			<Value date="2016-02-12" time="10:15:00">0.492</Value>
			<Value date="2016-02-12" time="10:30:00">0.490</Value>
			<Value date="2016-02-12" time="10:45:00">0.491</Value>
			<Value date="2016-02-12" time="11:00:00">0.491</Value>
			<Value date="2016-02-12" time="11:15:00">0.491</Value>
			<Value date="2016-02-12" time="11:30:00">0.490</Value>
			<Value date="2016-02-12" time="11:45:00">0.490</Value>
		</SetofValues>
	</Station>
	<Station stationReference="L1506" region="North East" stationName="Snaygill" ngr="SD9872649399">
		<SetofValues parameter="Water Level" qualifier="Stage" dataType="Instantaneous" period="15 min" units="m" startDate="2016-02-12" startTime="06:15:00" endDate="2016-02-12" endTime="11:45:00">
			<Value date="2016-02-12" time="06:15:00">1.267</Value>
			<Value date="2016-02-12" time="06:30:00">1.264</Value>
			<Value date="2016-02-12" time="06:45:00">1.261</Value>
			<Value date="2016-02-12" time="07:00:00">1.258</Value>
			<Value date="2016-02-12" time="07:15:00">1.255</Value>
			<Value date="2016-02-12" time="07:30:00">1.253</Value>
			<Value date="2016-02-12" time="07:45:00">1.250</Value>
			<Value date="2016-02-12" time="08:00:00">1.247</Value>
			<Value date="2016-02-12" time="08:15:00">1.246</Value>
			<Value date="2016-02-12" time="08:30:00">1.243</Value>
			<Value date="2016-02-12" time="08:45:00">1.241</Value>
			<Value date="2016-02-12" time="09:00:00">1.238</Value>
			<Value date="2016-02-12" time="09:15:00">1.235</Value>
			<Value date="2016-02-12" time="09:30:00">1.233</Value>
			<Value date="2016-02-12" time="09:45:00">1.230</Value>
			<Value date="2016-02-12" time="10:00:00">1.228</Value>
			<Value date="2016-02-12" time="10:15:00">1.225</Value>
			<Value date="2016-02-12" time="10:30:00">1.222</Value>
			<Value date="2016-02-12" time="10:45:00">1.219</Value>
			<Value date="2016-02-12" time="11:00:00">1.216</Value>
			<Value date="2016-02-12" time="11:15:00">1.213</Value>
			<Value date="2016-02-12" time="11:30:00">1.211</Value>
			<Value date="2016-02-12" time="11:45:00">1.207</Value>
		</SetofValues>
	</Station>
	<Station stationReference="L1505" region="North East" stationName="Cononley River Level" ngr="SD9973046925">
		<SetofValues parameter="Water Level" qualifier="Stage" dataType="Instantaneous" period="15 min" units="m" startDate="2016-02-12" startTime="06:15:00" endDate="2016-02-12" endTime="11:45:00">
			<Value date="2016-02-12" time="06:15:00">0.183</Value>
			<Value date="2016-02-12" time="06:30:00">0.180</Value>
			<Value date="2016-02-12" time="06:45:00">0.180</Value>
			<Value date="2016-02-12" time="07:00:00">0.177</Value>
			<Value date="2016-02-12" time="07:15:00">0.176</Value>
			<Value date="2016-02-12" time="07:30:00">0.174</Value>
			<Value date="2016-02-12" time="07:45:00">0.172</Value>
			<Value date="2016-02-12" time="08:00:00">0.169</Value>
			<Value date="2016-02-12" time="08:15:00">0.168</Value>
			<Value date="2016-02-12" time="08:30:00">0.168</Value>
			<Value date="2016-02-12" time="08:45:00">0.164</Value>
			<Value date="2016-02-12" time="09:00:00">0.164</Value>
			<Value date="2016-02-12" time="09:15:00">0.161</Value>
			<Value date="2016-02-12" time="09:30:00">0.160</Value>
			<Value date="2016-02-12" time="09:45:00">0.158</Value>
			<Value date="2016-02-12" time="10:00:00">0.157</Value>
			<Value date="2016-02-12" time="10:15:00">0.154</Value>
			<Value date="2016-02-12" time="10:30:00">0.153</Value>
			<Value date="2016-02-12" time="10:45:00">0.152</Value>
			<Value date="2016-02-12" time="11:00:00">0.150</Value>
			<Value date="2016-02-12" time="11:15:00">0.148</Value>
			<Value date="2016-02-12" time="11:30:00">0.148</Value>
			<Value date="2016-02-12" time="11:45:00">0.144</Value>
		</SetofValues>
	</Station>
	<Station stationReference="L1502" region="North East" stationName="Stockbridge" ngr="SE0720042250">
		<SetofValues parameter="Water Level" qualifier="Stage" dataType="Instantaneous" period="15 min" units="m" startDate="2016-02-12" startTime="06:15:00" endDate="2016-02-12" endTime="11:45:00">
			<Value date="2016-02-12" time="06:15:00">0.378</Value>
			<Value date="2016-02-12" time="06:30:00">0.376</Value>
			<Value date="2016-02-12" time="06:45:00">0.375</Value>
			<Value date="2016-02-12" time="07:00:00">0.374</Value>
			<Value date="2016-02-12" time="07:15:00">0.373</Value>
			<Value date="2016-02-12" time="07:30:00">0.372</Value>
			<Value date="2016-02-12" time="07:45:00">0.371</Value>
			<Value date="2016-02-12" time="08:00:00">0.370</Value>
			<Value date="2016-02-12" time="08:15:00">0.369</Value>
			<Value date="2016-02-12" time="08:30:00">0.368</Value>
			<Value date="2016-02-12" time="08:45:00">0.366</Value>
			<Value date="2016-02-12" time="09:00:00">0.364</Value>
			<Value date="2016-02-12" time="09:15:00">0.364</Value>
			<Value date="2016-02-12" time="09:30:00">0.364</Value>
			<Value date="2016-02-12" time="09:45:00">0.361</Value>
			<Value date="2016-02-12" time="10:00:00">0.360</Value>
			<Value date="2016-02-12" time="10:15:00">0.360</Value>
			<Value date="2016-02-12" time="10:30:00">0.360</Value>
			<Value date="2016-02-12" time="10:45:00">0.358</Value>
			<Value date="2016-02-12" time="11:00:00">0.357</Value>
			<Value date="2016-02-12" time="11:15:00">0.356</Value>
			<Value date="2016-02-12" time="11:30:00">0.354</Value>
			<Value date="2016-02-12" time="11:45:00">0.354</Value>
		</SetofValues>
	</Station>
	<Station stationReference="F3316" region="North East" stationName="Burstwick Hall Road Bridge" ngr="TA2248328656">
		<SetofValues parameter="Water Level" qualifier="Stage" dataType="Instantaneous" period="15 min" units="mAOD" startDate="2016-02-12" startTime="05:45:00" endDate="2016-02-12" endTime="11:45:00">
			<Value date="2016-02-12" time="05:45:00">1.201</Value>
			<Value date="2016-02-12" time="06:00:00">1.203</Value>
			<Value date="2016-02-12" time="06:15:00">1.204</Value>
			<Value date="2016-02-12" time="06:30:00">1.205</Value>
			<Value date="2016-02-12" time="06:45:00">1.208</Value>
			<Value date="2016-02-12" time="07:00:00">1.210</Value>
			<Value date="2016-02-12" time="07:15:00">1.214</Value>
			<Value date="2016-02-12" time="07:30:00">1.219</Value>
			<Value date="2016-02-12" time="07:45:00">1.222</Value>
			<Value date="2016-02-12" time="08:00:00">1.225</Value>
			<Value date="2016-02-12" time="08:15:00">1.229</Value>
			<Value date="2016-02-12" time="08:30:00">1.232</Value>
			<Value date="2016-02-12" time="08:45:00">1.235</Value>
			<Value date="2016-02-12" time="09:00:00">1.239</Value>
			<Value date="2016-02-12" time="09:15:00">1.242</Value>
			<Value date="2016-02-12" time="09:30:00">1.245</Value>
			<Value date="2016-02-12" time="09:45:00">1.248</Value>
			<Value date="2016-02-12" time="10:00:00">1.251</Value>
			<Value date="2016-02-12" time="10:15:00">1.254</Value>
			<Value date="2016-02-12" time="10:30:00">1.257</Value>
			<Value date="2016-02-12" time="10:45:00">1.259</Value>
			<Value date="2016-02-12" time="11:00:00">1.262</Value>
			<Value date="2016-02-12" time="11:15:00">1.264</Value>
			<Value date="2016-02-12" time="11:30:00">1.266</Value>
			<Value date="2016-02-12" time="11:45:00">1.267</Value>
		</SetofValues>
	</Station>
	<Station stationReference="F1806" region="North East" stationName="Beal" ngr="SE5303125436">
		<SetofValues parameter="Water Level" qualifier="Stage" dataType="Instantaneous" period="15 min" units="m" startDate="2016-02-12" startTime="06:15:00" endDate="2016-02-12" endTime="11:45:00">
			<Value date="2016-02-12" time="06:15:00">1.082</Value>
			<Value date="2016-02-12" time="06:30:00">1.077</Value>
			<Value date="2016-02-12" time="06:45:00">1.074</Value>
			<Value date="2016-02-12" time="07:00:00">1.073</Value>
			<Value date="2016-02-12" time="07:15:00">1.068</Value>
			<Value date="2016-02-12" time="07:30:00">1.061</Value>
			<Value date="2016-02-12" time="07:45:00">1.064</Value>
			<Value date="2016-02-12" time="08:00:00">1.060</Value>
			<Value date="2016-02-12" time="08:15:00">1.057</Value>
			<Value date="2016-02-12" time="08:30:00">1.054</Value>
			<Value date="2016-02-12" time="08:45:00">1.054</Value>
			<Value date="2016-02-12" time="09:00:00">1.051</Value>
			<Value date="2016-02-12" time="09:15:00">1.044</Value>
			<Value date="2016-02-12" time="09:30:00">1.042</Value>
			<Value date="2016-02-12" time="09:45:00">1.042</Value>
			<Value date="2016-02-12" time="10:00:00">1.038</Value>
			<Value date="2016-02-12" time="10:15:00">1.032</Value>
			<Value date="2016-02-12" time="10:30:00">1.032</Value>
			<Value date="2016-02-12" time="10:45:00">1.028</Value>
			<Value date="2016-02-12" time="11:00:00">1.021</Value>
			<Value date="2016-02-12" time="11:15:00">1.017</Value>
			<Value date="2016-02-12" time="11:30:00">1.019</Value>
			<Value date="2016-02-12" time="11:45:00">1.013</Value>
		</SetofValues>
	</Station>
	<Station stationReference="F1715" region="North East" stationName="Oulton Farrer Lane" ngr="SE3644728102">
		<SetofValues parameter="Water Level" qualifier="Stage" dataType="Instantaneous" period="15 min" units="m" startDate="2016-02-12" startTime="06:15:00" endDate="2016-02-12" endTime="11:45:00">
			<Value date="2016-02-12" time="06:15:00">0.210</Value>
			<Value date="2016-02-12" time="06:30:00">0.211</Value>
			<Value date="2016-02-12" time="06:45:00">0.211</Value>
			<Value date="2016-02-12" time="07:00:00">0.210</Value>
			<Value date="2016-02-12" time="07:15:00">0.210</Value>
			<Value date="2016-02-12" time="07:30:00">0.210</Value>
			<Value date="2016-02-12" time="07:45:00">0.209</Value>
			<Value date="2016-02-12" time="08:00:00">0.209</Value>
			<Value date="2016-02-12" time="08:15:00">0.209</Value>
			<Value date="2016-02-12" time="08:30:00">0.208</Value>
			<Value date="2016-02-12" time="08:45:00">0.209</Value>
			<Value date="2016-02-12" time="09:00:00">0.209</Value>
			<Value date="2016-02-12" time="09:15:00">0.208</Value>
			<Value date="2016-02-12" time="09:30:00">0.208</Value>
			<Value date="2016-02-12" time="09:45:00">0.208</Value>
			<Value date="2016-02-12" time="10:00:00">0.208</Value>
			<Value date="2016-02-12" time="10:15:00">0.209</Value>
			<Value date="2016-02-12" time="10:30:00">0.209</Value>
			<Value date="2016-02-12" time="10:45:00">0.208</Value>
			<Value date="2016-02-12" time="11:00:00">0.209</Value>
			<Value date="2016-02-12" time="11:15:00">0.208</Value>
			<Value date="2016-02-12" time="11:30:00">0.208</Value>
			<Value date="2016-02-12" time="11:45:00">0.208</Value>
		</SetofValues>
	</Station>
	<Station stationReference="F1707" region="North East" stationName="Armley" ngr="SE2805734020">
		<SetofValues parameter="Water Level" qualifier="Stage" dataType="Instantaneous" period="15 min" units="m" startDate="2016-02-12" startTime="06:15:00" endDate="2016-02-12" endTime="11:45:00">
			<Value date="2016-02-12" time="06:15:00">1.039</Value>
			<Value date="2016-02-12" time="06:30:00">1.035</Value>
			<Value date="2016-02-12" time="06:45:00">1.033</Value>
			<Value date="2016-02-12" time="07:00:00">1.031</Value>
			<Value date="2016-02-12" time="07:15:00">1.031</Value>
			<Value date="2016-02-12" time="07:30:00">1.030</Value>
			<Value date="2016-02-12" time="07:45:00">1.024</Value>
			<Value date="2016-02-12" time="08:00:00">1.024</Value>
			<Value date="2016-02-12" time="08:15:00">1.023</Value>
			<Value date="2016-02-12" time="08:30:00">1.023</Value>
			<Value date="2016-02-12" time="08:45:00">1.024</Value>
			<Value date="2016-02-12" time="09:00:00">1.020</Value>
			<Value date="2016-02-12" time="09:15:00">1.017</Value>
			<Value date="2016-02-12" time="09:30:00">1.017</Value>
			<Value date="2016-02-12" time="09:45:00">1.016</Value>
			<Value date="2016-02-12" time="10:00:00">1.020</Value>
			<Value date="2016-02-12" time="10:15:00">1.017</Value>
			<Value date="2016-02-12" time="10:30:00">1.020</Value>
			<Value date="2016-02-12" time="10:45:00">1.019</Value>
			<Value date="2016-02-12" time="11:00:00">1.017</Value>
			<Value date="2016-02-12" time="11:15:00">1.018</Value>
			<Value date="2016-02-12" time="11:30:00">1.018</Value>
			<Value date="2016-02-12" time="11:45:00">1.020</Value>
		</SetofValues>
	</Station>
	<Station stationReference="F1703" region="North East" stationName="Oulton Fleet Weir" ngr="SE3808828493">
		<SetofValues parameter="Water Level" qualifier="Stage" dataType="Instantaneous" period="15 min" units="m" startDate="2016-02-12" startTime="06:15:00" endDate="2016-02-12" endTime="11:45:00">
			<Value date="2016-02-12" time="06:15:00">0.581</Value>
			<Value date="2016-02-12" time="06:30:00">0.579</Value>
			<Value date="2016-02-12" time="06:45:00">0.578</Value>
			<Value date="2016-02-12" time="07:00:00">0.576</Value>
			<Value date="2016-02-12" time="07:15:00">0.574</Value>
			<Value date="2016-02-12" time="07:30:00">0.573</Value>
			<Value date="2016-02-12" time="07:45:00">0.572</Value>
			<Value date="2016-02-12" time="08:00:00">0.572</Value>
			<Value date="2016-02-12" time="08:15:00">0.571</Value>
			<Value date="2016-02-12" time="08:30:00">0.570</Value>
			<Value date="2016-02-12" time="08:45:00">0.569</Value>
			<Value date="2016-02-12" time="09:00:00">0.569</Value>
			<Value date="2016-02-12" time="09:15:00">0.569</Value>
			<Value date="2016-02-12" time="09:30:00">0.570</Value>
			<Value date="2016-02-12" time="09:45:00">0.570</Value>
			<Value date="2016-02-12" time="10:00:00">0.570</Value>
			<Value date="2016-02-12" time="10:15:00">0.570</Value>
			<Value date="2016-02-12" time="10:30:00">0.570</Value>
			<Value date="2016-02-12" time="10:45:00">0.570</Value>
			<Value date="2016-02-12" time="11:00:00">0.570</Value>
			<Value date="2016-02-12" time="11:15:00">0.569</Value>
			<Value date="2016-02-12" time="11:30:00">0.570</Value>
			<Value date="2016-02-12" time="11:45:00">0.570</Value>
		</SetofValues>
	</Station>
	<Station stationReference="F1608" region="North East" stationName="Bingley" ngr="SE1043639458">
		<SetofValues parameter="Water Level" qualifier="Stage" dataType="Instantaneous" period="15 min" units="m" startDate="2016-02-12" startTime="06:15:00" endDate="2016-02-12" endTime="11:45:00">
			<Value date="2016-02-12" time="06:15:00">0.411</Value>
			<Value date="2016-02-12" time="06:30:00">0.412</Value>
			<Value date="2016-02-12" time="06:45:00">0.411</Value>
			<Value date="2016-02-12" time="07:00:00">0.410</Value>
			<Value date="2016-02-12" time="07:15:00">0.410</Value>
			<Value date="2016-02-12" time="07:30:00">0.410</Value>
			<Value date="2016-02-12" time="07:45:00">0.409</Value>
			<Value date="2016-02-12" time="08:00:00">0.408</Value>
			<Value date="2016-02-12" time="08:15:00">0.409</Value>
			<Value date="2016-02-12" time="08:30:00">0.407</Value>
			<Value date="2016-02-12" time="08:45:00">0.408</Value>
			<Value date="2016-02-12" time="09:00:00">0.407</Value>
			<Value date="2016-02-12" time="09:15:00">0.406</Value>
			<Value date="2016-02-12" time="09:30:00">0.407</Value>
			<Value date="2016-02-12" time="09:45:00">0.406</Value>
			<Value date="2016-02-12" time="10:00:00">0.405</Value>
			<Value date="2016-02-12" time="10:15:00">0.405</Value>
			<Value date="2016-02-12" time="10:30:00">0.405</Value>
			<Value date="2016-02-12" time="10:45:00">0.404</Value>
			<Value date="2016-02-12" time="11:00:00">0.403</Value>
			<Value date="2016-02-12" time="11:15:00">0.403</Value>
			<Value date="2016-02-12" time="11:30:00">0.403</Value>
			<Value date="2016-02-12" time="11:45:00">0.402</Value>
		</SetofValues>
	</Station>
	<Station stationReference="F1508" region="North East" stationName="Gargrave" ngr="SD9372353965">
		<SetofValues parameter="Water Level" qualifier="Stage" dataType="Instantaneous" period="15 min" units="m" startDate="2016-02-12" startTime="06:15:00" endDate="2016-02-12" endTime="11:45:00">
			<Value date="2016-02-12" time="06:15:00">0.325</Value>
			<Value date="2016-02-12" time="06:30:00">0.325</Value>
			<Value date="2016-02-12" time="06:45:00">0.324</Value>
			<Value date="2016-02-12" time="07:00:00">0.324</Value>
			<Value date="2016-02-12" time="07:15:00">0.324</Value>
			<Value date="2016-02-12" time="07:30:00">0.323</Value>
			<Value date="2016-02-12" time="07:45:00">0.323</Value>
			<Value date="2016-02-12" time="08:00:00">0.323</Value>
			<Value date="2016-02-12" time="08:15:00">0.322</Value>
			<Value date="2016-02-12" time="08:30:00">0.322</Value>
			<Value date="2016-02-12" time="08:45:00">0.321</Value>
			<Value date="2016-02-12" time="09:00:00">0.321</Value>
			<Value date="2016-02-12" time="09:15:00">0.321</Value>
			<Value date="2016-02-12" time="09:30:00">0.320</Value>
			<Value date="2016-02-12" time="09:45:00">0.320</Value>
			<Value date="2016-02-12" time="10:00:00">0.320</Value>
			<Value date="2016-02-12" time="10:15:00">0.319</Value>
			<Value date="2016-02-12" time="10:30:00">0.319</Value>
			<Value date="2016-02-12" time="10:45:00">0.319</Value>
			<Value date="2016-02-12" time="11:00:00">0.319</Value>
			<Value date="2016-02-12" time="11:15:00">0.319</Value>
			<Value date="2016-02-12" time="11:30:00">0.318</Value>
			<Value date="2016-02-12" time="11:45:00">0.318</Value>
		</SetofValues>
	</Station>
	<Station stationReference="F1503" region="North East" stationName="Kildwick" ngr="SE0110645684">
		<SetofValues parameter="Water Level" qualifier="Stage" dataType="Instantaneous" period="15 min" units="m" startDate="2016-02-12" startTime="06:15:00" endDate="2016-02-12" endTime="11:45:00">
			<Value date="2016-02-12" time="06:15:00">0.738</Value>
			<Value date="2016-02-12" time="06:30:00">0.736</Value>
			<Value date="2016-02-12" time="06:45:00">0.735</Value>
			<Value date="2016-02-12" time="07:00:00">0.735</Value>
			<Value date="2016-02-12" time="07:15:00">0.734</Value>
			<Value date="2016-02-12" time="07:30:00">0.733</Value>
			<Value date="2016-02-12" time="07:45:00">0.731</Value>
			<Value date="2016-02-12" time="08:00:00">0.730</Value>
			<Value date="2016-02-12" time="08:15:00">0.728</Value>
			<Value date="2016-02-12" time="08:30:00">0.728</Value>
			<Value date="2016-02-12" time="08:45:00">0.727</Value>
			<Value date="2016-02-12" time="09:00:00">0.726</Value>
			<Value date="2016-02-12" time="09:15:00">0.725</Value>
			<Value date="2016-02-12" time="09:30:00">0.724</Value>
			<Value date="2016-02-12" time="09:45:00">0.723</Value>
			<Value date="2016-02-12" time="10:00:00">0.721</Value>
			<Value date="2016-02-12" time="10:15:00">0.722</Value>
			<Value date="2016-02-12" time="10:30:00">0.720</Value>
			<Value date="2016-02-12" time="10:45:00">0.719</Value>
			<Value date="2016-02-12" time="11:00:00">0.718</Value>
			<Value date="2016-02-12" time="11:15:00">0.716</Value>
			<Value date="2016-02-12" time="11:30:00">0.716</Value>
			<Value date="2016-02-12" time="11:45:00">0.715</Value>
		</SetofValues>
	</Station>
	<Station stationReference="F1403" region="North East" stationName="Keighley" ngr="SE0636940866">
		<SetofValues parameter="Water Level" qualifier="Stage" dataType="Instantaneous" period="15 min" units="m" startDate="2016-02-12" startTime="06:15:00" endDate="2016-02-12" endTime="11:45:00">
			<Value date="2016-02-12" time="06:15:00">0.526</Value>
			<Value date="2016-02-12" time="06:30:00">0.527</Value>
			<Value date="2016-02-12" time="06:45:00">0.523</Value>
			<Value date="2016-02-12" time="07:00:00">0.519</Value>
			<Value date="2016-02-12" time="07:15:00">0.528</Value>
			<Value date="2016-02-12" time="07:30:00">0.520</Value>
			<Value date="2016-02-12" time="07:45:00">0.525</Value>
			<Value date="2016-02-12" time="08:00:00">0.525</Value>
			<Value date="2016-02-12" time="08:15:00">0.521</Value>
			<Value date="2016-02-12" time="08:30:00">0.523</Value>
			<Value date="2016-02-12" time="08:45:00">0.518</Value>
			<Value date="2016-02-12" time="09:00:00">0.520</Value>
			<Value date="2016-02-12" time="09:15:00">0.518</Value>
			<Value date="2016-02-12" time="09:30:00">0.514</Value>
			<Value date="2016-02-12" time="09:45:00">0.518</Value>
			<Value date="2016-02-12" time="10:00:00">0.525</Value>
			<Value date="2016-02-12" time="10:15:00">0.516</Value>
			<Value date="2016-02-12" time="10:30:00">0.517</Value>
			<Value date="2016-02-12" time="10:45:00">0.515</Value>
			<Value date="2016-02-12" time="11:00:00">0.518</Value>
			<Value date="2016-02-12" time="11:15:00">0.516</Value>
			<Value date="2016-02-12" time="11:30:00">0.511</Value>
			<Value date="2016-02-12" time="11:45:00">0.511</Value>
		</SetofValues>
	</Station>
</EATimeSeriesDataExchangeFormat>
