<?xml version="1.0" standalone="yes"?>
<EATimeSeriesDataExchangeFormat xmlns="http://www.environment-agency.gov.uk/XMLSchemas/EATimeSeriesDataExchangeFormat" xmlns:md="http://www.environment-agency.gov.uk/XMLSchemas/EAMetadataFormat" xmlns:xsi="http://www.w3.org/2001/XMLSchema-instance" xsi:schemaLocation="http://www.environment-agency.gov.uk/XMLSchemas/EATimeSeriesDataExchangeFormat EATimeSeriesDataExchangeFormat.xsd">
	<md:Publisher>Environment Agency</md:Publisher>
	<md:Source>North West Regional Telemetry System</md:Source>
	<md:Description>Automated telemetry data export process</md:Description>
	<md:Creator>SCX 6</md:Creator>
	<md:Date>2016-02-12</md:Date>
	<md:Time>15:06:51</md:Time>
	<md:Identifier>NWRFHSCXAS1</md:Identifier>
	<Station stationReference="766010" region="North West" stationName="Grass Dyke" ngr="NY2838459500">
		<SetofValues parameter="Water Level" qualifier="Stage" dataType="Instantaneous" period="15 min" units="m" startDate="2016-02-12" startTime="04:40:00" endDate="2016-02-12" endTime="15:05:00">
			<Value date="2016-02-12" time="04:40:00">0.173</Value>
			<Value date="2016-02-12" time="04:45:00">0.172</Value>
			<Value date="2016-02-12" time="04:50:00">0.168</Value>
			<Value date="2016-02-12" time="04:55:00">0.166</Value>
			<Value date="2016-02-12" time="05:00:00">0.166</Value>
			<Value date="2016-02-12" time="05:05:00">0.161</Value>
			<Value date="2016-02-12" time="05:10:00">0.159</Value>
			<Value date="2016-02-12" time="05:15:00">0.157</Value>
			<Value date="2016-02-12" time="05:20:00">0.156</Value>
			<Value date="2016-02-12" time="05:25:00">0.156</Value>
			<Value date="2016-02-12" time="05:30:00">0.154</Value>
			<Value date="2016-02-12" time="05:35:00">0.152</Value>
			<Value date="2016-02-12" time="05:40:00">0.152</Value>
			<Value date="2016-02-12" time="05:45:00">0.150</Value>
			<Value date="2016-02-12" time="05:50:00">0.149</Value>
			<Value date="2016-02-12" time="05:55:00">0.148</Value>
			<Value date="2016-02-12" time="06:00:00">0.148</Value>
			<Value date="2016-02-12" time="06:05:00">0.147</Value>
			<Value date="2016-02-12" time="06:10:00">0.146</Value>
			<Value date="2016-02-12" time="06:15:00">0.145</Value>
			<Value date="2016-02-12" time="06:20:00">0.145</Value>
			<Value date="2016-02-12" time="06:25:00">0.143</Value>
			<Value date="2016-02-12" time="06:30:00">0.143</Value>
			<Value date="2016-02-12" time="06:35:00">0.144</Value>
			<Value date="2016-02-12" time="06:40:00">0.143</Value>
			<Value date="2016-02-12" time="06:45:00">0.141</Value>
			<Value date="2016-02-12" time="06:50:00">0.141</Value>
			<Value date="2016-02-12" time="06:55:00">0.141</Value>
			<Value date="2016-02-12" time="07:00:00">0.141</Value>
			<Value date="2016-02-12" time="07:05:00">0.140</Value>
			<Value date="2016-02-12" time="07:10:00">0.140</Value>
			<Value date="2016-02-12" time="07:15:00">0.138</Value>
			<Value date="2016-02-12" time="07:20:00">0.139</Value>
			<Value date="2016-02-12" time="07:25:00">0.139</Value>
			<Value date="2016-02-12" time="07:30:00">0.141</Value>
			<Value date="2016-02-12" time="07:35:00">0.140</Value>
			<Value date="2016-02-12" time="07:40:00">0.139</Value>
			<Value date="2016-02-12" time="07:45:00">0.138</Value>
			<Value date="2016-02-12" time="07:50:00">0.138</Value>
			<Value date="2016-02-12" time="07:55:00">0.139</Value>
			<Value date="2016-02-12" time="08:00:00">0.138</Value>
			<Value date="2016-02-12" time="08:05:00">0.137</Value>
			<Value date="2016-02-12" time="08:10:00">0.137</Value>
			<Value date="2016-02-12" time="08:15:00">0.138</Value>
			<Value date="2016-02-12" time="08:20:00">0.137</Value>
			<Value date="2016-02-12" time="08:25:00">0.136</Value>
			<Value date="2016-02-12" time="08:30:00">0.136</Value>
			<Value date="2016-02-12" time="08:35:00">0.136</Value>
			<Value date="2016-02-12" time="08:40:00">0.135</Value>
			<Value date="2016-02-12" time="08:45:00">0.136</Value>
			<Value date="2016-02-12" time="08:50:00">0.135</Value>
			<Value date="2016-02-12" time="08:55:00">0.136</Value>
			<Value date="2016-02-12" time="09:00:00">0.136</Value>
			<Value date="2016-02-12" time="09:05:00">0.134</Value>
			<Value date="2016-02-12" time="09:10:00">0.135</Value>
			<Value date="2016-02-12" time="09:15:00">0.134</Value>
			<Value date="2016-02-12" time="09:20:00">0.134</Value>
			<Value date="2016-02-12" time="09:25:00">0.133</Value>
			<Value date="2016-02-12" time="09:30:00">0.134</Value>
			<Value date="2016-02-12" time="09:35:00">0.133</Value>
			<Value date="2016-02-12" time="09:40:00">0.134</Value>
			<Value date="2016-02-12" time="09:45:00">0.134</Value>
			<Value date="2016-02-12" time="09:50:00">0.133</Value>
			<Value date="2016-02-12" time="09:55:00">0.133</Value>
			<Value date="2016-02-12" time="10:00:00">0.133</Value>
			<Value date="2016-02-12" time="10:05:00">0.133</Value>
			<Value date="2016-02-12" time="10:10:00">0.133</Value>
			<Value date="2016-02-12" time="10:15:00">0.133</Value>
			<Value date="2016-02-12" time="10:20:00">0.133</Value>
			<Value date="2016-02-12" time="10:25:00">0.131</Value>
			<Value date="2016-02-12" time="10:30:00">0.133</Value>
			<Value date="2016-02-12" time="10:35:00">0.131</Value>
			<Value date="2016-02-12" time="10:40:00">0.131</Value>
			<Value date="2016-02-12" time="10:45:00">0.132</Value>
			<Value date="2016-02-12" time="10:50:00">0.132</Value>
			<Value date="2016-02-12" time="10:55:00">0.132</Value>
			<Value date="2016-02-12" time="11:00:00">0.130</Value>
			<Value date="2016-02-12" time="11:05:00">0.131</Value>
			<Value date="2016-02-12" time="11:10:00">0.131</Value>
			<Value date="2016-02-12" time="11:15:00">0.133</Value>
			<Value date="2016-02-12" time="11:20:00">0.130</Value>
			<Value date="2016-02-12" time="11:25:00">0.130</Value>
			<Value date="2016-02-12" time="11:30:00">0.130</Value>
			<Value date="2016-02-12" time="11:35:00">0.131</Value>
			<Value date="2016-02-12" time="11:40:00">0.131</Value>
			<Value date="2016-02-12" time="11:45:00">0.130</Value>
			<Value date="2016-02-12" time="11:50:00">0.133</Value>
			<Value date="2016-02-12" time="11:55:00">0.131</Value>
			<Value date="2016-02-12" time="12:00:00">0.130</Value>
			<Value date="2016-02-12" time="12:05:00">0.131</Value>
			<Value date="2016-02-12" time="12:10:00">0.132</Value>
			<Value date="2016-02-12" time="12:15:00">0.130</Value>
			<Value date="2016-02-12" time="12:20:00">0.132</Value>
			<Value date="2016-02-12" time="12:25:00">0.131</Value>
			<Value date="2016-02-12" time="12:30:00">0.131</Value>
			<Value date="2016-02-12" time="12:35:00">0.130</Value>
			<Value date="2016-02-12" time="12:40:00">0.130</Value>
			<Value date="2016-02-12" time="12:45:00">0.130</Value>
			<Value date="2016-02-12" time="12:50:00">0.130</Value>
			<Value date="2016-02-12" time="12:55:00">0.129</Value>
			<Value date="2016-02-12" time="13:00:00">0.129</Value>
			<Value date="2016-02-12" time="13:05:00">0.129</Value>
			<Value date="2016-02-12" time="13:10:00">0.130</Value>
			<Value date="2016-02-12" time="13:15:00">0.129</Value>
			<Value date="2016-02-12" time="13:20:00">0.128</Value>
			<Value date="2016-02-12" time="13:25:00">0.129</Value>
			<Value date="2016-02-12" time="13:30:00">0.128</Value>
			<Value date="2016-02-12" time="13:35:00">0.129</Value>
			<Value date="2016-02-12" time="13:40:00">0.336</Value>
			<Value date="2016-02-12" time="13:45:00">0.608</Value>
			<Value date="2016-02-12" time="13:50:00">0.755</Value>
			<Value date="2016-02-12" time="13:55:00">0.953</Value>
			<Value date="2016-02-12" time="14:00:00">1.133</Value>
			<Value date="2016-02-12" time="14:05:00">1.323</Value>
			<Value date="2016-02-12" time="14:10:00">1.431</Value>
			<Value date="2016-02-12" time="14:15:00">1.575</Value>
			<Value date="2016-02-12" time="14:20:00">1.663</Value>
			<Value date="2016-02-12" time="14:25:00">1.765</Value>
			<Value date="2016-02-12" time="14:30:00">1.847</Value>
			<Value date="2016-02-12" time="14:35:00">1.925</Value>
			<Value date="2016-02-12" time="14:40:00">1.966</Value>
			<Value date="2016-02-12" time="14:45:00">2.009</Value>
			<Value date="2016-02-12" time="14:50:00">2.068</Value>
			<Value date="2016-02-12" time="14:55:00">2.114</Value>
			<Value date="2016-02-12" time="15:00:00">2.139</Value>
			<Value date="2016-02-12" time="15:05:00">2.124</Value>
		</SetofValues>
	</Station>
	<Station stationReference="724700" region="North West" stationName="Burrow Beck" ngr="SD48979606">
		<SetofValues parameter="Water Level" qualifier="Stage" dataType="Instantaneous" period="15 min" units="m" startDate="2016-02-12" startTime="04:45:00" endDate="2016-02-12" endTime="15:00:00">
			<Value date="2016-02-12" time="04:45:00">0.320</Value>
			<Value date="2016-02-12" time="05:00:00">0.320</Value>
			<Value date="2016-02-12" time="05:15:00">0.320</Value>
			<Value date="2016-02-12" time="05:30:00">0.320</Value>
			<Value date="2016-02-12" time="05:45:00">0.320</Value>
			<Value date="2016-02-12" time="06:00:00">0.320</Value>
			<Value date="2016-02-12" time="06:15:00">0.320</Value>
			<Value date="2016-02-12" time="06:30:00">0.319</Value>
			<Value date="2016-02-12" time="06:45:00">0.319</Value>
			<Value date="2016-02-12" time="07:00:00">0.319</Value>
			<Value date="2016-02-12" time="07:15:00">0.319</Value>
			<Value date="2016-02-12" time="07:30:00">0.319</Value>
			<Value date="2016-02-12" time="07:45:00">0.318</Value>
			<Value date="2016-02-12" time="08:00:00">0.318</Value>
			<Value date="2016-02-12" time="08:15:00">0.319</Value>
			<Value date="2016-02-12" time="08:30:00">0.318</Value>
			<Value date="2016-02-12" time="08:45:00">0.318</Value>
			<Value date="2016-02-12" time="09:00:00">0.318</Value>
			<Value date="2016-02-12" time="09:15:00">0.318</Value>
			<Value date="2016-02-12" time="09:30:00">0.318</Value>
			<Value date="2016-02-12" time="09:45:00">0.317</Value>
			<Value date="2016-02-12" time="10:00:00">0.318</Value>
			<Value date="2016-02-12" time="10:15:00">0.318</Value>
			<Value date="2016-02-12" time="10:30:00">0.317</Value>
			<Value date="2016-02-12" time="10:45:00">0.318</Value>
			<Value date="2016-02-12" time="11:00:00">0.317</Value>
			<Value date="2016-02-12" time="11:15:00">0.317</Value>
			<Value date="2016-02-12" time="11:30:00">0.318</Value>
			<Value date="2016-02-12" time="11:45:00">0.317</Value>
			<Value date="2016-02-12" time="12:00:00">0.317</Value>
			<Value date="2016-02-12" time="12:15:00">0.317</Value>
			<Value date="2016-02-12" time="12:30:00">0.317</Value>
			<Value date="2016-02-12" time="12:45:00">0.316</Value>
			<Value date="2016-02-12" time="13:00:00">0.316</Value>
			<Value date="2016-02-12" time="13:15:00">0.316</Value>
			<Value date="2016-02-12" time="13:30:00">0.316</Value>
			<Value date="2016-02-12" time="13:45:00">0.316</Value>
			<Value date="2016-02-12" time="14:00:00">0.316</Value>
			<Value date="2016-02-12" time="14:15:00">0.316</Value>
			<Value date="2016-02-12" time="14:30:00">0.316</Value>
			<Value date="2016-02-12" time="14:45:00">0.316</Value>
			<Value date="2016-02-12" time="15:00:00">0.315</Value>
		</SetofValues>
	</Station>
	<Station stationReference="722242" region="North West" stationName="Lunes Bridge" ngr="NY61210290">
		<SetofValues parameter="Water Level" qualifier="Stage" dataType="Instantaneous" period="15 min" units="m" startDate="2016-02-12" startTime="04:45:00" endDate="2016-02-12" endTime="15:00:00">
			<Value date="2016-02-12" time="04:45:00">0.699</Value>
			<Value date="2016-02-12" time="05:00:00">0.701</Value>
			<Value date="2016-02-12" time="05:15:00">0.699</Value>
			<Value date="2016-02-12" time="05:30:00">0.697</Value>
			<Value date="2016-02-12" time="05:45:00">0.701</Value>
			<Value date="2016-02-12" time="06:00:00">0.697</Value>
			<Value date="2016-02-12" time="06:15:00">0.691</Value>
			<Value date="2016-02-12" time="06:30:00">0.692</Value>
			<Value date="2016-02-12" time="06:45:00">0.692</Value>
			<Value date="2016-02-12" time="07:00:00">0.693</Value>
			<Value date="2016-02-12" time="07:15:00">0.691</Value>
			<Value date="2016-02-12" time="07:30:00">0.690</Value>
			<Value date="2016-02-12" time="07:45:00">0.694</Value>
			<Value date="2016-02-12" time="08:00:00">0.693</Value>
			<Value date="2016-02-12" time="08:15:00">0.687</Value>
			<Value date="2016-02-12" time="08:30:00">0.692</Value>
			<Value date="2016-02-12" time="08:45:00">0.691</Value>
			<Value date="2016-02-12" time="09:00:00">0.689</Value>
			<Value date="2016-02-12" time="09:15:00">0.688</Value>
			<Value date="2016-02-12" time="09:30:00">0.690</Value>
			<Value date="2016-02-12" time="09:45:00">0.685</Value>
			<Value date="2016-02-12" time="10:00:00">0.687</Value>
			<Value date="2016-02-12" time="10:15:00">0.687</Value>
			<Value date="2016-02-12" time="10:30:00">0.684</Value>
			<Value date="2016-02-12" time="10:45:00">0.685</Value>
			<Value date="2016-02-12" time="11:00:00">0.688</Value>
			<Value date="2016-02-12" time="11:15:00">0.685</Value>
			<Value date="2016-02-12" time="11:30:00">0.683</Value>
			<Value date="2016-02-12" time="11:45:00">0.684</Value>
			<Value date="2016-02-12" time="12:00:00">0.681</Value>
			<Value date="2016-02-12" time="12:15:00">0.685</Value>
			<Value date="2016-02-12" time="12:30:00">0.681</Value>
			<Value date="2016-02-12" time="12:45:00">0.681</Value>
			<Value date="2016-02-12" time="13:00:00">0.680</Value>
			<Value date="2016-02-12" time="13:15:00">0.682</Value>
			<Value date="2016-02-12" time="13:30:00">0.677</Value>
			<Value date="2016-02-12" time="13:45:00">0.681</Value>
			<Value date="2016-02-12" time="14:00:00">0.680</Value>
			<Value date="2016-02-12" time="14:15:00">0.681</Value>
			<Value date="2016-02-12" time="14:30:00">0.677</Value>
			<Value date="2016-02-12" time="14:45:00">0.677</Value>
			<Value date="2016-02-12" time="15:00:00">0.676</Value>
		</SetofValues>
	</Station>
	<Station stationReference="581159" region="North West" stationName="Sedbergh" ngr="SD677918">
		<SetofValues parameter="Rainfall" qualifier="Tipping Bucket Raingauge" dataType="Total" period="15 min" units="mm" startDate="2016-02-12" startTime="04:45:00" endDate="2016-02-12" endTime="15:00:00">
			<Value date="2016-02-12" time="04:45:00">0.0</Value>
			<Value date="2016-02-12" time="05:00:00">0.0</Value>
			<Value date="2016-02-12" time="05:15:00">0.0</Value>
			<Value date="2016-02-12" time="05:30:00">0.0</Value>
			<Value date="2016-02-12" time="05:45:00">0.0</Value>
			<Value date="2016-02-12" time="06:00:00">0.0</Value>
			<Value date="2016-02-12" time="06:15:00">0.0</Value>
			<Value date="2016-02-12" time="06:30:00">0.0</Value>
			<Value date="2016-02-12" time="06:45:00">0.0</Value>
			<Value date="2016-02-12" time="07:00:00">0.0</Value>
			<Value date="2016-02-12" time="07:15:00">0.0</Value>
			<Value date="2016-02-12" time="07:30:00">0.0</Value>
			<Value date="2016-02-12" time="07:45:00">0.0</Value>
			<Value date="2016-02-12" time="08:00:00">0.0</Value>
			<Value date="2016-02-12" time="08:15:00">0.0</Value>
			<Value date="2016-02-12" time="08:30:00">0.0</Value>
			<Value date="2016-02-12" time="08:45:00">0.0</Value>
			<Value date="2016-02-12" time="09:00:00">0.0</Value>
			<Value date="2016-02-12" time="09:15:00">0.0</Value>
			<Value date="2016-02-12" time="09:30:00">0.0</Value>
			<Value date="2016-02-12" time="09:45:00">0.0</Value>
			<Value date="2016-02-12" time="10:00:00">0.0</Value>
			<Value date="2016-02-12" time="10:15:00">0.0</Value>
			<Value date="2016-02-12" time="10:30:00">0.0</Value>
			<Value date="2016-02-12" time="10:45:00">0.0</Value>
			<Value date="2016-02-12" time="11:00:00">0.0</Value>
			<Value date="2016-02-12" time="11:15:00">0.0</Value>
			<Value date="2016-02-12" time="11:30:00">0.0</Value>
			<Value date="2016-02-12" time="11:45:00">0.0</Value>
			<Value date="2016-02-12" time="12:00:00">0.0</Value>
			<Value date="2016-02-12" time="12:15:00">0.0</Value>
			<Value date="2016-02-12" time="12:30:00">0.0</Value>
			<Value date="2016-02-12" time="12:45:00">0.0</Value>
			<Value date="2016-02-12" time="13:00:00">0.0</Value>
			<Value date="2016-02-12" time="13:15:00">0.0</Value>
			<Value date="2016-02-12" time="13:30:00">0.0</Value>
			<Value date="2016-02-12" time="13:45:00">0.0</Value>
			<Value date="2016-02-12" time="14:00:00">0.0</Value>
			<Value date="2016-02-12" time="14:15:00">0.0</Value>
			<Value date="2016-02-12" time="14:30:00">0.0</Value>
			<Value date="2016-02-12" time="14:45:00">0.0</Value>
			<Value date="2016-02-12" time="15:00:00">0.0</Value>
		</SetofValues>
	</Station>
	<Station stationReference="575935" region="North West" stationName="Sunnyhurst" ngr="SD678222">
		<SetofValues parameter="Rainfall" qualifier="Tipping Bucket Raingauge" dataType="Total" period="15 min" units="mm" startDate="2016-02-12" startTime="04:45:00" endDate="2016-02-12" endTime="15:00:00">
			<Value date="2016-02-12" time="04:45:00">0.0</Value>
			<Value date="2016-02-12" time="05:00:00">0.0</Value>
			<Value date="2016-02-12" time="05:15:00">0.0</Value>
			<Value date="2016-02-12" time="05:30:00">0.0</Value>
			<Value date="2016-02-12" time="05:45:00">0.0</Value>
			<Value date="2016-02-12" time="06:00:00">0.0</Value>
			<Value date="2016-02-12" time="06:15:00">0.0</Value>
			<Value date="2016-02-12" time="06:30:00">0.0</Value>
			<Value date="2016-02-12" time="06:45:00">0.0</Value>
			<Value date="2016-02-12" time="07:00:00">0.0</Value>
			<Value date="2016-02-12" time="07:15:00">0.0</Value>
			<Value date="2016-02-12" time="07:30:00">0.0</Value>
			<Value date="2016-02-12" time="07:45:00">0.0</Value>
			<Value date="2016-02-12" time="08:00:00">0.0</Value>
			<Value date="2016-02-12" time="08:15:00">0.0</Value>
			<Value date="2016-02-12" time="08:30:00">0.0</Value>
			<Value date="2016-02-12" time="08:45:00">0.0</Value>
			<Value date="2016-02-12" time="09:00:00">0.0</Value>
			<Value date="2016-02-12" time="09:15:00">0.0</Value>
			<Value date="2016-02-12" time="09:30:00">0.0</Value>
			<Value date="2016-02-12" time="09:45:00">0.0</Value>
			<Value date="2016-02-12" time="10:00:00">0.0</Value>
			<Value date="2016-02-12" time="10:15:00">0.0</Value>
			<Value date="2016-02-12" time="10:30:00">0.0</Value>
			<Value date="2016-02-12" time="10:45:00">0.0</Value>
			<Value date="2016-02-12" time="11:00:00">0.0</Value>
			<Value date="2016-02-12" time="11:15:00">0.0</Value>
			<Value date="2016-02-12" time="11:30:00">0.0</Value>
			<Value date="2016-02-12" time="11:45:00">0.0</Value>
			<Value date="2016-02-12" time="12:00:00">0.0</Value>
			<Value date="2016-02-12" time="12:15:00">0.0</Value>
			<Value date="2016-02-12" time="12:30:00">0.0</Value>
			<Value date="2016-02-12" time="12:45:00">0.0</Value>
			<Value date="2016-02-12" time="13:00:00">0.0</Value>
			<Value date="2016-02-12" time="13:15:00">0.0</Value>
			<Value date="2016-02-12" time="13:30:00">0.0</Value>
			<Value date="2016-02-12" time="13:45:00">0.0</Value>
			<Value date="2016-02-12" time="14:00:00">0.0</Value>
			<Value date="2016-02-12" time="14:15:00">0.0</Value>
			<Value date="2016-02-12" time="14:30:00">0.0</Value>
			<Value date="2016-02-12" time="14:45:00">0.0</Value>
			<Value date="2016-02-12" time="15:00:00">0.0</Value>
		</SetofValues>
	</Station>
</EATimeSeriesDataExchangeFormat>
