<?xml version="1.0" standalone="yes"?>
<EATimeSeriesDataExchangeFormat xmlns="http://www.environment-agency.gov.uk/XMLSchemas/EATimeSeriesDataExchangeFormat" xmlns:md="http://www.environment-agency.gov.uk/XMLSchemas/EAMetadataFormat" xmlns:xsi="http://www.w3.org/2001/XMLSchema-instance" xsi:schemaLocation="http://www.environment-agency.gov.uk/XMLSchemas/EATimeSeriesDataExchangeFormat EATimeSeriesDataExchangeFormat.xsd">
	<md:Publisher>Environment Agency</md:Publisher>
	<md:Source>North West Regional Telemetry System</md:Source>
	<md:Description>Automated telemetry data export process</md:Description>
	<md:Creator>SCX 6</md:Creator>
	<md:Date>2016-02-12</md:Date>
	<md:Time>12:49:04</md:Time>
	<md:Identifier>NWRFHSCXAS1</md:Identifier>
	<Station stationReference="693021" region="North West" stationName="Lilford Park Basin" ngr="SD6647901052">
		<SetofValues parameter="Water Level" qualifier="Stage" dataType="Instantaneous" period="15 min" units="m" startDate="2016-02-12" startTime="11:00:00" endDate="2016-02-12" endTime="12:45:00">
			<Value date="2016-02-12" time="11:00:00">0.330</Value>
			<Value date="2016-02-12" time="11:15:00">0.331</Value>
			<Value date="2016-02-12" time="11:30:00">0.330</Value>
			<Value date="2016-02-12" time="11:45:00">0.331</Value>
			<Value date="2016-02-12" time="12:00:00">0.332</Value>
			<Value date="2016-02-12" time="12:15:00">0.332</Value>
			<Value date="2016-02-12" time="12:30:00">0.332</Value>
			<Value date="2016-02-12" time="12:45:00">0.331</Value>
		</SetofValues>
	</Station>
</EATimeSeriesDataExchangeFormat>
