<?xml version="1.0" standalone="yes"?>
<EATimeSeriesDataExchangeFormat xmlns="http://www.environment-agency.gov.uk/XMLSchemas/EATimeSeriesDataExchangeFormat" xmlns:md="http://www.environment-agency.gov.uk/XMLSchemas/EAMetadataFormat" xmlns:xsi="http://www.w3.org/2001/XMLSchema-instance" xsi:schemaLocation="http://www.environment-agency.gov.uk/XMLSchemas/EATimeSeriesDataExchangeFormat EATimeSeriesDataExchangeFormat.xsd">
	<md:Publisher>Environment Agency</md:Publisher>
	<md:Source>North West Regional Telemetry System</md:Source>
	<md:Description>Automated telemetry data export process</md:Description>
	<md:Creator>SCX 6</md:Creator>
	<md:Date>2016-02-12</md:Date>
	<md:Time>15:15:24</md:Time>
	<md:Identifier>NWRFHSCXAS1</md:Identifier>
	<Station stationReference="693976" region="North West" stationName="Westy" ngr="SJ62838835">
		<SetofValues parameter="Flow" dataType="Instantaneous" period="15 min" units="m3/s" startDate="2016-02-12" startTime="04:45:00" endDate="2016-02-12" endTime="15:00:00">
			<Value date="2016-02-12" time="04:45:00">0.00</Value>
			<Value date="2016-02-12" time="05:00:00">0.00</Value>
			<Value date="2016-02-12" time="05:15:00">0.00</Value>
			<Value date="2016-02-12" time="05:30:00">0.00</Value>
			<Value date="2016-02-12" time="05:45:00">0.00</Value>
			<Value date="2016-02-12" time="06:00:00">0.00</Value>
			<Value date="2016-02-12" time="06:15:00">0.00</Value>
			<Value date="2016-02-12" time="06:30:00">0.00</Value>
			<Value date="2016-02-12" time="06:45:00">0.00</Value>
			<Value date="2016-02-12" time="07:00:00">0.00</Value>
			<Value date="2016-02-12" time="07:15:00">0.00</Value>
			<Value date="2016-02-12" time="07:30:00">0.00</Value>
			<Value date="2016-02-12" time="07:45:00">0.00</Value>
			<Value date="2016-02-12" time="08:00:00">0.00</Value>
			<Value date="2016-02-12" time="08:15:00">0.00</Value>
			<Value date="2016-02-12" time="08:30:00">0.00</Value>
			<Value date="2016-02-12" time="08:45:00">0.00</Value>
			<Value date="2016-02-12" time="09:00:00">0.00</Value>
			<Value date="2016-02-12" time="09:15:00">0.00</Value>
			<Value date="2016-02-12" time="09:30:00">0.00</Value>
			<Value date="2016-02-12" time="09:45:00">0.00</Value>
			<Value date="2016-02-12" time="10:00:00">0.00</Value>
			<Value date="2016-02-12" time="10:15:00">0.00</Value>
			<Value date="2016-02-12" time="10:30:00">0.00</Value>
			<Value date="2016-02-12" time="10:45:00">0.00</Value>
			<Value date="2016-02-12" time="11:00:00">0.00</Value>
			<Value date="2016-02-12" time="11:15:00">0.00</Value>
			<Value date="2016-02-12" time="11:30:00">0.00</Value>
			<Value date="2016-02-12" time="11:45:00">0.00</Value>
			<Value date="2016-02-12" time="12:00:00">0.00</Value>
			<Value date="2016-02-12" time="12:15:00">0.00</Value>
			<Value date="2016-02-12" time="12:30:00">0.00</Value>
			<Value date="2016-02-12" time="12:45:00">0.00</Value>
			<Value date="2016-02-12" time="13:00:00">0.00</Value>
			<Value date="2016-02-12" time="13:15:00">0.00</Value>
			<Value date="2016-02-12" time="13:30:00">0.00</Value>
			<Value date="2016-02-12" time="13:45:00">0.00</Value>
			<Value date="2016-02-12" time="14:00:00">0.00</Value>
			<Value date="2016-02-12" time="14:15:00">0.00</Value>
			<Value date="2016-02-12" time="14:30:00">0.00</Value>
			<Value date="2016-02-12" time="14:45:00">0.00</Value>
			<Value date="2016-02-12" time="15:00:00">0.00</Value>
		</SetofValues>
		<SetofValues parameter="Water Level" qualifier="Stage" dataType="Instantaneous" period="15 min" units="m" startDate="2016-02-12" startTime="04:45:00" endDate="2016-02-12" endTime="15:00:00">
			<Value date="2016-02-12" time="04:45:00">4.105</Value>
			<Value date="2016-02-12" time="05:00:00">4.074</Value>
			<Value date="2016-02-12" time="05:15:00">4.048</Value>
			<Value date="2016-02-12" time="05:30:00">4.028</Value>
			<Value date="2016-02-12" time="05:45:00">4.013</Value>
			<Value date="2016-02-12" time="06:00:00">4.015</Value>
			<Value date="2016-02-12" time="06:15:00">4.029</Value>
			<Value date="2016-02-12" time="06:30:00">4.051</Value>
			<Value date="2016-02-12" time="06:45:00">4.075</Value>
			<Value date="2016-02-12" time="07:00:00">4.087</Value>
			<Value date="2016-02-12" time="07:15:00">4.082</Value>
			<Value date="2016-02-12" time="07:30:00">4.060</Value>
			<Value date="2016-02-12" time="07:45:00">4.046</Value>
			<Value date="2016-02-12" time="08:00:00">4.032</Value>
			<Value date="2016-02-12" time="08:15:00">4.019</Value>
			<Value date="2016-02-12" time="08:30:00">4.013</Value>
			<Value date="2016-02-12" time="08:45:00">4.018</Value>
			<Value date="2016-02-12" time="09:00:00">4.032</Value>
			<Value date="2016-02-12" time="09:15:00">4.059</Value>
			<Value date="2016-02-12" time="09:30:00">4.082</Value>
			<Value date="2016-02-12" time="09:45:00">4.085</Value>
			<Value date="2016-02-12" time="10:00:00">4.073</Value>
			<Value date="2016-02-12" time="10:15:00">4.052</Value>
			<Value date="2016-02-12" time="10:30:00">4.035</Value>
			<Value date="2016-02-12" time="10:45:00">4.019</Value>
			<Value date="2016-02-12" time="11:00:00">4.009</Value>
			<Value date="2016-02-12" time="11:15:00">4.011</Value>
			<Value date="2016-02-12" time="11:30:00">4.019</Value>
			<Value date="2016-02-12" time="11:45:00">4.021</Value>
			<Value date="2016-02-12" time="12:00:00">4.036</Value>
			<Value date="2016-02-12" time="12:15:00">4.041</Value>
			<Value date="2016-02-12" time="12:30:00">4.049</Value>
			<Value date="2016-02-12" time="12:45:00">4.052</Value>
			<Value date="2016-02-12" time="13:00:00">4.067</Value>
			<Value date="2016-02-12" time="13:15:00">4.078</Value>
			<Value date="2016-02-12" time="13:30:00">4.067</Value>
			<Value date="2016-02-12" time="13:45:00">4.062</Value>
			<Value date="2016-02-12" time="14:00:00">4.049</Value>
			<Value date="2016-02-12" time="14:15:00">4.056</Value>
			<Value date="2016-02-12" time="14:30:00">4.234</Value>
			<Value date="2016-02-12" time="14:45:00">4.391</Value>
			<Value date="2016-02-12" time="15:00:00">4.540</Value>
		</SetofValues>
	</Station>
	<Station stationReference="692422" region="North West" stationName="Broomstairs Bridge" ngr="SJ93759532">
		<SetofValues parameter="Water Level" qualifier="Stage" dataType="Instantaneous" period="15 min" units="m" startDate="2016-02-12" startTime="05:00:00" endDate="2016-02-12" endTime="15:15:00">
			<Value date="2016-02-12" time="05:00:00">0.376</Value>
			<Value date="2016-02-12" time="05:15:00">0.376</Value>
			<Value date="2016-02-12" time="05:30:00">0.376</Value>
			<Value date="2016-02-12" time="05:45:00">0.376</Value>
			<Value date="2016-02-12" time="06:00:00">0.374</Value>
			<Value date="2016-02-12" time="06:15:00">0.374</Value>
			<Value date="2016-02-12" time="06:30:00">0.374</Value>
			<Value date="2016-02-12" time="06:45:00">0.374</Value>
			<Value date="2016-02-12" time="07:00:00">0.374</Value>
			<Value date="2016-02-12" time="07:15:00">0.374</Value>
			<Value date="2016-02-12" time="07:30:00">0.374</Value>
			<Value date="2016-02-12" time="07:45:00">0.374</Value>
			<Value date="2016-02-12" time="08:00:00">0.374</Value>
			<Value date="2016-02-12" time="08:15:00">0.374</Value>
			<Value date="2016-02-12" time="08:30:00">0.374</Value>
			<Value date="2016-02-12" time="08:45:00">0.374</Value>
			<Value date="2016-02-12" time="09:00:00">0.374</Value>
			<Value date="2016-02-12" time="09:15:00">0.375</Value>
			<Value date="2016-02-12" time="09:30:00">0.377</Value>
			<Value date="2016-02-12" time="09:45:00">0.379</Value>
			<Value date="2016-02-12" time="10:00:00">0.381</Value>
			<Value date="2016-02-12" time="10:15:00">0.380</Value>
			<Value date="2016-02-12" time="10:30:00">0.380</Value>
			<Value date="2016-02-12" time="10:45:00">0.380</Value>
			<Value date="2016-02-12" time="11:00:00">0.380</Value>
			<Value date="2016-02-12" time="11:15:00">0.380</Value>
			<Value date="2016-02-12" time="11:30:00">0.380</Value>
			<Value date="2016-02-12" time="11:45:00">0.380</Value>
			<Value date="2016-02-12" time="12:00:00">0.380</Value>
			<Value date="2016-02-12" time="12:15:00">0.382</Value>
			<Value date="2016-02-12" time="12:30:00">0.382</Value>
			<Value date="2016-02-12" time="12:45:00">0.380</Value>
			<Value date="2016-02-12" time="13:00:00">0.380</Value>
			<Value date="2016-02-12" time="13:15:00">0.379</Value>
			<Value date="2016-02-12" time="13:30:00">0.379</Value>
			<Value date="2016-02-12" time="13:45:00">0.378</Value>
			<Value date="2016-02-12" time="14:00:00">0.377</Value>
			<Value date="2016-02-12" time="14:15:00">0.377</Value>
			<Value date="2016-02-12" time="14:30:00">0.377</Value>
			<Value date="2016-02-12" time="14:45:00">0.377</Value>
			<Value date="2016-02-12" time="15:00:00">0.376</Value>
			<Value date="2016-02-12" time="15:15:00">0.374</Value>
		</SetofValues>
	</Station>
	<Station stationReference="690503" region="North West" stationName="Kearsley" ngr="SD76440486">
		<SetofValues parameter="Water Level" qualifier="Stage" dataType="Instantaneous" period="15 min" units="m" startDate="2016-02-12" startTime="05:00:00" endDate="2016-02-12" endTime="15:15:00">
			<Value date="2016-02-12" time="05:00:00">1.103</Value>
			<Value date="2016-02-12" time="05:15:00">1.103</Value>
			<Value date="2016-02-12" time="05:30:00">1.103</Value>
			<Value date="2016-02-12" time="05:45:00">1.101</Value>
			<Value date="2016-02-12" time="06:00:00">1.101</Value>
			<Value date="2016-02-12" time="06:15:00">1.100</Value>
			<Value date="2016-02-12" time="06:30:00">1.098</Value>
			<Value date="2016-02-12" time="06:45:00">1.099</Value>
			<Value date="2016-02-12" time="07:00:00">1.097</Value>
			<Value date="2016-02-12" time="07:15:00">1.097</Value>
			<Value date="2016-02-12" time="07:30:00">1.096</Value>
			<Value date="2016-02-12" time="07:45:00">1.095</Value>
			<Value date="2016-02-12" time="08:00:00">1.094</Value>
			<Value date="2016-02-12" time="08:15:00">1.094</Value>
			<Value date="2016-02-12" time="08:30:00">1.094</Value>
			<Value date="2016-02-12" time="08:45:00">1.093</Value>
			<Value date="2016-02-12" time="09:00:00">1.093</Value>
			<Value date="2016-02-12" time="09:15:00">1.092</Value>
			<Value date="2016-02-12" time="09:30:00">1.094</Value>
			<Value date="2016-02-12" time="09:45:00">1.094</Value>
			<Value date="2016-02-12" time="10:00:00">1.094</Value>
			<Value date="2016-02-12" time="10:15:00">1.095</Value>
			<Value date="2016-02-12" time="10:30:00">1.097</Value>
			<Value date="2016-02-12" time="10:45:00">1.095</Value>
			<Value date="2016-02-12" time="11:00:00">1.095</Value>
			<Value date="2016-02-12" time="11:15:00">1.095</Value>
			<Value date="2016-02-12" time="11:30:00">1.095</Value>
			<Value date="2016-02-12" time="11:45:00">1.094</Value>
			<Value date="2016-02-12" time="12:00:00">1.092</Value>
			<Value date="2016-02-12" time="12:15:00">1.092</Value>
			<Value date="2016-02-12" time="12:30:00">1.091</Value>
			<Value date="2016-02-12" time="12:45:00">1.089</Value>
			<Value date="2016-02-12" time="13:00:00">1.088</Value>
			<Value date="2016-02-12" time="13:15:00">1.089</Value>
			<Value date="2016-02-12" time="13:30:00">1.088</Value>
			<Value date="2016-02-12" time="13:45:00">1.087</Value>
			<Value date="2016-02-12" time="14:00:00">1.088</Value>
			<Value date="2016-02-12" time="14:15:00">1.086</Value>
			<Value date="2016-02-12" time="14:30:00">1.088</Value>
			<Value date="2016-02-12" time="14:45:00">1.086</Value>
			<Value date="2016-02-12" time="15:00:00">1.085</Value>
			<Value date="2016-02-12" time="15:15:00">1.085</Value>
		</SetofValues>
		<SetofValues parameter="Flow" dataType="Instantaneous" period="15 min" units="m3/s" startDate="2016-02-12" startTime="05:00:00" endDate="2016-02-12" endTime="15:15:00">
			<Value date="2016-02-12" time="05:00:00">18.780</Value>
			<Value date="2016-02-12" time="05:15:00">18.580</Value>
			<Value date="2016-02-12" time="05:30:00">19.000</Value>
			<Value date="2016-02-12" time="05:45:00">18.940</Value>
			<Value date="2016-02-12" time="06:00:00">18.890</Value>
			<Value date="2016-02-12" time="06:15:00">18.770</Value>
			<Value date="2016-02-12" time="06:30:00">18.730</Value>
			<Value date="2016-02-12" time="06:45:00">18.590</Value>
			<Value date="2016-02-12" time="07:00:00">18.640</Value>
			<Value date="2016-02-12" time="07:15:00">18.710</Value>
			<Value date="2016-02-12" time="07:30:00">18.650</Value>
			<Value date="2016-02-12" time="07:45:00">18.570</Value>
			<Value date="2016-02-12" time="08:00:00">18.480</Value>
			<Value date="2016-02-12" time="08:15:00">18.540</Value>
			<Value date="2016-02-12" time="08:30:00">18.500</Value>
			<Value date="2016-02-12" time="08:45:00">18.500</Value>
			<Value date="2016-02-12" time="09:00:00">18.410</Value>
			<Value date="2016-02-12" time="09:15:00">18.500</Value>
			<Value date="2016-02-12" time="09:30:00">18.470</Value>
			<Value date="2016-02-12" time="09:45:00">18.490</Value>
			<Value date="2016-02-12" time="10:00:00">18.530</Value>
			<Value date="2016-02-12" time="10:15:00">18.620</Value>
			<Value date="2016-02-12" time="10:30:00">18.610</Value>
			<Value date="2016-02-12" time="10:45:00">18.560</Value>
			<Value date="2016-02-12" time="11:00:00">18.650</Value>
			<Value date="2016-02-12" time="11:15:00">18.620</Value>
			<Value date="2016-02-12" time="11:30:00">18.580</Value>
			<Value date="2016-02-12" time="11:45:00">18.580</Value>
			<Value date="2016-02-12" time="12:00:00">18.460</Value>
			<Value date="2016-02-12" time="12:15:00">18.470</Value>
			<Value date="2016-02-12" time="12:30:00">18.450</Value>
			<Value date="2016-02-12" time="12:45:00">18.310</Value>
			<Value date="2016-02-12" time="13:00:00">18.280</Value>
			<Value date="2016-02-12" time="13:15:00">18.290</Value>
			<Value date="2016-02-12" time="13:30:00">18.340</Value>
			<Value date="2016-02-12" time="13:45:00">18.250</Value>
			<Value date="2016-02-12" time="14:00:00">18.170</Value>
			<Value date="2016-02-12" time="14:15:00">18.350</Value>
			<Value date="2016-02-12" time="14:30:00">18.230</Value>
			<Value date="2016-02-12" time="14:45:00">18.190</Value>
			<Value date="2016-02-12" time="15:00:00">18.200</Value>
			<Value date="2016-02-12" time="15:15:00">18.130</Value>
		</SetofValues>
	</Station>
	<Station stationReference="690200" region="North West" stationName="Beal Bridge" ngr="SD93811138">
		<SetofValues parameter="Water Level" qualifier="Stage" dataType="Instantaneous" period="15 min" units="m" startDate="2016-02-12" startTime="05:15:00" endDate="2016-02-12" endTime="15:00:00">
			<Value date="2016-02-12" time="05:15:00">0.277</Value>
			<Value date="2016-02-12" time="05:30:00">0.277</Value>
			<Value date="2016-02-12" time="05:45:00">0.276</Value>
			<Value date="2016-02-12" time="06:00:00">0.276</Value>
			<Value date="2016-02-12" time="06:15:00">0.276</Value>
			<Value date="2016-02-12" time="06:30:00">0.276</Value>
			<Value date="2016-02-12" time="06:45:00">0.276</Value>
			<Value date="2016-02-12" time="07:00:00">0.276</Value>
			<Value date="2016-02-12" time="07:15:00">0.275</Value>
			<Value date="2016-02-12" time="07:30:00">0.275</Value>
			<Value date="2016-02-12" time="07:45:00">0.275</Value>
			<Value date="2016-02-12" time="08:00:00">0.275</Value>
			<Value date="2016-02-12" time="08:15:00">0.274</Value>
			<Value date="2016-02-12" time="08:30:00">0.274</Value>
			<Value date="2016-02-12" time="08:45:00">0.274</Value>
			<Value date="2016-02-12" time="09:00:00">0.274</Value>
			<Value date="2016-02-12" time="09:15:00">0.274</Value>
			<Value date="2016-02-12" time="09:30:00">0.274</Value>
			<Value date="2016-02-12" time="09:45:00">0.274</Value>
			<Value date="2016-02-12" time="10:00:00">0.273</Value>
			<Value date="2016-02-12" time="10:15:00">0.273</Value>
			<Value date="2016-02-12" time="10:30:00">0.273</Value>
			<Value date="2016-02-12" time="10:45:00">0.273</Value>
			<Value date="2016-02-12" time="11:00:00">0.273</Value>
			<Value date="2016-02-12" time="11:15:00">0.273</Value>
			<Value date="2016-02-12" time="11:30:00">0.272</Value>
			<Value date="2016-02-12" time="11:45:00">0.272</Value>
			<Value date="2016-02-12" time="12:00:00">0.272</Value>
			<Value date="2016-02-12" time="12:15:00">0.272</Value>
			<Value date="2016-02-12" time="12:30:00">0.272</Value>
			<Value date="2016-02-12" time="12:45:00">0.272</Value>
			<Value date="2016-02-12" time="13:00:00">0.271</Value>
			<Value date="2016-02-12" time="13:15:00">0.271</Value>
			<Value date="2016-02-12" time="13:30:00">0.271</Value>
			<Value date="2016-02-12" time="13:45:00">0.271</Value>
			<Value date="2016-02-12" time="14:00:00">0.271</Value>
			<Value date="2016-02-12" time="14:15:00">0.271</Value>
			<Value date="2016-02-12" time="14:30:00">0.271</Value>
			<Value date="2016-02-12" time="14:45:00">0.271</Value>
			<Value date="2016-02-12" time="15:00:00">0.271</Value>
		</SetofValues>
	</Station>
	<Station stationReference="690138" region="North West" stationName="Rawtenstall" ngr="SD8123923268">
		<SetofValues parameter="Water Level" qualifier="Stage" dataType="Instantaneous" period="15 min" units="m" startDate="2016-02-12" startTime="04:45:00" endDate="2016-02-12" endTime="15:00:00">
			<Value date="2016-02-12" time="04:45:00">0.303</Value>
			<Value date="2016-02-12" time="05:00:00">0.303</Value>
			<Value date="2016-02-12" time="05:15:00">0.301</Value>
			<Value date="2016-02-12" time="05:30:00">0.300</Value>
			<Value date="2016-02-12" time="05:45:00">0.302</Value>
			<Value date="2016-02-12" time="06:00:00">0.300</Value>
			<Value date="2016-02-12" time="06:15:00">0.305</Value>
			<Value date="2016-02-12" time="06:30:00">0.300</Value>
			<Value date="2016-02-12" time="06:45:00">0.299</Value>
			<Value date="2016-02-12" time="07:00:00">0.302</Value>
			<Value date="2016-02-12" time="07:15:00">0.298</Value>
			<Value date="2016-02-12" time="07:30:00">0.299</Value>
			<Value date="2016-02-12" time="07:45:00">0.299</Value>
			<Value date="2016-02-12" time="08:00:00">0.301</Value>
			<Value date="2016-02-12" time="08:15:00">0.297</Value>
			<Value date="2016-02-12" time="08:30:00">0.300</Value>
			<Value date="2016-02-12" time="08:45:00">0.299</Value>
			<Value date="2016-02-12" time="09:00:00">0.299</Value>
			<Value date="2016-02-12" time="09:15:00">0.299</Value>
			<Value date="2016-02-12" time="09:30:00">0.296</Value>
			<Value date="2016-02-12" time="09:45:00">0.296</Value>
			<Value date="2016-02-12" time="10:00:00">0.296</Value>
			<Value date="2016-02-12" time="10:15:00">0.297</Value>
			<Value date="2016-02-12" time="10:30:00">0.295</Value>
			<Value date="2016-02-12" time="10:45:00">0.297</Value>
			<Value date="2016-02-12" time="11:00:00">0.297</Value>
			<Value date="2016-02-12" time="11:15:00">0.296</Value>
			<Value date="2016-02-12" time="11:30:00">0.298</Value>
			<Value date="2016-02-12" time="11:45:00">0.298</Value>
			<Value date="2016-02-12" time="12:00:00">0.300</Value>
			<Value date="2016-02-12" time="12:15:00">0.295</Value>
			<Value date="2016-02-12" time="12:30:00">0.297</Value>
			<Value date="2016-02-12" time="12:45:00">0.296</Value>
			<Value date="2016-02-12" time="13:00:00">0.297</Value>
			<Value date="2016-02-12" time="13:15:00">0.299</Value>
			<Value date="2016-02-12" time="13:30:00">0.298</Value>
			<Value date="2016-02-12" time="13:45:00">0.296</Value>
			<Value date="2016-02-12" time="14:00:00">0.294</Value>
			<Value date="2016-02-12" time="14:15:00">0.299</Value>
			<Value date="2016-02-12" time="14:30:00">0.298</Value>
			<Value date="2016-02-12" time="14:45:00">0.304</Value>
			<Value date="2016-02-12" time="15:00:00">0.306</Value>
		</SetofValues>
	</Station>
	<Station stationReference="685519" region="North West" stationName="Great Culvert Entrance" ngr="SJ29689050">
		<SetofValues parameter="Water Level" qualifier="Stage" dataType="Instantaneous" period="15 min" units="m" startDate="2016-02-12" startTime="04:45:00" endDate="2016-02-12" endTime="15:00:00">
			<Value date="2016-02-12" time="04:45:00">0.870</Value>
			<Value date="2016-02-12" time="05:00:00">0.870</Value>
			<Value date="2016-02-12" time="05:15:00">0.868</Value>
			<Value date="2016-02-12" time="05:30:00">0.868</Value>
			<Value date="2016-02-12" time="05:45:00">0.867</Value>
			<Value date="2016-02-12" time="06:00:00">0.866</Value>
			<Value date="2016-02-12" time="06:15:00">0.866</Value>
			<Value date="2016-02-12" time="06:30:00">0.866</Value>
			<Value date="2016-02-12" time="06:45:00">0.865</Value>
			<Value date="2016-02-12" time="07:00:00">0.865</Value>
			<Value date="2016-02-12" time="07:15:00">0.864</Value>
			<Value date="2016-02-12" time="07:30:00">0.864</Value>
			<Value date="2016-02-12" time="07:45:00">0.863</Value>
			<Value date="2016-02-12" time="08:00:00">0.864</Value>
			<Value date="2016-02-12" time="08:15:00">0.862</Value>
			<Value date="2016-02-12" time="08:30:00">0.862</Value>
			<Value date="2016-02-12" time="08:45:00">0.861</Value>
			<Value date="2016-02-12" time="09:00:00">0.861</Value>
			<Value date="2016-02-12" time="09:15:00">0.862</Value>
			<Value date="2016-02-12" time="09:30:00">0.860</Value>
			<Value date="2016-02-12" time="09:45:00">0.860</Value>
			<Value date="2016-02-12" time="10:00:00">0.860</Value>
			<Value date="2016-02-12" time="10:15:00">0.860</Value>
			<Value date="2016-02-12" time="10:30:00">0.859</Value>
			<Value date="2016-02-12" time="10:45:00">0.860</Value>
			<Value date="2016-02-12" time="11:00:00">0.859</Value>
			<Value date="2016-02-12" time="11:15:00">0.860</Value>
			<Value date="2016-02-12" time="11:30:00">0.860</Value>
			<Value date="2016-02-12" time="11:45:00">0.858</Value>
			<Value date="2016-02-12" time="12:00:00">0.856</Value>
			<Value date="2016-02-12" time="12:15:00">0.857</Value>
			<Value date="2016-02-12" time="12:30:00">0.857</Value>
			<Value date="2016-02-12" time="12:45:00">0.855</Value>
			<Value date="2016-02-12" time="13:00:00">0.856</Value>
			<Value date="2016-02-12" time="13:15:00">0.855</Value>
			<Value date="2016-02-12" time="13:30:00">0.856</Value>
			<Value date="2016-02-12" time="13:45:00">0.855</Value>
			<Value date="2016-02-12" time="14:00:00">0.854</Value>
			<Value date="2016-02-12" time="14:15:00">0.855</Value>
			<Value date="2016-02-12" time="14:30:00">0.854</Value>
			<Value date="2016-02-12" time="14:45:00">0.854</Value>
			<Value date="2016-02-12" time="15:00:00">0.852</Value>
		</SetofValues>
	</Station>
	<Station stationReference="558491" region="North West" stationName="Hayfield New Mills" ngr="SK054880">
		<SetofValues parameter="Rainfall" qualifier="Tipping Bucket Raingauge" dataType="Total" period="15 min" units="mm" startDate="2016-02-12" startTime="05:00:00" endDate="2016-02-12" endTime="15:00:00">
			<Value date="2016-02-12" time="05:00:00">0.0</Value>
			<Value date="2016-02-12" time="05:15:00">0.0</Value>
			<Value date="2016-02-12" time="05:30:00">0.0</Value>
			<Value date="2016-02-12" time="05:45:00">0.0</Value>
			<Value date="2016-02-12" time="06:00:00">0.0</Value>
			<Value date="2016-02-12" time="06:15:00">0.0</Value>
			<Value date="2016-02-12" time="06:30:00">0.0</Value>
			<Value date="2016-02-12" time="06:45:00">0.0</Value>
			<Value date="2016-02-12" time="07:00:00">0.0</Value>
			<Value date="2016-02-12" time="07:15:00">0.0</Value>
			<Value date="2016-02-12" time="07:30:00">0.0</Value>
			<Value date="2016-02-12" time="07:45:00">0.0</Value>
			<Value date="2016-02-12" time="08:00:00">0.0</Value>
			<Value date="2016-02-12" time="08:15:00">0.0</Value>
			<Value date="2016-02-12" time="08:30:00">0.0</Value>
			<Value date="2016-02-12" time="08:45:00">0.0</Value>
			<Value date="2016-02-12" time="09:00:00">0.0</Value>
			<Value date="2016-02-12" time="09:15:00">0.0</Value>
			<Value date="2016-02-12" time="09:30:00">0.0</Value>
			<Value date="2016-02-12" time="09:45:00">0.0</Value>
			<Value date="2016-02-12" time="10:00:00">0.0</Value>
			<Value date="2016-02-12" time="10:15:00">0.0</Value>
			<Value date="2016-02-12" time="10:30:00">0.0</Value>
			<Value date="2016-02-12" time="10:45:00">0.0</Value>
			<Value date="2016-02-12" time="11:00:00">0.0</Value>
			<Value date="2016-02-12" time="11:15:00">0.0</Value>
			<Value date="2016-02-12" time="11:30:00">0.0</Value>
			<Value date="2016-02-12" time="11:45:00">0.0</Value>
			<Value date="2016-02-12" time="12:00:00">0.0</Value>
			<Value date="2016-02-12" time="12:15:00">0.0</Value>
			<Value date="2016-02-12" time="12:30:00">0.0</Value>
			<Value date="2016-02-12" time="12:45:00">0.0</Value>
			<Value date="2016-02-12" time="13:00:00">0.0</Value>
			<Value date="2016-02-12" time="13:15:00">0.0</Value>
			<Value date="2016-02-12" time="13:30:00">0.0</Value>
			<Value date="2016-02-12" time="13:45:00">0.0</Value>
			<Value date="2016-02-12" time="14:00:00">0.0</Value>
			<Value date="2016-02-12" time="14:15:00">0.0</Value>
			<Value date="2016-02-12" time="14:30:00">0.0</Value>
			<Value date="2016-02-12" time="14:45:00">0.0</Value>
			<Value date="2016-02-12" time="15:00:00">0.0</Value>
		</SetofValues>
	</Station>
</EATimeSeriesDataExchangeFormat>
