<?xml version="1.0" standalone="yes"?>
<EATimeSeriesDataExchangeFormat xmlns="http://www.environment-agency.gov.uk/XMLSchemas/EATimeSeriesDataExchangeFormat" xmlns:md="http://www.environment-agency.gov.uk/XMLSchemas/EAMetadataFormat" xmlns:xsi="http://www.w3.org/2001/XMLSchema-instance" xsi:schemaLocation="http://www.environment-agency.gov.uk/XMLSchemas/EATimeSeriesDataExchangeFormat EATimeSeriesDataExchangeFormat.xsd">
	<md:Publisher>Environment Agency</md:Publisher>
	<md:Source>North West Regional Telemetry System</md:Source>
	<md:Description>Automated telemetry data export process</md:Description>
	<md:Creator>SCX 6</md:Creator>
	<md:Date>2016-02-12</md:Date>
	<md:Time>11:42:49</md:Time>
	<md:Identifier>NWRFHSCXAS1</md:Identifier>
	<Station stationReference="E73639" region="North West" stationName="Workington" ngr="NX98982953">
		<SetofValues parameter="Water Level" qualifier="Tidal Level" dataType="Mean" period="15 min" units="mAOD" startDate="2016-02-12" startTime="11:30:00" endDate="2016-02-12" endTime="11:30:00">
			<Value date="2016-02-12" time="11:30:00">1.417</Value>
		</SetofValues>
	</Station>
	<Station stationReference="E73439" region="North West" stationName="Heysham" ngr="SD39825993">
		<SetofValues parameter="Water Level" qualifier="Tidal Level" dataType="Mean" period="15 min" units="mAOD" startDate="2016-02-12" startTime="11:30:00" endDate="2016-02-12" endTime="11:30:00">
			<Value date="2016-02-12" time="11:30:00">2.094</Value>
		</SetofValues>
	</Station>
	<Station stationReference="E70139" region="North West" stationName="Liverpool" ngr="SJ32499525">
		<SetofValues parameter="Water Level" qualifier="Tidal Level" dataType="Mean" period="15 min" units="mAOD" startDate="2016-02-12" startTime="11:15:00" endDate="2016-02-12" endTime="11:30:00">
			<Value date="2016-02-12" time="11:15:00">2.233</Value>
			<Value date="2016-02-12" time="11:30:00">2.800</Value>
		</SetofValues>
	</Station>
	<Station stationReference="724839" region="North West" stationName="Glasson Dock" ngr="SD4440156300">
		<SetofValues parameter="Water Level" qualifier="Stage" dataType="Instantaneous" period="15 min" units="m" startDate="2016-02-12" startTime="05:30:00" endDate="2016-02-12" endTime="11:30:00">
			<Value date="2016-02-12" time="05:30:00">0.142</Value>
			<Value date="2016-02-12" time="05:45:00">0.142</Value>
			<Value date="2016-02-12" time="06:00:00">0.142</Value>
			<Value date="2016-02-12" time="06:15:00">0.142</Value>
			<Value date="2016-02-12" time="06:30:00">0.141</Value>
			<Value date="2016-02-12" time="06:45:00">0.142</Value>
			<Value date="2016-02-12" time="07:00:00">0.141</Value>
			<Value date="2016-02-12" time="07:15:00">0.142</Value>
			<Value date="2016-02-12" time="07:30:00">0.142</Value>
			<Value date="2016-02-12" time="07:45:00">0.142</Value>
			<Value date="2016-02-12" time="08:00:00">0.142</Value>
			<Value date="2016-02-12" time="08:15:00">0.141</Value>
			<Value date="2016-02-12" time="08:30:00">0.142</Value>
			<Value date="2016-02-12" time="08:45:00">0.142</Value>
			<Value date="2016-02-12" time="09:00:00">0.142</Value>
			<Value date="2016-02-12" time="09:15:00">0.142</Value>
			<Value date="2016-02-12" time="09:30:00">0.142</Value>
			<Value date="2016-02-12" time="09:45:00">0.142</Value>
			<Value date="2016-02-12" time="10:00:00">0.142</Value>
			<Value date="2016-02-12" time="10:15:00">0.142</Value>
			<Value date="2016-02-12" time="10:30:00">0.142</Value>
			<Value date="2016-02-12" time="10:45:00">0.142</Value>
			<Value date="2016-02-12" time="11:00:00">0.142</Value>
			<Value date="2016-02-12" time="11:15:00">0.142</Value>
			<Value date="2016-02-12" time="11:30:00">0.142</Value>
		</SetofValues>
	</Station>
</EATimeSeriesDataExchangeFormat>
