<?xml version="1.0" standalone="yes"?>
<EATimeSeriesDataExchangeFormat xmlns="http://www.environment-agency.gov.uk/XMLSchemas/EATimeSeriesDataExchangeFormat" xmlns:md="http://www.environment-agency.gov.uk/XMLSchemas/EAMetadataFormat" xmlns:xsi="http://www.w3.org/2001/XMLSchema-instance" xsi:schemaLocation="http://www.environment-agency.gov.uk/XMLSchemas/EATimeSeriesDataExchangeFormat EATimeSeriesDataExchangeFormat.xsd">
	<md:Publisher>Environment Agency</md:Publisher>
	<md:Source>North West Regional Telemetry System</md:Source>
	<md:Description>Automated telemetry data export process</md:Description>
	<md:Creator>SCX 6</md:Creator>
	<md:Date>2016-02-12</md:Date>
	<md:Time>13:12:24</md:Time>
	<md:Identifier>NWRFHSCXAS1</md:Identifier>
	<Station stationReference="E73639" region="North West" stationName="Workington" ngr="NX98982953">
		<SetofValues parameter="Water Level" qualifier="Tidal Level" dataType="Mean" period="15 min" units="mAOD" startDate="2016-02-12" startTime="13:00:00" endDate="2016-02-12" endTime="13:00:00">
			<Value date="2016-02-12" time="13:00:00">4.152</Value>
		</SetofValues>
	</Station>
	<Station stationReference="E73439" region="North West" stationName="Heysham" ngr="SD39825993">
		<SetofValues parameter="Water Level" qualifier="Tidal Level" dataType="Mean" period="15 min" units="mAOD" startDate="2016-02-12" startTime="13:00:00" endDate="2016-02-12" endTime="13:00:00">
			<Value date="2016-02-12" time="13:00:00">4.927</Value>
		</SetofValues>
	</Station>
	<Station stationReference="E70139" region="North West" stationName="Liverpool" ngr="SJ32499525">
		<SetofValues parameter="Water Level" qualifier="Tidal Level" dataType="Mean" period="15 min" units="mAOD" startDate="2016-02-12" startTime="12:45:00" endDate="2016-02-12" endTime="13:00:00">
			<Value date="2016-02-12" time="12:45:00">4.658</Value>
			<Value date="2016-02-12" time="13:00:00">4.897</Value>
		</SetofValues>
	</Station>
	<Station stationReference="692717" region="North West" stationName="Sale Ees" ngr="SJ809925">
		<SetofValues parameter="Water Level" qualifier="Stage" dataType="Instantaneous" period="15 min" units="m" startDate="2016-02-12" startTime="04:45:00" endDate="2016-02-12" endTime="13:00:00">
			<Value date="2016-02-12" time="04:45:00">1.071</Value>
			<Value date="2016-02-12" time="05:00:00">1.072</Value>
			<Value date="2016-02-12" time="05:15:00">1.070</Value>
			<Value date="2016-02-12" time="05:30:00">1.067</Value>
			<Value date="2016-02-12" time="05:45:00">1.067</Value>
			<Value date="2016-02-12" time="06:00:00">1.063</Value>
			<Value date="2016-02-12" time="06:15:00">1.061</Value>
			<Value date="2016-02-12" time="06:30:00">1.058</Value>
			<Value date="2016-02-12" time="06:45:00">1.055</Value>
			<Value date="2016-02-12" time="07:00:00">1.053</Value>
			<Value date="2016-02-12" time="07:15:00">1.054</Value>
			<Value date="2016-02-12" time="07:30:00">1.051</Value>
			<Value date="2016-02-12" time="07:45:00">1.049</Value>
			<Value date="2016-02-12" time="08:00:00">1.047</Value>
			<Value date="2016-02-12" time="08:15:00">1.042</Value>
			<Value date="2016-02-12" time="08:30:00">1.042</Value>
			<Value date="2016-02-12" time="08:45:00">1.040</Value>
			<Value date="2016-02-12" time="09:00:00">1.041</Value>
			<Value date="2016-02-12" time="09:15:00">1.040</Value>
			<Value date="2016-02-12" time="09:30:00">1.038</Value>
			<Value date="2016-02-12" time="09:45:00">1.038</Value>
			<Value date="2016-02-12" time="10:00:00">1.034</Value>
			<Value date="2016-02-12" time="10:15:00">1.035</Value>
			<Value date="2016-02-12" time="10:30:00">1.034</Value>
			<Value date="2016-02-12" time="10:45:00">1.036</Value>
			<Value date="2016-02-12" time="11:00:00">1.033</Value>
			<Value date="2016-02-12" time="11:15:00">1.033</Value>
			<Value date="2016-02-12" time="11:30:00">1.038</Value>
			<Value date="2016-02-12" time="11:45:00">1.036</Value>
			<Value date="2016-02-12" time="12:00:00">1.038</Value>
			<Value date="2016-02-12" time="12:15:00">1.038</Value>
			<Value date="2016-02-12" time="12:30:00">1.037</Value>
			<Value date="2016-02-12" time="12:45:00">1.036</Value>
			<Value date="2016-02-12" time="13:00:00">1.034</Value>
		</SetofValues>
		<SetofValues parameter="Water Level" qualifier="Logged" dataType="Instantaneous" period="15 min" units="m" startDate="2016-02-12" startTime="04:45:00" endDate="2016-02-12" endTime="13:00:00">
			<Value date="2016-02-12" time="04:45:00">3.832</Value>
			<Value date="2016-02-12" time="05:00:00">3.833</Value>
			<Value date="2016-02-12" time="05:15:00">3.833</Value>
			<Value date="2016-02-12" time="05:30:00">3.833</Value>
			<Value date="2016-02-12" time="05:45:00">3.833</Value>
			<Value date="2016-02-12" time="06:00:00">3.834</Value>
			<Value date="2016-02-12" time="06:15:00">3.833</Value>
			<Value date="2016-02-12" time="06:30:00">3.833</Value>
			<Value date="2016-02-12" time="06:45:00">3.832</Value>
			<Value date="2016-02-12" time="07:00:00">3.833</Value>
			<Value date="2016-02-12" time="07:15:00">3.833</Value>
			<Value date="2016-02-12" time="07:30:00">3.833</Value>
			<Value date="2016-02-12" time="07:45:00">3.832</Value>
			<Value date="2016-02-12" time="08:00:00">3.833</Value>
			<Value date="2016-02-12" time="08:15:00">3.832</Value>
			<Value date="2016-02-12" time="08:30:00">3.832</Value>
			<Value date="2016-02-12" time="08:45:00">3.833</Value>
			<Value date="2016-02-12" time="09:00:00">3.832</Value>
			<Value date="2016-02-12" time="09:15:00">3.834</Value>
			<Value date="2016-02-12" time="09:30:00">3.832</Value>
			<Value date="2016-02-12" time="09:45:00">3.832</Value>
			<Value date="2016-02-12" time="10:00:00">3.832</Value>
			<Value date="2016-02-12" time="10:15:00">3.832</Value>
			<Value date="2016-02-12" time="10:30:00">3.833</Value>
			<Value date="2016-02-12" time="10:45:00">3.833</Value>
			<Value date="2016-02-12" time="11:00:00">3.833</Value>
			<Value date="2016-02-12" time="11:15:00">3.833</Value>
			<Value date="2016-02-12" time="11:30:00">3.833</Value>
			<Value date="2016-02-12" time="11:45:00">3.833</Value>
			<Value date="2016-02-12" time="12:00:00">3.833</Value>
			<Value date="2016-02-12" time="12:15:00">3.833</Value>
			<Value date="2016-02-12" time="12:30:00">3.832</Value>
			<Value date="2016-02-12" time="12:45:00">3.832</Value>
			<Value date="2016-02-12" time="13:00:00">3.832</Value>
		</SetofValues>
		<SetofValues parameter="Gate Position" qualifier="Stage" dataType="Instantaneous" period="15 min" units="m" startDate="2016-02-12" startTime="04:45:00" endDate="2016-02-12" endTime="13:00:00">
			<Value date="2016-02-12" time="04:45:00">1.998</Value>
			<Value date="2016-02-12" time="05:00:00">1.998</Value>
			<Value date="2016-02-12" time="05:15:00">1.998</Value>
			<Value date="2016-02-12" time="05:30:00">1.998</Value>
			<Value date="2016-02-12" time="05:45:00">1.998</Value>
			<Value date="2016-02-12" time="06:00:00">1.998</Value>
			<Value date="2016-02-12" time="06:15:00">1.998</Value>
			<Value date="2016-02-12" time="06:30:00">1.998</Value>
			<Value date="2016-02-12" time="06:45:00">1.998</Value>
			<Value date="2016-02-12" time="07:00:00">1.998</Value>
			<Value date="2016-02-12" time="07:15:00">1.998</Value>
			<Value date="2016-02-12" time="07:30:00">1.998</Value>
			<Value date="2016-02-12" time="07:45:00">1.998</Value>
			<Value date="2016-02-12" time="08:00:00">1.998</Value>
			<Value date="2016-02-12" time="08:15:00">1.998</Value>
			<Value date="2016-02-12" time="08:30:00">1.998</Value>
			<Value date="2016-02-12" time="08:45:00">1.998</Value>
			<Value date="2016-02-12" time="09:00:00">1.998</Value>
			<Value date="2016-02-12" time="09:15:00">1.998</Value>
			<Value date="2016-02-12" time="09:30:00">1.998</Value>
			<Value date="2016-02-12" time="09:45:00">1.998</Value>
			<Value date="2016-02-12" time="10:00:00">1.998</Value>
			<Value date="2016-02-12" time="10:15:00">1.998</Value>
			<Value date="2016-02-12" time="10:30:00">1.998</Value>
			<Value date="2016-02-12" time="10:45:00">1.998</Value>
			<Value date="2016-02-12" time="11:00:00">1.998</Value>
			<Value date="2016-02-12" time="11:15:00">1.998</Value>
			<Value date="2016-02-12" time="11:30:00">1.998</Value>
			<Value date="2016-02-12" time="11:45:00">1.998</Value>
			<Value date="2016-02-12" time="12:00:00">1.998</Value>
			<Value date="2016-02-12" time="12:15:00">1.998</Value>
			<Value date="2016-02-12" time="12:30:00">1.998</Value>
			<Value date="2016-02-12" time="12:45:00">1.998</Value>
			<Value date="2016-02-12" time="13:00:00">1.998</Value>
		</SetofValues>
	</Station>
</EATimeSeriesDataExchangeFormat>
