<?xml version="1.0" standalone="yes"?>
<EATimeSeriesDataExchangeFormat xmlns="http://www.environment-agency.gov.uk/XMLSchemas/EATimeSeriesDataExchangeFormat" xmlns:md="http://www.environment-agency.gov.uk/XMLSchemas/EAMetadataFormat" xmlns:xsi="http://www.w3.org/2001/XMLSchema-instance" xsi:schemaLocation="http://www.environment-agency.gov.uk/XMLSchemas/EATimeSeriesDataExchangeFormat EATimeSeriesDataExchangeFormat.xsd">
	<md:Publisher>Environment Agency</md:Publisher>
	<md:Source>North West Regional Telemetry System</md:Source>
	<md:Description>Automated telemetry data export process</md:Description>
	<md:Creator>SCX 6</md:Creator>
	<md:Date>2016-02-12</md:Date>
	<md:Time>14:04:04</md:Time>
	<md:Identifier>NWRFHSCXAS1</md:Identifier>
	<Station stationReference="744111" region="North West" stationName="Bleach Green Weir" ngr="NY0839015400">
		<SetofValues parameter="Water Level" qualifier="Stage" dataType="Instantaneous" period="15 min" units="m" startDate="2016-02-12" startTime="11:15:00" endDate="2016-02-12" endTime="14:00:00">
			<Value date="2016-02-12" time="11:15:00">0.512</Value>
			<Value date="2016-02-12" time="11:30:00">0.513</Value>
			<Value date="2016-02-12" time="11:45:00">0.510</Value>
			<Value date="2016-02-12" time="12:00:00">0.509</Value>
			<Value date="2016-02-12" time="12:15:00">0.511</Value>
			<Value date="2016-02-12" time="12:30:00">0.508</Value>
			<Value date="2016-02-12" time="12:45:00">0.512</Value>
			<Value date="2016-02-12" time="13:00:00">0.513</Value>
			<Value date="2016-02-12" time="13:15:00">0.510</Value>
			<Value date="2016-02-12" time="13:30:00">0.504</Value>
			<Value date="2016-02-12" time="13:45:00">0.507</Value>
			<Value date="2016-02-12" time="14:00:00">0.508</Value>
		</SetofValues>
	</Station>
	<Station stationReference="744010" region="North West" stationName="Ennerdale Lake" ngr="NY0887415293">
		<SetofValues parameter="Water Level" qualifier="Stage" dataType="Instantaneous" period="15 min" units="m" startDate="2016-02-12" startTime="11:15:00" endDate="2016-02-12" endTime="14:00:00">
			<Value date="2016-02-12" time="11:15:00">2.097</Value>
			<Value date="2016-02-12" time="11:30:00">2.093</Value>
			<Value date="2016-02-12" time="11:45:00">2.098</Value>
			<Value date="2016-02-12" time="12:00:00">2.094</Value>
			<Value date="2016-02-12" time="12:15:00">2.094</Value>
			<Value date="2016-02-12" time="12:30:00">2.094</Value>
			<Value date="2016-02-12" time="12:45:00">2.093</Value>
			<Value date="2016-02-12" time="13:00:00">2.092</Value>
			<Value date="2016-02-12" time="13:15:00">2.094</Value>
			<Value date="2016-02-12" time="13:30:00">2.093</Value>
			<Value date="2016-02-12" time="13:45:00">2.092</Value>
			<Value date="2016-02-12" time="14:00:00">2.090</Value>
		</SetofValues>
	</Station>
	<Station stationReference="562656" region="North West" stationName="Ringley" ngr="SD768048">
		<SetofValues parameter="Rainfall" qualifier="Tipping Bucket Raingauge" dataType="Total" period="15 min" units="mm" startDate="2016-02-12" startTime="04:45:00" endDate="2016-02-12" endTime="14:00:00">
			<Value date="2016-02-12" time="04:45:00">0.0</Value>
			<Value date="2016-02-12" time="05:00:00">0.0</Value>
			<Value date="2016-02-12" time="05:15:00">0.0</Value>
			<Value date="2016-02-12" time="05:30:00">0.0</Value>
			<Value date="2016-02-12" time="05:45:00">0.0</Value>
			<Value date="2016-02-12" time="06:00:00">0.0</Value>
			<Value date="2016-02-12" time="06:15:00">0.0</Value>
			<Value date="2016-02-12" time="06:30:00">0.0</Value>
			<Value date="2016-02-12" time="06:45:00">0.0</Value>
			<Value date="2016-02-12" time="07:00:00">0.0</Value>
			<Value date="2016-02-12" time="07:15:00">0.0</Value>
			<Value date="2016-02-12" time="07:30:00">0.0</Value>
			<Value date="2016-02-12" time="07:45:00">0.0</Value>
			<Value date="2016-02-12" time="08:00:00">0.0</Value>
			<Value date="2016-02-12" time="08:15:00">0.0</Value>
			<Value date="2016-02-12" time="08:30:00">0.0</Value>
			<Value date="2016-02-12" time="08:45:00">0.0</Value>
			<Value date="2016-02-12" time="09:00:00">0.0</Value>
			<Value date="2016-02-12" time="09:15:00">0.0</Value>
			<Value date="2016-02-12" time="09:30:00">0.0</Value>
			<Value date="2016-02-12" time="09:45:00">0.0</Value>
			<Value date="2016-02-12" time="10:00:00">0.0</Value>
			<Value date="2016-02-12" time="10:15:00">0.0</Value>
			<Value date="2016-02-12" time="10:30:00">0.0</Value>
			<Value date="2016-02-12" time="10:45:00">0.0</Value>
			<Value date="2016-02-12" time="11:00:00">0.0</Value>
			<Value date="2016-02-12" time="11:15:00">0.0</Value>
			<Value date="2016-02-12" time="11:30:00">0.0</Value>
			<Value date="2016-02-12" time="11:45:00">0.0</Value>
			<Value date="2016-02-12" time="12:00:00">0.0</Value>
			<Value date="2016-02-12" time="12:15:00">0.0</Value>
			<Value date="2016-02-12" time="12:30:00">0.0</Value>
			<Value date="2016-02-12" time="12:45:00">0.0</Value>
			<Value date="2016-02-12" time="13:00:00">0.0</Value>
			<Value date="2016-02-12" time="13:15:00">0.2</Value>
			<Value date="2016-02-12" time="13:30:00">0.0</Value>
			<Value date="2016-02-12" time="13:45:00">0.0</Value>
			<Value date="2016-02-12" time="14:00:00">0.0</Value>
		</SetofValues>
	</Station>
	<Station stationReference="560943" region="North West" stationName="Holden Wood" ngr="SD767224">
		<SetofValues parameter="Rainfall" qualifier="Tipping Bucket Raingauge" dataType="Total" period="15 min" units="mm" startDate="2016-02-12" startTime="09:15:00" endDate="2016-02-12" endTime="14:00:00">
			<Value date="2016-02-12" time="09:15:00">0.0</Value>
			<Value date="2016-02-12" time="09:30:00">0.0</Value>
			<Value date="2016-02-12" time="09:45:00">0.0</Value>
			<Value date="2016-02-12" time="10:00:00">0.0</Value>
			<Value date="2016-02-12" time="10:15:00">0.0</Value>
			<Value date="2016-02-12" time="10:30:00">0.0</Value>
			<Value date="2016-02-12" time="10:45:00">0.0</Value>
			<Value date="2016-02-12" time="11:00:00">0.0</Value>
			<Value date="2016-02-12" time="11:15:00">0.0</Value>
			<Value date="2016-02-12" time="11:30:00">0.0</Value>
			<Value date="2016-02-12" time="11:45:00">0.0</Value>
			<Value date="2016-02-12" time="12:00:00">0.0</Value>
			<Value date="2016-02-12" time="12:15:00">0.0</Value>
			<Value date="2016-02-12" time="12:30:00">0.0</Value>
			<Value date="2016-02-12" time="12:45:00">0.0</Value>
			<Value date="2016-02-12" time="13:00:00">0.0</Value>
			<Value date="2016-02-12" time="13:15:00">0.2</Value>
			<Value date="2016-02-12" time="13:30:00">0.0</Value>
			<Value date="2016-02-12" time="13:45:00">0.0</Value>
			<Value date="2016-02-12" time="14:00:00">0.0</Value>
		</SetofValues>
	</Station>
	<Station stationReference="558016" region="North West" stationName="Cat and Fiddle" ngr="SK002719">
		<SetofValues parameter="Rainfall" qualifier="Tipping Bucket Raingauge" dataType="Total" period="15 min" units="mm" startDate="2016-02-12" startTime="12:15:00" endDate="2016-02-12" endTime="14:00:00">
			<Value date="2016-02-12" time="12:15:00">0.0</Value>
			<Value date="2016-02-12" time="12:30:00">0.0</Value>
			<Value date="2016-02-12" time="12:45:00">0.0</Value>
			<Value date="2016-02-12" time="13:00:00">0.0</Value>
			<Value date="2016-02-12" time="13:15:00">0.2</Value>
			<Value date="2016-02-12" time="13:30:00">0.0</Value>
			<Value date="2016-02-12" time="13:45:00">0.2</Value>
			<Value date="2016-02-12" time="14:00:00">0.0</Value>
		</SetofValues>
	</Station>
</EATimeSeriesDataExchangeFormat>
