<?xml version="1.0" standalone="yes"?>
<EATimeSeriesDataExchangeFormat xmlns="http://www.environment-agency.gov.uk/XMLSchemas/EATimeSeriesDataExchangeFormat" xmlns:md="http://www.environment-agency.gov.uk/XMLSchemas/EAMetadataFormat" xmlns:xsi="http://www.w3.org/2001/XMLSchema-instance" xsi:schemaLocation="http://www.environment-agency.gov.uk/XMLSchemas/EATimeSeriesDataExchangeFormat EATimeSeriesDataExchangeFormat.xsd">
	<md:Publisher>Environment Agency</md:Publisher>
	<md:Source>North West Regional Telemetry System</md:Source>
	<md:Description>Automated telemetry data export process</md:Description>
	<md:Creator>SCX 6</md:Creator>
	<md:Date>2016-02-12</md:Date>
	<md:Time>11:03:39</md:Time>
	<md:Identifier>NWRFHSCXAS1</md:Identifier>
	<Station stationReference="744111" region="North West" stationName="Bleach Green Weir" ngr="NY0839015400">
		<SetofValues parameter="Water Level" qualifier="Stage" dataType="Instantaneous" period="15 min" units="m" startDate="2016-02-12" startTime="08:15:00" endDate="2016-02-12" endTime="11:00:00">
			<Value date="2016-02-12" time="08:15:00">0.517</Value>
			<Value date="2016-02-12" time="08:30:00">0.514</Value>
			<Value date="2016-02-12" time="08:45:00">0.515</Value>
			<Value date="2016-02-12" time="09:00:00">0.515</Value>
			<Value date="2016-02-12" time="09:15:00">0.515</Value>
			<Value date="2016-02-12" time="09:30:00">0.514</Value>
			<Value date="2016-02-12" time="09:45:00">0.510</Value>
			<Value date="2016-02-12" time="10:00:00">0.513</Value>
			<Value date="2016-02-12" time="10:15:00">0.513</Value>
			<Value date="2016-02-12" time="10:30:00">0.511</Value>
			<Value date="2016-02-12" time="10:45:00">0.517</Value>
			<Value date="2016-02-12" time="11:00:00">0.510</Value>
		</SetofValues>
	</Station>
	<Station stationReference="744010" region="North West" stationName="Ennerdale Lake" ngr="NY0887415293">
		<SetofValues parameter="Water Level" qualifier="Stage" dataType="Instantaneous" period="15 min" units="m" startDate="2016-02-12" startTime="09:15:00" endDate="2016-02-12" endTime="11:00:00">
			<Value date="2016-02-12" time="09:15:00">2.096</Value>
			<Value date="2016-02-12" time="09:30:00">2.096</Value>
			<Value date="2016-02-12" time="09:45:00">2.094</Value>
			<Value date="2016-02-12" time="10:00:00">2.098</Value>
			<Value date="2016-02-12" time="10:15:00">2.096</Value>
			<Value date="2016-02-12" time="10:30:00">2.097</Value>
			<Value date="2016-02-12" time="10:45:00">2.096</Value>
			<Value date="2016-02-12" time="11:00:00">2.093</Value>
		</SetofValues>
	</Station>
	<Station stationReference="722421" region="North West" stationName="Killington" ngr="SD621906">
		<SetofValues parameter="Water Level" qualifier="Stage" dataType="Instantaneous" period="15 min" units="m" startDate="2016-02-12" startTime="10:45:00" endDate="2016-02-12" endTime="11:00:00">
			<Value date="2016-02-12" time="10:45:00">0.586</Value>
			<Value date="2016-02-12" time="11:00:00">0.512</Value>
		</SetofValues>
	</Station>
</EATimeSeriesDataExchangeFormat>
