<?xml version="1.0" standalone="yes"?>
<EATimeSeriesDataExchangeFormat xmlns="http://www.environment-agency.gov.uk/XMLSchemas/EATimeSeriesDataExchangeFormat" xmlns:md="http://www.environment-agency.gov.uk/XMLSchemas/EAMetadataFormat" xmlns:xsi="http://www.w3.org/2001/XMLSchema-instance" xsi:schemaLocation="http://www.environment-agency.gov.uk/XMLSchemas/EATimeSeriesDataExchangeFormat EATimeSeriesDataExchangeFormat.xsd">
	<md:Publisher>Environment Agency</md:Publisher>
	<md:Source>North West Regional Telemetry System</md:Source>
	<md:Description>Automated telemetry data export process</md:Description>
	<md:Creator>SCX 6</md:Creator>
	<md:Date>2016-02-12</md:Date>
	<md:Time>13:03:14</md:Time>
	<md:Identifier>NWRFHSCXAS1</md:Identifier>
	<Station stationReference="693023" region="North West" stationName="Bedford PS" ngr="SD668000">
		<SetofValues parameter="Water Level" qualifier="Stage" dataType="Instantaneous" period="15 min" units="m" startDate="2016-02-12" startTime="13:00:00" endDate="2016-02-12" endTime="13:00:00">
			<Value date="2016-02-12" time="13:00:00">1.577</Value>
		</SetofValues>
		<SetofValues parameter="Water Level" qualifier="1" dataType="Instantaneous" period="15 min" units="m" startDate="2016-02-12" startTime="13:00:00" endDate="2016-02-12" endTime="13:00:00">
			<Value date="2016-02-12" time="13:00:00">0.167</Value>
		</SetofValues>
	</Station>
	<Station stationReference="564154" region="North West" stationName="Bedford PS" ngr="SD669002">
		<SetofValues parameter="Rainfall" qualifier="Tipping Bucket Raingauge" dataType="Total" period="15 min" units="mm" startDate="2016-02-12" startTime="13:00:00" endDate="2016-02-12" endTime="13:00:00">
			<Value date="2016-02-12" time="13:00:00">0.0</Value>
		</SetofValues>
	</Station>
</EATimeSeriesDataExchangeFormat>
