<?xml version="1.0" standalone="yes"?>
<EATimeSeriesDataExchangeFormat xmlns="http://www.environment-agency.gov.uk/XMLSchemas/EATimeSeriesDataExchangeFormat" xmlns:md="http://www.environment-agency.gov.uk/XMLSchemas/EAMetadataFormat" xmlns:xsi="http://www.w3.org/2001/XMLSchema-instance" xsi:schemaLocation="http://www.environment-agency.gov.uk/XMLSchemas/EATimeSeriesDataExchangeFormat EATimeSeriesDataExchangeFormat.xsd">
	<md:Publisher>Environment Agency</md:Publisher>
	<md:Source>North West Regional Telemetry System</md:Source>
	<md:Description>Automated telemetry data export process</md:Description>
	<md:Creator>SCX 6</md:Creator>
	<md:Date>2016-02-12</md:Date>
	<md:Time>12:49:12</md:Time>
	<md:Identifier>NWRFHSCXAS1</md:Identifier>
	<Station stationReference="693023" region="North West" stationName="Bedford PS" ngr="SD668000">
		<SetofValues parameter="Water Level" qualifier="Stage" dataType="Instantaneous" period="15 min" units="m" startDate="2016-02-12" startTime="04:45:00" endDate="2016-02-12" endTime="12:45:00">
			<Value date="2016-02-12" time="04:45:00">1.818</Value>
			<Value date="2016-02-12" time="05:00:00">1.849</Value>
			<Value date="2016-02-12" time="05:15:00">1.883</Value>
			<Value date="2016-02-12" time="05:30:00">1.914</Value>
			<Value date="2016-02-12" time="05:45:00">1.546</Value>
			<Value date="2016-02-12" time="06:00:00">1.552</Value>
			<Value date="2016-02-12" time="06:15:00">1.668</Value>
			<Value date="2016-02-12" time="06:30:00">1.779</Value>
			<Value date="2016-02-12" time="06:45:00">1.887</Value>
			<Value date="2016-02-12" time="07:00:00">1.934</Value>
			<Value date="2016-02-12" time="07:15:00">1.960</Value>
			<Value date="2016-02-12" time="07:30:00">1.985</Value>
			<Value date="2016-02-12" time="07:45:00">2.009</Value>
			<Value date="2016-02-12" time="08:00:00">1.731</Value>
			<Value date="2016-02-12" time="08:15:00">1.563</Value>
			<Value date="2016-02-12" time="08:30:00">1.593</Value>
			<Value date="2016-02-12" time="08:45:00">1.623</Value>
			<Value date="2016-02-12" time="09:00:00">1.653</Value>
			<Value date="2016-02-12" time="09:15:00">1.681</Value>
			<Value date="2016-02-12" time="09:30:00">1.707</Value>
			<Value date="2016-02-12" time="09:45:00">1.733</Value>
			<Value date="2016-02-12" time="10:00:00">1.757</Value>
			<Value date="2016-02-12" time="10:15:00">1.784</Value>
			<Value date="2016-02-12" time="10:30:00">1.809</Value>
			<Value date="2016-02-12" time="10:45:00">1.833</Value>
			<Value date="2016-02-12" time="11:00:00">1.856</Value>
			<Value date="2016-02-12" time="11:15:00">1.875</Value>
			<Value date="2016-02-12" time="11:30:00">1.895</Value>
			<Value date="2016-02-12" time="11:45:00">1.910</Value>
			<Value date="2016-02-12" time="12:00:00">1.670</Value>
			<Value date="2016-02-12" time="12:15:00">1.476</Value>
			<Value date="2016-02-12" time="12:30:00">1.512</Value>
			<Value date="2016-02-12" time="12:45:00">1.545</Value>
		</SetofValues>
		<SetofValues parameter="Water Level" qualifier="1" dataType="Instantaneous" period="15 min" units="m" startDate="2016-02-12" startTime="04:45:00" endDate="2016-02-12" endTime="12:45:00">
			<Value date="2016-02-12" time="04:45:00">0.169</Value>
			<Value date="2016-02-12" time="05:00:00">0.171</Value>
			<Value date="2016-02-12" time="05:15:00">0.170</Value>
			<Value date="2016-02-12" time="05:30:00">0.172</Value>
			<Value date="2016-02-12" time="05:45:00">0.348</Value>
			<Value date="2016-02-12" time="06:00:00">0.123</Value>
			<Value date="2016-02-12" time="06:15:00">0.124</Value>
			<Value date="2016-02-12" time="06:30:00">0.124</Value>
			<Value date="2016-02-12" time="06:45:00">0.126</Value>
			<Value date="2016-02-12" time="07:00:00">0.170</Value>
			<Value date="2016-02-12" time="07:15:00">0.171</Value>
			<Value date="2016-02-12" time="07:30:00">0.171</Value>
			<Value date="2016-02-12" time="07:45:00">0.172</Value>
			<Value date="2016-02-12" time="08:00:00">0.355</Value>
			<Value date="2016-02-12" time="08:15:00">0.168</Value>
			<Value date="2016-02-12" time="08:30:00">0.167</Value>
			<Value date="2016-02-12" time="08:45:00">0.167</Value>
			<Value date="2016-02-12" time="09:00:00">0.168</Value>
			<Value date="2016-02-12" time="09:15:00">0.169</Value>
			<Value date="2016-02-12" time="09:30:00">0.169</Value>
			<Value date="2016-02-12" time="09:45:00">0.169</Value>
			<Value date="2016-02-12" time="10:00:00">0.168</Value>
			<Value date="2016-02-12" time="10:15:00">0.168</Value>
			<Value date="2016-02-12" time="10:30:00">0.168</Value>
			<Value date="2016-02-12" time="10:45:00">0.170</Value>
			<Value date="2016-02-12" time="11:00:00">0.169</Value>
			<Value date="2016-02-12" time="11:15:00">0.170</Value>
			<Value date="2016-02-12" time="11:30:00">0.172</Value>
			<Value date="2016-02-12" time="11:45:00">0.173</Value>
			<Value date="2016-02-12" time="12:00:00">0.354</Value>
			<Value date="2016-02-12" time="12:15:00">0.165</Value>
			<Value date="2016-02-12" time="12:30:00">0.165</Value>
			<Value date="2016-02-12" time="12:45:00">0.166</Value>
		</SetofValues>
	</Station>
	<Station stationReference="564154" region="North West" stationName="Bedford PS" ngr="SD669002">
		<SetofValues parameter="Rainfall" qualifier="Tipping Bucket Raingauge" dataType="Total" period="15 min" units="mm" startDate="2016-02-12" startTime="04:45:00" endDate="2016-02-12" endTime="12:45:00">
			<Value date="2016-02-12" time="04:45:00">0.0</Value>
			<Value date="2016-02-12" time="05:00:00">0.0</Value>
			<Value date="2016-02-12" time="05:15:00">0.0</Value>
			<Value date="2016-02-12" time="05:30:00">0.0</Value>
			<Value date="2016-02-12" time="05:45:00">0.0</Value>
			<Value date="2016-02-12" time="06:00:00">0.0</Value>
			<Value date="2016-02-12" time="06:15:00">0.0</Value>
			<Value date="2016-02-12" time="06:30:00">0.0</Value>
			<Value date="2016-02-12" time="06:45:00">0.0</Value>
			<Value date="2016-02-12" time="07:00:00">0.0</Value>
			<Value date="2016-02-12" time="07:15:00">0.0</Value>
			<Value date="2016-02-12" time="07:30:00">0.0</Value>
			<Value date="2016-02-12" time="07:45:00">0.0</Value>
			<Value date="2016-02-12" time="08:00:00">0.0</Value>
			<Value date="2016-02-12" time="08:15:00">0.0</Value>
			<Value date="2016-02-12" time="08:30:00">0.0</Value>
			<Value date="2016-02-12" time="08:45:00">0.0</Value>
			<Value date="2016-02-12" time="09:00:00">0.0</Value>
			<Value date="2016-02-12" time="09:15:00">0.0</Value>
			<Value date="2016-02-12" time="09:30:00">0.0</Value>
			<Value date="2016-02-12" time="09:45:00">0.0</Value>
			<Value date="2016-02-12" time="10:00:00">0.0</Value>
			<Value date="2016-02-12" time="10:15:00">0.0</Value>
			<Value date="2016-02-12" time="10:30:00">0.0</Value>
			<Value date="2016-02-12" time="10:45:00">0.0</Value>
			<Value date="2016-02-12" time="11:00:00">0.0</Value>
			<Value date="2016-02-12" time="11:15:00">0.0</Value>
			<Value date="2016-02-12" time="11:30:00">0.0</Value>
			<Value date="2016-02-12" time="11:45:00">0.0</Value>
			<Value date="2016-02-12" time="12:00:00">0.0</Value>
			<Value date="2016-02-12" time="12:15:00">0.0</Value>
			<Value date="2016-02-12" time="12:30:00">0.0</Value>
			<Value date="2016-02-12" time="12:45:00">0.0</Value>
		</SetofValues>
	</Station>
</EATimeSeriesDataExchangeFormat>
