<?xml version="1.0" standalone="yes"?>
<EATimeSeriesDataExchangeFormat xmlns="http://www.environment-agency.gov.uk/XMLSchemas/EATimeSeriesDataExchangeFormat" xmlns:md="http://www.environment-agency.gov.uk/XMLSchemas/EAMetadataFormat" xmlns:xsi="http://www.w3.org/2001/XMLSchema-instance" xsi:schemaLocation="http://www.environment-agency.gov.uk/XMLSchemas/EATimeSeriesDataExchangeFormat EATimeSeriesDataExchangeFormat.xsd">
	<md:Publisher>Environment Agency</md:Publisher>
	<md:Source>North West Regional Telemetry System</md:Source>
	<md:Description>Automated telemetry data export process</md:Description>
	<md:Creator>SCX 6</md:Creator>
	<md:Date>2016-02-12</md:Date>
	<md:Time>13:42:49</md:Time>
	<md:Identifier>NWRFHSCXAS1</md:Identifier>
	<Station stationReference="E73639" region="North West" stationName="Workington" ngr="NX98982953">
		<SetofValues parameter="Water Level" qualifier="Tidal Level" dataType="Mean" period="15 min" units="mAOD" startDate="2016-02-12" startTime="13:30:00" endDate="2016-02-12" endTime="13:30:00">
			<Value date="2016-02-12" time="13:30:00">4.606</Value>
		</SetofValues>
	</Station>
	<Station stationReference="E73439" region="North West" stationName="Heysham" ngr="SD39825993">
		<SetofValues parameter="Water Level" qualifier="Tidal Level" dataType="Mean" period="15 min" units="mAOD" startDate="2016-02-12" startTime="13:30:00" endDate="2016-02-12" endTime="13:30:00">
			<Value date="2016-02-12" time="13:30:00">5.372</Value>
		</SetofValues>
	</Station>
	<Station stationReference="761659" region="North West" stationName="Eamont Bridge Farm" ngr="NY5214128695">
		<SetofValues parameter="Water Level" qualifier="Stage" dataType="Instantaneous" period="15 min" units="m" startDate="2016-02-12" startTime="04:45:00" endDate="2016-02-12" endTime="13:30:00">
			<Value date="2016-02-12" time="04:45:00">0.824</Value>
			<Value date="2016-02-12" time="05:00:00">0.824</Value>
			<Value date="2016-02-12" time="05:15:00">0.822</Value>
			<Value date="2016-02-12" time="05:30:00">0.824</Value>
			<Value date="2016-02-12" time="05:45:00">0.818</Value>
			<Value date="2016-02-12" time="06:00:00">0.816</Value>
			<Value date="2016-02-12" time="06:15:00">0.819</Value>
			<Value date="2016-02-12" time="06:30:00">0.817</Value>
			<Value date="2016-02-12" time="06:45:00">0.815</Value>
			<Value date="2016-02-12" time="07:00:00">0.824</Value>
			<Value date="2016-02-12" time="07:15:00">0.817</Value>
			<Value date="2016-02-12" time="07:30:00">0.820</Value>
			<Value date="2016-02-12" time="07:45:00">0.823</Value>
			<Value date="2016-02-12" time="08:00:00">0.821</Value>
			<Value date="2016-02-12" time="08:15:00">0.818</Value>
			<Value date="2016-02-12" time="08:30:00">0.814</Value>
			<Value date="2016-02-12" time="08:45:00">0.805</Value>
			<Value date="2016-02-12" time="09:00:00">0.804</Value>
			<Value date="2016-02-12" time="09:15:00">0.810</Value>
			<Value date="2016-02-12" time="09:30:00">0.811</Value>
			<Value date="2016-02-12" time="09:45:00">0.813</Value>
			<Value date="2016-02-12" time="10:00:00">0.810</Value>
			<Value date="2016-02-12" time="10:15:00">0.808</Value>
			<Value date="2016-02-12" time="10:30:00">0.803</Value>
			<Value date="2016-02-12" time="10:45:00">0.804</Value>
			<Value date="2016-02-12" time="11:00:00">0.802</Value>
			<Value date="2016-02-12" time="11:15:00">0.798</Value>
			<Value date="2016-02-12" time="11:30:00">0.797</Value>
			<Value date="2016-02-12" time="11:45:00">0.794</Value>
			<Value date="2016-02-12" time="12:00:00">0.791</Value>
			<Value date="2016-02-12" time="12:15:00">0.783</Value>
			<Value date="2016-02-12" time="12:30:00">0.794</Value>
			<Value date="2016-02-12" time="12:45:00">0.787</Value>
			<Value date="2016-02-12" time="13:00:00">0.780</Value>
			<Value date="2016-02-12" time="13:15:00">0.783</Value>
			<Value date="2016-02-12" time="13:30:00">0.787</Value>
		</SetofValues>
	</Station>
	<Station stationReference="700320" region="North West" stationName="Wigan FAS" ngr="SD58740668">
		<SetofValues parameter="Water Level" qualifier="Stage" dataType="Instantaneous" period="15 min" units="m" startDate="2016-02-11" startTime="13:45:00" endDate="2016-02-12" endTime="04:30:00">
			<Value date="2016-02-11" time="13:45:00">1.160</Value>
			<Value date="2016-02-11" time="14:00:00">1.159</Value>
			<Value date="2016-02-11" time="14:15:00">1.158</Value>
			<Value date="2016-02-11" time="14:30:00">1.155</Value>
			<Value date="2016-02-11" time="14:45:00">1.156</Value>
			<Value date="2016-02-11" time="15:00:00">1.155</Value>
			<Value date="2016-02-11" time="15:15:00">1.155</Value>
			<Value date="2016-02-11" time="15:30:00">1.154</Value>
			<Value date="2016-02-11" time="15:45:00">1.150</Value>
			<Value date="2016-02-11" time="16:00:00">1.147</Value>
			<Value date="2016-02-11" time="16:15:00">1.146</Value>
			<Value date="2016-02-11" time="16:30:00">1.145</Value>
			<Value date="2016-02-11" time="16:45:00">1.142</Value>
			<Value date="2016-02-11" time="17:00:00">1.143</Value>
			<Value date="2016-02-11" time="17:15:00">1.141</Value>
			<Value date="2016-02-11" time="17:30:00">1.141</Value>
			<Value date="2016-02-11" time="17:45:00">1.141</Value>
			<Value date="2016-02-11" time="18:00:00">1.142</Value>
			<Value date="2016-02-11" time="18:15:00">1.142</Value>
			<Value date="2016-02-11" time="18:30:00">1.142</Value>
			<Value date="2016-02-11" time="18:45:00">1.144</Value>
			<Value date="2016-02-11" time="19:00:00">1.143</Value>
			<Value date="2016-02-11" time="19:15:00">1.143</Value>
			<Value date="2016-02-11" time="19:30:00">1.142</Value>
			<Value date="2016-02-11" time="19:45:00">1.141</Value>
			<Value date="2016-02-11" time="20:00:00">1.138</Value>
			<Value date="2016-02-11" time="20:15:00">1.137</Value>
			<Value date="2016-02-11" time="20:30:00">1.136</Value>
			<Value date="2016-02-11" time="20:45:00">1.137</Value>
			<Value date="2016-02-11" time="21:00:00">1.135</Value>
			<Value date="2016-02-11" time="21:15:00">1.132</Value>
			<Value date="2016-02-11" time="21:30:00">1.131</Value>
			<Value date="2016-02-11" time="21:45:00">1.131</Value>
			<Value date="2016-02-11" time="22:00:00">1.131</Value>
			<Value date="2016-02-11" time="22:15:00">1.130</Value>
			<Value date="2016-02-11" time="22:30:00">1.128</Value>
			<Value date="2016-02-11" time="22:45:00">1.130</Value>
			<Value date="2016-02-11" time="23:00:00">1.128</Value>
			<Value date="2016-02-11" time="23:15:00">1.125</Value>
			<Value date="2016-02-11" time="23:30:00">1.123</Value>
			<Value date="2016-02-11" time="23:45:00">1.120</Value>
			<Value date="2016-02-12" time="00:00:00">1.119</Value>
			<Value date="2016-02-12" time="00:15:00">1.118</Value>
			<Value date="2016-02-12" time="00:30:00">1.113</Value>
			<Value date="2016-02-12" time="00:45:00">1.114</Value>
			<Value date="2016-02-12" time="01:00:00">1.111</Value>
			<Value date="2016-02-12" time="01:15:00">1.114</Value>
			<Value date="2016-02-12" time="01:30:00">1.110</Value>
			<Value date="2016-02-12" time="01:45:00">1.110</Value>
			<Value date="2016-02-12" time="02:00:00">1.106</Value>
			<Value date="2016-02-12" time="02:15:00">1.105</Value>
			<Value date="2016-02-12" time="02:30:00">1.105</Value>
			<Value date="2016-02-12" time="02:45:00">1.102</Value>
			<Value date="2016-02-12" time="03:00:00">1.102</Value>
			<Value date="2016-02-12" time="03:15:00">1.098</Value>
			<Value date="2016-02-12" time="03:30:00">1.099</Value>
			<Value date="2016-02-12" time="03:45:00">1.098</Value>
			<Value date="2016-02-12" time="04:00:00">1.097</Value>
			<Value date="2016-02-12" time="04:15:00">1.091</Value>
			<Value date="2016-02-12" time="04:30:00">1.086</Value>
		</SetofValues>
	</Station>
	<Station stationReference="693032" region="North West" stationName="Little Woolden Hall" ngr="SJ6849093889">
		<SetofValues parameter="Water Level" qualifier="Stage" dataType="Instantaneous" period="15 min" units="m" startDate="2016-02-12" startTime="04:45:00" endDate="2016-02-12" endTime="13:30:00">
			<Value date="2016-02-12" time="04:45:00">0.872</Value>
			<Value date="2016-02-12" time="05:00:00">0.870</Value>
			<Value date="2016-02-12" time="05:15:00">0.868</Value>
			<Value date="2016-02-12" time="05:30:00">0.864</Value>
			<Value date="2016-02-12" time="05:45:00">0.859</Value>
			<Value date="2016-02-12" time="06:00:00">0.853</Value>
			<Value date="2016-02-12" time="06:15:00">0.849</Value>
			<Value date="2016-02-12" time="06:30:00">0.844</Value>
			<Value date="2016-02-12" time="06:45:00">0.839</Value>
			<Value date="2016-02-12" time="07:00:00">0.838</Value>
			<Value date="2016-02-12" time="07:15:00">0.839</Value>
			<Value date="2016-02-12" time="07:30:00">0.842</Value>
			<Value date="2016-02-12" time="07:45:00">0.840</Value>
			<Value date="2016-02-12" time="08:00:00">0.836</Value>
			<Value date="2016-02-12" time="08:15:00">0.833</Value>
			<Value date="2016-02-12" time="08:30:00">0.827</Value>
			<Value date="2016-02-12" time="08:45:00">0.823</Value>
			<Value date="2016-02-12" time="09:00:00">0.821</Value>
			<Value date="2016-02-12" time="09:15:00">0.822</Value>
			<Value date="2016-02-12" time="09:30:00">0.825</Value>
			<Value date="2016-02-12" time="09:45:00">0.829</Value>
			<Value date="2016-02-12" time="10:00:00">0.832</Value>
			<Value date="2016-02-12" time="10:15:00">0.832</Value>
			<Value date="2016-02-12" time="10:30:00">0.831</Value>
			<Value date="2016-02-12" time="10:45:00">0.827</Value>
			<Value date="2016-02-12" time="11:00:00">0.825</Value>
			<Value date="2016-02-12" time="11:15:00">0.822</Value>
			<Value date="2016-02-12" time="11:30:00">0.817</Value>
			<Value date="2016-02-12" time="11:45:00">0.815</Value>
			<Value date="2016-02-12" time="12:00:00">0.812</Value>
			<Value date="2016-02-12" time="12:15:00">0.808</Value>
			<Value date="2016-02-12" time="12:30:00">0.805</Value>
			<Value date="2016-02-12" time="12:45:00">0.801</Value>
			<Value date="2016-02-12" time="13:00:00">0.794</Value>
			<Value date="2016-02-12" time="13:15:00">0.791</Value>
			<Value date="2016-02-12" time="13:30:00">0.788</Value>
		</SetofValues>
	</Station>
</EATimeSeriesDataExchangeFormat>
