<?xml version="1.0" standalone="yes"?>
<EATimeSeriesDataExchangeFormat xmlns="http://www.environment-agency.gov.uk/XMLSchemas/EATimeSeriesDataExchangeFormat" xmlns:md="http://www.environment-agency.gov.uk/XMLSchemas/EAMetadataFormat" xmlns:xsi="http://www.w3.org/2001/XMLSchema-instance" xsi:schemaLocation="http://www.environment-agency.gov.uk/XMLSchemas/EATimeSeriesDataExchangeFormat EATimeSeriesDataExchangeFormat.xsd">
	<md:Publisher>Environment Agency</md:Publisher>
	<md:Source>North West Regional Telemetry System</md:Source>
	<md:Description>Automated telemetry data export process</md:Description>
	<md:Creator>SCX 6</md:Creator>
	<md:Date>2016-02-12</md:Date>
	<md:Time>13:25:02</md:Time>
	<md:Identifier>NWRFHSCXAS1</md:Identifier>
	<Station stationReference="700306" region="North West" stationName="Wanes Blades Bridge" ngr="SD47621257">
		<SetofValues parameter="Water Level" qualifier="Stage" dataType="Instantaneous" period="15 min" units="m" startDate="2016-02-12" startTime="04:45:00" endDate="2016-02-12" endTime="13:15:00">
			<Value date="2016-02-12" time="04:45:00">0.645</Value>
			<Value date="2016-02-12" time="05:00:00">0.628</Value>
			<Value date="2016-02-12" time="05:15:00">0.607</Value>
			<Value date="2016-02-12" time="05:30:00">0.597</Value>
			<Value date="2016-02-12" time="05:45:00">0.590</Value>
			<Value date="2016-02-12" time="06:00:00">0.583</Value>
			<Value date="2016-02-12" time="06:15:00">0.582</Value>
			<Value date="2016-02-12" time="06:30:00">0.583</Value>
			<Value date="2016-02-12" time="06:45:00">0.584</Value>
			<Value date="2016-02-12" time="07:00:00">0.580</Value>
			<Value date="2016-02-12" time="07:15:00">0.573</Value>
			<Value date="2016-02-12" time="07:30:00">0.577</Value>
			<Value date="2016-02-12" time="07:45:00">0.579</Value>
			<Value date="2016-02-12" time="08:00:00">0.573</Value>
			<Value date="2016-02-12" time="08:15:00">0.572</Value>
			<Value date="2016-02-12" time="08:30:00">0.586</Value>
			<Value date="2016-02-12" time="08:45:00">0.597</Value>
			<Value date="2016-02-12" time="09:00:00">0.598</Value>
			<Value date="2016-02-12" time="09:15:00">0.598</Value>
			<Value date="2016-02-12" time="09:30:00">0.604</Value>
			<Value date="2016-02-12" time="09:45:00">0.596</Value>
			<Value date="2016-02-12" time="10:00:00">0.596</Value>
			<Value date="2016-02-12" time="10:15:00">0.603</Value>
			<Value date="2016-02-12" time="10:30:00">0.605</Value>
			<Value date="2016-02-12" time="10:45:00">0.603</Value>
			<Value date="2016-02-12" time="11:00:00">0.601</Value>
			<Value date="2016-02-12" time="11:15:00">0.597</Value>
			<Value date="2016-02-12" time="11:30:00">0.600</Value>
			<Value date="2016-02-12" time="11:45:00">0.593</Value>
			<Value date="2016-02-12" time="12:00:00">0.588</Value>
			<Value date="2016-02-12" time="12:15:00">0.592</Value>
			<Value date="2016-02-12" time="12:30:00">0.594</Value>
			<Value date="2016-02-12" time="12:45:00">0.595</Value>
			<Value date="2016-02-12" time="13:00:00">0.593</Value>
			<Value date="2016-02-12" time="13:15:00">0.591</Value>
		</SetofValues>
		<SetofValues parameter="Flow" dataType="Instantaneous" period="15 min" units="m3/s" startDate="2016-02-12" startTime="04:45:00" endDate="2016-02-12" endTime="13:15:00">
			<Value date="2016-02-12" time="04:45:00">8.830</Value>
			<Value date="2016-02-12" time="05:00:00">8.750</Value>
			<Value date="2016-02-12" time="05:15:00">8.640</Value>
			<Value date="2016-02-12" time="05:30:00">8.460</Value>
			<Value date="2016-02-12" time="05:45:00">8.430</Value>
			<Value date="2016-02-12" time="06:00:00">8.260</Value>
			<Value date="2016-02-12" time="06:15:00">8.190</Value>
			<Value date="2016-02-12" time="06:30:00">8.210</Value>
			<Value date="2016-02-12" time="06:45:00">8.230</Value>
			<Value date="2016-02-12" time="07:00:00">8.220</Value>
			<Value date="2016-02-12" time="07:15:00">8.140</Value>
			<Value date="2016-02-12" time="07:30:00">8.040</Value>
			<Value date="2016-02-12" time="07:45:00">8.120</Value>
			<Value date="2016-02-12" time="08:00:00">8.130</Value>
			<Value date="2016-02-12" time="08:15:00">8.060</Value>
			<Value date="2016-02-12" time="08:30:00">8.050</Value>
			<Value date="2016-02-12" time="08:45:00">8.370</Value>
			<Value date="2016-02-12" time="09:00:00">8.620</Value>
			<Value date="2016-02-12" time="09:15:00">8.670</Value>
			<Value date="2016-02-12" time="09:30:00">8.670</Value>
			<Value date="2016-02-12" time="09:45:00">8.720</Value>
			<Value date="2016-02-12" time="10:00:00">8.580</Value>
			<Value date="2016-02-12" time="10:15:00">8.690</Value>
			<Value date="2016-02-12" time="10:30:00">8.810</Value>
			<Value date="2016-02-12" time="10:45:00">8.730</Value>
			<Value date="2016-02-12" time="11:00:00">8.750</Value>
			<Value date="2016-02-12" time="11:15:00">8.620</Value>
			<Value date="2016-02-12" time="11:30:00">8.520</Value>
			<Value date="2016-02-12" time="11:45:00">8.660</Value>
			<Value date="2016-02-12" time="12:00:00">8.480</Value>
			<Value date="2016-02-12" time="12:15:00">8.430</Value>
			<Value date="2016-02-12" time="12:30:00">8.450</Value>
			<Value date="2016-02-12" time="12:45:00">8.610</Value>
			<Value date="2016-02-12" time="13:00:00">8.550</Value>
			<Value date="2016-02-12" time="13:15:00">8.540</Value>
		</SetofValues>
	</Station>
</EATimeSeriesDataExchangeFormat>
