<?xml version="1.0" standalone="yes"?>
<EATimeSeriesDataExchangeFormat xmlns="http://www.environment-agency.gov.uk/XMLSchemas/EATimeSeriesDataExchangeFormat" xmlns:md="http://www.environment-agency.gov.uk/XMLSchemas/EAMetadataFormat" xmlns:xsi="http://www.w3.org/2001/XMLSchema-instance" xsi:schemaLocation="http://www.environment-agency.gov.uk/XMLSchemas/EATimeSeriesDataExchangeFormat EATimeSeriesDataExchangeFormat.xsd">
	<md:Publisher>Environment Agency</md:Publisher>
	<md:Source>North West Regional Telemetry System</md:Source>
	<md:Description>Automated telemetry data export process</md:Description>
	<md:Creator>SCX 6</md:Creator>
	<md:Date>2016-02-12</md:Date>
	<md:Time>10:58:14</md:Time>
	<md:Identifier>NWRFHSCXAS1</md:Identifier>
	<Station stationReference="E73639" region="North West" stationName="Workington" ngr="NX98982953">
		<SetofValues parameter="Water Level" qualifier="Tidal Level" dataType="Mean" period="15 min" units="mAOD" startDate="2016-02-12" startTime="10:45:00" endDate="2016-02-12" endTime="10:45:00">
			<Value date="2016-02-12" time="10:45:00">-0.176</Value>
		</SetofValues>
	</Station>
	<Station stationReference="E73439" region="North West" stationName="Heysham" ngr="SD39825993">
		<SetofValues parameter="Water Level" qualifier="Tidal Level" dataType="Mean" period="15 min" units="mAOD" startDate="2016-02-12" startTime="10:45:00" endDate="2016-02-12" endTime="10:45:00">
			<Value date="2016-02-12" time="10:45:00">0.038</Value>
		</SetofValues>
	</Station>
	<Station stationReference="E70139" region="North West" stationName="Liverpool" ngr="SJ32499525">
		<SetofValues parameter="Water Level" qualifier="Tidal Level" dataType="Mean" period="15 min" units="mAOD" startDate="2016-02-12" startTime="10:30:00" endDate="2016-02-12" endTime="10:45:00">
			<Value date="2016-02-12" time="10:30:00">0.219</Value>
			<Value date="2016-02-12" time="10:45:00">0.951</Value>
		</SetofValues>
	</Station>
</EATimeSeriesDataExchangeFormat>
