<?xml version="1.0" standalone="yes"?>
<EATimeSeriesDataExchangeFormat xmlns="http://www.environment-agency.gov.uk/XMLSchemas/EATimeSeriesDataExchangeFormat" xmlns:md="http://www.environment-agency.gov.uk/XMLSchemas/EAMetadataFormat" xmlns:xsi="http://www.w3.org/2001/XMLSchema-instance" xsi:schemaLocation="http://www.environment-agency.gov.uk/XMLSchemas/EATimeSeriesDataExchangeFormat EATimeSeriesDataExchangeFormat.xsd">
	<md:Publisher>Environment Agency</md:Publisher>
	<md:Source>North West Regional Telemetry System</md:Source>
	<md:Description>Automated telemetry data export process</md:Description>
	<md:Creator>SCX 6</md:Creator>
	<md:Date>2016-02-12</md:Date>
	<md:Time>11:19:04</md:Time>
	<md:Identifier>NWRFHSCXAS1</md:Identifier>
	<Station stationReference="694063" region="North West" stationName="Fiddlers Ferry" ngr="SJ5661986739">
		<SetofValues parameter="Water Level" qualifier="Stage" dataType="Instantaneous" period="15 min" units="m" startDate="2016-02-12" startTime="07:30:00" endDate="2016-02-12" endTime="11:15:00">
			<Value date="2016-02-12" time="07:30:00">3.098</Value>
			<Value date="2016-02-12" time="07:45:00">3.081</Value>
			<Value date="2016-02-12" time="08:00:00">3.065</Value>
			<Value date="2016-02-12" time="08:15:00">3.047</Value>
			<Value date="2016-02-12" time="08:30:00">3.031</Value>
			<Value date="2016-02-12" time="08:45:00">3.015</Value>
			<Value date="2016-02-12" time="09:00:00">3.000</Value>
			<Value date="2016-02-12" time="09:15:00">2.991</Value>
			<Value date="2016-02-12" time="09:30:00">2.984</Value>
			<Value date="2016-02-12" time="09:45:00">2.983</Value>
			<Value date="2016-02-12" time="10:00:00">2.983</Value>
			<Value date="2016-02-12" time="10:15:00">2.985</Value>
			<Value date="2016-02-12" time="10:30:00">2.984</Value>
			<Value date="2016-02-12" time="10:45:00">2.978</Value>
			<Value date="2016-02-12" time="11:00:00">2.972</Value>
			<Value date="2016-02-12" time="11:15:00">2.966</Value>
		</SetofValues>
	</Station>
</EATimeSeriesDataExchangeFormat>
