<?xml version="1.0" standalone="yes"?>
<EATimeSeriesDataExchangeFormat xmlns="http://www.environment-agency.gov.uk/XMLSchemas/EATimeSeriesDataExchangeFormat" xmlns:md="http://www.environment-agency.gov.uk/XMLSchemas/EAMetadataFormat" xmlns:xsi="http://www.w3.org/2001/XMLSchema-instance" xsi:schemaLocation="http://www.environment-agency.gov.uk/XMLSchemas/EATimeSeriesDataExchangeFormat EATimeSeriesDataExchangeFormat.xsd">
	<md:Publisher>Environment Agency</md:Publisher>
	<md:Source>North West Regional Telemetry System</md:Source>
	<md:Description>Automated telemetry data export process</md:Description>
	<md:Creator>SCX 6</md:Creator>
	<md:Date>2016-02-12</md:Date>
	<md:Time>13:21:59</md:Time>
	<md:Identifier>NWRFHSCXAS1</md:Identifier>
	<Station stationReference="768010" region="North West" stationName="Thacka Beck Reservoir" ngr="NY50913071">
		<SetofValues parameter="Water Level" qualifier="Stage" dataType="Instantaneous" period="15 min" units="m" startDate="2016-02-12" startTime="04:45:00" endDate="2016-02-12" endTime="13:15:00">
			<Value date="2016-02-12" time="04:45:00">0.150</Value>
			<Value date="2016-02-12" time="05:00:00">0.148</Value>
			<Value date="2016-02-12" time="05:15:00">0.150</Value>
			<Value date="2016-02-12" time="05:30:00">0.149</Value>
			<Value date="2016-02-12" time="05:45:00">0.149</Value>
			<Value date="2016-02-12" time="06:00:00">0.148</Value>
			<Value date="2016-02-12" time="06:15:00">0.149</Value>
			<Value date="2016-02-12" time="06:30:00">0.149</Value>
			<Value date="2016-02-12" time="06:45:00">0.148</Value>
			<Value date="2016-02-12" time="07:00:00">0.148</Value>
			<Value date="2016-02-12" time="07:15:00">0.150</Value>
			<Value date="2016-02-12" time="07:30:00">0.148</Value>
			<Value date="2016-02-12" time="07:45:00">0.149</Value>
			<Value date="2016-02-12" time="08:00:00">0.148</Value>
			<Value date="2016-02-12" time="08:15:00">0.147</Value>
			<Value date="2016-02-12" time="08:30:00">0.149</Value>
			<Value date="2016-02-12" time="08:45:00">0.147</Value>
			<Value date="2016-02-12" time="09:00:00">0.147</Value>
			<Value date="2016-02-12" time="09:15:00">0.146</Value>
			<Value date="2016-02-12" time="09:30:00">0.147</Value>
			<Value date="2016-02-12" time="09:45:00">0.148</Value>
			<Value date="2016-02-12" time="10:00:00">0.146</Value>
			<Value date="2016-02-12" time="10:15:00">0.145</Value>
			<Value date="2016-02-12" time="10:30:00">0.146</Value>
			<Value date="2016-02-12" time="10:45:00">0.147</Value>
			<Value date="2016-02-12" time="11:00:00">0.144</Value>
			<Value date="2016-02-12" time="11:15:00">0.146</Value>
			<Value date="2016-02-12" time="11:30:00">0.145</Value>
			<Value date="2016-02-12" time="11:45:00">0.146</Value>
			<Value date="2016-02-12" time="12:00:00">0.144</Value>
			<Value date="2016-02-12" time="12:15:00">0.145</Value>
			<Value date="2016-02-12" time="12:30:00">0.146</Value>
			<Value date="2016-02-12" time="12:45:00">0.146</Value>
			<Value date="2016-02-12" time="13:00:00">0.145</Value>
			<Value date="2016-02-12" time="13:15:00">0.145</Value>
		</SetofValues>
	</Station>
	<Station stationReference="768005" region="North West" stationName="Watson Terrace" ngr="NY5126930510">
		<SetofValues parameter="Water Level" qualifier="Downstream Stage" dataType="Instantaneous" period="15 min" units="m" startDate="2016-02-12" startTime="04:45:00" endDate="2016-02-12" endTime="13:15:00">
			<Value date="2016-02-12" time="04:45:00">0.024</Value>
			<Value date="2016-02-12" time="05:00:00">0.024</Value>
			<Value date="2016-02-12" time="05:15:00">0.022</Value>
			<Value date="2016-02-12" time="05:30:00">0.025</Value>
			<Value date="2016-02-12" time="05:45:00">0.024</Value>
			<Value date="2016-02-12" time="06:00:00">0.022</Value>
			<Value date="2016-02-12" time="06:15:00">0.024</Value>
			<Value date="2016-02-12" time="06:30:00">0.023</Value>
			<Value date="2016-02-12" time="06:45:00">0.022</Value>
			<Value date="2016-02-12" time="07:00:00">0.022</Value>
			<Value date="2016-02-12" time="07:15:00">0.023</Value>
			<Value date="2016-02-12" time="07:30:00">0.022</Value>
			<Value date="2016-02-12" time="07:45:00">0.023</Value>
			<Value date="2016-02-12" time="08:00:00">0.024</Value>
			<Value date="2016-02-12" time="08:15:00">0.023</Value>
			<Value date="2016-02-12" time="08:30:00">0.023</Value>
			<Value date="2016-02-12" time="08:45:00">0.022</Value>
			<Value date="2016-02-12" time="09:00:00">0.021</Value>
			<Value date="2016-02-12" time="09:15:00">0.024</Value>
			<Value date="2016-02-12" time="09:30:00">0.023</Value>
			<Value date="2016-02-12" time="09:45:00">0.024</Value>
			<Value date="2016-02-12" time="10:00:00">0.024</Value>
			<Value date="2016-02-12" time="10:15:00">0.024</Value>
			<Value date="2016-02-12" time="10:30:00">0.023</Value>
			<Value date="2016-02-12" time="10:45:00">0.023</Value>
			<Value date="2016-02-12" time="11:00:00">0.023</Value>
			<Value date="2016-02-12" time="11:15:00">0.027</Value>
			<Value date="2016-02-12" time="11:30:00">0.025</Value>
			<Value date="2016-02-12" time="11:45:00">0.027</Value>
			<Value date="2016-02-12" time="12:00:00">0.026</Value>
			<Value date="2016-02-12" time="12:15:00">0.026</Value>
			<Value date="2016-02-12" time="12:30:00">0.025</Value>
			<Value date="2016-02-12" time="12:45:00">0.026</Value>
			<Value date="2016-02-12" time="13:00:00">0.024</Value>
			<Value date="2016-02-12" time="13:15:00">0.025</Value>
		</SetofValues>
		<SetofValues parameter="Water Level" qualifier="Stage" dataType="Instantaneous" period="15 min" units="m" startDate="2016-02-12" startTime="04:45:00" endDate="2016-02-12" endTime="13:15:00">
			<Value date="2016-02-12" time="04:45:00">0.077</Value>
			<Value date="2016-02-12" time="05:00:00">0.076</Value>
			<Value date="2016-02-12" time="05:15:00">0.077</Value>
			<Value date="2016-02-12" time="05:30:00">0.077</Value>
			<Value date="2016-02-12" time="05:45:00">0.077</Value>
			<Value date="2016-02-12" time="06:00:00">0.077</Value>
			<Value date="2016-02-12" time="06:15:00">0.076</Value>
			<Value date="2016-02-12" time="06:30:00">0.076</Value>
			<Value date="2016-02-12" time="06:45:00">0.077</Value>
			<Value date="2016-02-12" time="07:00:00">0.076</Value>
			<Value date="2016-02-12" time="07:15:00">0.075</Value>
			<Value date="2016-02-12" time="07:30:00">0.075</Value>
			<Value date="2016-02-12" time="07:45:00">0.077</Value>
			<Value date="2016-02-12" time="08:00:00">0.075</Value>
			<Value date="2016-02-12" time="08:15:00">0.075</Value>
			<Value date="2016-02-12" time="08:30:00">0.076</Value>
			<Value date="2016-02-12" time="08:45:00">0.075</Value>
			<Value date="2016-02-12" time="09:00:00">0.075</Value>
			<Value date="2016-02-12" time="09:15:00">0.076</Value>
			<Value date="2016-02-12" time="09:30:00">0.076</Value>
			<Value date="2016-02-12" time="09:45:00">0.074</Value>
			<Value date="2016-02-12" time="10:00:00">0.075</Value>
			<Value date="2016-02-12" time="10:15:00">0.075</Value>
			<Value date="2016-02-12" time="10:30:00">0.073</Value>
			<Value date="2016-02-12" time="10:45:00">0.074</Value>
			<Value date="2016-02-12" time="11:00:00">0.073</Value>
			<Value date="2016-02-12" time="11:15:00">0.074</Value>
			<Value date="2016-02-12" time="11:30:00">0.074</Value>
			<Value date="2016-02-12" time="11:45:00">0.073</Value>
			<Value date="2016-02-12" time="12:00:00">0.073</Value>
			<Value date="2016-02-12" time="12:15:00">0.075</Value>
			<Value date="2016-02-12" time="12:30:00">0.073</Value>
			<Value date="2016-02-12" time="12:45:00">0.072</Value>
			<Value date="2016-02-12" time="13:00:00">0.072</Value>
			<Value date="2016-02-12" time="13:15:00">0.072</Value>
		</SetofValues>
	</Station>
	<Station stationReference="768001" region="North West" stationName="White House Gardens" ngr="NY5191029820">
		<SetofValues parameter="Water Level" qualifier="Stage" dataType="Instantaneous" period="15 min" units="m" startDate="2016-02-12" startTime="04:45:00" endDate="2016-02-12" endTime="13:15:00">
			<Value date="2016-02-12" time="04:45:00">0.333</Value>
			<Value date="2016-02-12" time="05:00:00">0.334</Value>
			<Value date="2016-02-12" time="05:15:00">0.333</Value>
			<Value date="2016-02-12" time="05:30:00">0.333</Value>
			<Value date="2016-02-12" time="05:45:00">0.333</Value>
			<Value date="2016-02-12" time="06:00:00">0.333</Value>
			<Value date="2016-02-12" time="06:15:00">0.332</Value>
			<Value date="2016-02-12" time="06:30:00">0.332</Value>
			<Value date="2016-02-12" time="06:45:00">0.332</Value>
			<Value date="2016-02-12" time="07:00:00">0.331</Value>
			<Value date="2016-02-12" time="07:15:00">0.331</Value>
			<Value date="2016-02-12" time="07:30:00">0.332</Value>
			<Value date="2016-02-12" time="07:45:00">0.331</Value>
			<Value date="2016-02-12" time="08:00:00">0.330</Value>
			<Value date="2016-02-12" time="08:15:00">0.331</Value>
			<Value date="2016-02-12" time="08:30:00">0.330</Value>
			<Value date="2016-02-12" time="08:45:00">0.330</Value>
			<Value date="2016-02-12" time="09:00:00">0.330</Value>
			<Value date="2016-02-12" time="09:15:00">0.330</Value>
			<Value date="2016-02-12" time="09:30:00">0.330</Value>
			<Value date="2016-02-12" time="09:45:00">0.329</Value>
			<Value date="2016-02-12" time="10:00:00">0.329</Value>
			<Value date="2016-02-12" time="10:15:00">0.329</Value>
			<Value date="2016-02-12" time="10:30:00">0.329</Value>
			<Value date="2016-02-12" time="10:45:00">0.329</Value>
			<Value date="2016-02-12" time="11:00:00">0.328</Value>
			<Value date="2016-02-12" time="11:15:00">0.329</Value>
			<Value date="2016-02-12" time="11:30:00">0.327</Value>
			<Value date="2016-02-12" time="11:45:00">0.328</Value>
			<Value date="2016-02-12" time="12:00:00">0.327</Value>
			<Value date="2016-02-12" time="12:15:00">0.327</Value>
			<Value date="2016-02-12" time="12:30:00">0.326</Value>
			<Value date="2016-02-12" time="12:45:00">0.326</Value>
			<Value date="2016-02-12" time="13:00:00">0.326</Value>
			<Value date="2016-02-12" time="13:15:00">0.326</Value>
		</SetofValues>
	</Station>
	<Station stationReference="762006" region="North West" stationName="Udford" ngr="NY5757030450">
		<SetofValues parameter="Water Level" qualifier="Stage" dataType="Instantaneous" period="15 min" units="m" startDate="2016-02-12" startTime="04:45:00" endDate="2016-02-12" endTime="13:15:00">
			<Value date="2016-02-12" time="04:45:00">0.639</Value>
			<Value date="2016-02-12" time="05:00:00">0.637</Value>
			<Value date="2016-02-12" time="05:15:00">0.636</Value>
			<Value date="2016-02-12" time="05:30:00">0.635</Value>
			<Value date="2016-02-12" time="05:45:00">0.634</Value>
			<Value date="2016-02-12" time="06:00:00">0.633</Value>
			<Value date="2016-02-12" time="06:15:00">0.632</Value>
			<Value date="2016-02-12" time="06:30:00">0.631</Value>
			<Value date="2016-02-12" time="06:45:00">0.631</Value>
			<Value date="2016-02-12" time="07:00:00">0.629</Value>
			<Value date="2016-02-12" time="07:15:00">0.628</Value>
			<Value date="2016-02-12" time="07:30:00">0.628</Value>
			<Value date="2016-02-12" time="07:45:00">0.627</Value>
			<Value date="2016-02-12" time="08:00:00">0.626</Value>
			<Value date="2016-02-12" time="08:15:00">0.625</Value>
			<Value date="2016-02-12" time="08:30:00">0.625</Value>
			<Value date="2016-02-12" time="08:45:00">0.624</Value>
			<Value date="2016-02-12" time="09:00:00">0.623</Value>
			<Value date="2016-02-12" time="09:15:00">0.622</Value>
			<Value date="2016-02-12" time="09:30:00">0.621</Value>
			<Value date="2016-02-12" time="09:45:00">0.621</Value>
			<Value date="2016-02-12" time="10:00:00">0.619</Value>
			<Value date="2016-02-12" time="10:15:00">0.618</Value>
			<Value date="2016-02-12" time="10:30:00">0.618</Value>
			<Value date="2016-02-12" time="10:45:00">0.617</Value>
			<Value date="2016-02-12" time="11:00:00">0.616</Value>
			<Value date="2016-02-12" time="11:15:00">0.615</Value>
			<Value date="2016-02-12" time="11:30:00">0.615</Value>
			<Value date="2016-02-12" time="11:45:00">0.614</Value>
			<Value date="2016-02-12" time="12:00:00">0.612</Value>
			<Value date="2016-02-12" time="12:15:00">0.611</Value>
			<Value date="2016-02-12" time="12:30:00">0.611</Value>
			<Value date="2016-02-12" time="12:45:00">0.610</Value>
			<Value date="2016-02-12" time="13:00:00">0.608</Value>
			<Value date="2016-02-12" time="13:15:00">0.608</Value>
		</SetofValues>
	</Station>
	<Station stationReference="761706" region="North West" stationName="Dacre Beck" ngr="NY4600726287">
		<SetofValues parameter="Water Level" qualifier="Stage" dataType="Instantaneous" period="15 min" units="m" startDate="2016-02-12" startTime="04:45:00" endDate="2016-02-12" endTime="13:15:00">
			<Value date="2016-02-12" time="04:45:00">0.354</Value>
			<Value date="2016-02-12" time="05:00:00">0.354</Value>
			<Value date="2016-02-12" time="05:15:00">0.354</Value>
			<Value date="2016-02-12" time="05:30:00">0.354</Value>
			<Value date="2016-02-12" time="05:45:00">0.353</Value>
			<Value date="2016-02-12" time="06:00:00">0.353</Value>
			<Value date="2016-02-12" time="06:15:00">0.353</Value>
			<Value date="2016-02-12" time="06:30:00">0.353</Value>
			<Value date="2016-02-12" time="06:45:00">0.351</Value>
			<Value date="2016-02-12" time="07:00:00">0.352</Value>
			<Value date="2016-02-12" time="07:15:00">0.352</Value>
			<Value date="2016-02-12" time="07:30:00">0.353</Value>
			<Value date="2016-02-12" time="07:45:00">0.351</Value>
			<Value date="2016-02-12" time="08:00:00">0.351</Value>
			<Value date="2016-02-12" time="08:15:00">0.351</Value>
			<Value date="2016-02-12" time="08:30:00">0.351</Value>
			<Value date="2016-02-12" time="08:45:00">0.351</Value>
			<Value date="2016-02-12" time="09:00:00">0.351</Value>
			<Value date="2016-02-12" time="09:15:00">0.351</Value>
			<Value date="2016-02-12" time="09:30:00">0.350</Value>
			<Value date="2016-02-12" time="09:45:00">0.351</Value>
			<Value date="2016-02-12" time="10:00:00">0.350</Value>
			<Value date="2016-02-12" time="10:15:00">0.350</Value>
			<Value date="2016-02-12" time="10:30:00">0.349</Value>
			<Value date="2016-02-12" time="10:45:00">0.350</Value>
			<Value date="2016-02-12" time="11:00:00">0.348</Value>
			<Value date="2016-02-12" time="11:15:00">0.350</Value>
			<Value date="2016-02-12" time="11:30:00">0.348</Value>
			<Value date="2016-02-12" time="11:45:00">0.348</Value>
			<Value date="2016-02-12" time="12:00:00">0.347</Value>
			<Value date="2016-02-12" time="12:15:00">0.348</Value>
			<Value date="2016-02-12" time="12:30:00">0.347</Value>
			<Value date="2016-02-12" time="12:45:00">0.347</Value>
			<Value date="2016-02-12" time="13:00:00">0.347</Value>
			<Value date="2016-02-12" time="13:15:00">0.347</Value>
		</SetofValues>
	</Station>
	<Station stationReference="761605" region="North West" stationName="Pooley Bridge" ngr="NY47142480">
		<SetofValues parameter="Water Level" qualifier="Stage" dataType="Instantaneous" period="15 min" units="m" startDate="2016-02-12" startTime="09:15:00" endDate="2016-02-12" endTime="13:15:00">
			<Value date="2016-02-12" time="09:15:00">0.828</Value>
			<Value date="2016-02-12" time="09:30:00">0.824</Value>
			<Value date="2016-02-12" time="09:45:00">0.825</Value>
			<Value date="2016-02-12" time="10:00:00">0.824</Value>
			<Value date="2016-02-12" time="10:15:00">0.827</Value>
			<Value date="2016-02-12" time="10:30:00">0.820</Value>
			<Value date="2016-02-12" time="10:45:00">0.823</Value>
			<Value date="2016-02-12" time="11:00:00">0.819</Value>
			<Value date="2016-02-12" time="11:15:00">0.823</Value>
			<Value date="2016-02-12" time="11:30:00">0.818</Value>
			<Value date="2016-02-12" time="11:45:00">0.823</Value>
			<Value date="2016-02-12" time="12:00:00">0.817</Value>
			<Value date="2016-02-12" time="12:15:00">0.819</Value>
			<Value date="2016-02-12" time="12:30:00">0.815</Value>
			<Value date="2016-02-12" time="12:45:00">0.819</Value>
			<Value date="2016-02-12" time="13:00:00">0.813</Value>
			<Value date="2016-02-12" time="13:15:00">0.817</Value>
		</SetofValues>
	</Station>
	<Station stationReference="761595" region="North West" stationName="Steamer Pier Pooley Bridge" ngr="NY4668024229">
		<SetofValues parameter="Water Level" qualifier="Stage" dataType="Instantaneous" period="15 min" units="m" startDate="2016-02-12" startTime="04:45:00" endDate="2016-02-12" endTime="13:15:00">
			<Value date="2016-02-12" time="04:45:00">1.978</Value>
			<Value date="2016-02-12" time="05:00:00">1.970</Value>
			<Value date="2016-02-12" time="05:15:00">1.971</Value>
			<Value date="2016-02-12" time="05:30:00">1.969</Value>
			<Value date="2016-02-12" time="05:45:00">1.971</Value>
			<Value date="2016-02-12" time="06:00:00">1.965</Value>
			<Value date="2016-02-12" time="06:15:00">1.966</Value>
			<Value date="2016-02-12" time="06:30:00">1.965</Value>
			<Value date="2016-02-12" time="06:45:00">1.965</Value>
			<Value date="2016-02-12" time="07:00:00">1.965</Value>
			<Value date="2016-02-12" time="07:15:00">1.965</Value>
			<Value date="2016-02-12" time="07:30:00">1.959</Value>
			<Value date="2016-02-12" time="07:45:00">1.959</Value>
			<Value date="2016-02-12" time="08:00:00">1.958</Value>
			<Value date="2016-02-12" time="08:15:00">1.958</Value>
			<Value date="2016-02-12" time="08:30:00">1.958</Value>
			<Value date="2016-02-12" time="08:45:00">1.958</Value>
			<Value date="2016-02-12" time="09:00:00">1.949</Value>
			<Value date="2016-02-12" time="09:15:00">1.953</Value>
			<Value date="2016-02-12" time="09:30:00">1.948</Value>
			<Value date="2016-02-12" time="09:45:00">1.950</Value>
			<Value date="2016-02-12" time="10:00:00">1.946</Value>
			<Value date="2016-02-12" time="10:15:00">1.949</Value>
			<Value date="2016-02-12" time="10:30:00">1.944</Value>
			<Value date="2016-02-12" time="10:45:00">1.947</Value>
			<Value date="2016-02-12" time="11:00:00">1.943</Value>
			<Value date="2016-02-12" time="11:15:00">1.941</Value>
			<Value date="2016-02-12" time="11:30:00">1.935</Value>
			<Value date="2016-02-12" time="11:45:00">1.941</Value>
			<Value date="2016-02-12" time="12:00:00">1.934</Value>
			<Value date="2016-02-12" time="12:15:00">1.940</Value>
			<Value date="2016-02-12" time="12:30:00">1.930</Value>
			<Value date="2016-02-12" time="12:45:00">1.939</Value>
			<Value date="2016-02-12" time="13:00:00">1.929</Value>
			<Value date="2016-02-12" time="13:15:00">1.938</Value>
		</SetofValues>
	</Station>
	<Station stationReference="761514" region="North West" stationName="Glenridding Pier" ngr="NY3902016920">
		<SetofValues parameter="Water Level" qualifier="Stage" dataType="Instantaneous" period="15 min" units="m" startDate="2016-02-12" startTime="04:45:00" endDate="2016-02-12" endTime="13:15:00">
			<Value date="2016-02-12" time="04:45:00">1.185</Value>
			<Value date="2016-02-12" time="05:00:00">1.183</Value>
			<Value date="2016-02-12" time="05:15:00">1.182</Value>
			<Value date="2016-02-12" time="05:30:00">1.180</Value>
			<Value date="2016-02-12" time="05:45:00">1.179</Value>
			<Value date="2016-02-12" time="06:00:00">1.180</Value>
			<Value date="2016-02-12" time="06:15:00">1.178</Value>
			<Value date="2016-02-12" time="06:30:00">1.177</Value>
			<Value date="2016-02-12" time="06:45:00">1.175</Value>
			<Value date="2016-02-12" time="07:00:00">1.175</Value>
			<Value date="2016-02-12" time="07:15:00">1.171</Value>
			<Value date="2016-02-12" time="07:30:00">1.171</Value>
			<Value date="2016-02-12" time="07:45:00">1.168</Value>
			<Value date="2016-02-12" time="08:00:00">1.169</Value>
			<Value date="2016-02-12" time="08:15:00">1.165</Value>
			<Value date="2016-02-12" time="08:30:00">1.166</Value>
			<Value date="2016-02-12" time="08:45:00">1.162</Value>
			<Value date="2016-02-12" time="09:00:00">1.163</Value>
			<Value date="2016-02-12" time="09:15:00">1.161</Value>
			<Value date="2016-02-12" time="09:30:00">1.163</Value>
			<Value date="2016-02-12" time="09:45:00">1.160</Value>
			<Value date="2016-02-12" time="10:00:00">1.162</Value>
			<Value date="2016-02-12" time="10:15:00">1.157</Value>
			<Value date="2016-02-12" time="10:30:00">1.159</Value>
			<Value date="2016-02-12" time="10:45:00">1.156</Value>
			<Value date="2016-02-12" time="11:00:00">1.156</Value>
			<Value date="2016-02-12" time="11:15:00">1.154</Value>
			<Value date="2016-02-12" time="11:30:00">1.152</Value>
			<Value date="2016-02-12" time="11:45:00">1.149</Value>
			<Value date="2016-02-12" time="12:00:00">1.147</Value>
			<Value date="2016-02-12" time="12:15:00">1.147</Value>
			<Value date="2016-02-12" time="12:30:00">1.147</Value>
			<Value date="2016-02-12" time="12:45:00">1.145</Value>
			<Value date="2016-02-12" time="13:00:00">1.145</Value>
			<Value date="2016-02-12" time="13:15:00">1.145</Value>
		</SetofValues>
	</Station>
	<Station stationReference="761260" region="North West" stationName="Bampton Grange" ngr="NY5201018079">
		<SetofValues parameter="Water Level" qualifier="Stage" dataType="Instantaneous" period="15 min" units="m" startDate="2016-02-12" startTime="04:45:00" endDate="2016-02-12" endTime="13:15:00">
			<Value date="2016-02-12" time="04:45:00">0.455</Value>
			<Value date="2016-02-12" time="05:00:00">0.455</Value>
			<Value date="2016-02-12" time="05:15:00">0.455</Value>
			<Value date="2016-02-12" time="05:30:00">0.455</Value>
			<Value date="2016-02-12" time="05:45:00">0.455</Value>
			<Value date="2016-02-12" time="06:00:00">0.454</Value>
			<Value date="2016-02-12" time="06:15:00">0.454</Value>
			<Value date="2016-02-12" time="06:30:00">0.453</Value>
			<Value date="2016-02-12" time="06:45:00">0.452</Value>
			<Value date="2016-02-12" time="07:00:00">0.452</Value>
			<Value date="2016-02-12" time="07:15:00">0.452</Value>
			<Value date="2016-02-12" time="07:30:00">0.452</Value>
			<Value date="2016-02-12" time="07:45:00">0.451</Value>
			<Value date="2016-02-12" time="08:00:00">0.451</Value>
			<Value date="2016-02-12" time="08:15:00">0.451</Value>
			<Value date="2016-02-12" time="08:30:00">0.450</Value>
			<Value date="2016-02-12" time="08:45:00">0.450</Value>
			<Value date="2016-02-12" time="09:00:00">0.449</Value>
			<Value date="2016-02-12" time="09:15:00">0.449</Value>
			<Value date="2016-02-12" time="09:30:00">0.449</Value>
			<Value date="2016-02-12" time="09:45:00">0.449</Value>
			<Value date="2016-02-12" time="10:00:00">0.448</Value>
			<Value date="2016-02-12" time="10:15:00">0.448</Value>
			<Value date="2016-02-12" time="10:30:00">0.448</Value>
			<Value date="2016-02-12" time="10:45:00">0.447</Value>
			<Value date="2016-02-12" time="11:00:00">0.447</Value>
			<Value date="2016-02-12" time="11:15:00">0.447</Value>
			<Value date="2016-02-12" time="11:30:00">0.447</Value>
			<Value date="2016-02-12" time="11:45:00">0.446</Value>
			<Value date="2016-02-12" time="12:00:00">0.447</Value>
			<Value date="2016-02-12" time="12:15:00">0.447</Value>
			<Value date="2016-02-12" time="12:30:00">0.445</Value>
			<Value date="2016-02-12" time="12:45:00">0.445</Value>
			<Value date="2016-02-12" time="13:00:00">0.445</Value>
			<Value date="2016-02-12" time="13:15:00">0.444</Value>
		</SetofValues>
	</Station>
	<Station stationReference="761104" region="North West" stationName="Eamont Bridge" ngr="NY5251128561">
		<SetofValues parameter="Water Level" qualifier="Stage" dataType="Instantaneous" period="15 min" units="m" startDate="2016-02-12" startTime="04:45:00" endDate="2016-02-12" endTime="13:15:00">
			<Value date="2016-02-12" time="04:45:00">0.627</Value>
			<Value date="2016-02-12" time="05:00:00">0.628</Value>
			<Value date="2016-02-12" time="05:15:00">0.627</Value>
			<Value date="2016-02-12" time="05:30:00">0.625</Value>
			<Value date="2016-02-12" time="05:45:00">0.626</Value>
			<Value date="2016-02-12" time="06:00:00">0.625</Value>
			<Value date="2016-02-12" time="06:15:00">0.625</Value>
			<Value date="2016-02-12" time="06:30:00">0.625</Value>
			<Value date="2016-02-12" time="06:45:00">0.625</Value>
			<Value date="2016-02-12" time="07:00:00">0.623</Value>
			<Value date="2016-02-12" time="07:15:00">0.622</Value>
			<Value date="2016-02-12" time="07:30:00">0.622</Value>
			<Value date="2016-02-12" time="07:45:00">0.622</Value>
			<Value date="2016-02-12" time="08:00:00">0.621</Value>
			<Value date="2016-02-12" time="08:15:00">0.621</Value>
			<Value date="2016-02-12" time="08:30:00">0.622</Value>
			<Value date="2016-02-12" time="08:45:00">0.621</Value>
			<Value date="2016-02-12" time="09:00:00">0.619</Value>
			<Value date="2016-02-12" time="09:15:00">0.619</Value>
			<Value date="2016-02-12" time="09:30:00">0.618</Value>
			<Value date="2016-02-12" time="09:45:00">0.617</Value>
			<Value date="2016-02-12" time="10:00:00">0.618</Value>
			<Value date="2016-02-12" time="10:15:00">0.618</Value>
			<Value date="2016-02-12" time="10:30:00">0.617</Value>
			<Value date="2016-02-12" time="10:45:00">0.617</Value>
			<Value date="2016-02-12" time="11:00:00">0.616</Value>
			<Value date="2016-02-12" time="11:15:00">0.616</Value>
			<Value date="2016-02-12" time="11:30:00">0.615</Value>
			<Value date="2016-02-12" time="11:45:00">0.615</Value>
			<Value date="2016-02-12" time="12:00:00">0.615</Value>
			<Value date="2016-02-12" time="12:15:00">0.615</Value>
			<Value date="2016-02-12" time="12:30:00">0.614</Value>
			<Value date="2016-02-12" time="12:45:00">0.612</Value>
			<Value date="2016-02-12" time="13:00:00">0.613</Value>
			<Value date="2016-02-12" time="13:15:00">0.614</Value>
		</SetofValues>
	</Station>
	<Station stationReference="761103" region="North West" stationName="Burnbanks" ngr="NY5075015920">
		<SetofValues parameter="Water Level" qualifier="Stage" dataType="Instantaneous" period="15 min" units="m" startDate="2016-02-12" startTime="09:15:00" endDate="2016-02-12" endTime="13:15:00">
			<Value date="2016-02-12" time="09:15:00">0.096</Value>
			<Value date="2016-02-12" time="09:30:00">0.096</Value>
			<Value date="2016-02-12" time="09:45:00">0.096</Value>
			<Value date="2016-02-12" time="10:00:00">0.096</Value>
			<Value date="2016-02-12" time="10:15:00">0.096</Value>
			<Value date="2016-02-12" time="10:30:00">0.096</Value>
			<Value date="2016-02-12" time="10:45:00">0.096</Value>
			<Value date="2016-02-12" time="11:00:00">0.095</Value>
			<Value date="2016-02-12" time="11:15:00">0.095</Value>
			<Value date="2016-02-12" time="11:30:00">0.095</Value>
			<Value date="2016-02-12" time="11:45:00">0.095</Value>
			<Value date="2016-02-12" time="12:00:00">0.095</Value>
			<Value date="2016-02-12" time="12:15:00">0.095</Value>
			<Value date="2016-02-12" time="12:30:00">0.095</Value>
			<Value date="2016-02-12" time="12:45:00">0.094</Value>
			<Value date="2016-02-12" time="13:00:00">0.095</Value>
			<Value date="2016-02-12" time="13:15:00">0.094</Value>
		</SetofValues>
	</Station>
	<Station stationReference="761102" region="North West" stationName="Haweswater Reservoir" ngr="NY5030715729">
		<SetofValues parameter="Water Level" qualifier="Stage" dataType="Instantaneous" period="15 min" units="m" startDate="2016-02-12" startTime="04:45:00" endDate="2016-02-12" endTime="13:15:00">
			<Value date="2016-02-12" time="04:45:00">31.343</Value>
			<Value date="2016-02-12" time="05:00:00">31.339</Value>
			<Value date="2016-02-12" time="05:15:00">31.337</Value>
			<Value date="2016-02-12" time="05:30:00">31.344</Value>
			<Value date="2016-02-12" time="05:45:00">31.334</Value>
			<Value date="2016-02-12" time="06:00:00">31.329</Value>
			<Value date="2016-02-12" time="06:15:00">31.334</Value>
			<Value date="2016-02-12" time="06:30:00">31.343</Value>
			<Value date="2016-02-12" time="06:45:00">31.328</Value>
			<Value date="2016-02-12" time="07:00:00">31.339</Value>
			<Value date="2016-02-12" time="07:15:00">31.339</Value>
			<Value date="2016-02-12" time="07:30:00">31.331</Value>
			<Value date="2016-02-12" time="07:45:00">31.341</Value>
			<Value date="2016-02-12" time="08:00:00">31.329</Value>
			<Value date="2016-02-12" time="08:15:00">31.340</Value>
			<Value date="2016-02-12" time="08:30:00">31.328</Value>
			<Value date="2016-02-12" time="08:45:00">31.332</Value>
			<Value date="2016-02-12" time="09:00:00">31.331</Value>
			<Value date="2016-02-12" time="09:15:00">31.314</Value>
			<Value date="2016-02-12" time="09:30:00">31.331</Value>
			<Value date="2016-02-12" time="09:45:00">31.324</Value>
			<Value date="2016-02-12" time="10:00:00">31.328</Value>
			<Value date="2016-02-12" time="10:15:00">31.320</Value>
			<Value date="2016-02-12" time="10:30:00">31.324</Value>
			<Value date="2016-02-12" time="10:45:00">31.314</Value>
			<Value date="2016-02-12" time="11:00:00">31.328</Value>
			<Value date="2016-02-12" time="11:15:00">31.328</Value>
			<Value date="2016-02-12" time="11:30:00">31.331</Value>
			<Value date="2016-02-12" time="11:45:00">31.320</Value>
			<Value date="2016-02-12" time="12:00:00">31.315</Value>
			<Value date="2016-02-12" time="12:15:00">31.310</Value>
			<Value date="2016-02-12" time="12:30:00">31.329</Value>
			<Value date="2016-02-12" time="12:45:00">31.320</Value>
			<Value date="2016-02-12" time="13:00:00">31.302</Value>
			<Value date="2016-02-12" time="13:15:00">31.324</Value>
		</SetofValues>
	</Station>
	<Station stationReference="760502" region="North West" stationName="Temple Sowerby" ngr="NY6045228312">
		<SetofValues parameter="Water Level" qualifier="Stage" dataType="Instantaneous" period="15 min" units="m" startDate="2016-02-12" startTime="04:45:00" endDate="2016-02-12" endTime="13:15:00">
			<Value date="2016-02-12" time="04:45:00">0.749</Value>
			<Value date="2016-02-12" time="05:00:00">0.749</Value>
			<Value date="2016-02-12" time="05:15:00">0.748</Value>
			<Value date="2016-02-12" time="05:30:00">0.747</Value>
			<Value date="2016-02-12" time="05:45:00">0.746</Value>
			<Value date="2016-02-12" time="06:00:00">0.745</Value>
			<Value date="2016-02-12" time="06:15:00">0.743</Value>
			<Value date="2016-02-12" time="06:30:00">0.743</Value>
			<Value date="2016-02-12" time="06:45:00">0.743</Value>
			<Value date="2016-02-12" time="07:00:00">0.741</Value>
			<Value date="2016-02-12" time="07:15:00">0.741</Value>
			<Value date="2016-02-12" time="07:30:00">0.740</Value>
			<Value date="2016-02-12" time="07:45:00">0.738</Value>
			<Value date="2016-02-12" time="08:00:00">0.738</Value>
			<Value date="2016-02-12" time="08:15:00">0.738</Value>
			<Value date="2016-02-12" time="08:30:00">0.736</Value>
			<Value date="2016-02-12" time="08:45:00">0.738</Value>
			<Value date="2016-02-12" time="09:00:00">0.735</Value>
			<Value date="2016-02-12" time="09:15:00">0.733</Value>
			<Value date="2016-02-12" time="09:30:00">0.734</Value>
			<Value date="2016-02-12" time="09:45:00">0.734</Value>
			<Value date="2016-02-12" time="10:00:00">0.730</Value>
			<Value date="2016-02-12" time="10:15:00">0.730</Value>
			<Value date="2016-02-12" time="10:30:00">0.731</Value>
			<Value date="2016-02-12" time="10:45:00">0.727</Value>
			<Value date="2016-02-12" time="11:00:00">0.729</Value>
			<Value date="2016-02-12" time="11:15:00">0.729</Value>
			<Value date="2016-02-12" time="11:30:00">0.729</Value>
			<Value date="2016-02-12" time="11:45:00">0.728</Value>
			<Value date="2016-02-12" time="12:00:00">0.727</Value>
			<Value date="2016-02-12" time="12:15:00">0.729</Value>
			<Value date="2016-02-12" time="12:30:00">0.728</Value>
			<Value date="2016-02-12" time="12:45:00">0.728</Value>
			<Value date="2016-02-12" time="13:00:00">0.727</Value>
			<Value date="2016-02-12" time="13:15:00">0.728</Value>
		</SetofValues>
	</Station>
	<Station stationReference="760115" region="North West" stationName="Appleby" ngr="NY6832020641">
		<SetofValues parameter="Water Level" qualifier="Stage" dataType="Instantaneous" period="15 min" units="m" startDate="2016-02-12" startTime="04:45:00" endDate="2016-02-12" endTime="13:15:00">
			<Value date="2016-02-12" time="04:45:00">0.385</Value>
			<Value date="2016-02-12" time="05:00:00">0.387</Value>
			<Value date="2016-02-12" time="05:15:00">0.385</Value>
			<Value date="2016-02-12" time="05:30:00">0.384</Value>
			<Value date="2016-02-12" time="05:45:00">0.384</Value>
			<Value date="2016-02-12" time="06:00:00">0.383</Value>
			<Value date="2016-02-12" time="06:15:00">0.382</Value>
			<Value date="2016-02-12" time="06:30:00">0.381</Value>
			<Value date="2016-02-12" time="06:45:00">0.381</Value>
			<Value date="2016-02-12" time="07:00:00">0.380</Value>
			<Value date="2016-02-12" time="07:15:00">0.379</Value>
			<Value date="2016-02-12" time="07:30:00">0.378</Value>
			<Value date="2016-02-12" time="07:45:00">0.377</Value>
			<Value date="2016-02-12" time="08:00:00">0.378</Value>
			<Value date="2016-02-12" time="08:15:00">0.376</Value>
			<Value date="2016-02-12" time="08:30:00">0.377</Value>
			<Value date="2016-02-12" time="08:45:00">0.377</Value>
			<Value date="2016-02-12" time="09:00:00">0.376</Value>
			<Value date="2016-02-12" time="09:15:00">0.377</Value>
			<Value date="2016-02-12" time="09:30:00">0.376</Value>
			<Value date="2016-02-12" time="09:45:00">0.376</Value>
			<Value date="2016-02-12" time="10:00:00">0.377</Value>
			<Value date="2016-02-12" time="10:15:00">0.375</Value>
			<Value date="2016-02-12" time="10:30:00">0.375</Value>
			<Value date="2016-02-12" time="10:45:00">0.375</Value>
			<Value date="2016-02-12" time="11:00:00">0.375</Value>
			<Value date="2016-02-12" time="11:15:00">0.376</Value>
			<Value date="2016-02-12" time="11:30:00">0.376</Value>
			<Value date="2016-02-12" time="11:45:00">0.376</Value>
			<Value date="2016-02-12" time="12:00:00">0.376</Value>
			<Value date="2016-02-12" time="12:15:00">0.375</Value>
			<Value date="2016-02-12" time="12:30:00">0.374</Value>
			<Value date="2016-02-12" time="12:45:00">0.375</Value>
			<Value date="2016-02-12" time="13:00:00">0.374</Value>
			<Value date="2016-02-12" time="13:15:00">0.372</Value>
		</SetofValues>
	</Station>
	<Station stationReference="760112" region="North West" stationName="Great Musgrave" ngr="NY765131">
		<SetofValues parameter="Water Level" qualifier="Stage" dataType="Instantaneous" period="15 min" units="m" startDate="2016-02-12" startTime="04:45:00" endDate="2016-02-12" endTime="13:15:00">
			<Value date="2016-02-12" time="04:45:00">0.364</Value>
			<Value date="2016-02-12" time="05:00:00">0.364</Value>
			<Value date="2016-02-12" time="05:15:00">0.363</Value>
			<Value date="2016-02-12" time="05:30:00">0.363</Value>
			<Value date="2016-02-12" time="05:45:00">0.364</Value>
			<Value date="2016-02-12" time="06:00:00">0.363</Value>
			<Value date="2016-02-12" time="06:15:00">0.360</Value>
			<Value date="2016-02-12" time="06:30:00">0.363</Value>
			<Value date="2016-02-12" time="06:45:00">0.362</Value>
			<Value date="2016-02-12" time="07:00:00">0.363</Value>
			<Value date="2016-02-12" time="07:15:00">0.363</Value>
			<Value date="2016-02-12" time="07:30:00">0.362</Value>
			<Value date="2016-02-12" time="07:45:00">0.363</Value>
			<Value date="2016-02-12" time="08:00:00">0.360</Value>
			<Value date="2016-02-12" time="08:15:00">0.361</Value>
			<Value date="2016-02-12" time="08:30:00">0.362</Value>
			<Value date="2016-02-12" time="08:45:00">0.362</Value>
			<Value date="2016-02-12" time="09:00:00">0.362</Value>
			<Value date="2016-02-12" time="09:15:00">0.362</Value>
			<Value date="2016-02-12" time="09:30:00">0.363</Value>
			<Value date="2016-02-12" time="09:45:00">0.360</Value>
			<Value date="2016-02-12" time="10:00:00">0.360</Value>
			<Value date="2016-02-12" time="10:15:00">0.358</Value>
			<Value date="2016-02-12" time="10:30:00">0.360</Value>
			<Value date="2016-02-12" time="10:45:00">0.359</Value>
			<Value date="2016-02-12" time="11:00:00">0.358</Value>
			<Value date="2016-02-12" time="11:15:00">0.361</Value>
			<Value date="2016-02-12" time="11:30:00">0.359</Value>
			<Value date="2016-02-12" time="11:45:00">0.356</Value>
			<Value date="2016-02-12" time="12:00:00">0.358</Value>
			<Value date="2016-02-12" time="12:15:00">0.360</Value>
			<Value date="2016-02-12" time="12:30:00">0.357</Value>
			<Value date="2016-02-12" time="12:45:00">0.358</Value>
			<Value date="2016-02-12" time="13:00:00">0.357</Value>
			<Value date="2016-02-12" time="13:15:00">0.356</Value>
		</SetofValues>
	</Station>
	<Station stationReference="760101" region="North West" stationName="Kirkby Stephen" ngr="NY7729909694">
		<SetofValues parameter="Water Level" qualifier="Stage" dataType="Instantaneous" period="15 min" units="m" startDate="2016-02-12" startTime="04:45:00" endDate="2016-02-12" endTime="13:15:00">
			<Value date="2016-02-12" time="04:45:00">0.347</Value>
			<Value date="2016-02-12" time="05:00:00">0.347</Value>
			<Value date="2016-02-12" time="05:15:00">0.346</Value>
			<Value date="2016-02-12" time="05:30:00">0.346</Value>
			<Value date="2016-02-12" time="05:45:00">0.346</Value>
			<Value date="2016-02-12" time="06:00:00">0.345</Value>
			<Value date="2016-02-12" time="06:15:00">0.344</Value>
			<Value date="2016-02-12" time="06:30:00">0.344</Value>
			<Value date="2016-02-12" time="06:45:00">0.344</Value>
			<Value date="2016-02-12" time="07:00:00">0.344</Value>
			<Value date="2016-02-12" time="07:15:00">0.344</Value>
			<Value date="2016-02-12" time="07:30:00">0.344</Value>
			<Value date="2016-02-12" time="07:45:00">0.344</Value>
			<Value date="2016-02-12" time="08:00:00">0.344</Value>
			<Value date="2016-02-12" time="08:15:00">0.344</Value>
			<Value date="2016-02-12" time="08:30:00">0.343</Value>
			<Value date="2016-02-12" time="08:45:00">0.342</Value>
			<Value date="2016-02-12" time="09:00:00">0.343</Value>
			<Value date="2016-02-12" time="09:15:00">0.341</Value>
			<Value date="2016-02-12" time="09:30:00">0.340</Value>
			<Value date="2016-02-12" time="09:45:00">0.340</Value>
			<Value date="2016-02-12" time="10:00:00">0.340</Value>
			<Value date="2016-02-12" time="10:15:00">0.339</Value>
			<Value date="2016-02-12" time="10:30:00">0.338</Value>
			<Value date="2016-02-12" time="10:45:00">0.338</Value>
			<Value date="2016-02-12" time="11:00:00">0.337</Value>
			<Value date="2016-02-12" time="11:15:00">0.336</Value>
			<Value date="2016-02-12" time="11:30:00">0.336</Value>
			<Value date="2016-02-12" time="11:45:00">0.334</Value>
			<Value date="2016-02-12" time="12:00:00">0.334</Value>
			<Value date="2016-02-12" time="12:15:00">0.334</Value>
			<Value date="2016-02-12" time="12:30:00">0.333</Value>
			<Value date="2016-02-12" time="12:45:00">0.332</Value>
			<Value date="2016-02-12" time="13:00:00">0.332</Value>
			<Value date="2016-02-12" time="13:15:00">0.331</Value>
		</SetofValues>
	</Station>
	<Station stationReference="601304" region="North West" stationName="Burnbanks" ngr="NY507159">
		<SetofValues parameter="Rainfall" qualifier="Tipping Bucket Raingauge" dataType="Total" period="15 min" units="mm" startDate="2016-02-12" startTime="09:15:00" endDate="2016-02-12" endTime="13:15:00">
			<Value date="2016-02-12" time="09:15:00">0.0</Value>
			<Value date="2016-02-12" time="09:30:00">0.0</Value>
			<Value date="2016-02-12" time="09:45:00">0.0</Value>
			<Value date="2016-02-12" time="10:00:00">0.0</Value>
			<Value date="2016-02-12" time="10:15:00">0.0</Value>
			<Value date="2016-02-12" time="10:30:00">0.0</Value>
			<Value date="2016-02-12" time="10:45:00">0.2</Value>
			<Value date="2016-02-12" time="11:00:00">0.0</Value>
			<Value date="2016-02-12" time="11:15:00">0.0</Value>
			<Value date="2016-02-12" time="11:30:00">0.0</Value>
			<Value date="2016-02-12" time="11:45:00">0.0</Value>
			<Value date="2016-02-12" time="12:00:00">0.0</Value>
			<Value date="2016-02-12" time="12:15:00">0.0</Value>
			<Value date="2016-02-12" time="12:30:00">0.0</Value>
			<Value date="2016-02-12" time="12:45:00">0.0</Value>
			<Value date="2016-02-12" time="13:00:00">0.0</Value>
			<Value date="2016-02-12" time="13:15:00">0.0</Value>
		</SetofValues>
	</Station>
	<Station stationReference="600986" region="North West" stationName="Wet Sleddale" ngr="NY552115">
		<SetofValues parameter="Rainfall" qualifier="Tipping Bucket Raingauge" dataType="Total" period="15 min" units="mm" startDate="2016-02-12" startTime="04:45:00" endDate="2016-02-12" endTime="13:15:00">
			<Value date="2016-02-12" time="04:45:00">0.0</Value>
			<Value date="2016-02-12" time="05:00:00">0.0</Value>
			<Value date="2016-02-12" time="05:15:00">0.0</Value>
			<Value date="2016-02-12" time="05:30:00">0.0</Value>
			<Value date="2016-02-12" time="05:45:00">0.0</Value>
			<Value date="2016-02-12" time="06:00:00">0.0</Value>
			<Value date="2016-02-12" time="06:15:00">0.0</Value>
			<Value date="2016-02-12" time="06:30:00">0.0</Value>
			<Value date="2016-02-12" time="06:45:00">0.0</Value>
			<Value date="2016-02-12" time="07:00:00">0.0</Value>
			<Value date="2016-02-12" time="07:15:00">0.0</Value>
			<Value date="2016-02-12" time="07:30:00">0.0</Value>
			<Value date="2016-02-12" time="07:45:00">0.0</Value>
			<Value date="2016-02-12" time="08:00:00">0.0</Value>
			<Value date="2016-02-12" time="08:15:00">0.0</Value>
			<Value date="2016-02-12" time="08:30:00">0.0</Value>
			<Value date="2016-02-12" time="08:45:00">0.0</Value>
			<Value date="2016-02-12" time="09:00:00">0.0</Value>
			<Value date="2016-02-12" time="09:15:00">0.0</Value>
			<Value date="2016-02-12" time="09:30:00">0.0</Value>
			<Value date="2016-02-12" time="09:45:00">0.0</Value>
			<Value date="2016-02-12" time="10:00:00">0.0</Value>
			<Value date="2016-02-12" time="10:15:00">0.0</Value>
			<Value date="2016-02-12" time="10:30:00">0.0</Value>
			<Value date="2016-02-12" time="10:45:00">0.0</Value>
			<Value date="2016-02-12" time="11:00:00">0.0</Value>
			<Value date="2016-02-12" time="11:15:00">0.0</Value>
			<Value date="2016-02-12" time="11:30:00">0.0</Value>
			<Value date="2016-02-12" time="11:45:00">0.0</Value>
			<Value date="2016-02-12" time="12:00:00">0.0</Value>
			<Value date="2016-02-12" time="12:15:00">0.0</Value>
			<Value date="2016-02-12" time="12:30:00">0.0</Value>
			<Value date="2016-02-12" time="12:45:00">0.0</Value>
			<Value date="2016-02-12" time="13:00:00">0.0</Value>
			<Value date="2016-02-12" time="13:15:00">0.0</Value>
		</SetofValues>
	</Station>
</EATimeSeriesDataExchangeFormat>
