<?xml version="1.0" standalone="yes"?>
<EATimeSeriesDataExchangeFormat xmlns="http://www.environment-agency.gov.uk/XMLSchemas/EATimeSeriesDataExchangeFormat" xmlns:md="http://www.environment-agency.gov.uk/XMLSchemas/EAMetadataFormat" xmlns:xsi="http://www.w3.org/2001/XMLSchema-instance" xsi:schemaLocation="http://www.environment-agency.gov.uk/XMLSchemas/EATimeSeriesDataExchangeFormat EATimeSeriesDataExchangeFormat.xsd">
	<md:Publisher>Environment Agency</md:Publisher>
	<md:Source>North West Regional Telemetry System</md:Source>
	<md:Description>Automated telemetry data export process</md:Description>
	<md:Creator>SCX 6</md:Creator>
	<md:Date>2016-02-12</md:Date>
	<md:Time>14:31:14</md:Time>
	<md:Identifier>NWRFHSCXAS1</md:Identifier>
	<Station stationReference="700306" region="North West" stationName="Wanes Blades Bridge" ngr="SD47621257">
		<SetofValues parameter="Water Level" qualifier="Stage" dataType="Instantaneous" period="15 min" units="m" startDate="2016-02-12" startTime="13:30:00" endDate="2016-02-12" endTime="14:30:00">
			<Value date="2016-02-12" time="13:30:00">0.591</Value>
			<Value date="2016-02-12" time="13:45:00">0.587</Value>
			<Value date="2016-02-12" time="14:00:00">0.595</Value>
			<Value date="2016-02-12" time="14:15:00">0.636</Value>
			<Value date="2016-02-12" time="14:30:00">0.708</Value>
		</SetofValues>
	</Station>
</EATimeSeriesDataExchangeFormat>
