<?xml version="1.0" standalone="yes"?>
<EATimeSeriesDataExchangeFormat xmlns="http://www.environment-agency.gov.uk/XMLSchemas/EATimeSeriesDataExchangeFormat" xmlns:md="http://www.environment-agency.gov.uk/XMLSchemas/EAMetadataFormat" xmlns:xsi="http://www.w3.org/2001/XMLSchema-instance" xsi:schemaLocation="http://www.environment-agency.gov.uk/XMLSchemas/EATimeSeriesDataExchangeFormat EATimeSeriesDataExchangeFormat.xsd">
	<md:Publisher>Environment Agency</md:Publisher>
	<md:Source>North West Regional Telemetry System</md:Source>
	<md:Description>Automated telemetry data export process</md:Description>
	<md:Creator>SCX 6</md:Creator>
	<md:Date>2016-02-12</md:Date>
	<md:Time>12:04:04</md:Time>
	<md:Identifier>NWRFHSCXAS1</md:Identifier>
	<Station stationReference="SJ37_032" region="North West" stationName="Inner Marsh BH" ngr="SJ3165372905">
		<SetofValues parameter="Water Level" qualifier="Groundwater" dataType="Instantaneous" period="1 h" units="m" startDate="2016-02-10" startTime="08:00:00" endDate="2016-02-11" endTime="07:00:00">
			<Value date="2016-02-10" time="08:00:00">0.561</Value>
			<Value date="2016-02-10" time="09:00:00">0.560</Value>
			<Value date="2016-02-10" time="10:00:00">0.559</Value>
			<Value date="2016-02-10" time="11:00:00">0.558</Value>
			<Value date="2016-02-10" time="12:00:00">0.557</Value>
			<Value date="2016-02-10" time="13:00:00">0.555</Value>
			<Value date="2016-02-10" time="14:00:00">0.554</Value>
			<Value date="2016-02-10" time="15:00:00">0.551</Value>
			<Value date="2016-02-10" time="16:00:00">0.550</Value>
			<Value date="2016-02-10" time="17:00:00">0.549</Value>
			<Value date="2016-02-10" time="18:00:00">0.548</Value>
			<Value date="2016-02-10" time="19:00:00">0.547</Value>
			<Value date="2016-02-10" time="20:00:00">0.545</Value>
			<Value date="2016-02-10" time="21:00:00">0.545</Value>
			<Value date="2016-02-10" time="22:00:00">0.543</Value>
			<Value date="2016-02-10" time="23:00:00">0.541</Value>
			<Value date="2016-02-11" time="00:00:00">0.539</Value>
			<Value date="2016-02-11" time="01:00:00">0.538</Value>
			<Value date="2016-02-11" time="02:00:00">0.537</Value>
			<Value date="2016-02-11" time="03:00:00">0.537</Value>
			<Value date="2016-02-11" time="04:00:00">0.537</Value>
			<Value date="2016-02-11" time="05:00:00">0.538</Value>
			<Value date="2016-02-11" time="06:00:00">0.539</Value>
			<Value date="2016-02-11" time="07:00:00">0.540</Value>
		</SetofValues>
	</Station>
</EATimeSeriesDataExchangeFormat>
