<?xml version="1.0" standalone="yes"?>
<EATimeSeriesDataExchangeFormat xmlns="http://www.environment-agency.gov.uk/XMLSchemas/EATimeSeriesDataExchangeFormat" xmlns:md="http://www.environment-agency.gov.uk/XMLSchemas/EAMetadataFormat" xmlns:xsi="http://www.w3.org/2001/XMLSchema-instance" xsi:schemaLocation="http://www.environment-agency.gov.uk/XMLSchemas/EATimeSeriesDataExchangeFormat EATimeSeriesDataExchangeFormat.xsd">
	<md:Publisher>Environment Agency</md:Publisher>
	<md:Source>North West Regional Telemetry System</md:Source>
	<md:Description>Automated telemetry data export process</md:Description>
	<md:Creator>SCX 6</md:Creator>
	<md:Date>2016-02-12</md:Date>
	<md:Time>15:03:58</md:Time>
	<md:Identifier>NWRFHSCXAS1</md:Identifier>
	<Station stationReference="755900" region="North West" stationName="Silloth Docks" ngr="NY10615353">
		<SetofValues parameter="Wind" qualifier="Direction" dataType="Mean" period="15 min" units="deg" startDate="2016-02-12" startTime="10:45:30" endDate="2016-02-12" endTime="11:15:30">
			<Value date="2016-02-12" time="10:45:30">84</Value>
			<Value date="2016-02-12" time="11:00:30">87</Value>
			<Value date="2016-02-12" time="11:15:30">87</Value>
		</SetofValues>
		<SetofValues parameter="Water Level" qualifier="Stage" dataType="Instantaneous" period="15 min" units="m" startDate="2016-02-12" startTime="10:45:00" endDate="2016-02-12" endTime="11:30:00">
			<Value date="2016-02-12" time="10:45:00">0.989</Value>
			<Value date="2016-02-12" time="11:00:00">1.478</Value>
			<Value date="2016-02-12" time="11:15:00">2.011</Value>
			<Value date="2016-02-12" time="11:30:00">2.592</Value>
		</SetofValues>
		<SetofValues parameter="Wind" qualifier="Speed" dataType="Mean" period="15 min" units="m/s" startDate="2016-02-12" startTime="10:45:30" endDate="2016-02-12" endTime="11:15:30">
			<Value date="2016-02-12" time="10:45:30">5.024</Value>
			<Value date="2016-02-12" time="11:00:30">5.856</Value>
			<Value date="2016-02-12" time="11:15:30">5.423</Value>
		</SetofValues>
	</Station>
	<Station stationReference="737537" region="North West" stationName="Low Nibthwaite" ngr="SD2945088210">
		<SetofValues parameter="Water Level" qualifier="Stage" dataType="Instantaneous" period="15 min" units="m" startDate="2016-02-12" startTime="04:45:00" endDate="2016-02-12" endTime="15:00:00">
			<Value date="2016-02-12" time="04:45:00">0.765</Value>
			<Value date="2016-02-12" time="05:00:00">0.770</Value>
			<Value date="2016-02-12" time="05:15:00">0.762</Value>
			<Value date="2016-02-12" time="05:30:00">0.764</Value>
			<Value date="2016-02-12" time="05:45:00">0.764</Value>
			<Value date="2016-02-12" time="06:00:00">0.763</Value>
			<Value date="2016-02-12" time="06:15:00">0.765</Value>
			<Value date="2016-02-12" time="06:30:00">0.764</Value>
			<Value date="2016-02-12" time="06:45:00">0.758</Value>
			<Value date="2016-02-12" time="07:00:00">0.763</Value>
			<Value date="2016-02-12" time="07:15:00">0.760</Value>
			<Value date="2016-02-12" time="07:30:00">0.760</Value>
			<Value date="2016-02-12" time="07:45:00">0.758</Value>
			<Value date="2016-02-12" time="08:00:00">0.760</Value>
			<Value date="2016-02-12" time="08:15:00">0.757</Value>
			<Value date="2016-02-12" time="08:30:00">0.761</Value>
			<Value date="2016-02-12" time="08:45:00">0.754</Value>
			<Value date="2016-02-12" time="09:00:00">0.753</Value>
			<Value date="2016-02-12" time="09:15:00">0.755</Value>
			<Value date="2016-02-12" time="09:30:00">0.755</Value>
			<Value date="2016-02-12" time="09:45:00">0.754</Value>
			<Value date="2016-02-12" time="10:00:00">0.750</Value>
			<Value date="2016-02-12" time="10:15:00">0.751</Value>
			<Value date="2016-02-12" time="10:30:00">0.753</Value>
			<Value date="2016-02-12" time="10:45:00">0.751</Value>
			<Value date="2016-02-12" time="11:00:00">0.751</Value>
			<Value date="2016-02-12" time="11:15:00">0.751</Value>
			<Value date="2016-02-12" time="11:30:00">0.750</Value>
			<Value date="2016-02-12" time="11:45:00">0.747</Value>
			<Value date="2016-02-12" time="12:00:00">0.750</Value>
			<Value date="2016-02-12" time="12:15:00">0.750</Value>
			<Value date="2016-02-12" time="12:30:00">0.749</Value>
			<Value date="2016-02-12" time="12:45:00">0.743</Value>
			<Value date="2016-02-12" time="13:00:00">0.747</Value>
			<Value date="2016-02-12" time="13:15:00">0.748</Value>
			<Value date="2016-02-12" time="13:30:00">0.743</Value>
			<Value date="2016-02-12" time="13:45:00">0.743</Value>
			<Value date="2016-02-12" time="14:00:00">0.738</Value>
			<Value date="2016-02-12" time="14:15:00">0.743</Value>
			<Value date="2016-02-12" time="14:30:00">0.736</Value>
			<Value date="2016-02-12" time="14:45:00">0.740</Value>
			<Value date="2016-02-12" time="15:00:00">0.741</Value>
		</SetofValues>
	</Station>
	<Station stationReference="735226" region="North West" stationName="Eel House Bridge" ngr="SD3695694055">
		<SetofValues parameter="Water Level" qualifier="Stage" dataType="Instantaneous" period="15 min" units="m" startDate="2016-02-12" startTime="14:45:00" endDate="2016-02-12" endTime="15:00:00">
			<Value date="2016-02-12" time="14:45:00">0.823</Value>
			<Value date="2016-02-12" time="15:00:00">0.822</Value>
		</SetofValues>
	</Station>
	<Station stationReference="735225" region="North West" stationName="Far Sawrey" ngr="SD3900095652">
		<SetofValues parameter="Water Level" qualifier="Stage" dataType="Instantaneous" period="15 min" units="m" startDate="2016-02-12" startTime="14:45:00" endDate="2016-02-12" endTime="15:00:00">
			<Value date="2016-02-12" time="14:45:00">0.822</Value>
			<Value date="2016-02-12" time="15:00:00">0.820</Value>
		</SetofValues>
	</Station>
	<Station stationReference="730404" region="North West" stationName="Mint Bridge" ngr="SD524944">
		<SetofValues parameter="Water Level" qualifier="Stage" dataType="Instantaneous" period="15 min" units="m" startDate="2016-02-12" startTime="07:30:00" endDate="2016-02-12" endTime="15:00:00">
			<Value date="2016-02-12" time="07:30:00">0.516</Value>
			<Value date="2016-02-12" time="07:45:00">0.515</Value>
			<Value date="2016-02-12" time="08:00:00">0.514</Value>
			<Value date="2016-02-12" time="08:15:00">0.514</Value>
			<Value date="2016-02-12" time="08:30:00">0.513</Value>
			<Value date="2016-02-12" time="08:45:00">0.513</Value>
			<Value date="2016-02-12" time="09:00:00">0.513</Value>
			<Value date="2016-02-12" time="09:15:00">0.511</Value>
			<Value date="2016-02-12" time="09:30:00">0.513</Value>
			<Value date="2016-02-12" time="09:45:00">0.513</Value>
			<Value date="2016-02-12" time="10:00:00">0.510</Value>
			<Value date="2016-02-12" time="10:15:00">0.508</Value>
			<Value date="2016-02-12" time="10:30:00">0.507</Value>
			<Value date="2016-02-12" time="10:45:00">0.507</Value>
			<Value date="2016-02-12" time="11:00:00">0.510</Value>
			<Value date="2016-02-12" time="11:15:00">0.509</Value>
			<Value date="2016-02-12" time="11:30:00">0.508</Value>
			<Value date="2016-02-12" time="11:45:00">0.506</Value>
			<Value date="2016-02-12" time="12:00:00">0.508</Value>
			<Value date="2016-02-12" time="12:15:00">0.507</Value>
			<Value date="2016-02-12" time="12:30:00">0.506</Value>
			<Value date="2016-02-12" time="12:45:00">0.505</Value>
			<Value date="2016-02-12" time="13:00:00">0.506</Value>
			<Value date="2016-02-12" time="13:15:00">0.506</Value>
			<Value date="2016-02-12" time="13:30:00">0.503</Value>
			<Value date="2016-02-12" time="13:45:00">0.502</Value>
			<Value date="2016-02-12" time="14:00:00">0.501</Value>
			<Value date="2016-02-12" time="14:15:00">0.503</Value>
			<Value date="2016-02-12" time="14:30:00">0.503</Value>
			<Value date="2016-02-12" time="14:45:00">0.501</Value>
			<Value date="2016-02-12" time="15:00:00">0.501</Value>
		</SetofValues>
	</Station>
	<Station stationReference="730203" region="North West" stationName="Sprint Mill" ngr="SD514961">
		<SetofValues parameter="Water Level" qualifier="Stage" dataType="Instantaneous" period="15 min" units="m" startDate="2016-02-12" startTime="07:30:00" endDate="2016-02-12" endTime="15:00:00">
			<Value date="2016-02-12" time="07:30:00">0.309</Value>
			<Value date="2016-02-12" time="07:45:00">0.309</Value>
			<Value date="2016-02-12" time="08:00:00">0.309</Value>
			<Value date="2016-02-12" time="08:15:00">0.309</Value>
			<Value date="2016-02-12" time="08:30:00">0.307</Value>
			<Value date="2016-02-12" time="08:45:00">0.308</Value>
			<Value date="2016-02-12" time="09:00:00">0.307</Value>
			<Value date="2016-02-12" time="09:15:00">0.308</Value>
			<Value date="2016-02-12" time="09:30:00">0.307</Value>
			<Value date="2016-02-12" time="09:45:00">0.307</Value>
			<Value date="2016-02-12" time="10:00:00">0.306</Value>
			<Value date="2016-02-12" time="10:15:00">0.305</Value>
			<Value date="2016-02-12" time="10:30:00">0.306</Value>
			<Value date="2016-02-12" time="10:45:00">0.306</Value>
			<Value date="2016-02-12" time="11:00:00">0.305</Value>
			<Value date="2016-02-12" time="11:15:00">0.305</Value>
			<Value date="2016-02-12" time="11:30:00">0.303</Value>
			<Value date="2016-02-12" time="11:45:00">0.302</Value>
			<Value date="2016-02-12" time="12:00:00">0.303</Value>
			<Value date="2016-02-12" time="12:15:00">0.303</Value>
			<Value date="2016-02-12" time="12:30:00">0.303</Value>
			<Value date="2016-02-12" time="12:45:00">0.302</Value>
			<Value date="2016-02-12" time="13:00:00">0.302</Value>
			<Value date="2016-02-12" time="13:15:00">0.301</Value>
			<Value date="2016-02-12" time="13:30:00">0.302</Value>
			<Value date="2016-02-12" time="13:45:00">0.301</Value>
			<Value date="2016-02-12" time="14:00:00">0.300</Value>
			<Value date="2016-02-12" time="14:15:00">0.301</Value>
			<Value date="2016-02-12" time="14:30:00">0.300</Value>
			<Value date="2016-02-12" time="14:45:00">0.299</Value>
			<Value date="2016-02-12" time="15:00:00">0.299</Value>
		</SetofValues>
	</Station>
	<Station stationReference="730120" region="North West" stationName="Bowston" ngr="SD4993596525">
		<SetofValues parameter="Water Level" qualifier="Stage" dataType="Instantaneous" period="15 min" units="m" startDate="2016-02-12" startTime="07:30:00" endDate="2016-02-12" endTime="15:00:00">
			<Value date="2016-02-12" time="07:30:00">0.330</Value>
			<Value date="2016-02-12" time="07:45:00">0.330</Value>
			<Value date="2016-02-12" time="08:00:00">0.329</Value>
			<Value date="2016-02-12" time="08:15:00">0.329</Value>
			<Value date="2016-02-12" time="08:30:00">0.327</Value>
			<Value date="2016-02-12" time="08:45:00">0.329</Value>
			<Value date="2016-02-12" time="09:00:00">0.328</Value>
			<Value date="2016-02-12" time="09:15:00">0.329</Value>
			<Value date="2016-02-12" time="09:30:00">0.326</Value>
			<Value date="2016-02-12" time="09:45:00">0.326</Value>
			<Value date="2016-02-12" time="10:00:00">0.326</Value>
			<Value date="2016-02-12" time="10:15:00">0.326</Value>
			<Value date="2016-02-12" time="10:30:00">0.324</Value>
			<Value date="2016-02-12" time="10:45:00">0.325</Value>
			<Value date="2016-02-12" time="11:00:00">0.324</Value>
			<Value date="2016-02-12" time="11:15:00">0.323</Value>
			<Value date="2016-02-12" time="11:30:00">0.323</Value>
			<Value date="2016-02-12" time="11:45:00">0.323</Value>
			<Value date="2016-02-12" time="12:00:00">0.323</Value>
			<Value date="2016-02-12" time="12:15:00">0.322</Value>
			<Value date="2016-02-12" time="12:30:00">0.322</Value>
			<Value date="2016-02-12" time="12:45:00">0.322</Value>
			<Value date="2016-02-12" time="13:00:00">0.321</Value>
			<Value date="2016-02-12" time="13:15:00">0.320</Value>
			<Value date="2016-02-12" time="13:30:00">0.321</Value>
			<Value date="2016-02-12" time="13:45:00">0.320</Value>
			<Value date="2016-02-12" time="14:00:00">0.320</Value>
			<Value date="2016-02-12" time="14:15:00">0.319</Value>
			<Value date="2016-02-12" time="14:30:00">0.319</Value>
			<Value date="2016-02-12" time="14:45:00">0.319</Value>
			<Value date="2016-02-12" time="15:00:00">0.318</Value>
		</SetofValues>
	</Station>
	<Station stationReference="694670" region="North West" stationName="Gladstone Dock Liverpool" ngr="SD325953">
		<SetofValues parameter="Water Level" qualifier="Stage" dataType="Instantaneous" period="15 min" units="m" startDate="2016-02-12" startTime="04:45:00" endDate="2016-02-12" endTime="13:15:00">
			<Value date="2016-02-12" time="04:45:00">4.998</Value>
			<Value date="2016-02-12" time="05:00:00">4.572</Value>
			<Value date="2016-02-12" time="05:15:00">4.174</Value>
			<Value date="2016-02-12" time="05:30:00">3.782</Value>
			<Value date="2016-02-12" time="05:45:00">3.413</Value>
			<Value date="2016-02-12" time="06:00:00">3.069</Value>
			<Value date="2016-02-12" time="06:15:00">2.749</Value>
			<Value date="2016-02-12" time="06:30:00">2.455</Value>
			<Value date="2016-02-12" time="06:45:00">2.156</Value>
			<Value date="2016-02-12" time="07:00:00">1.881</Value>
			<Value date="2016-02-12" time="07:15:00">1.626</Value>
			<Value date="2016-02-12" time="07:30:00">1.436</Value>
			<Value date="2016-02-12" time="07:45:00">1.266</Value>
			<Value date="2016-02-12" time="08:00:00">1.160</Value>
			<Value date="2016-02-12" time="08:15:00">1.131</Value>
			<Value date="2016-02-12" time="08:30:00">1.164</Value>
			<Value date="2016-02-12" time="08:45:00">1.288</Value>
			<Value date="2016-02-12" time="09:00:00">1.524</Value>
			<Value date="2016-02-12" time="09:15:00">1.867</Value>
			<Value date="2016-02-12" time="09:30:00">2.343</Value>
			<Value date="2016-02-12" time="09:45:00">2.942</Value>
			<Value date="2016-02-12" time="10:00:00">3.644</Value>
			<Value date="2016-02-12" time="10:15:00">4.365</Value>
			<Value date="2016-02-12" time="10:30:00">5.072</Value>
			<Value date="2016-02-12" time="10:45:00">5.807</Value>
			<Value date="2016-02-12" time="11:00:00">6.493</Value>
			<Value date="2016-02-12" time="11:15:00">7.111</Value>
			<Value date="2016-02-12" time="11:30:00">7.684</Value>
			<Value date="2016-02-12" time="11:45:00">8.204</Value>
			<Value date="2016-02-12" time="12:00:00">8.637</Value>
			<Value date="2016-02-12" time="12:15:00">8.998</Value>
			<Value date="2016-02-12" time="12:30:00">9.319</Value>
			<Value date="2016-02-12" time="12:45:00">9.592</Value>
			<Value date="2016-02-12" time="13:00:00">9.826</Value>
			<Value date="2016-02-12" time="13:15:00">10.051</Value>
		</SetofValues>
		<SetofValues parameter="Wind" qualifier="Direction" dataType="Mean" period="15 min" units="deg" startDate="2016-02-12" startTime="04:45:30" endDate="2016-02-12" endTime="13:00:30">
			<Value date="2016-02-12" time="04:45:30">56</Value>
			<Value date="2016-02-12" time="05:00:30">66</Value>
			<Value date="2016-02-12" time="05:15:30">76</Value>
			<Value date="2016-02-12" time="05:30:30">82</Value>
			<Value date="2016-02-12" time="05:45:30">78</Value>
			<Value date="2016-02-12" time="06:00:30">80</Value>
			<Value date="2016-02-12" time="06:15:30">80</Value>
			<Value date="2016-02-12" time="06:30:30">71</Value>
			<Value date="2016-02-12" time="06:45:30">78</Value>
			<Value date="2016-02-12" time="07:00:30">74</Value>
			<Value date="2016-02-12" time="07:15:30">73</Value>
			<Value date="2016-02-12" time="07:30:30">72</Value>
			<Value date="2016-02-12" time="07:45:30">78</Value>
			<Value date="2016-02-12" time="08:00:30">75</Value>
			<Value date="2016-02-12" time="08:15:30">70</Value>
			<Value date="2016-02-12" time="08:30:30">72</Value>
			<Value date="2016-02-12" time="08:45:30">45</Value>
			<Value date="2016-02-12" time="09:00:30">45</Value>
			<Value date="2016-02-12" time="09:15:30">48</Value>
			<Value date="2016-02-12" time="09:30:30">58</Value>
			<Value date="2016-02-12" time="09:45:30">47</Value>
			<Value date="2016-02-12" time="10:00:30">44</Value>
			<Value date="2016-02-12" time="10:15:30">45</Value>
			<Value date="2016-02-12" time="10:30:30">60</Value>
			<Value date="2016-02-12" time="10:45:30">77</Value>
			<Value date="2016-02-12" time="11:00:30">68</Value>
			<Value date="2016-02-12" time="11:15:30">78</Value>
			<Value date="2016-02-12" time="11:30:30">86</Value>
			<Value date="2016-02-12" time="11:45:30">83</Value>
			<Value date="2016-02-12" time="12:00:30">80</Value>
			<Value date="2016-02-12" time="12:15:30">78</Value>
			<Value date="2016-02-12" time="12:30:30">57</Value>
			<Value date="2016-02-12" time="12:45:30">59</Value>
			<Value date="2016-02-12" time="13:00:30">66</Value>
		</SetofValues>
		<SetofValues parameter="Wind" qualifier="Speed" dataType="Mean" period="15 min" units="m/s" startDate="2016-02-12" startTime="04:45:30" endDate="2016-02-12" endTime="13:00:30">
			<Value date="2016-02-12" time="04:45:30">2.391</Value>
			<Value date="2016-02-12" time="05:00:30">2.538</Value>
			<Value date="2016-02-12" time="05:15:30">2.660</Value>
			<Value date="2016-02-12" time="05:30:30">2.761</Value>
			<Value date="2016-02-12" time="05:45:30">2.881</Value>
			<Value date="2016-02-12" time="06:00:30">2.598</Value>
			<Value date="2016-02-12" time="06:15:30">2.926</Value>
			<Value date="2016-02-12" time="06:30:30">2.717</Value>
			<Value date="2016-02-12" time="06:45:30">2.164</Value>
			<Value date="2016-02-12" time="07:00:30">2.030</Value>
			<Value date="2016-02-12" time="07:15:30">1.950</Value>
			<Value date="2016-02-12" time="07:30:30">1.990</Value>
			<Value date="2016-02-12" time="07:45:30">2.589</Value>
			<Value date="2016-02-12" time="08:00:30">2.240</Value>
			<Value date="2016-02-12" time="08:15:30">2.317</Value>
			<Value date="2016-02-12" time="08:30:30">2.543</Value>
			<Value date="2016-02-12" time="08:45:30">1.992</Value>
			<Value date="2016-02-12" time="09:00:30">2.373</Value>
			<Value date="2016-02-12" time="09:15:30">1.906</Value>
			<Value date="2016-02-12" time="09:30:30">1.676</Value>
			<Value date="2016-02-12" time="09:45:30">1.558</Value>
			<Value date="2016-02-12" time="10:00:30">1.370</Value>
			<Value date="2016-02-12" time="10:15:30">2.185</Value>
			<Value date="2016-02-12" time="10:30:30">2.661</Value>
			<Value date="2016-02-12" time="10:45:30">3.139</Value>
			<Value date="2016-02-12" time="11:00:30">2.880</Value>
			<Value date="2016-02-12" time="11:15:30">4.214</Value>
			<Value date="2016-02-12" time="11:30:30">3.527</Value>
			<Value date="2016-02-12" time="11:45:30">3.770</Value>
			<Value date="2016-02-12" time="12:00:30">3.596</Value>
			<Value date="2016-02-12" time="12:15:30">2.849</Value>
			<Value date="2016-02-12" time="12:30:30">3.246</Value>
			<Value date="2016-02-12" time="12:45:30">3.578</Value>
			<Value date="2016-02-12" time="13:00:30">3.326</Value>
		</SetofValues>
	</Station>
	<Station stationReference="613467" region="North West" stationName="Longtown CAD" ngr="NY3613968396">
		<SetofValues parameter="Rainfall" qualifier="Tipping Bucket Raingauge" dataType="Total" period="15 min" units="mm" startDate="2016-02-12" startTime="04:45:00" endDate="2016-02-12" endTime="15:00:00">
			<Value date="2016-02-12" time="04:45:00">0.0</Value>
			<Value date="2016-02-12" time="05:00:00">0.0</Value>
			<Value date="2016-02-12" time="05:15:00">0.0</Value>
			<Value date="2016-02-12" time="05:30:00">0.0</Value>
			<Value date="2016-02-12" time="05:45:00">0.0</Value>
			<Value date="2016-02-12" time="06:00:00">0.0</Value>
			<Value date="2016-02-12" time="06:15:00">0.0</Value>
			<Value date="2016-02-12" time="06:30:00">0.0</Value>
			<Value date="2016-02-12" time="06:45:00">0.0</Value>
			<Value date="2016-02-12" time="07:00:00">0.0</Value>
			<Value date="2016-02-12" time="07:15:00">0.0</Value>
			<Value date="2016-02-12" time="07:30:00">0.0</Value>
			<Value date="2016-02-12" time="07:45:00">0.0</Value>
			<Value date="2016-02-12" time="08:00:00">0.0</Value>
			<Value date="2016-02-12" time="08:15:00">0.0</Value>
			<Value date="2016-02-12" time="08:30:00">0.0</Value>
			<Value date="2016-02-12" time="08:45:00">0.0</Value>
			<Value date="2016-02-12" time="09:00:00">0.0</Value>
			<Value date="2016-02-12" time="09:15:00">0.0</Value>
			<Value date="2016-02-12" time="09:30:00">0.0</Value>
			<Value date="2016-02-12" time="09:45:00">0.0</Value>
			<Value date="2016-02-12" time="10:00:00">0.0</Value>
			<Value date="2016-02-12" time="10:15:00">0.0</Value>
			<Value date="2016-02-12" time="10:30:00">0.0</Value>
			<Value date="2016-02-12" time="10:45:00">0.0</Value>
			<Value date="2016-02-12" time="11:00:00">0.0</Value>
			<Value date="2016-02-12" time="11:15:00">0.0</Value>
			<Value date="2016-02-12" time="11:30:00">0.0</Value>
			<Value date="2016-02-12" time="11:45:00">0.0</Value>
			<Value date="2016-02-12" time="12:00:00">0.0</Value>
			<Value date="2016-02-12" time="12:15:00">0.0</Value>
			<Value date="2016-02-12" time="12:30:00">0.0</Value>
			<Value date="2016-02-12" time="12:45:00">0.0</Value>
			<Value date="2016-02-12" time="13:00:00">0.0</Value>
			<Value date="2016-02-12" time="13:15:00">0.0</Value>
			<Value date="2016-02-12" time="13:30:00">0.0</Value>
			<Value date="2016-02-12" time="13:45:00">0.0</Value>
			<Value date="2016-02-12" time="14:00:00">0.0</Value>
			<Value date="2016-02-12" time="14:15:00">0.0</Value>
			<Value date="2016-02-12" time="14:30:00">0.0</Value>
			<Value date="2016-02-12" time="14:45:00">0.0</Value>
			<Value date="2016-02-12" time="15:00:00">0.0</Value>
		</SetofValues>
	</Station>
	<Station stationReference="606299" region="North West" stationName="Willowholme" ngr="NY389565">
		<SetofValues parameter="Rainfall" qualifier="Tipping Bucket Raingauge" dataType="Total" period="15 min" units="mm" startDate="2016-02-12" startTime="04:45:00" endDate="2016-02-12" endTime="15:00:00">
			<Value date="2016-02-12" time="04:45:00">0.0</Value>
			<Value date="2016-02-12" time="05:00:00">0.0</Value>
			<Value date="2016-02-12" time="05:15:00">0.0</Value>
			<Value date="2016-02-12" time="05:30:00">0.0</Value>
			<Value date="2016-02-12" time="05:45:00">0.0</Value>
			<Value date="2016-02-12" time="06:00:00">0.0</Value>
			<Value date="2016-02-12" time="06:15:00">0.0</Value>
			<Value date="2016-02-12" time="06:30:00">0.0</Value>
			<Value date="2016-02-12" time="06:45:00">0.0</Value>
			<Value date="2016-02-12" time="07:00:00">0.0</Value>
			<Value date="2016-02-12" time="07:15:00">0.0</Value>
			<Value date="2016-02-12" time="07:30:00">0.0</Value>
			<Value date="2016-02-12" time="07:45:00">0.0</Value>
			<Value date="2016-02-12" time="08:00:00">0.0</Value>
			<Value date="2016-02-12" time="08:15:00">0.0</Value>
			<Value date="2016-02-12" time="08:30:00">0.0</Value>
			<Value date="2016-02-12" time="08:45:00">0.0</Value>
			<Value date="2016-02-12" time="09:00:00">0.0</Value>
			<Value date="2016-02-12" time="09:15:00">0.0</Value>
			<Value date="2016-02-12" time="09:30:00">0.0</Value>
			<Value date="2016-02-12" time="09:45:00">0.0</Value>
			<Value date="2016-02-12" time="10:00:00">0.0</Value>
			<Value date="2016-02-12" time="10:15:00">0.0</Value>
			<Value date="2016-02-12" time="10:30:00">0.0</Value>
			<Value date="2016-02-12" time="10:45:00">0.0</Value>
			<Value date="2016-02-12" time="11:00:00">0.0</Value>
			<Value date="2016-02-12" time="11:15:00">0.0</Value>
			<Value date="2016-02-12" time="11:30:00">0.0</Value>
			<Value date="2016-02-12" time="11:45:00">0.0</Value>
			<Value date="2016-02-12" time="12:00:00">0.0</Value>
			<Value date="2016-02-12" time="12:15:00">0.0</Value>
			<Value date="2016-02-12" time="12:30:00">0.0</Value>
			<Value date="2016-02-12" time="12:45:00">0.0</Value>
			<Value date="2016-02-12" time="13:00:00">0.0</Value>
			<Value date="2016-02-12" time="13:15:00">0.0</Value>
			<Value date="2016-02-12" time="13:30:00">0.0</Value>
			<Value date="2016-02-12" time="13:45:00">0.0</Value>
			<Value date="2016-02-12" time="14:00:00">0.0</Value>
			<Value date="2016-02-12" time="14:15:00">0.0</Value>
			<Value date="2016-02-12" time="14:30:00">0.0</Value>
			<Value date="2016-02-12" time="14:45:00">0.0</Value>
			<Value date="2016-02-12" time="15:00:00">0.0</Value>
		</SetofValues>
	</Station>
	<Station stationReference="605936" region="North West" stationName="Skelton" ngr="NY436361">
		<SetofValues parameter="Rainfall" qualifier="Tipping Bucket Raingauge" dataType="Total" period="15 min" units="mm" startDate="2016-02-12" startTime="04:45:00" endDate="2016-02-12" endTime="15:00:00">
			<Value date="2016-02-12" time="04:45:00">0.0</Value>
			<Value date="2016-02-12" time="05:00:00">0.0</Value>
			<Value date="2016-02-12" time="05:15:00">0.0</Value>
			<Value date="2016-02-12" time="05:30:00">0.0</Value>
			<Value date="2016-02-12" time="05:45:00">0.0</Value>
			<Value date="2016-02-12" time="06:00:00">0.0</Value>
			<Value date="2016-02-12" time="06:15:00">0.0</Value>
			<Value date="2016-02-12" time="06:30:00">0.0</Value>
			<Value date="2016-02-12" time="06:45:00">0.0</Value>
			<Value date="2016-02-12" time="07:00:00">0.0</Value>
			<Value date="2016-02-12" time="07:15:00">0.0</Value>
			<Value date="2016-02-12" time="07:30:00">0.0</Value>
			<Value date="2016-02-12" time="07:45:00">0.0</Value>
			<Value date="2016-02-12" time="08:00:00">0.0</Value>
			<Value date="2016-02-12" time="08:15:00">0.0</Value>
			<Value date="2016-02-12" time="08:30:00">0.0</Value>
			<Value date="2016-02-12" time="08:45:00">0.0</Value>
			<Value date="2016-02-12" time="09:00:00">0.0</Value>
			<Value date="2016-02-12" time="09:15:00">0.0</Value>
			<Value date="2016-02-12" time="09:30:00">0.0</Value>
			<Value date="2016-02-12" time="09:45:00">0.0</Value>
			<Value date="2016-02-12" time="10:00:00">0.0</Value>
			<Value date="2016-02-12" time="10:15:00">0.0</Value>
			<Value date="2016-02-12" time="10:30:00">0.0</Value>
			<Value date="2016-02-12" time="10:45:00">0.0</Value>
			<Value date="2016-02-12" time="11:00:00">0.0</Value>
			<Value date="2016-02-12" time="11:15:00">0.0</Value>
			<Value date="2016-02-12" time="11:30:00">0.0</Value>
			<Value date="2016-02-12" time="11:45:00">0.0</Value>
			<Value date="2016-02-12" time="12:00:00">0.0</Value>
			<Value date="2016-02-12" time="12:15:00">0.0</Value>
			<Value date="2016-02-12" time="12:30:00">0.0</Value>
			<Value date="2016-02-12" time="12:45:00">0.0</Value>
			<Value date="2016-02-12" time="13:00:00">0.0</Value>
			<Value date="2016-02-12" time="13:15:00">0.0</Value>
			<Value date="2016-02-12" time="13:30:00">0.0</Value>
			<Value date="2016-02-12" time="13:45:00">0.0</Value>
			<Value date="2016-02-12" time="14:00:00">0.0</Value>
			<Value date="2016-02-12" time="14:15:00">0.0</Value>
			<Value date="2016-02-12" time="14:30:00">0.0</Value>
			<Value date="2016-02-12" time="14:45:00">0.0</Value>
			<Value date="2016-02-12" time="15:00:00">0.0</Value>
		</SetofValues>
	</Station>
	<Station stationReference="605382" region="North West" stationName="Mosedale" ngr="NY357322">
		<SetofValues parameter="Rainfall" qualifier="Tipping Bucket Raingauge" dataType="Total" period="15 min" units="mm" startDate="2016-02-12" startTime="04:45:00" endDate="2016-02-12" endTime="15:00:00">
			<Value date="2016-02-12" time="04:45:00">0.0</Value>
			<Value date="2016-02-12" time="05:00:00">0.0</Value>
			<Value date="2016-02-12" time="05:15:00">0.0</Value>
			<Value date="2016-02-12" time="05:30:00">0.0</Value>
			<Value date="2016-02-12" time="05:45:00">0.0</Value>
			<Value date="2016-02-12" time="06:00:00">0.0</Value>
			<Value date="2016-02-12" time="06:15:00">0.0</Value>
			<Value date="2016-02-12" time="06:30:00">0.0</Value>
			<Value date="2016-02-12" time="06:45:00">0.0</Value>
			<Value date="2016-02-12" time="07:00:00">0.0</Value>
			<Value date="2016-02-12" time="07:15:00">0.0</Value>
			<Value date="2016-02-12" time="07:30:00">0.0</Value>
			<Value date="2016-02-12" time="07:45:00">0.0</Value>
			<Value date="2016-02-12" time="08:00:00">0.0</Value>
			<Value date="2016-02-12" time="08:15:00">0.0</Value>
			<Value date="2016-02-12" time="08:30:00">0.0</Value>
			<Value date="2016-02-12" time="08:45:00">0.0</Value>
			<Value date="2016-02-12" time="09:00:00">0.0</Value>
			<Value date="2016-02-12" time="09:15:00">0.0</Value>
			<Value date="2016-02-12" time="09:30:00">0.0</Value>
			<Value date="2016-02-12" time="09:45:00">0.0</Value>
			<Value date="2016-02-12" time="10:00:00">0.0</Value>
			<Value date="2016-02-12" time="10:15:00">0.0</Value>
			<Value date="2016-02-12" time="10:30:00">0.0</Value>
			<Value date="2016-02-12" time="10:45:00">0.0</Value>
			<Value date="2016-02-12" time="11:00:00">0.0</Value>
			<Value date="2016-02-12" time="11:15:00">0.0</Value>
			<Value date="2016-02-12" time="11:30:00">0.0</Value>
			<Value date="2016-02-12" time="11:45:00">0.0</Value>
			<Value date="2016-02-12" time="12:00:00">0.0</Value>
			<Value date="2016-02-12" time="12:15:00">0.0</Value>
			<Value date="2016-02-12" time="12:30:00">0.0</Value>
			<Value date="2016-02-12" time="12:45:00">0.0</Value>
			<Value date="2016-02-12" time="13:00:00">0.0</Value>
			<Value date="2016-02-12" time="13:15:00">0.0</Value>
			<Value date="2016-02-12" time="13:30:00">0.0</Value>
			<Value date="2016-02-12" time="13:45:00">0.0</Value>
			<Value date="2016-02-12" time="14:00:00">0.0</Value>
			<Value date="2016-02-12" time="14:15:00">0.0</Value>
			<Value date="2016-02-12" time="14:30:00">0.0</Value>
			<Value date="2016-02-12" time="14:45:00">0.0</Value>
			<Value date="2016-02-12" time="15:00:00">0.0</Value>
		</SetofValues>
	</Station>
	<Station stationReference="604040" region="North West" stationName="Geltsdale" ngr="NY575537">
		<SetofValues parameter="Rainfall" qualifier="Tipping Bucket Raingauge" dataType="Total" period="15 min" units="mm" startDate="2016-02-12" startTime="04:45:00" endDate="2016-02-12" endTime="15:00:00">
			<Value date="2016-02-12" time="04:45:00">0.0</Value>
			<Value date="2016-02-12" time="05:00:00">0.0</Value>
			<Value date="2016-02-12" time="05:15:00">0.0</Value>
			<Value date="2016-02-12" time="05:30:00">0.0</Value>
			<Value date="2016-02-12" time="05:45:00">0.0</Value>
			<Value date="2016-02-12" time="06:00:00">0.0</Value>
			<Value date="2016-02-12" time="06:15:00">0.0</Value>
			<Value date="2016-02-12" time="06:30:00">0.0</Value>
			<Value date="2016-02-12" time="06:45:00">0.0</Value>
			<Value date="2016-02-12" time="07:00:00">0.0</Value>
			<Value date="2016-02-12" time="07:15:00">0.0</Value>
			<Value date="2016-02-12" time="07:30:00">0.0</Value>
			<Value date="2016-02-12" time="07:45:00">0.0</Value>
			<Value date="2016-02-12" time="08:00:00">0.0</Value>
			<Value date="2016-02-12" time="08:15:00">0.0</Value>
			<Value date="2016-02-12" time="08:30:00">0.0</Value>
			<Value date="2016-02-12" time="08:45:00">0.0</Value>
			<Value date="2016-02-12" time="09:00:00">0.0</Value>
			<Value date="2016-02-12" time="09:15:00">0.0</Value>
			<Value date="2016-02-12" time="09:30:00">0.0</Value>
			<Value date="2016-02-12" time="09:45:00">0.0</Value>
			<Value date="2016-02-12" time="10:00:00">0.0</Value>
			<Value date="2016-02-12" time="10:15:00">0.0</Value>
			<Value date="2016-02-12" time="10:30:00">0.0</Value>
			<Value date="2016-02-12" time="10:45:00">0.0</Value>
			<Value date="2016-02-12" time="11:00:00">0.0</Value>
			<Value date="2016-02-12" time="11:15:00">0.0</Value>
			<Value date="2016-02-12" time="11:30:00">0.0</Value>
			<Value date="2016-02-12" time="11:45:00">0.0</Value>
			<Value date="2016-02-12" time="12:00:00">0.0</Value>
			<Value date="2016-02-12" time="12:15:00">0.0</Value>
			<Value date="2016-02-12" time="12:30:00">0.0</Value>
			<Value date="2016-02-12" time="12:45:00">0.0</Value>
			<Value date="2016-02-12" time="13:00:00">0.0</Value>
			<Value date="2016-02-12" time="13:15:00">0.0</Value>
			<Value date="2016-02-12" time="13:30:00">0.0</Value>
			<Value date="2016-02-12" time="13:45:00">0.0</Value>
			<Value date="2016-02-12" time="14:00:00">0.0</Value>
			<Value date="2016-02-12" time="14:15:00">0.0</Value>
			<Value date="2016-02-12" time="14:30:00">0.0</Value>
			<Value date="2016-02-12" time="14:45:00">0.0</Value>
			<Value date="2016-02-12" time="15:00:00">0.0</Value>
		</SetofValues>
	</Station>
	<Station stationReference="603315" region="North West" stationName="Wiley Sike Gilsland" ngr="NY644704">
		<SetofValues parameter="Rainfall" qualifier="Tipping Bucket Raingauge" dataType="Total" period="15 min" units="mm" startDate="2016-02-12" startTime="04:45:00" endDate="2016-02-12" endTime="15:00:00">
			<Value date="2016-02-12" time="04:45:00">0.0</Value>
			<Value date="2016-02-12" time="05:00:00">0.0</Value>
			<Value date="2016-02-12" time="05:15:00">0.0</Value>
			<Value date="2016-02-12" time="05:30:00">0.0</Value>
			<Value date="2016-02-12" time="05:45:00">0.0</Value>
			<Value date="2016-02-12" time="06:00:00">0.0</Value>
			<Value date="2016-02-12" time="06:15:00">0.0</Value>
			<Value date="2016-02-12" time="06:30:00">0.0</Value>
			<Value date="2016-02-12" time="06:45:00">0.0</Value>
			<Value date="2016-02-12" time="07:00:00">0.0</Value>
			<Value date="2016-02-12" time="07:15:00">0.0</Value>
			<Value date="2016-02-12" time="07:30:00">0.0</Value>
			<Value date="2016-02-12" time="07:45:00">0.0</Value>
			<Value date="2016-02-12" time="08:00:00">0.0</Value>
			<Value date="2016-02-12" time="08:15:00">0.0</Value>
			<Value date="2016-02-12" time="08:30:00">0.0</Value>
			<Value date="2016-02-12" time="08:45:00">0.0</Value>
			<Value date="2016-02-12" time="09:00:00">0.0</Value>
			<Value date="2016-02-12" time="09:15:00">0.0</Value>
			<Value date="2016-02-12" time="09:30:00">0.0</Value>
			<Value date="2016-02-12" time="09:45:00">0.0</Value>
			<Value date="2016-02-12" time="10:00:00">0.0</Value>
			<Value date="2016-02-12" time="10:15:00">0.0</Value>
			<Value date="2016-02-12" time="10:30:00">0.0</Value>
			<Value date="2016-02-12" time="10:45:00">0.0</Value>
			<Value date="2016-02-12" time="11:00:00">0.2</Value>
			<Value date="2016-02-12" time="11:15:00">0.0</Value>
			<Value date="2016-02-12" time="11:30:00">0.0</Value>
			<Value date="2016-02-12" time="11:45:00">0.0</Value>
			<Value date="2016-02-12" time="12:00:00">0.0</Value>
			<Value date="2016-02-12" time="12:15:00">0.0</Value>
			<Value date="2016-02-12" time="12:30:00">0.0</Value>
			<Value date="2016-02-12" time="12:45:00">0.0</Value>
			<Value date="2016-02-12" time="13:00:00">0.0</Value>
			<Value date="2016-02-12" time="13:15:00">0.0</Value>
			<Value date="2016-02-12" time="13:30:00">0.0</Value>
			<Value date="2016-02-12" time="13:45:00">0.0</Value>
			<Value date="2016-02-12" time="14:00:00">0.0</Value>
			<Value date="2016-02-12" time="14:15:00">0.0</Value>
			<Value date="2016-02-12" time="14:30:00">0.0</Value>
			<Value date="2016-02-12" time="14:45:00">0.0</Value>
			<Value date="2016-02-12" time="15:00:00">0.0</Value>
		</SetofValues>
	</Station>
	<Station stationReference="601304" region="North West" stationName="Burnbanks" ngr="NY507159">
		<SetofValues parameter="Rainfall" qualifier="Tipping Bucket Raingauge" dataType="Total" period="15 min" units="mm" startDate="2016-02-12" startTime="13:30:00" endDate="2016-02-12" endTime="15:00:00">
			<Value date="2016-02-12" time="13:30:00">0.0</Value>
			<Value date="2016-02-12" time="13:45:00">0.0</Value>
			<Value date="2016-02-12" time="14:00:00">0.0</Value>
			<Value date="2016-02-12" time="14:15:00">0.0</Value>
			<Value date="2016-02-12" time="14:30:00">0.0</Value>
			<Value date="2016-02-12" time="14:45:00">0.0</Value>
			<Value date="2016-02-12" time="15:00:00">0.0</Value>
		</SetofValues>
	</Station>
	<Station stationReference="600986" region="North West" stationName="Wet Sleddale" ngr="NY552115">
		<SetofValues parameter="Rainfall" qualifier="Tipping Bucket Raingauge" dataType="Total" period="15 min" units="mm" startDate="2016-02-12" startTime="13:30:00" endDate="2016-02-12" endTime="15:00:00">
			<Value date="2016-02-12" time="13:30:00">0.0</Value>
			<Value date="2016-02-12" time="13:45:00">0.0</Value>
			<Value date="2016-02-12" time="14:00:00">0.0</Value>
			<Value date="2016-02-12" time="14:15:00">0.0</Value>
			<Value date="2016-02-12" time="14:30:00">0.0</Value>
			<Value date="2016-02-12" time="14:45:00">0.0</Value>
			<Value date="2016-02-12" time="15:00:00">0.0</Value>
		</SetofValues>
	</Station>
	<Station stationReference="600735" region="North West" stationName="Green Close Farm" ngr="NY434266">
		<SetofValues parameter="Rainfall" qualifier="Tipping Bucket Raingauge" dataType="Total" period="15 min" units="mm" startDate="2016-02-12" startTime="04:45:00" endDate="2016-02-12" endTime="15:00:00">
			<Value date="2016-02-12" time="04:45:00">0.0</Value>
			<Value date="2016-02-12" time="05:00:00">0.0</Value>
			<Value date="2016-02-12" time="05:15:00">0.0</Value>
			<Value date="2016-02-12" time="05:30:00">0.0</Value>
			<Value date="2016-02-12" time="05:45:00">0.0</Value>
			<Value date="2016-02-12" time="06:00:00">0.0</Value>
			<Value date="2016-02-12" time="06:15:00">0.0</Value>
			<Value date="2016-02-12" time="06:30:00">0.0</Value>
			<Value date="2016-02-12" time="06:45:00">0.0</Value>
			<Value date="2016-02-12" time="07:00:00">0.0</Value>
			<Value date="2016-02-12" time="07:15:00">0.0</Value>
			<Value date="2016-02-12" time="07:30:00">0.0</Value>
			<Value date="2016-02-12" time="07:45:00">0.0</Value>
			<Value date="2016-02-12" time="08:00:00">0.0</Value>
			<Value date="2016-02-12" time="08:15:00">0.0</Value>
			<Value date="2016-02-12" time="08:30:00">0.0</Value>
			<Value date="2016-02-12" time="08:45:00">0.0</Value>
			<Value date="2016-02-12" time="09:00:00">0.0</Value>
			<Value date="2016-02-12" time="09:15:00">0.0</Value>
			<Value date="2016-02-12" time="09:30:00">0.0</Value>
			<Value date="2016-02-12" time="09:45:00">0.0</Value>
			<Value date="2016-02-12" time="10:00:00">0.0</Value>
			<Value date="2016-02-12" time="10:15:00">0.0</Value>
			<Value date="2016-02-12" time="10:30:00">0.0</Value>
			<Value date="2016-02-12" time="10:45:00">0.0</Value>
			<Value date="2016-02-12" time="11:00:00">0.0</Value>
			<Value date="2016-02-12" time="11:15:00">0.0</Value>
			<Value date="2016-02-12" time="11:30:00">0.0</Value>
			<Value date="2016-02-12" time="11:45:00">0.0</Value>
			<Value date="2016-02-12" time="12:00:00">0.0</Value>
			<Value date="2016-02-12" time="12:15:00">0.0</Value>
			<Value date="2016-02-12" time="12:30:00">0.0</Value>
			<Value date="2016-02-12" time="12:45:00">0.0</Value>
			<Value date="2016-02-12" time="13:00:00">0.0</Value>
			<Value date="2016-02-12" time="13:15:00">0.0</Value>
			<Value date="2016-02-12" time="13:30:00">0.0</Value>
			<Value date="2016-02-12" time="13:45:00">0.0</Value>
			<Value date="2016-02-12" time="14:00:00">0.0</Value>
			<Value date="2016-02-12" time="14:15:00">0.0</Value>
			<Value date="2016-02-12" time="14:30:00">0.0</Value>
			<Value date="2016-02-12" time="14:45:00">0.0</Value>
			<Value date="2016-02-12" time="15:00:00">0.0</Value>
		</SetofValues>
	</Station>
	<Station stationReference="600683" region="North West" stationName="High Row" ngr="NY386226">
		<SetofValues parameter="Rainfall" qualifier="Tipping Bucket Raingauge" dataType="Total" period="15 min" units="mm" startDate="2016-02-12" startTime="04:45:00" endDate="2016-02-12" endTime="15:00:00">
			<Value date="2016-02-12" time="04:45:00">0.0</Value>
			<Value date="2016-02-12" time="05:00:00">0.0</Value>
			<Value date="2016-02-12" time="05:15:00">0.0</Value>
			<Value date="2016-02-12" time="05:30:00">0.0</Value>
			<Value date="2016-02-12" time="05:45:00">0.0</Value>
			<Value date="2016-02-12" time="06:00:00">0.0</Value>
			<Value date="2016-02-12" time="06:15:00">0.0</Value>
			<Value date="2016-02-12" time="06:30:00">0.0</Value>
			<Value date="2016-02-12" time="06:45:00">0.0</Value>
			<Value date="2016-02-12" time="07:00:00">0.0</Value>
			<Value date="2016-02-12" time="07:15:00">0.0</Value>
			<Value date="2016-02-12" time="07:30:00">0.0</Value>
			<Value date="2016-02-12" time="07:45:00">0.0</Value>
			<Value date="2016-02-12" time="08:00:00">0.0</Value>
			<Value date="2016-02-12" time="08:15:00">0.0</Value>
			<Value date="2016-02-12" time="08:30:00">0.0</Value>
			<Value date="2016-02-12" time="08:45:00">0.0</Value>
			<Value date="2016-02-12" time="09:00:00">0.0</Value>
			<Value date="2016-02-12" time="09:15:00">0.0</Value>
			<Value date="2016-02-12" time="09:30:00">0.0</Value>
			<Value date="2016-02-12" time="09:45:00">0.0</Value>
			<Value date="2016-02-12" time="10:00:00">0.0</Value>
			<Value date="2016-02-12" time="10:15:00">0.0</Value>
			<Value date="2016-02-12" time="10:30:00">0.0</Value>
			<Value date="2016-02-12" time="10:45:00">0.0</Value>
			<Value date="2016-02-12" time="11:00:00">0.0</Value>
			<Value date="2016-02-12" time="11:15:00">0.0</Value>
			<Value date="2016-02-12" time="11:30:00">0.0</Value>
			<Value date="2016-02-12" time="11:45:00">0.0</Value>
			<Value date="2016-02-12" time="12:00:00">0.0</Value>
			<Value date="2016-02-12" time="12:15:00">0.0</Value>
			<Value date="2016-02-12" time="12:30:00">0.0</Value>
			<Value date="2016-02-12" time="12:45:00">0.0</Value>
			<Value date="2016-02-12" time="13:00:00">0.0</Value>
			<Value date="2016-02-12" time="13:15:00">0.0</Value>
			<Value date="2016-02-12" time="13:30:00">0.0</Value>
			<Value date="2016-02-12" time="13:45:00">0.0</Value>
			<Value date="2016-02-12" time="14:00:00">0.0</Value>
			<Value date="2016-02-12" time="14:15:00">0.0</Value>
			<Value date="2016-02-12" time="14:30:00">0.0</Value>
			<Value date="2016-02-12" time="14:45:00">0.0</Value>
			<Value date="2016-02-12" time="15:00:00">0.0</Value>
		</SetofValues>
	</Station>
	<Station stationReference="600140" region="North West" stationName="Brotherswater" ngr="NY389121">
		<SetofValues parameter="Rainfall" qualifier="Tipping Bucket Raingauge" dataType="Total" period="15 min" units="mm" startDate="2016-02-12" startTime="04:45:00" endDate="2016-02-12" endTime="15:00:00">
			<Value date="2016-02-12" time="04:45:00">0.1</Value>
			<Value date="2016-02-12" time="05:00:00">0.0</Value>
			<Value date="2016-02-12" time="05:15:00">0.0</Value>
			<Value date="2016-02-12" time="05:30:00">0.0</Value>
			<Value date="2016-02-12" time="05:45:00">0.0</Value>
			<Value date="2016-02-12" time="06:00:00">0.0</Value>
			<Value date="2016-02-12" time="06:15:00">0.0</Value>
			<Value date="2016-02-12" time="06:30:00">0.0</Value>
			<Value date="2016-02-12" time="06:45:00">0.0</Value>
			<Value date="2016-02-12" time="07:00:00">0.0</Value>
			<Value date="2016-02-12" time="07:15:00">0.0</Value>
			<Value date="2016-02-12" time="07:30:00">0.0</Value>
			<Value date="2016-02-12" time="07:45:00">0.0</Value>
			<Value date="2016-02-12" time="08:00:00">0.0</Value>
			<Value date="2016-02-12" time="08:15:00">0.0</Value>
			<Value date="2016-02-12" time="08:30:00">0.0</Value>
			<Value date="2016-02-12" time="08:45:00">0.0</Value>
			<Value date="2016-02-12" time="09:00:00">0.0</Value>
			<Value date="2016-02-12" time="09:15:00">0.0</Value>
			<Value date="2016-02-12" time="09:30:00">0.0</Value>
			<Value date="2016-02-12" time="09:45:00">0.0</Value>
			<Value date="2016-02-12" time="10:00:00">0.0</Value>
			<Value date="2016-02-12" time="10:15:00">0.0</Value>
			<Value date="2016-02-12" time="10:30:00">0.0</Value>
			<Value date="2016-02-12" time="10:45:00">0.0</Value>
			<Value date="2016-02-12" time="11:00:00">0.0</Value>
			<Value date="2016-02-12" time="11:15:00">0.0</Value>
			<Value date="2016-02-12" time="11:30:00">0.0</Value>
			<Value date="2016-02-12" time="11:45:00">0.0</Value>
			<Value date="2016-02-12" time="12:00:00">0.0</Value>
			<Value date="2016-02-12" time="12:15:00">0.0</Value>
			<Value date="2016-02-12" time="12:30:00">0.0</Value>
			<Value date="2016-02-12" time="12:45:00">0.0</Value>
			<Value date="2016-02-12" time="13:00:00">0.0</Value>
			<Value date="2016-02-12" time="13:15:00">0.0</Value>
			<Value date="2016-02-12" time="13:30:00">0.0</Value>
			<Value date="2016-02-12" time="13:45:00">0.0</Value>
			<Value date="2016-02-12" time="14:00:00">0.0</Value>
			<Value date="2016-02-12" time="14:15:00">0.0</Value>
			<Value date="2016-02-12" time="14:30:00">0.0</Value>
			<Value date="2016-02-12" time="14:45:00">0.0</Value>
			<Value date="2016-02-12" time="15:00:00">0.0</Value>
		</SetofValues>
	</Station>
	<Station stationReference="598928" region="North West" stationName="Scalebeck" ngr="NY673144">
		<SetofValues parameter="Rainfall" qualifier="Tipping Bucket Raingauge" dataType="Total" period="15 min" units="mm" startDate="2016-02-12" startTime="04:45:00" endDate="2016-02-12" endTime="15:00:00">
			<Value date="2016-02-12" time="04:45:00">0.0</Value>
			<Value date="2016-02-12" time="05:00:00">0.2</Value>
			<Value date="2016-02-12" time="05:15:00">0.0</Value>
			<Value date="2016-02-12" time="05:30:00">0.0</Value>
			<Value date="2016-02-12" time="05:45:00">0.0</Value>
			<Value date="2016-02-12" time="06:00:00">0.0</Value>
			<Value date="2016-02-12" time="06:15:00">0.0</Value>
			<Value date="2016-02-12" time="06:30:00">0.0</Value>
			<Value date="2016-02-12" time="06:45:00">0.0</Value>
			<Value date="2016-02-12" time="07:00:00">0.0</Value>
			<Value date="2016-02-12" time="07:15:00">0.0</Value>
			<Value date="2016-02-12" time="07:30:00">0.0</Value>
			<Value date="2016-02-12" time="07:45:00">0.0</Value>
			<Value date="2016-02-12" time="08:00:00">0.0</Value>
			<Value date="2016-02-12" time="08:15:00">0.0</Value>
			<Value date="2016-02-12" time="08:30:00">0.0</Value>
			<Value date="2016-02-12" time="08:45:00">0.0</Value>
			<Value date="2016-02-12" time="09:00:00">0.0</Value>
			<Value date="2016-02-12" time="09:15:00">0.0</Value>
			<Value date="2016-02-12" time="09:30:00">0.0</Value>
			<Value date="2016-02-12" time="09:45:00">0.0</Value>
			<Value date="2016-02-12" time="10:00:00">0.0</Value>
			<Value date="2016-02-12" time="10:15:00">0.0</Value>
			<Value date="2016-02-12" time="10:30:00">0.0</Value>
			<Value date="2016-02-12" time="10:45:00">0.0</Value>
			<Value date="2016-02-12" time="11:00:00">0.0</Value>
			<Value date="2016-02-12" time="11:15:00">0.0</Value>
			<Value date="2016-02-12" time="11:30:00">0.0</Value>
			<Value date="2016-02-12" time="11:45:00">0.0</Value>
			<Value date="2016-02-12" time="12:00:00">0.0</Value>
			<Value date="2016-02-12" time="12:15:00">0.0</Value>
			<Value date="2016-02-12" time="12:30:00">0.0</Value>
			<Value date="2016-02-12" time="12:45:00">0.0</Value>
			<Value date="2016-02-12" time="13:00:00">0.0</Value>
			<Value date="2016-02-12" time="13:15:00">0.0</Value>
			<Value date="2016-02-12" time="13:30:00">0.0</Value>
			<Value date="2016-02-12" time="13:45:00">0.0</Value>
			<Value date="2016-02-12" time="14:00:00">0.0</Value>
			<Value date="2016-02-12" time="14:15:00">0.0</Value>
			<Value date="2016-02-12" time="14:30:00">0.0</Value>
			<Value date="2016-02-12" time="14:45:00">0.0</Value>
			<Value date="2016-02-12" time="15:00:00">0.0</Value>
		</SetofValues>
	</Station>
	<Station stationReference="598691" region="North West" stationName="Brackenber" ngr="NY72200195">
		<SetofValues parameter="Rainfall" qualifier="Tipping Bucket Raingauge" dataType="Total" period="15 min" units="mm" startDate="2016-02-12" startTime="04:45:00" endDate="2016-02-12" endTime="15:00:00">
			<Value date="2016-02-12" time="04:45:00">0.0</Value>
			<Value date="2016-02-12" time="05:00:00">0.0</Value>
			<Value date="2016-02-12" time="05:15:00">0.0</Value>
			<Value date="2016-02-12" time="05:30:00">0.0</Value>
			<Value date="2016-02-12" time="05:45:00">0.0</Value>
			<Value date="2016-02-12" time="06:00:00">0.0</Value>
			<Value date="2016-02-12" time="06:15:00">0.0</Value>
			<Value date="2016-02-12" time="06:30:00">0.0</Value>
			<Value date="2016-02-12" time="06:45:00">0.0</Value>
			<Value date="2016-02-12" time="07:00:00">0.2</Value>
			<Value date="2016-02-12" time="07:15:00">0.8</Value>
			<Value date="2016-02-12" time="07:30:00">0.6</Value>
			<Value date="2016-02-12" time="07:45:00">0.0</Value>
			<Value date="2016-02-12" time="08:00:00">0.0</Value>
			<Value date="2016-02-12" time="08:15:00">0.0</Value>
			<Value date="2016-02-12" time="08:30:00">0.0</Value>
			<Value date="2016-02-12" time="08:45:00">0.0</Value>
			<Value date="2016-02-12" time="09:00:00">0.0</Value>
			<Value date="2016-02-12" time="09:15:00">0.0</Value>
			<Value date="2016-02-12" time="09:30:00">0.0</Value>
			<Value date="2016-02-12" time="09:45:00">0.0</Value>
			<Value date="2016-02-12" time="10:00:00">0.0</Value>
			<Value date="2016-02-12" time="10:15:00">0.0</Value>
			<Value date="2016-02-12" time="10:30:00">0.0</Value>
			<Value date="2016-02-12" time="10:45:00">0.0</Value>
			<Value date="2016-02-12" time="11:00:00">0.0</Value>
			<Value date="2016-02-12" time="11:15:00">0.0</Value>
			<Value date="2016-02-12" time="11:30:00">0.0</Value>
			<Value date="2016-02-12" time="11:45:00">0.0</Value>
			<Value date="2016-02-12" time="12:00:00">0.0</Value>
			<Value date="2016-02-12" time="12:15:00">0.0</Value>
			<Value date="2016-02-12" time="12:30:00">0.0</Value>
			<Value date="2016-02-12" time="12:45:00">0.0</Value>
			<Value date="2016-02-12" time="13:00:00">0.0</Value>
			<Value date="2016-02-12" time="13:15:00">0.0</Value>
			<Value date="2016-02-12" time="13:30:00">0.0</Value>
			<Value date="2016-02-12" time="13:45:00">0.0</Value>
			<Value date="2016-02-12" time="14:00:00">0.0</Value>
			<Value date="2016-02-12" time="14:15:00">0.0</Value>
			<Value date="2016-02-12" time="14:30:00">0.0</Value>
			<Value date="2016-02-12" time="14:45:00">0.0</Value>
			<Value date="2016-02-12" time="15:00:00">0.0</Value>
		</SetofValues>
	</Station>
	<Station stationReference="598147" region="North West" stationName="Barras" ngr="NY845121">
		<SetofValues parameter="Rainfall" qualifier="Tipping Bucket Raingauge" dataType="Total" period="15 min" units="mm" startDate="2016-02-12" startTime="04:45:00" endDate="2016-02-12" endTime="15:00:00">
			<Value date="2016-02-12" time="04:45:00">0.0</Value>
			<Value date="2016-02-12" time="05:00:00">0.0</Value>
			<Value date="2016-02-12" time="05:15:00">0.0</Value>
			<Value date="2016-02-12" time="05:30:00">0.0</Value>
			<Value date="2016-02-12" time="05:45:00">0.0</Value>
			<Value date="2016-02-12" time="06:00:00">0.0</Value>
			<Value date="2016-02-12" time="06:15:00">0.0</Value>
			<Value date="2016-02-12" time="06:30:00">0.0</Value>
			<Value date="2016-02-12" time="06:45:00">0.0</Value>
			<Value date="2016-02-12" time="07:00:00">0.0</Value>
			<Value date="2016-02-12" time="07:15:00">0.0</Value>
			<Value date="2016-02-12" time="07:30:00">0.0</Value>
			<Value date="2016-02-12" time="07:45:00">0.0</Value>
			<Value date="2016-02-12" time="08:00:00">0.0</Value>
			<Value date="2016-02-12" time="08:15:00">0.0</Value>
			<Value date="2016-02-12" time="08:30:00">0.0</Value>
			<Value date="2016-02-12" time="08:45:00">0.0</Value>
			<Value date="2016-02-12" time="09:00:00">0.0</Value>
			<Value date="2016-02-12" time="09:15:00">0.0</Value>
			<Value date="2016-02-12" time="09:30:00">0.0</Value>
			<Value date="2016-02-12" time="09:45:00">0.0</Value>
			<Value date="2016-02-12" time="10:00:00">0.0</Value>
			<Value date="2016-02-12" time="10:15:00">0.0</Value>
			<Value date="2016-02-12" time="10:30:00">0.0</Value>
			<Value date="2016-02-12" time="10:45:00">0.2</Value>
			<Value date="2016-02-12" time="11:00:00">0.0</Value>
			<Value date="2016-02-12" time="11:15:00">0.4</Value>
			<Value date="2016-02-12" time="11:30:00">0.2</Value>
			<Value date="2016-02-12" time="11:45:00">0.2</Value>
			<Value date="2016-02-12" time="12:00:00">0.0</Value>
			<Value date="2016-02-12" time="12:15:00">0.0</Value>
			<Value date="2016-02-12" time="12:30:00">0.0</Value>
			<Value date="2016-02-12" time="12:45:00">0.0</Value>
			<Value date="2016-02-12" time="13:00:00">0.0</Value>
			<Value date="2016-02-12" time="13:15:00">0.0</Value>
			<Value date="2016-02-12" time="13:30:00">0.0</Value>
			<Value date="2016-02-12" time="13:45:00">0.0</Value>
			<Value date="2016-02-12" time="14:00:00">0.0</Value>
			<Value date="2016-02-12" time="14:15:00">0.0</Value>
			<Value date="2016-02-12" time="14:30:00">0.0</Value>
			<Value date="2016-02-12" time="14:45:00">0.0</Value>
			<Value date="2016-02-12" time="15:00:00">0.0</Value>
		</SetofValues>
	</Station>
	<Station stationReference="597519" region="North West" stationName="Aisgill Moor" ngr="SD778963">
		<SetofValues parameter="Rainfall" qualifier="Tipping Bucket Raingauge" dataType="Total" period="15 min" units="mm" startDate="2016-02-12" startTime="04:45:00" endDate="2016-02-12" endTime="15:00:00">
			<Value date="2016-02-12" time="04:45:00">0.0</Value>
			<Value date="2016-02-12" time="05:00:00">0.0</Value>
			<Value date="2016-02-12" time="05:15:00">0.0</Value>
			<Value date="2016-02-12" time="05:30:00">0.0</Value>
			<Value date="2016-02-12" time="05:45:00">0.0</Value>
			<Value date="2016-02-12" time="06:00:00">0.0</Value>
			<Value date="2016-02-12" time="06:15:00">0.0</Value>
			<Value date="2016-02-12" time="06:30:00">0.0</Value>
			<Value date="2016-02-12" time="06:45:00">0.0</Value>
			<Value date="2016-02-12" time="07:00:00">0.0</Value>
			<Value date="2016-02-12" time="07:15:00">0.0</Value>
			<Value date="2016-02-12" time="07:30:00">0.0</Value>
			<Value date="2016-02-12" time="07:45:00">0.0</Value>
			<Value date="2016-02-12" time="08:00:00">0.0</Value>
			<Value date="2016-02-12" time="08:15:00">0.0</Value>
			<Value date="2016-02-12" time="08:30:00">0.0</Value>
			<Value date="2016-02-12" time="08:45:00">0.0</Value>
			<Value date="2016-02-12" time="09:00:00">0.0</Value>
			<Value date="2016-02-12" time="09:15:00">0.0</Value>
			<Value date="2016-02-12" time="09:30:00">0.0</Value>
			<Value date="2016-02-12" time="09:45:00">0.0</Value>
			<Value date="2016-02-12" time="10:00:00">0.0</Value>
			<Value date="2016-02-12" time="10:15:00">0.0</Value>
			<Value date="2016-02-12" time="10:30:00">0.0</Value>
			<Value date="2016-02-12" time="10:45:00">0.0</Value>
			<Value date="2016-02-12" time="11:00:00">0.0</Value>
			<Value date="2016-02-12" time="11:15:00">0.0</Value>
			<Value date="2016-02-12" time="11:30:00">0.0</Value>
			<Value date="2016-02-12" time="11:45:00">0.0</Value>
			<Value date="2016-02-12" time="12:00:00">0.0</Value>
			<Value date="2016-02-12" time="12:15:00">0.0</Value>
			<Value date="2016-02-12" time="12:30:00">0.0</Value>
			<Value date="2016-02-12" time="12:45:00">0.0</Value>
			<Value date="2016-02-12" time="13:00:00">0.0</Value>
			<Value date="2016-02-12" time="13:15:00">0.0</Value>
			<Value date="2016-02-12" time="13:30:00">0.0</Value>
			<Value date="2016-02-12" time="13:45:00">0.0</Value>
			<Value date="2016-02-12" time="14:00:00">0.0</Value>
			<Value date="2016-02-12" time="14:15:00">0.0</Value>
			<Value date="2016-02-12" time="14:30:00">0.0</Value>
			<Value date="2016-02-12" time="14:45:00">0.0</Value>
			<Value date="2016-02-12" time="15:00:00">0.0</Value>
		</SetofValues>
	</Station>
	<Station stationReference="587552" region="North West" stationName="Tower Wood" ngr="SD385912">
		<SetofValues parameter="Rainfall" qualifier="Tipping Bucket Raingauge" dataType="Total" period="15 min" units="mm" startDate="2016-02-12" startTime="04:45:00" endDate="2016-02-12" endTime="15:00:00">
			<Value date="2016-02-12" time="04:45:00">0.0</Value>
			<Value date="2016-02-12" time="05:00:00">0.0</Value>
			<Value date="2016-02-12" time="05:15:00">0.0</Value>
			<Value date="2016-02-12" time="05:30:00">0.0</Value>
			<Value date="2016-02-12" time="05:45:00">0.0</Value>
			<Value date="2016-02-12" time="06:00:00">0.0</Value>
			<Value date="2016-02-12" time="06:15:00">0.0</Value>
			<Value date="2016-02-12" time="06:30:00">0.0</Value>
			<Value date="2016-02-12" time="06:45:00">0.0</Value>
			<Value date="2016-02-12" time="07:00:00">0.0</Value>
			<Value date="2016-02-12" time="07:15:00">0.0</Value>
			<Value date="2016-02-12" time="07:30:00">0.0</Value>
			<Value date="2016-02-12" time="07:45:00">0.0</Value>
			<Value date="2016-02-12" time="08:00:00">0.0</Value>
			<Value date="2016-02-12" time="08:15:00">0.0</Value>
			<Value date="2016-02-12" time="08:30:00">0.0</Value>
			<Value date="2016-02-12" time="08:45:00">0.0</Value>
			<Value date="2016-02-12" time="09:00:00">0.0</Value>
			<Value date="2016-02-12" time="09:15:00">0.0</Value>
			<Value date="2016-02-12" time="09:30:00">0.0</Value>
			<Value date="2016-02-12" time="09:45:00">0.0</Value>
			<Value date="2016-02-12" time="10:00:00">0.0</Value>
			<Value date="2016-02-12" time="10:15:00">0.0</Value>
			<Value date="2016-02-12" time="10:30:00">0.0</Value>
			<Value date="2016-02-12" time="10:45:00">0.0</Value>
			<Value date="2016-02-12" time="11:00:00">0.0</Value>
			<Value date="2016-02-12" time="11:15:00">0.0</Value>
			<Value date="2016-02-12" time="11:30:00">0.0</Value>
			<Value date="2016-02-12" time="11:45:00">0.0</Value>
			<Value date="2016-02-12" time="12:00:00">0.0</Value>
			<Value date="2016-02-12" time="12:15:00">0.0</Value>
			<Value date="2016-02-12" time="12:30:00">0.0</Value>
			<Value date="2016-02-12" time="12:45:00">0.0</Value>
			<Value date="2016-02-12" time="13:00:00">0.0</Value>
			<Value date="2016-02-12" time="13:15:00">0.0</Value>
			<Value date="2016-02-12" time="13:30:00">0.0</Value>
			<Value date="2016-02-12" time="13:45:00">0.0</Value>
			<Value date="2016-02-12" time="14:00:00">0.0</Value>
			<Value date="2016-02-12" time="14:15:00">0.0</Value>
			<Value date="2016-02-12" time="14:30:00">0.0</Value>
			<Value date="2016-02-12" time="14:45:00">0.0</Value>
			<Value date="2016-02-12" time="15:00:00">0.0</Value>
		</SetofValues>
	</Station>
	<Station stationReference="586493" region="North West" stationName="High Newton" ngr="SD399838">
		<SetofValues parameter="Rainfall" qualifier="Tipping Bucket Raingauge" dataType="Total" period="15 min" units="mm" startDate="2016-02-12" startTime="04:45:00" endDate="2016-02-12" endTime="15:00:00">
			<Value date="2016-02-12" time="04:45:00">0.0</Value>
			<Value date="2016-02-12" time="05:00:00">0.0</Value>
			<Value date="2016-02-12" time="05:15:00">0.0</Value>
			<Value date="2016-02-12" time="05:30:00">0.0</Value>
			<Value date="2016-02-12" time="05:45:00">0.0</Value>
			<Value date="2016-02-12" time="06:00:00">0.0</Value>
			<Value date="2016-02-12" time="06:15:00">0.0</Value>
			<Value date="2016-02-12" time="06:30:00">0.0</Value>
			<Value date="2016-02-12" time="06:45:00">0.0</Value>
			<Value date="2016-02-12" time="07:00:00">0.0</Value>
			<Value date="2016-02-12" time="07:15:00">0.0</Value>
			<Value date="2016-02-12" time="07:30:00">0.0</Value>
			<Value date="2016-02-12" time="07:45:00">0.0</Value>
			<Value date="2016-02-12" time="08:00:00">0.0</Value>
			<Value date="2016-02-12" time="08:15:00">0.0</Value>
			<Value date="2016-02-12" time="08:30:00">0.0</Value>
			<Value date="2016-02-12" time="08:45:00">0.0</Value>
			<Value date="2016-02-12" time="09:00:00">0.0</Value>
			<Value date="2016-02-12" time="09:15:00">0.0</Value>
			<Value date="2016-02-12" time="09:30:00">0.0</Value>
			<Value date="2016-02-12" time="09:45:00">0.0</Value>
			<Value date="2016-02-12" time="10:00:00">0.0</Value>
			<Value date="2016-02-12" time="10:15:00">0.0</Value>
			<Value date="2016-02-12" time="10:30:00">0.0</Value>
			<Value date="2016-02-12" time="10:45:00">0.0</Value>
			<Value date="2016-02-12" time="11:00:00">0.0</Value>
			<Value date="2016-02-12" time="11:15:00">0.0</Value>
			<Value date="2016-02-12" time="11:30:00">0.0</Value>
			<Value date="2016-02-12" time="11:45:00">0.0</Value>
			<Value date="2016-02-12" time="12:00:00">0.0</Value>
			<Value date="2016-02-12" time="12:15:00">0.0</Value>
			<Value date="2016-02-12" time="12:30:00">0.0</Value>
			<Value date="2016-02-12" time="12:45:00">0.0</Value>
			<Value date="2016-02-12" time="13:00:00">0.0</Value>
			<Value date="2016-02-12" time="13:15:00">0.0</Value>
			<Value date="2016-02-12" time="13:30:00">0.0</Value>
			<Value date="2016-02-12" time="13:45:00">0.0</Value>
			<Value date="2016-02-12" time="14:00:00">0.0</Value>
			<Value date="2016-02-12" time="14:15:00">0.0</Value>
			<Value date="2016-02-12" time="14:30:00">0.0</Value>
			<Value date="2016-02-12" time="14:45:00">0.0</Value>
			<Value date="2016-02-12" time="15:00:00">0.0</Value>
		</SetofValues>
	</Station>
	<Station stationReference="586056" region="North West" stationName="Levens Bridge End" ngr="SD474857">
		<SetofValues parameter="Rainfall" qualifier="Tipping Bucket Raingauge" dataType="Total" period="15 min" units="mm" startDate="2016-02-12" startTime="04:45:00" endDate="2016-02-12" endTime="15:00:00">
			<Value date="2016-02-12" time="04:45:00">0.0</Value>
			<Value date="2016-02-12" time="05:00:00">0.0</Value>
			<Value date="2016-02-12" time="05:15:00">0.0</Value>
			<Value date="2016-02-12" time="05:30:00">0.0</Value>
			<Value date="2016-02-12" time="05:45:00">0.0</Value>
			<Value date="2016-02-12" time="06:00:00">0.0</Value>
			<Value date="2016-02-12" time="06:15:00">0.0</Value>
			<Value date="2016-02-12" time="06:30:00">0.0</Value>
			<Value date="2016-02-12" time="06:45:00">0.0</Value>
			<Value date="2016-02-12" time="07:00:00">0.0</Value>
			<Value date="2016-02-12" time="07:15:00">0.0</Value>
			<Value date="2016-02-12" time="07:30:00">0.0</Value>
			<Value date="2016-02-12" time="07:45:00">0.0</Value>
			<Value date="2016-02-12" time="08:00:00">0.0</Value>
			<Value date="2016-02-12" time="08:15:00">0.0</Value>
			<Value date="2016-02-12" time="08:30:00">0.0</Value>
			<Value date="2016-02-12" time="08:45:00">0.0</Value>
			<Value date="2016-02-12" time="09:00:00">0.0</Value>
			<Value date="2016-02-12" time="09:15:00">0.0</Value>
			<Value date="2016-02-12" time="09:30:00">0.0</Value>
			<Value date="2016-02-12" time="09:45:00">0.0</Value>
			<Value date="2016-02-12" time="10:00:00">0.0</Value>
			<Value date="2016-02-12" time="10:15:00">0.0</Value>
			<Value date="2016-02-12" time="10:30:00">0.0</Value>
			<Value date="2016-02-12" time="10:45:00">0.0</Value>
			<Value date="2016-02-12" time="11:00:00">0.0</Value>
			<Value date="2016-02-12" time="11:15:00">0.0</Value>
			<Value date="2016-02-12" time="11:30:00">0.0</Value>
			<Value date="2016-02-12" time="11:45:00">0.0</Value>
			<Value date="2016-02-12" time="12:00:00">0.0</Value>
			<Value date="2016-02-12" time="12:15:00">0.0</Value>
			<Value date="2016-02-12" time="12:30:00">0.0</Value>
			<Value date="2016-02-12" time="12:45:00">0.0</Value>
			<Value date="2016-02-12" time="13:00:00">0.0</Value>
			<Value date="2016-02-12" time="13:15:00">0.0</Value>
			<Value date="2016-02-12" time="13:30:00">0.0</Value>
			<Value date="2016-02-12" time="13:45:00">0.0</Value>
			<Value date="2016-02-12" time="14:00:00">0.0</Value>
			<Value date="2016-02-12" time="14:15:00">0.0</Value>
			<Value date="2016-02-12" time="14:30:00">0.0</Value>
			<Value date="2016-02-12" time="14:45:00">0.0</Value>
			<Value date="2016-02-12" time="15:00:00">0.0</Value>
		</SetofValues>
	</Station>
	<Station stationReference="584772" region="North West" stationName="Fisher Tarn" ngr="SD549931">
		<SetofValues parameter="Rainfall" qualifier="Tipping Bucket Raingauge" dataType="Total" period="15 min" units="mm" startDate="2016-02-12" startTime="04:45:00" endDate="2016-02-12" endTime="15:00:00">
			<Value date="2016-02-12" time="04:45:00">0.0</Value>
			<Value date="2016-02-12" time="05:00:00">0.0</Value>
			<Value date="2016-02-12" time="05:15:00">0.0</Value>
			<Value date="2016-02-12" time="05:30:00">0.0</Value>
			<Value date="2016-02-12" time="05:45:00">0.0</Value>
			<Value date="2016-02-12" time="06:00:00">0.0</Value>
			<Value date="2016-02-12" time="06:15:00">0.0</Value>
			<Value date="2016-02-12" time="06:30:00">0.0</Value>
			<Value date="2016-02-12" time="06:45:00">0.0</Value>
			<Value date="2016-02-12" time="07:00:00">0.0</Value>
			<Value date="2016-02-12" time="07:15:00">0.0</Value>
			<Value date="2016-02-12" time="07:30:00">0.0</Value>
			<Value date="2016-02-12" time="07:45:00">0.0</Value>
			<Value date="2016-02-12" time="08:00:00">0.0</Value>
			<Value date="2016-02-12" time="08:15:00">0.0</Value>
			<Value date="2016-02-12" time="08:30:00">0.0</Value>
			<Value date="2016-02-12" time="08:45:00">0.0</Value>
			<Value date="2016-02-12" time="09:00:00">0.0</Value>
			<Value date="2016-02-12" time="09:15:00">0.0</Value>
			<Value date="2016-02-12" time="09:30:00">0.0</Value>
			<Value date="2016-02-12" time="09:45:00">0.0</Value>
			<Value date="2016-02-12" time="10:00:00">0.0</Value>
			<Value date="2016-02-12" time="10:15:00">0.0</Value>
			<Value date="2016-02-12" time="10:30:00">0.0</Value>
			<Value date="2016-02-12" time="10:45:00">0.0</Value>
			<Value date="2016-02-12" time="11:00:00">0.0</Value>
			<Value date="2016-02-12" time="11:15:00">0.0</Value>
			<Value date="2016-02-12" time="11:30:00">0.0</Value>
			<Value date="2016-02-12" time="11:45:00">0.0</Value>
			<Value date="2016-02-12" time="12:00:00">0.0</Value>
			<Value date="2016-02-12" time="12:15:00">0.0</Value>
			<Value date="2016-02-12" time="12:30:00">0.0</Value>
			<Value date="2016-02-12" time="12:45:00">0.0</Value>
			<Value date="2016-02-12" time="13:00:00">0.0</Value>
			<Value date="2016-02-12" time="13:15:00">0.0</Value>
			<Value date="2016-02-12" time="13:30:00">0.0</Value>
			<Value date="2016-02-12" time="13:45:00">0.0</Value>
			<Value date="2016-02-12" time="14:00:00">0.0</Value>
			<Value date="2016-02-12" time="14:15:00">0.0</Value>
			<Value date="2016-02-12" time="14:30:00">0.0</Value>
			<Value date="2016-02-12" time="14:45:00">0.0</Value>
			<Value date="2016-02-12" time="15:00:00">0.0</Value>
		</SetofValues>
	</Station>
	<Station stationReference="569709" region="North West" stationName="Rivington" ngr="SD632121">
		<SetofValues parameter="Rainfall" qualifier="Tipping Bucket Raingauge" dataType="Total" period="15 min" units="mm" startDate="2016-02-12" startTime="09:15:00" endDate="2016-02-12" endTime="15:00:00">
			<Value date="2016-02-12" time="09:15:00">0.0</Value>
			<Value date="2016-02-12" time="09:30:00">0.0</Value>
			<Value date="2016-02-12" time="09:45:00">0.0</Value>
			<Value date="2016-02-12" time="10:00:00">0.0</Value>
			<Value date="2016-02-12" time="10:15:00">0.0</Value>
			<Value date="2016-02-12" time="10:30:00">0.0</Value>
			<Value date="2016-02-12" time="10:45:00">0.0</Value>
			<Value date="2016-02-12" time="11:00:00">0.0</Value>
			<Value date="2016-02-12" time="11:15:00">0.0</Value>
			<Value date="2016-02-12" time="11:30:00">0.0</Value>
			<Value date="2016-02-12" time="11:45:00">0.0</Value>
			<Value date="2016-02-12" time="12:00:00">0.0</Value>
			<Value date="2016-02-12" time="12:15:00">0.0</Value>
			<Value date="2016-02-12" time="12:30:00">0.0</Value>
			<Value date="2016-02-12" time="12:45:00">0.0</Value>
			<Value date="2016-02-12" time="13:00:00">0.0</Value>
			<Value date="2016-02-12" time="13:15:00">0.0</Value>
			<Value date="2016-02-12" time="13:30:00">0.0</Value>
			<Value date="2016-02-12" time="13:45:00">0.0</Value>
			<Value date="2016-02-12" time="14:00:00">0.0</Value>
			<Value date="2016-02-12" time="14:15:00">0.0</Value>
			<Value date="2016-02-12" time="14:30:00">0.0</Value>
			<Value date="2016-02-12" time="14:45:00">0.0</Value>
			<Value date="2016-02-12" time="15:00:00">0.2</Value>
		</SetofValues>
	</Station>
	<Station stationReference="563599" region="North West" stationName="Davyhulme" ngr="SJ756962">
		<SetofValues parameter="Rainfall" qualifier="Tipping Bucket Raingauge" dataType="Total" period="15 min" units="mm" startDate="2016-02-12" startTime="04:45:00" endDate="2016-02-12" endTime="15:00:00">
			<Value date="2016-02-12" time="04:45:00">0.0</Value>
			<Value date="2016-02-12" time="05:00:00">0.0</Value>
			<Value date="2016-02-12" time="05:15:00">0.0</Value>
			<Value date="2016-02-12" time="05:30:00">0.0</Value>
			<Value date="2016-02-12" time="05:45:00">0.0</Value>
			<Value date="2016-02-12" time="06:00:00">0.0</Value>
			<Value date="2016-02-12" time="06:15:00">0.0</Value>
			<Value date="2016-02-12" time="06:30:00">0.0</Value>
			<Value date="2016-02-12" time="06:45:00">0.0</Value>
			<Value date="2016-02-12" time="07:00:00">0.0</Value>
			<Value date="2016-02-12" time="07:15:00">0.0</Value>
			<Value date="2016-02-12" time="07:30:00">0.0</Value>
			<Value date="2016-02-12" time="07:45:00">0.0</Value>
			<Value date="2016-02-12" time="08:00:00">0.0</Value>
			<Value date="2016-02-12" time="08:15:00">0.0</Value>
			<Value date="2016-02-12" time="08:30:00">0.0</Value>
			<Value date="2016-02-12" time="08:45:00">0.0</Value>
			<Value date="2016-02-12" time="09:00:00">0.0</Value>
			<Value date="2016-02-12" time="09:15:00">0.0</Value>
			<Value date="2016-02-12" time="09:30:00">0.0</Value>
			<Value date="2016-02-12" time="09:45:00">0.0</Value>
			<Value date="2016-02-12" time="10:00:00">0.0</Value>
			<Value date="2016-02-12" time="10:15:00">0.0</Value>
			<Value date="2016-02-12" time="10:30:00">0.0</Value>
			<Value date="2016-02-12" time="10:45:00">0.0</Value>
			<Value date="2016-02-12" time="11:00:00">0.0</Value>
			<Value date="2016-02-12" time="11:15:00">0.0</Value>
			<Value date="2016-02-12" time="11:30:00">0.0</Value>
			<Value date="2016-02-12" time="11:45:00">0.0</Value>
			<Value date="2016-02-12" time="12:00:00">0.0</Value>
			<Value date="2016-02-12" time="12:15:00">0.0</Value>
			<Value date="2016-02-12" time="12:30:00">0.0</Value>
			<Value date="2016-02-12" time="12:45:00">0.0</Value>
			<Value date="2016-02-12" time="13:00:00">0.0</Value>
			<Value date="2016-02-12" time="13:15:00">0.0</Value>
			<Value date="2016-02-12" time="13:30:00">0.0</Value>
			<Value date="2016-02-12" time="13:45:00">0.0</Value>
			<Value date="2016-02-12" time="14:00:00">0.0</Value>
			<Value date="2016-02-12" time="14:15:00">0.2</Value>
			<Value date="2016-02-12" time="14:30:00">0.0</Value>
			<Value date="2016-02-12" time="14:45:00">0.0</Value>
			<Value date="2016-02-12" time="15:00:00">0.0</Value>
		</SetofValues>
	</Station>
</EATimeSeriesDataExchangeFormat>
