<?xml version="1.0" standalone="yes"?>
<EATimeSeriesDataExchangeFormat xmlns="http://www.environment-agency.gov.uk/XMLSchemas/EATimeSeriesDataExchangeFormat" xmlns:md="http://www.environment-agency.gov.uk/XMLSchemas/EAMetadataFormat" xmlns:xsi="http://www.w3.org/2001/XMLSchema-instance" xsi:schemaLocation="http://www.environment-agency.gov.uk/XMLSchemas/EATimeSeriesDataExchangeFormat EATimeSeriesDataExchangeFormat.xsd">
	<md:Publisher>Environment Agency</md:Publisher>
	<md:Source>North West Regional Telemetry System</md:Source>
	<md:Description>Automated telemetry data export process</md:Description>
	<md:Creator>SCX 6</md:Creator>
	<md:Date>2016-02-12</md:Date>
	<md:Time>10:51:59</md:Time>
	<md:Identifier>NWRFHSCXAS1</md:Identifier>
	<Station stationReference="724735" region="North West" stationName="Lancaster Quay" ngr="SD461620">
		<SetofValues parameter="Water Level" qualifier="Stage" dataType="Instantaneous" period="15 min" units="m" startDate="2016-02-12" startTime="04:45:00" endDate="2016-02-12" endTime="10:45:00">
			<Value date="2016-02-12" time="04:45:00">1.692</Value>
			<Value date="2016-02-12" time="05:00:00">1.622</Value>
			<Value date="2016-02-12" time="05:15:00">1.584</Value>
			<Value date="2016-02-12" time="05:30:00">1.577</Value>
			<Value date="2016-02-12" time="05:45:00">1.566</Value>
			<Value date="2016-02-12" time="06:00:00">1.560</Value>
			<Value date="2016-02-12" time="06:15:00">1.553</Value>
			<Value date="2016-02-12" time="06:30:00">1.546</Value>
			<Value date="2016-02-12" time="06:45:00">1.543</Value>
			<Value date="2016-02-12" time="07:00:00">1.537</Value>
			<Value date="2016-02-12" time="07:15:00">1.536</Value>
			<Value date="2016-02-12" time="07:30:00">1.534</Value>
			<Value date="2016-02-12" time="07:45:00">1.527</Value>
			<Value date="2016-02-12" time="08:00:00">1.523</Value>
			<Value date="2016-02-12" time="08:15:00">1.521</Value>
			<Value date="2016-02-12" time="08:30:00">1.515</Value>
			<Value date="2016-02-12" time="08:45:00">1.511</Value>
			<Value date="2016-02-12" time="09:00:00">1.508</Value>
			<Value date="2016-02-12" time="09:15:00">1.509</Value>
			<Value date="2016-02-12" time="09:30:00">1.505</Value>
			<Value date="2016-02-12" time="09:45:00">1.500</Value>
			<Value date="2016-02-12" time="10:00:00">1.496</Value>
			<Value date="2016-02-12" time="10:15:00">1.488</Value>
			<Value date="2016-02-12" time="10:30:00">1.484</Value>
			<Value date="2016-02-12" time="10:45:00">1.578</Value>
		</SetofValues>
	</Station>
</EATimeSeriesDataExchangeFormat>
