<?xml version="1.0" standalone="yes"?>
<EATimeSeriesDataExchangeFormat xmlns="http://www.environment-agency.gov.uk/XMLSchemas/EATimeSeriesDataExchangeFormat" xmlns:md="http://www.environment-agency.gov.uk/XMLSchemas/EAMetadataFormat" xmlns:xsi="http://www.w3.org/2001/XMLSchema-instance" xsi:schemaLocation="http://www.environment-agency.gov.uk/XMLSchemas/EATimeSeriesDataExchangeFormat EATimeSeriesDataExchangeFormat.xsd">
	<md:Publisher>Environment Agency</md:Publisher>
	<md:Source>North West Regional Telemetry System</md:Source>
	<md:Description>Automated telemetry data export process</md:Description>
	<md:Creator>SCX 6</md:Creator>
	<md:Date>2016-02-12</md:Date>
	<md:Time>13:57:24</md:Time>
	<md:Identifier>NWRFHSCXAS1</md:Identifier>
	<Station stationReference="E73639" region="North West" stationName="Workington" ngr="NX98982953">
		<SetofValues parameter="Water Level" qualifier="Tidal Level" dataType="Mean" period="15 min" units="mAOD" startDate="2016-02-12" startTime="13:45:00" endDate="2016-02-12" endTime="13:45:00">
			<Value date="2016-02-12" time="13:45:00">4.719</Value>
		</SetofValues>
	</Station>
	<Station stationReference="E73439" region="North West" stationName="Heysham" ngr="SD39825993">
		<SetofValues parameter="Water Level" qualifier="Tidal Level" dataType="Mean" period="15 min" units="mAOD" startDate="2016-02-12" startTime="13:45:00" endDate="2016-02-12" endTime="13:45:00">
			<Value date="2016-02-12" time="13:45:00">5.434</Value>
		</SetofValues>
	</Station>
	<Station stationReference="E70139" region="North West" stationName="Liverpool" ngr="SJ32499525">
		<SetofValues parameter="Water Level" qualifier="Tidal Level" dataType="Mean" period="15 min" units="mAOD" startDate="2016-02-12" startTime="13:30:00" endDate="2016-02-12" endTime="13:45:00">
			<Value date="2016-02-12" time="13:30:00">5.170</Value>
			<Value date="2016-02-12" time="13:45:00">5.138</Value>
		</SetofValues>
	</Station>
	<Station stationReference="713119_TEMP" region="North West" stationName="Harrison Street" ngr="SD67752767">
		<SetofValues parameter="Water Level" qualifier="Stage" dataType="Instantaneous" period="15 min" units="m" startDate="2016-02-11" startTime="14:00:00" endDate="2016-02-12" endTime="04:30:00">
			<Value date="2016-02-11" time="14:00:00">0.011</Value>
			<Value date="2016-02-11" time="14:15:00">0.012</Value>
			<Value date="2016-02-11" time="14:30:00">0.012</Value>
			<Value date="2016-02-11" time="14:45:00">0.011</Value>
			<Value date="2016-02-11" time="15:00:00">0.012</Value>
			<Value date="2016-02-11" time="15:15:00">0.012</Value>
			<Value date="2016-02-11" time="15:30:00">0.010</Value>
			<Value date="2016-02-11" time="15:45:00">0.012</Value>
			<Value date="2016-02-11" time="16:00:00">0.011</Value>
			<Value date="2016-02-11" time="16:15:00">0.011</Value>
			<Value date="2016-02-11" time="16:30:00">0.011</Value>
			<Value date="2016-02-11" time="16:45:00">0.010</Value>
			<Value date="2016-02-11" time="17:00:00">0.010</Value>
			<Value date="2016-02-11" time="17:15:00">0.010</Value>
			<Value date="2016-02-11" time="17:30:00">0.009</Value>
			<Value date="2016-02-11" time="17:45:00">0.010</Value>
			<Value date="2016-02-11" time="18:00:00">0.010</Value>
			<Value date="2016-02-11" time="18:15:00">0.009</Value>
			<Value date="2016-02-11" time="18:30:00">0.008</Value>
			<Value date="2016-02-11" time="18:45:00">0.008</Value>
			<Value date="2016-02-11" time="19:00:00">0.008</Value>
			<Value date="2016-02-11" time="19:15:00">0.008</Value>
			<Value date="2016-02-11" time="19:30:00">0.007</Value>
			<Value date="2016-02-11" time="19:45:00">0.007</Value>
			<Value date="2016-02-11" time="20:00:00">0.007</Value>
			<Value date="2016-02-11" time="20:15:00">0.006</Value>
			<Value date="2016-02-11" time="20:30:00">0.006</Value>
			<Value date="2016-02-11" time="20:45:00">0.006</Value>
			<Value date="2016-02-11" time="21:00:00">0.006</Value>
			<Value date="2016-02-11" time="21:15:00">0.005</Value>
			<Value date="2016-02-11" time="21:30:00">0.005</Value>
			<Value date="2016-02-11" time="21:45:00">0.005</Value>
			<Value date="2016-02-11" time="22:00:00">0.005</Value>
			<Value date="2016-02-11" time="22:15:00">0.005</Value>
			<Value date="2016-02-11" time="22:30:00">0.004</Value>
			<Value date="2016-02-11" time="22:45:00">0.004</Value>
			<Value date="2016-02-11" time="23:00:00">0.004</Value>
			<Value date="2016-02-11" time="23:15:00">0.004</Value>
			<Value date="2016-02-11" time="23:30:00">0.004</Value>
			<Value date="2016-02-11" time="23:45:00">0.004</Value>
			<Value date="2016-02-12" time="00:00:00">0.003</Value>
			<Value date="2016-02-12" time="00:15:00">0.004</Value>
			<Value date="2016-02-12" time="00:30:00">0.003</Value>
			<Value date="2016-02-12" time="00:45:00">0.003</Value>
			<Value date="2016-02-12" time="01:00:00">0.003</Value>
			<Value date="2016-02-12" time="01:15:00">0.004</Value>
			<Value date="2016-02-12" time="01:30:00">0.003</Value>
			<Value date="2016-02-12" time="01:45:00">0.004</Value>
			<Value date="2016-02-12" time="02:00:00">0.003</Value>
			<Value date="2016-02-12" time="02:15:00">0.002</Value>
			<Value date="2016-02-12" time="02:30:00">0.002</Value>
			<Value date="2016-02-12" time="02:45:00">0.003</Value>
			<Value date="2016-02-12" time="03:00:00">0.003</Value>
			<Value date="2016-02-12" time="03:15:00">0.002</Value>
			<Value date="2016-02-12" time="03:30:00">0.002</Value>
			<Value date="2016-02-12" time="03:45:00">0.001</Value>
			<Value date="2016-02-12" time="04:00:00">0.001</Value>
			<Value date="2016-02-12" time="04:15:00">0.001</Value>
			<Value date="2016-02-12" time="04:30:00">0.000</Value>
		</SetofValues>
	</Station>
</EATimeSeriesDataExchangeFormat>
