<?xml version="1.0" standalone="yes"?>
<EATimeSeriesDataExchangeFormat xmlns="http://www.environment-agency.gov.uk/XMLSchemas/EATimeSeriesDataExchangeFormat" xmlns:md="http://www.environment-agency.gov.uk/XMLSchemas/EAMetadataFormat" xmlns:xsi="http://www.w3.org/2001/XMLSchema-instance" xsi:schemaLocation="http://www.environment-agency.gov.uk/XMLSchemas/EATimeSeriesDataExchangeFormat EATimeSeriesDataExchangeFormat.xsd">
	<md:Publisher>Environment Agency</md:Publisher>
	<md:Source>North West Regional Telemetry System</md:Source>
	<md:Description>Automated telemetry data export process</md:Description>
	<md:Creator>SCX 6</md:Creator>
	<md:Date>2016-02-12</md:Date>
	<md:Time>12:06:59</md:Time>
	<md:Identifier>NWRFHSCXAS1</md:Identifier>
	<Station stationReference="720101" region="North West" stationName="Abbeystead" ngr="SD55695384">
		<SetofValues parameter="Water Level" qualifier="Stage" dataType="Instantaneous" period="15 min" units="m" startDate="2016-02-12" startTime="09:30:00" endDate="2016-02-12" endTime="12:00:00">
			<Value date="2016-02-12" time="09:30:00">0.088</Value>
			<Value date="2016-02-12" time="09:45:00">0.088</Value>
			<Value date="2016-02-12" time="10:00:00">0.085</Value>
			<Value date="2016-02-12" time="10:15:00">0.086</Value>
			<Value date="2016-02-12" time="10:30:00">0.088</Value>
			<Value date="2016-02-12" time="10:45:00">0.087</Value>
			<Value date="2016-02-12" time="11:00:00">0.087</Value>
			<Value date="2016-02-12" time="11:15:00">0.088</Value>
			<Value date="2016-02-12" time="11:30:00">0.087</Value>
			<Value date="2016-02-12" time="11:45:00">0.086</Value>
			<Value date="2016-02-12" time="12:00:00">0.086</Value>
		</SetofValues>
	</Station>
	<Station stationReference="577805" region="North West" stationName="Abbeystead" ngr="SD555539">
		<SetofValues parameter="Rainfall" qualifier="Tipping Bucket Raingauge" dataType="Total" period="15 min" units="mm" startDate="2016-02-12" startTime="09:30:00" endDate="2016-02-12" endTime="12:00:00">
			<Value date="2016-02-12" time="09:30:00">0.0</Value>
			<Value date="2016-02-12" time="09:45:00">0.0</Value>
			<Value date="2016-02-12" time="10:00:00">0.0</Value>
			<Value date="2016-02-12" time="10:15:00">0.0</Value>
			<Value date="2016-02-12" time="10:30:00">0.0</Value>
			<Value date="2016-02-12" time="10:45:00">0.0</Value>
			<Value date="2016-02-12" time="11:00:00">0.0</Value>
			<Value date="2016-02-12" time="11:15:00">0.0</Value>
			<Value date="2016-02-12" time="11:30:00">0.0</Value>
			<Value date="2016-02-12" time="11:45:00">0.0</Value>
			<Value date="2016-02-12" time="12:00:00">0.0</Value>
		</SetofValues>
	</Station>
</EATimeSeriesDataExchangeFormat>
