<?xml version="1.0" standalone="yes"?>
<EATimeSeriesDataExchangeFormat xmlns="http://www.environment-agency.gov.uk/XMLSchemas/EATimeSeriesDataExchangeFormat" xmlns:md="http://www.environment-agency.gov.uk/XMLSchemas/EAMetadataFormat" xmlns:xsi="http://www.w3.org/2001/XMLSchema-instance" xsi:schemaLocation="http://www.environment-agency.gov.uk/XMLSchemas/EATimeSeriesDataExchangeFormat EATimeSeriesDataExchangeFormat.xsd">
	<md:Publisher>Environment Agency</md:Publisher>
	<md:Source>North West Regional Telemetry System</md:Source>
	<md:Description>Automated telemetry data export process</md:Description>
	<md:Creator>SCX 6</md:Creator>
	<md:Date>2016-02-12</md:Date>
	<md:Time>13:49:29</md:Time>
	<md:Identifier>NWRFHSCXAS1</md:Identifier>
	<Station stationReference="738360" region="North West" stationName="Butts Beck" ngr="SD2326374446">
		<SetofValues parameter="Water Level" qualifier="Stage" dataType="Instantaneous" period="15 min" units="m" startDate="2016-02-11" startTime="14:00:00" endDate="2016-02-12" endTime="04:30:00">
			<Value date="2016-02-11" time="14:00:00">0.017</Value>
			<Value date="2016-02-11" time="14:15:00">0.017</Value>
			<Value date="2016-02-11" time="14:30:00">0.017</Value>
			<Value date="2016-02-11" time="14:45:00">0.018</Value>
			<Value date="2016-02-11" time="15:00:00">0.018</Value>
			<Value date="2016-02-11" time="15:15:00">0.018</Value>
			<Value date="2016-02-11" time="15:30:00">0.017</Value>
			<Value date="2016-02-11" time="15:45:00">0.018</Value>
			<Value date="2016-02-11" time="16:00:00">0.018</Value>
			<Value date="2016-02-11" time="16:15:00">0.018</Value>
			<Value date="2016-02-11" time="16:30:00">0.018</Value>
			<Value date="2016-02-11" time="16:45:00">0.018</Value>
			<Value date="2016-02-11" time="17:00:00">0.018</Value>
			<Value date="2016-02-11" time="17:15:00">0.017</Value>
			<Value date="2016-02-11" time="17:30:00">0.018</Value>
			<Value date="2016-02-11" time="17:45:00">0.017</Value>
			<Value date="2016-02-11" time="18:00:00">0.017</Value>
			<Value date="2016-02-11" time="18:15:00">0.017</Value>
			<Value date="2016-02-11" time="18:30:00">0.017</Value>
			<Value date="2016-02-11" time="18:45:00">0.017</Value>
			<Value date="2016-02-11" time="19:00:00">0.017</Value>
			<Value date="2016-02-11" time="19:15:00">0.016</Value>
			<Value date="2016-02-11" time="19:30:00">0.016</Value>
			<Value date="2016-02-11" time="19:45:00">0.016</Value>
			<Value date="2016-02-11" time="20:00:00">0.016</Value>
			<Value date="2016-02-11" time="20:15:00">0.016</Value>
			<Value date="2016-02-11" time="20:30:00">0.016</Value>
			<Value date="2016-02-11" time="20:45:00">0.016</Value>
			<Value date="2016-02-11" time="21:00:00">0.016</Value>
			<Value date="2016-02-11" time="21:15:00">0.016</Value>
			<Value date="2016-02-11" time="21:30:00">0.016</Value>
			<Value date="2016-02-11" time="21:45:00">0.016</Value>
			<Value date="2016-02-11" time="22:00:00">0.016</Value>
			<Value date="2016-02-11" time="22:15:00">0.016</Value>
			<Value date="2016-02-11" time="22:30:00">0.016</Value>
			<Value date="2016-02-11" time="22:45:00">0.016</Value>
			<Value date="2016-02-11" time="23:00:00">0.016</Value>
			<Value date="2016-02-11" time="23:15:00">0.016</Value>
			<Value date="2016-02-11" time="23:30:00">0.016</Value>
			<Value date="2016-02-11" time="23:45:00">0.016</Value>
			<Value date="2016-02-12" time="00:00:00">0.016</Value>
			<Value date="2016-02-12" time="00:15:00">0.016</Value>
			<Value date="2016-02-12" time="00:30:00">0.016</Value>
			<Value date="2016-02-12" time="00:45:00">0.016</Value>
			<Value date="2016-02-12" time="01:00:00">0.016</Value>
			<Value date="2016-02-12" time="01:15:00">0.016</Value>
			<Value date="2016-02-12" time="01:30:00">0.016</Value>
			<Value date="2016-02-12" time="01:45:00">0.016</Value>
			<Value date="2016-02-12" time="02:00:00">0.016</Value>
			<Value date="2016-02-12" time="02:15:00">0.016</Value>
			<Value date="2016-02-12" time="02:30:00">0.016</Value>
			<Value date="2016-02-12" time="02:45:00">0.016</Value>
			<Value date="2016-02-12" time="03:00:00">0.016</Value>
			<Value date="2016-02-12" time="03:15:00">0.016</Value>
			<Value date="2016-02-12" time="03:30:00">0.016</Value>
			<Value date="2016-02-12" time="03:45:00">0.016</Value>
			<Value date="2016-02-12" time="04:00:00">0.016</Value>
			<Value date="2016-02-12" time="04:15:00">0.016</Value>
			<Value date="2016-02-12" time="04:30:00">0.016</Value>
		</SetofValues>
	</Station>
	<Station stationReference="738345" region="North West" stationName="Bow Bridge" ngr="SD2272873895">
		<SetofValues parameter="Water Level" qualifier="Stage" dataType="Instantaneous" period="15 min" units="m" startDate="2016-02-11" startTime="14:00:00" endDate="2016-02-12" endTime="04:30:00">
			<Value date="2016-02-11" time="14:00:00">0.285</Value>
			<Value date="2016-02-11" time="14:15:00">0.285</Value>
			<Value date="2016-02-11" time="14:30:00">0.285</Value>
			<Value date="2016-02-11" time="14:45:00">0.284</Value>
			<Value date="2016-02-11" time="15:00:00">0.284</Value>
			<Value date="2016-02-11" time="15:15:00">0.285</Value>
			<Value date="2016-02-11" time="15:30:00">0.285</Value>
			<Value date="2016-02-11" time="15:45:00">0.285</Value>
			<Value date="2016-02-11" time="16:00:00">0.284</Value>
			<Value date="2016-02-11" time="16:15:00">0.282</Value>
			<Value date="2016-02-11" time="16:30:00">0.284</Value>
			<Value date="2016-02-11" time="16:45:00">0.283</Value>
			<Value date="2016-02-11" time="17:00:00">0.282</Value>
			<Value date="2016-02-11" time="17:15:00">0.281</Value>
			<Value date="2016-02-11" time="17:30:00">0.282</Value>
			<Value date="2016-02-11" time="17:45:00">0.281</Value>
			<Value date="2016-02-11" time="18:00:00">0.281</Value>
			<Value date="2016-02-11" time="18:15:00">0.280</Value>
			<Value date="2016-02-11" time="18:30:00">0.279</Value>
			<Value date="2016-02-11" time="18:45:00">0.281</Value>
			<Value date="2016-02-11" time="19:00:00">0.279</Value>
			<Value date="2016-02-11" time="19:15:00">0.279</Value>
			<Value date="2016-02-11" time="19:30:00">0.278</Value>
			<Value date="2016-02-11" time="19:45:00">0.279</Value>
			<Value date="2016-02-11" time="20:00:00">0.277</Value>
			<Value date="2016-02-11" time="20:15:00">0.280</Value>
			<Value date="2016-02-11" time="20:30:00">0.278</Value>
			<Value date="2016-02-11" time="20:45:00">0.278</Value>
			<Value date="2016-02-11" time="21:00:00">0.277</Value>
			<Value date="2016-02-11" time="21:15:00">0.276</Value>
			<Value date="2016-02-11" time="21:30:00">0.277</Value>
			<Value date="2016-02-11" time="21:45:00">0.278</Value>
			<Value date="2016-02-11" time="22:00:00">0.276</Value>
			<Value date="2016-02-11" time="22:15:00">0.278</Value>
			<Value date="2016-02-11" time="22:30:00">0.276</Value>
			<Value date="2016-02-11" time="22:45:00">0.276</Value>
			<Value date="2016-02-11" time="23:00:00">0.275</Value>
			<Value date="2016-02-11" time="23:15:00">0.275</Value>
			<Value date="2016-02-11" time="23:30:00">0.275</Value>
			<Value date="2016-02-11" time="23:45:00">0.274</Value>
			<Value date="2016-02-12" time="00:00:00">0.276</Value>
			<Value date="2016-02-12" time="00:15:00">0.275</Value>
			<Value date="2016-02-12" time="00:30:00">0.274</Value>
			<Value date="2016-02-12" time="00:45:00">0.276</Value>
			<Value date="2016-02-12" time="01:00:00">0.275</Value>
			<Value date="2016-02-12" time="01:15:00">0.274</Value>
			<Value date="2016-02-12" time="01:30:00">0.273</Value>
			<Value date="2016-02-12" time="01:45:00">0.275</Value>
			<Value date="2016-02-12" time="02:00:00">0.274</Value>
			<Value date="2016-02-12" time="02:15:00">0.272</Value>
			<Value date="2016-02-12" time="02:30:00">0.273</Value>
			<Value date="2016-02-12" time="02:45:00">0.272</Value>
			<Value date="2016-02-12" time="03:00:00">0.273</Value>
			<Value date="2016-02-12" time="03:15:00">0.271</Value>
			<Value date="2016-02-12" time="03:30:00">0.271</Value>
			<Value date="2016-02-12" time="03:45:00">0.272</Value>
			<Value date="2016-02-12" time="04:00:00">0.271</Value>
			<Value date="2016-02-12" time="04:15:00">0.270</Value>
			<Value date="2016-02-12" time="04:30:00">0.271</Value>
		</SetofValues>
	</Station>
	<Station stationReference="736420" region="North West" stationName="Town Beck" ngr="SD2842178554">
		<SetofValues parameter="Water Level" qualifier="Stage" dataType="Instantaneous" period="15 min" units="m" startDate="2016-02-11" startTime="14:00:00" endDate="2016-02-12" endTime="04:30:00">
			<Value date="2016-02-11" time="14:00:00">0.046</Value>
			<Value date="2016-02-11" time="14:15:00">0.046</Value>
			<Value date="2016-02-11" time="14:30:00">0.046</Value>
			<Value date="2016-02-11" time="14:45:00">0.046</Value>
			<Value date="2016-02-11" time="15:00:00">0.046</Value>
			<Value date="2016-02-11" time="15:15:00">0.046</Value>
			<Value date="2016-02-11" time="15:30:00">0.046</Value>
			<Value date="2016-02-11" time="15:45:00">0.046</Value>
			<Value date="2016-02-11" time="16:00:00">0.046</Value>
			<Value date="2016-02-11" time="16:15:00">0.046</Value>
			<Value date="2016-02-11" time="16:30:00">0.046</Value>
			<Value date="2016-02-11" time="16:45:00">0.046</Value>
			<Value date="2016-02-11" time="17:00:00">0.046</Value>
			<Value date="2016-02-11" time="17:15:00">0.046</Value>
			<Value date="2016-02-11" time="17:30:00">0.046</Value>
			<Value date="2016-02-11" time="17:45:00">0.045</Value>
			<Value date="2016-02-11" time="18:00:00">0.045</Value>
			<Value date="2016-02-11" time="18:15:00">0.045</Value>
			<Value date="2016-02-11" time="18:30:00">0.045</Value>
			<Value date="2016-02-11" time="18:45:00">0.045</Value>
			<Value date="2016-02-11" time="19:00:00">0.044</Value>
			<Value date="2016-02-11" time="19:15:00">0.045</Value>
			<Value date="2016-02-11" time="19:30:00">0.045</Value>
			<Value date="2016-02-11" time="19:45:00">0.044</Value>
			<Value date="2016-02-11" time="20:00:00">0.045</Value>
			<Value date="2016-02-11" time="20:15:00">0.045</Value>
			<Value date="2016-02-11" time="20:30:00">0.045</Value>
			<Value date="2016-02-11" time="20:45:00">0.045</Value>
			<Value date="2016-02-11" time="21:00:00">0.045</Value>
			<Value date="2016-02-11" time="21:15:00">0.045</Value>
			<Value date="2016-02-11" time="21:30:00">0.045</Value>
			<Value date="2016-02-11" time="21:45:00">0.045</Value>
			<Value date="2016-02-11" time="22:00:00">0.044</Value>
			<Value date="2016-02-11" time="22:15:00">0.045</Value>
			<Value date="2016-02-11" time="22:30:00">0.044</Value>
			<Value date="2016-02-11" time="22:45:00">0.045</Value>
			<Value date="2016-02-11" time="23:00:00">0.045</Value>
			<Value date="2016-02-11" time="23:15:00">0.045</Value>
			<Value date="2016-02-11" time="23:30:00">0.045</Value>
			<Value date="2016-02-11" time="23:45:00">0.045</Value>
			<Value date="2016-02-12" time="00:00:00">0.045</Value>
			<Value date="2016-02-12" time="00:15:00">0.045</Value>
			<Value date="2016-02-12" time="00:30:00">0.045</Value>
			<Value date="2016-02-12" time="00:45:00">0.046</Value>
			<Value date="2016-02-12" time="01:00:00">0.045</Value>
			<Value date="2016-02-12" time="01:15:00">0.045</Value>
			<Value date="2016-02-12" time="01:30:00">0.045</Value>
			<Value date="2016-02-12" time="01:45:00">0.044</Value>
			<Value date="2016-02-12" time="02:00:00">0.045</Value>
			<Value date="2016-02-12" time="02:15:00">0.044</Value>
			<Value date="2016-02-12" time="02:30:00">0.045</Value>
			<Value date="2016-02-12" time="02:45:00">0.045</Value>
			<Value date="2016-02-12" time="03:00:00">0.045</Value>
			<Value date="2016-02-12" time="03:15:00">0.045</Value>
			<Value date="2016-02-12" time="03:30:00">0.045</Value>
			<Value date="2016-02-12" time="03:45:00">0.045</Value>
			<Value date="2016-02-12" time="04:00:00">0.045</Value>
			<Value date="2016-02-12" time="04:15:00">0.045</Value>
			<Value date="2016-02-12" time="04:30:00">0.045</Value>
		</SetofValues>
	</Station>
	<Station stationReference="693023" region="North West" stationName="Bedford PS" ngr="SD668000">
		<SetofValues parameter="Water Level" qualifier="Stage" dataType="Instantaneous" period="15 min" units="m" startDate="2016-02-12" startTime="13:15:00" endDate="2016-02-12" endTime="13:45:00">
			<Value date="2016-02-12" time="13:15:00">1.605</Value>
			<Value date="2016-02-12" time="13:30:00">1.634</Value>
			<Value date="2016-02-12" time="13:45:00">1.660</Value>
		</SetofValues>
		<SetofValues parameter="Water Level" qualifier="1" dataType="Instantaneous" period="15 min" units="m" startDate="2016-02-12" startTime="13:15:00" endDate="2016-02-12" endTime="13:45:00">
			<Value date="2016-02-12" time="13:15:00">0.166</Value>
			<Value date="2016-02-12" time="13:30:00">0.168</Value>
			<Value date="2016-02-12" time="13:45:00">0.169</Value>
		</SetofValues>
	</Station>
	<Station stationReference="564154" region="North West" stationName="Bedford PS" ngr="SD669002">
		<SetofValues parameter="Rainfall" qualifier="Tipping Bucket Raingauge" dataType="Total" period="15 min" units="mm" startDate="2016-02-12" startTime="13:15:00" endDate="2016-02-12" endTime="13:45:00">
			<Value date="2016-02-12" time="13:15:00">0.0</Value>
			<Value date="2016-02-12" time="13:30:00">0.0</Value>
			<Value date="2016-02-12" time="13:45:00">0.0</Value>
		</SetofValues>
	</Station>
</EATimeSeriesDataExchangeFormat>
