<?xml version="1.0" standalone="yes"?>
<EATimeSeriesDataExchangeFormat xmlns="http://www.environment-agency.gov.uk/XMLSchemas/EATimeSeriesDataExchangeFormat" xmlns:md="http://www.environment-agency.gov.uk/XMLSchemas/EAMetadataFormat" xmlns:xsi="http://www.w3.org/2001/XMLSchema-instance" xsi:schemaLocation="http://www.environment-agency.gov.uk/XMLSchemas/EATimeSeriesDataExchangeFormat EATimeSeriesDataExchangeFormat.xsd">
	<md:Publisher>Environment Agency</md:Publisher>
	<md:Source>North West Regional Telemetry System</md:Source>
	<md:Description>Automated telemetry data export process</md:Description>
	<md:Creator>SCX 6</md:Creator>
	<md:Date>2016-02-12</md:Date>
	<md:Time>15:18:19</md:Time>
	<md:Identifier>NWRFHSCXAS1</md:Identifier>
	<Station stationReference="693132" region="North West" stationName="Partington" ngr="SJ72649047">
		<SetofValues parameter="Water Level" qualifier="Stage" dataType="Instantaneous" period="15 min" units="m" startDate="2016-02-12" startTime="05:00:00" endDate="2016-02-12" endTime="15:15:00">
			<Value date="2016-02-12" time="05:00:00">0.297</Value>
			<Value date="2016-02-12" time="05:15:00">0.296</Value>
			<Value date="2016-02-12" time="05:30:00">0.294</Value>
			<Value date="2016-02-12" time="05:45:00">0.294</Value>
			<Value date="2016-02-12" time="06:00:00">0.293</Value>
			<Value date="2016-02-12" time="06:15:00">0.292</Value>
			<Value date="2016-02-12" time="06:30:00">0.292</Value>
			<Value date="2016-02-12" time="06:45:00">0.291</Value>
			<Value date="2016-02-12" time="07:00:00">0.291</Value>
			<Value date="2016-02-12" time="07:15:00">0.291</Value>
			<Value date="2016-02-12" time="07:30:00">0.291</Value>
			<Value date="2016-02-12" time="07:45:00">0.291</Value>
			<Value date="2016-02-12" time="08:00:00">0.291</Value>
			<Value date="2016-02-12" time="08:15:00">0.292</Value>
			<Value date="2016-02-12" time="08:30:00">0.292</Value>
			<Value date="2016-02-12" time="08:45:00">0.293</Value>
			<Value date="2016-02-12" time="09:00:00">0.295</Value>
			<Value date="2016-02-12" time="09:15:00">0.296</Value>
			<Value date="2016-02-12" time="09:30:00">0.298</Value>
			<Value date="2016-02-12" time="09:45:00">0.301</Value>
			<Value date="2016-02-12" time="10:00:00">0.304</Value>
			<Value date="2016-02-12" time="10:15:00">0.307</Value>
			<Value date="2016-02-12" time="10:30:00">0.310</Value>
			<Value date="2016-02-12" time="10:45:00">0.311</Value>
			<Value date="2016-02-12" time="11:00:00">0.311</Value>
			<Value date="2016-02-12" time="11:15:00">0.310</Value>
			<Value date="2016-02-12" time="11:30:00">0.308</Value>
			<Value date="2016-02-12" time="11:45:00">0.307</Value>
			<Value date="2016-02-12" time="12:00:00">0.307</Value>
			<Value date="2016-02-12" time="12:15:00">0.307</Value>
			<Value date="2016-02-12" time="12:30:00">0.307</Value>
			<Value date="2016-02-12" time="12:45:00">0.307</Value>
			<Value date="2016-02-12" time="13:00:00">0.308</Value>
			<Value date="2016-02-12" time="13:15:00">0.309</Value>
			<Value date="2016-02-12" time="13:30:00">0.309</Value>
			<Value date="2016-02-12" time="13:45:00">0.308</Value>
			<Value date="2016-02-12" time="14:00:00">0.308</Value>
			<Value date="2016-02-12" time="14:15:00">0.307</Value>
			<Value date="2016-02-12" time="14:30:00">0.304</Value>
			<Value date="2016-02-12" time="14:45:00">0.302</Value>
			<Value date="2016-02-12" time="15:00:00">0.303</Value>
			<Value date="2016-02-12" time="15:15:00">0.304</Value>
		</SetofValues>
	</Station>
	<Station stationReference="692800" region="North West" stationName="Mauldeth Road" ngr="SJ83109350">
		<SetofValues parameter="Water Level" qualifier="Downstream Stage" dataType="Instantaneous" period="15 min" units="m" startDate="2016-02-12" startTime="15:15:00" endDate="2016-02-12" endTime="15:15:00">
			<Value date="2016-02-12" time="15:15:00">0.190</Value>
		</SetofValues>
		<SetofValues parameter="Water Level" qualifier="Stage" dataType="Instantaneous" period="15 min" units="m" startDate="2016-02-12" startTime="15:15:00" endDate="2016-02-12" endTime="15:15:00">
			<Value date="2016-02-12" time="15:15:00">0.256</Value>
		</SetofValues>
	</Station>
	<Station stationReference="692726" region="North West" stationName="Ashton Weir" ngr="SJ77249356">
		<SetofValues parameter="Water Level" qualifier="Stage" dataType="Instantaneous" period="15 min" units="m" startDate="2016-02-12" startTime="09:15:00" endDate="2016-02-12" endTime="15:15:00">
			<Value date="2016-02-12" time="09:15:00">0.790</Value>
			<Value date="2016-02-12" time="09:30:00">0.790</Value>
			<Value date="2016-02-12" time="09:45:00">0.789</Value>
			<Value date="2016-02-12" time="10:00:00">0.788</Value>
			<Value date="2016-02-12" time="10:15:00">0.788</Value>
			<Value date="2016-02-12" time="10:30:00">0.788</Value>
			<Value date="2016-02-12" time="10:45:00">0.787</Value>
			<Value date="2016-02-12" time="11:00:00">0.786</Value>
			<Value date="2016-02-12" time="11:15:00">0.786</Value>
			<Value date="2016-02-12" time="11:30:00">0.786</Value>
			<Value date="2016-02-12" time="11:45:00">0.786</Value>
			<Value date="2016-02-12" time="12:00:00">0.786</Value>
			<Value date="2016-02-12" time="12:15:00">0.786</Value>
			<Value date="2016-02-12" time="12:30:00">0.787</Value>
			<Value date="2016-02-12" time="12:45:00">0.787</Value>
			<Value date="2016-02-12" time="13:00:00">0.787</Value>
			<Value date="2016-02-12" time="13:15:00">0.787</Value>
			<Value date="2016-02-12" time="13:30:00">0.786</Value>
			<Value date="2016-02-12" time="13:45:00">0.786</Value>
			<Value date="2016-02-12" time="14:00:00">0.786</Value>
			<Value date="2016-02-12" time="14:15:00">0.785</Value>
			<Value date="2016-02-12" time="14:30:00">0.784</Value>
			<Value date="2016-02-12" time="14:45:00">0.785</Value>
			<Value date="2016-02-12" time="15:00:00">0.784</Value>
			<Value date="2016-02-12" time="15:15:00">0.784</Value>
		</SetofValues>
		<SetofValues parameter="Flow" dataType="Instantaneous" period="15 min" units="m3/s" startDate="2016-02-12" startTime="09:15:00" endDate="2016-02-12" endTime="15:15:00">
			<Value date="2016-02-12" time="09:15:00">21.21</Value>
			<Value date="2016-02-12" time="09:30:00">21.22</Value>
			<Value date="2016-02-12" time="09:45:00">21.12</Value>
			<Value date="2016-02-12" time="10:00:00">21.06</Value>
			<Value date="2016-02-12" time="10:15:00">21.07</Value>
			<Value date="2016-02-12" time="10:30:00">21.01</Value>
			<Value date="2016-02-12" time="10:45:00">20.98</Value>
			<Value date="2016-02-12" time="11:00:00">20.98</Value>
			<Value date="2016-02-12" time="11:15:00">21.01</Value>
			<Value date="2016-02-12" time="11:30:00">21.00</Value>
			<Value date="2016-02-12" time="11:45:00">20.95</Value>
			<Value date="2016-02-12" time="12:00:00">21.01</Value>
			<Value date="2016-02-12" time="12:15:00">21.01</Value>
			<Value date="2016-02-12" time="12:30:00">21.02</Value>
			<Value date="2016-02-12" time="12:45:00">21.04</Value>
			<Value date="2016-02-12" time="13:00:00">21.10</Value>
			<Value date="2016-02-12" time="13:15:00">21.08</Value>
			<Value date="2016-02-12" time="13:30:00">21.03</Value>
			<Value date="2016-02-12" time="13:45:00">21.04</Value>
			<Value date="2016-02-12" time="14:00:00">20.96</Value>
			<Value date="2016-02-12" time="14:15:00">20.96</Value>
			<Value date="2016-02-12" time="14:30:00">20.90</Value>
			<Value date="2016-02-12" time="14:45:00">20.93</Value>
			<Value date="2016-02-12" time="15:00:00">20.91</Value>
			<Value date="2016-02-12" time="15:15:00">20.86</Value>
		</SetofValues>
	</Station>
	<Station stationReference="692421" region="North West" stationName="Broomstairs" ngr="SJ937953">
		<SetofValues parameter="Flow" dataType="Instantaneous" period="15 min" units="m3/s" startDate="2016-02-12" startTime="05:00:00" endDate="2016-02-12" endTime="15:15:00">
			<Value date="2016-02-12" time="05:00:00">4.620</Value>
			<Value date="2016-02-12" time="05:15:00">4.600</Value>
			<Value date="2016-02-12" time="05:30:00">4.590</Value>
			<Value date="2016-02-12" time="05:45:00">4.590</Value>
			<Value date="2016-02-12" time="06:00:00">4.590</Value>
			<Value date="2016-02-12" time="06:15:00">4.560</Value>
			<Value date="2016-02-12" time="06:30:00">4.560</Value>
			<Value date="2016-02-12" time="06:45:00">4.560</Value>
			<Value date="2016-02-12" time="07:00:00">4.570</Value>
			<Value date="2016-02-12" time="07:15:00">4.590</Value>
			<Value date="2016-02-12" time="07:30:00">4.580</Value>
			<Value date="2016-02-12" time="07:45:00">4.580</Value>
			<Value date="2016-02-12" time="08:00:00">4.570</Value>
			<Value date="2016-02-12" time="08:15:00">4.560</Value>
			<Value date="2016-02-12" time="08:30:00">4.540</Value>
			<Value date="2016-02-12" time="08:45:00">4.550</Value>
			<Value date="2016-02-12" time="09:00:00">4.560</Value>
			<Value date="2016-02-12" time="09:15:00">4.560</Value>
			<Value date="2016-02-12" time="09:30:00">4.610</Value>
			<Value date="2016-02-12" time="09:45:00">4.660</Value>
			<Value date="2016-02-12" time="10:00:00">4.720</Value>
			<Value date="2016-02-12" time="10:15:00">4.730</Value>
			<Value date="2016-02-12" time="10:30:00">4.710</Value>
			<Value date="2016-02-12" time="10:45:00">4.720</Value>
			<Value date="2016-02-12" time="11:00:00">4.710</Value>
			<Value date="2016-02-12" time="11:15:00">4.710</Value>
			<Value date="2016-02-12" time="11:30:00">4.720</Value>
			<Value date="2016-02-12" time="11:45:00">4.690</Value>
			<Value date="2016-02-12" time="12:00:00">4.730</Value>
			<Value date="2016-02-12" time="12:15:00">4.730</Value>
			<Value date="2016-02-12" time="12:30:00">4.780</Value>
			<Value date="2016-02-12" time="12:45:00">4.740</Value>
			<Value date="2016-02-12" time="13:00:00">4.720</Value>
			<Value date="2016-02-12" time="13:15:00">4.700</Value>
			<Value date="2016-02-12" time="13:30:00">4.690</Value>
			<Value date="2016-02-12" time="13:45:00">4.680</Value>
			<Value date="2016-02-12" time="14:00:00">4.650</Value>
			<Value date="2016-02-12" time="14:15:00">4.630</Value>
			<Value date="2016-02-12" time="14:30:00">4.640</Value>
			<Value date="2016-02-12" time="14:45:00">4.660</Value>
			<Value date="2016-02-12" time="15:00:00">4.650</Value>
			<Value date="2016-02-12" time="15:15:00">4.600</Value>
		</SetofValues>
		<SetofValues parameter="Water Level" qualifier="1" dataType="Instantaneous" period="15 min" units="m" startDate="2016-02-12" startTime="05:00:00" endDate="2016-02-12" endTime="15:15:00">
			<Value date="2016-02-12" time="05:00:00">0.376</Value>
			<Value date="2016-02-12" time="05:15:00">0.375</Value>
			<Value date="2016-02-12" time="05:30:00">0.375</Value>
			<Value date="2016-02-12" time="05:45:00">0.375</Value>
			<Value date="2016-02-12" time="06:00:00">0.374</Value>
			<Value date="2016-02-12" time="06:15:00">0.373</Value>
			<Value date="2016-02-12" time="06:30:00">0.373</Value>
			<Value date="2016-02-12" time="06:45:00">0.373</Value>
			<Value date="2016-02-12" time="07:00:00">0.373</Value>
			<Value date="2016-02-12" time="07:15:00">0.374</Value>
			<Value date="2016-02-12" time="07:30:00">0.374</Value>
			<Value date="2016-02-12" time="07:45:00">0.374</Value>
			<Value date="2016-02-12" time="08:00:00">0.373</Value>
			<Value date="2016-02-12" time="08:15:00">0.373</Value>
			<Value date="2016-02-12" time="08:30:00">0.373</Value>
			<Value date="2016-02-12" time="08:45:00">0.373</Value>
			<Value date="2016-02-12" time="09:00:00">0.373</Value>
			<Value date="2016-02-12" time="09:15:00">0.374</Value>
			<Value date="2016-02-12" time="09:30:00">0.375</Value>
			<Value date="2016-02-12" time="09:45:00">0.377</Value>
			<Value date="2016-02-12" time="10:00:00">0.379</Value>
			<Value date="2016-02-12" time="10:15:00">0.380</Value>
			<Value date="2016-02-12" time="10:30:00">0.379</Value>
			<Value date="2016-02-12" time="10:45:00">0.379</Value>
			<Value date="2016-02-12" time="11:00:00">0.380</Value>
			<Value date="2016-02-12" time="11:15:00">0.379</Value>
			<Value date="2016-02-12" time="11:30:00">0.380</Value>
			<Value date="2016-02-12" time="11:45:00">0.379</Value>
			<Value date="2016-02-12" time="12:00:00">0.380</Value>
			<Value date="2016-02-12" time="12:15:00">0.381</Value>
			<Value date="2016-02-12" time="12:30:00">0.382</Value>
			<Value date="2016-02-12" time="12:45:00">0.382</Value>
			<Value date="2016-02-12" time="13:00:00">0.380</Value>
			<Value date="2016-02-12" time="13:15:00">0.379</Value>
			<Value date="2016-02-12" time="13:30:00">0.379</Value>
			<Value date="2016-02-12" time="13:45:00">0.379</Value>
			<Value date="2016-02-12" time="14:00:00">0.378</Value>
			<Value date="2016-02-12" time="14:15:00">0.377</Value>
			<Value date="2016-02-12" time="14:30:00">0.377</Value>
			<Value date="2016-02-12" time="14:45:00">0.378</Value>
			<Value date="2016-02-12" time="15:00:00">0.378</Value>
			<Value date="2016-02-12" time="15:15:00">0.376</Value>
		</SetofValues>
	</Station>
	<Station stationReference="692115" region="North West" stationName="Lancashire Chemical Works" ngr="SK02439425">
		<SetofValues parameter="Water Level" qualifier="Stage" dataType="Instantaneous" period="15 min" units="m" startDate="2016-02-12" startTime="05:00:00" endDate="2016-02-12" endTime="15:15:00">
			<Value date="2016-02-12" time="05:00:00">0.164</Value>
			<Value date="2016-02-12" time="05:15:00">0.161</Value>
			<Value date="2016-02-12" time="05:30:00">0.165</Value>
			<Value date="2016-02-12" time="05:45:00">0.161</Value>
			<Value date="2016-02-12" time="06:00:00">0.162</Value>
			<Value date="2016-02-12" time="06:15:00">0.163</Value>
			<Value date="2016-02-12" time="06:30:00">0.161</Value>
			<Value date="2016-02-12" time="06:45:00">0.161</Value>
			<Value date="2016-02-12" time="07:00:00">0.166</Value>
			<Value date="2016-02-12" time="07:15:00">0.162</Value>
			<Value date="2016-02-12" time="07:30:00">0.160</Value>
			<Value date="2016-02-12" time="07:45:00">0.160</Value>
			<Value date="2016-02-12" time="08:00:00">0.163</Value>
			<Value date="2016-02-12" time="08:15:00">0.162</Value>
			<Value date="2016-02-12" time="08:30:00">0.157</Value>
			<Value date="2016-02-12" time="08:45:00">0.161</Value>
			<Value date="2016-02-12" time="09:00:00">0.159</Value>
			<Value date="2016-02-12" time="09:15:00">0.157</Value>
			<Value date="2016-02-12" time="09:30:00">0.160</Value>
			<Value date="2016-02-12" time="09:45:00">0.159</Value>
			<Value date="2016-02-12" time="10:00:00">0.156</Value>
			<Value date="2016-02-12" time="10:15:00">0.162</Value>
			<Value date="2016-02-12" time="10:30:00">0.158</Value>
			<Value date="2016-02-12" time="10:45:00">0.156</Value>
			<Value date="2016-02-12" time="11:00:00">0.161</Value>
			<Value date="2016-02-12" time="11:15:00">0.157</Value>
			<Value date="2016-02-12" time="11:30:00">0.158</Value>
			<Value date="2016-02-12" time="11:45:00">0.156</Value>
			<Value date="2016-02-12" time="12:00:00">0.157</Value>
			<Value date="2016-02-12" time="12:15:00">0.155</Value>
			<Value date="2016-02-12" time="12:30:00">0.158</Value>
			<Value date="2016-02-12" time="12:45:00">0.157</Value>
			<Value date="2016-02-12" time="13:00:00">0.154</Value>
			<Value date="2016-02-12" time="13:15:00">0.157</Value>
			<Value date="2016-02-12" time="13:30:00">0.156</Value>
			<Value date="2016-02-12" time="13:45:00">0.158</Value>
			<Value date="2016-02-12" time="14:00:00">0.152</Value>
			<Value date="2016-02-12" time="14:15:00">0.157</Value>
			<Value date="2016-02-12" time="14:30:00">0.148</Value>
			<Value date="2016-02-12" time="14:45:00">0.157</Value>
			<Value date="2016-02-12" time="15:00:00">0.153</Value>
			<Value date="2016-02-12" time="15:15:00">0.157</Value>
		</SetofValues>
	</Station>
	<Station stationReference="682223" region="North West" stationName="Pickerings Cut" ngr="SJ57567625">
		<SetofValues parameter="Water Level" qualifier="Stage" dataType="Instantaneous" period="15 min" units="m" startDate="2016-02-12" startTime="05:00:00" endDate="2016-02-12" endTime="15:15:00">
			<Value date="2016-02-12" time="05:00:00">4.761</Value>
			<Value date="2016-02-12" time="05:15:00">4.761</Value>
			<Value date="2016-02-12" time="05:30:00">4.754</Value>
			<Value date="2016-02-12" time="05:45:00">4.749</Value>
			<Value date="2016-02-12" time="06:00:00">4.742</Value>
			<Value date="2016-02-12" time="06:15:00">4.739</Value>
			<Value date="2016-02-12" time="06:30:00">4.739</Value>
			<Value date="2016-02-12" time="06:45:00">4.727</Value>
			<Value date="2016-02-12" time="07:00:00">4.724</Value>
			<Value date="2016-02-12" time="07:15:00">4.724</Value>
			<Value date="2016-02-12" time="07:30:00">4.723</Value>
			<Value date="2016-02-12" time="07:45:00">4.723</Value>
			<Value date="2016-02-12" time="08:00:00">4.720</Value>
			<Value date="2016-02-12" time="08:15:00">4.721</Value>
			<Value date="2016-02-12" time="08:30:00">4.719</Value>
			<Value date="2016-02-12" time="08:45:00">4.717</Value>
			<Value date="2016-02-12" time="09:00:00">4.715</Value>
			<Value date="2016-02-12" time="09:15:00">4.715</Value>
			<Value date="2016-02-12" time="09:30:00">4.716</Value>
			<Value date="2016-02-12" time="09:45:00">4.716</Value>
			<Value date="2016-02-12" time="10:00:00">4.715</Value>
			<Value date="2016-02-12" time="10:15:00">4.717</Value>
			<Value date="2016-02-12" time="10:30:00">4.721</Value>
			<Value date="2016-02-12" time="10:45:00">4.719</Value>
			<Value date="2016-02-12" time="11:00:00">4.723</Value>
			<Value date="2016-02-12" time="11:15:00">4.724</Value>
			<Value date="2016-02-12" time="11:30:00">4.722</Value>
			<Value date="2016-02-12" time="11:45:00">4.720</Value>
			<Value date="2016-02-12" time="12:00:00">4.717</Value>
			<Value date="2016-02-12" time="12:15:00">4.719</Value>
			<Value date="2016-02-12" time="12:30:00">4.715</Value>
			<Value date="2016-02-12" time="12:45:00">4.701</Value>
			<Value date="2016-02-12" time="13:00:00">4.697</Value>
			<Value date="2016-02-12" time="13:15:00">4.691</Value>
			<Value date="2016-02-12" time="13:30:00">4.690</Value>
			<Value date="2016-02-12" time="13:45:00">4.688</Value>
			<Value date="2016-02-12" time="14:00:00">4.675</Value>
			<Value date="2016-02-12" time="14:15:00">4.667</Value>
			<Value date="2016-02-12" time="14:30:00">4.663</Value>
			<Value date="2016-02-12" time="14:45:00">4.668</Value>
			<Value date="2016-02-12" time="15:00:00">4.673</Value>
			<Value date="2016-02-12" time="15:15:00">4.669</Value>
		</SetofValues>
	</Station>
	<Station stationReference="560557" region="North West" stationName="Sale Depot RG" ngr="SJ766927">
		<SetofValues parameter="Rainfall" qualifier="Tipping Bucket Raingauge" dataType="Total" period="15 min" units="mm" startDate="2016-02-12" startTime="05:00:00" endDate="2016-02-12" endTime="15:15:00">
			<Value date="2016-02-12" time="05:00:00">0.0</Value>
			<Value date="2016-02-12" time="05:15:00">0.0</Value>
			<Value date="2016-02-12" time="05:30:00">0.0</Value>
			<Value date="2016-02-12" time="05:45:00">0.0</Value>
			<Value date="2016-02-12" time="06:00:00">0.0</Value>
			<Value date="2016-02-12" time="06:15:00">0.0</Value>
			<Value date="2016-02-12" time="06:30:00">0.0</Value>
			<Value date="2016-02-12" time="06:45:00">0.0</Value>
			<Value date="2016-02-12" time="07:00:00">0.0</Value>
			<Value date="2016-02-12" time="07:15:00">0.0</Value>
			<Value date="2016-02-12" time="07:30:00">0.0</Value>
			<Value date="2016-02-12" time="07:45:00">0.0</Value>
			<Value date="2016-02-12" time="08:00:00">0.0</Value>
			<Value date="2016-02-12" time="08:15:00">0.0</Value>
			<Value date="2016-02-12" time="08:30:00">0.0</Value>
			<Value date="2016-02-12" time="08:45:00">0.0</Value>
			<Value date="2016-02-12" time="09:00:00">0.0</Value>
			<Value date="2016-02-12" time="09:15:00">0.0</Value>
			<Value date="2016-02-12" time="09:30:00">0.0</Value>
			<Value date="2016-02-12" time="09:45:00">0.0</Value>
			<Value date="2016-02-12" time="10:00:00">0.0</Value>
			<Value date="2016-02-12" time="10:15:00">0.0</Value>
			<Value date="2016-02-12" time="10:30:00">0.0</Value>
			<Value date="2016-02-12" time="10:45:00">0.0</Value>
			<Value date="2016-02-12" time="11:00:00">0.0</Value>
			<Value date="2016-02-12" time="11:15:00">0.0</Value>
			<Value date="2016-02-12" time="11:30:00">0.0</Value>
			<Value date="2016-02-12" time="11:45:00">0.0</Value>
			<Value date="2016-02-12" time="12:00:00">0.0</Value>
			<Value date="2016-02-12" time="12:15:00">0.0</Value>
			<Value date="2016-02-12" time="12:30:00">0.0</Value>
			<Value date="2016-02-12" time="12:45:00">0.0</Value>
			<Value date="2016-02-12" time="13:00:00">0.0</Value>
			<Value date="2016-02-12" time="13:15:00">0.0</Value>
			<Value date="2016-02-12" time="13:30:00">0.0</Value>
			<Value date="2016-02-12" time="13:45:00">0.0</Value>
			<Value date="2016-02-12" time="14:00:00">0.0</Value>
			<Value date="2016-02-12" time="14:15:00">0.0</Value>
			<Value date="2016-02-12" time="14:30:00">0.0</Value>
			<Value date="2016-02-12" time="14:45:00">0.0</Value>
			<Value date="2016-02-12" time="15:00:00">0.0</Value>
			<Value date="2016-02-12" time="15:15:00">0.0</Value>
		</SetofValues>
	</Station>
	<Station stationReference="552376" region="North West" stationName="Audlem Mere farm" ngr="SJ692410">
		<SetofValues parameter="Rainfall" qualifier="Tipping Bucket Raingauge" dataType="Total" period="15 min" units="mm" startDate="2016-02-12" startTime="05:00:00" endDate="2016-02-12" endTime="15:15:00">
			<Value date="2016-02-12" time="05:00:00">0.0</Value>
			<Value date="2016-02-12" time="05:15:00">0.0</Value>
			<Value date="2016-02-12" time="05:30:00">0.0</Value>
			<Value date="2016-02-12" time="05:45:00">0.0</Value>
			<Value date="2016-02-12" time="06:00:00">0.0</Value>
			<Value date="2016-02-12" time="06:15:00">0.0</Value>
			<Value date="2016-02-12" time="06:30:00">0.0</Value>
			<Value date="2016-02-12" time="06:45:00">0.0</Value>
			<Value date="2016-02-12" time="07:00:00">0.0</Value>
			<Value date="2016-02-12" time="07:15:00">0.0</Value>
			<Value date="2016-02-12" time="07:30:00">0.0</Value>
			<Value date="2016-02-12" time="07:45:00">0.0</Value>
			<Value date="2016-02-12" time="08:00:00">0.0</Value>
			<Value date="2016-02-12" time="08:15:00">0.0</Value>
			<Value date="2016-02-12" time="08:30:00">0.0</Value>
			<Value date="2016-02-12" time="08:45:00">0.0</Value>
			<Value date="2016-02-12" time="09:00:00">0.0</Value>
			<Value date="2016-02-12" time="09:15:00">0.0</Value>
			<Value date="2016-02-12" time="09:30:00">0.0</Value>
			<Value date="2016-02-12" time="09:45:00">0.0</Value>
			<Value date="2016-02-12" time="10:00:00">0.0</Value>
			<Value date="2016-02-12" time="10:15:00">0.0</Value>
			<Value date="2016-02-12" time="10:30:00">0.0</Value>
			<Value date="2016-02-12" time="10:45:00">0.0</Value>
			<Value date="2016-02-12" time="11:00:00">0.0</Value>
			<Value date="2016-02-12" time="11:15:00">0.0</Value>
			<Value date="2016-02-12" time="11:30:00">0.0</Value>
			<Value date="2016-02-12" time="11:45:00">0.0</Value>
			<Value date="2016-02-12" time="12:00:00">0.0</Value>
			<Value date="2016-02-12" time="12:15:00">0.0</Value>
			<Value date="2016-02-12" time="12:30:00">0.0</Value>
			<Value date="2016-02-12" time="12:45:00">0.0</Value>
			<Value date="2016-02-12" time="13:00:00">0.0</Value>
			<Value date="2016-02-12" time="13:15:00">0.0</Value>
			<Value date="2016-02-12" time="13:30:00">0.0</Value>
			<Value date="2016-02-12" time="13:45:00">0.0</Value>
			<Value date="2016-02-12" time="14:00:00">0.0</Value>
			<Value date="2016-02-12" time="14:15:00">0.0</Value>
			<Value date="2016-02-12" time="14:30:00">0.0</Value>
			<Value date="2016-02-12" time="14:45:00">0.0</Value>
			<Value date="2016-02-12" time="15:00:00">0.0</Value>
			<Value date="2016-02-12" time="15:15:00">0.0</Value>
		</SetofValues>
	</Station>
</EATimeSeriesDataExchangeFormat>
