<?xml version="1.0" standalone="yes"?>
<EATimeSeriesDataExchangeFormat xmlns="http://www.environment-agency.gov.uk/XMLSchemas/EATimeSeriesDataExchangeFormat" xmlns:md="http://www.environment-agency.gov.uk/XMLSchemas/EAMetadataFormat" xmlns:xsi="http://www.w3.org/2001/XMLSchema-instance" xsi:schemaLocation="http://www.environment-agency.gov.uk/XMLSchemas/EATimeSeriesDataExchangeFormat EATimeSeriesDataExchangeFormat.xsd">
	<md:Publisher>Environment Agency</md:Publisher>
	<md:Source>EA South East Regional Telemetry System</md:Source>
	<md:Description>Automated telemetry data export process</md:Description>
	<md:Creator>SCX 6</md:Creator>
	<md:Date>2016-02-12</md:Date>
	<md:Time>12:14:16</md:Time>
	<md:Identifier>SEKMHSCXAS1</md:Identifier>
	<Station stationReference="E9520" region="Southern" stationName="ARUNDEL RL" ngr="TQ019070">
		<SetofValues parameter="Water Level" qualifier="Stage" dataType="Instantaneous" period="15 min" units="mAOD" startDate="2016-02-12" startTime="10:45:00" endDate="2016-02-12" endTime="12:00:00">
			<Value date="2016-02-12" time="10:45:00">0.179</Value>
			<Value date="2016-02-12" time="11:00:00">0.299</Value>
			<Value date="2016-02-12" time="11:15:00">0.535</Value>
			<Value date="2016-02-12" time="11:30:00">0.822</Value>
			<Value date="2016-02-12" time="11:45:00">1.042</Value>
			<Value date="2016-02-12" time="12:00:00">1.295</Value>
		</SetofValues>
	</Station>
	<Station stationReference="E12760" region="Southern" stationName="HARESTOCK GWL" ngr="SU4601631273">
		<SetofValues parameter="Water Level" qualifier="Groundwater" dataType="Instantaneous" period="15 min" units="mAOD" startDate="2016-02-12" startTime="12:00:00" endDate="2016-02-12" endTime="12:00:00">
			<Value date="2016-02-12" time="12:00:00">56.221</Value>
		</SetofValues>
	</Station>
</EATimeSeriesDataExchangeFormat>
