<?xml version="1.0" standalone="yes"?>
<EATimeSeriesDataExchangeFormat xmlns="http://www.environment-agency.gov.uk/XMLSchemas/EATimeSeriesDataExchangeFormat" xmlns:md="http://www.environment-agency.gov.uk/XMLSchemas/EAMetadataFormat" xmlns:xsi="http://www.w3.org/2001/XMLSchema-instance" xsi:schemaLocation="http://www.environment-agency.gov.uk/XMLSchemas/EATimeSeriesDataExchangeFormat EATimeSeriesDataExchangeFormat.xsd">
	<md:Publisher>Environment Agency</md:Publisher>
	<md:Source>Leigh Barrier Regional Telemetry System</md:Source>
	<md:Description>Automated telemetry data export process</md:Description>
	<md:Creator>SCX 6</md:Creator>
	<md:Date>2016-02-12</md:Date>
	<md:Time>14:45:08</md:Time>
	<md:Identifier>SETONSCXDG1</md:Identifier>
	<Station stationReference="E15667" region="Southern" stationName="Leigh Barrier Downstream Level" ngr="TQ5658246103">
		<SetofValues parameter="Water Level" qualifier="Downstream Stage" dataType="Instantaneous" period="15 min" units="mAOD" startDate="2016-02-12" startTime="14:45:00" endDate="2016-02-12" endTime="14:45:00">
			<Value date="2016-02-12" time="14:45:00">21.341</Value>
		</SetofValues>
	</Station>
	<Station stationReference="E15611" region="Southern" stationName="Leigh Barrier Upstream Level" ngr="TQ5637246116">
		<SetofValues parameter="Water Level" qualifier="Stage" dataType="Instantaneous" period="15 min" units="mAOD" startDate="2016-02-12" startTime="14:45:00" endDate="2016-02-12" endTime="14:45:00">
			<Value date="2016-02-12" time="14:45:00">24.162</Value>
		</SetofValues>
	</Station>
</EATimeSeriesDataExchangeFormat>
