<?xml version="1.0" standalone="yes"?>
<EATimeSeriesDataExchangeFormat xmlns="http://www.environment-agency.gov.uk/XMLSchemas/EATimeSeriesDataExchangeFormat" xmlns:md="http://www.environment-agency.gov.uk/XMLSchemas/EAMetadataFormat" xmlns:xsi="http://www.w3.org/2001/XMLSchema-instance" xsi:schemaLocation="http://www.environment-agency.gov.uk/XMLSchemas/EATimeSeriesDataExchangeFormat EATimeSeriesDataExchangeFormat.xsd">
	<md:Publisher>Environment Agency</md:Publisher>
	<md:Source>EA South East Regional Telemetry System</md:Source>
	<md:Description>Automated telemetry data export process</md:Description>
	<md:Creator>SCX 6</md:Creator>
	<md:Date>2016-02-12</md:Date>
	<md:Time>13:23:15</md:Time>
	<md:Identifier>SEKMHSCXAS1</md:Identifier>
	<Station stationReference="E9290" region="Southern" stationName="ITCHINGFIELD RF" ngr="TQ122286">
		<SetofValues parameter="Rainfall" qualifier="Tipping Bucket Raingauge" dataType="Total" period="15 min" units="mm" startDate="2016-02-12" startTime="11:30:00" endDate="2016-02-12" endTime="13:15:00">
			<Value date="2016-02-12" time="11:30:00">0.0</Value>
			<Value date="2016-02-12" time="11:45:00">0.0</Value>
			<Value date="2016-02-12" time="12:00:00">0.0</Value>
			<Value date="2016-02-12" time="12:15:00">0.0</Value>
			<Value date="2016-02-12" time="12:30:00">0.0</Value>
			<Value date="2016-02-12" time="12:45:00">0.2</Value>
			<Value date="2016-02-12" time="13:00:00">0.0</Value>
			<Value date="2016-02-12" time="13:15:00">0.0</Value>
		</SetofValues>
	</Station>
	<Station stationReference="E13590" region="Southern" stationName="TESTWOOD RF" ngr="SU328172">
		<SetofValues parameter="Rainfall" qualifier="Tipping Bucket Raingauge" dataType="Total" period="15 min" units="mm" startDate="2016-02-12" startTime="12:30:00" endDate="2016-02-12" endTime="13:15:00">
			<Value date="2016-02-12" time="12:30:00">0.0</Value>
			<Value date="2016-02-12" time="12:45:00">0.0</Value>
			<Value date="2016-02-12" time="13:00:00">0.0</Value>
			<Value date="2016-02-12" time="13:15:00">0.0</Value>
		</SetofValues>
	</Station>
	<Station stationReference="E12560" region="Southern" stationName="WARNFORD RF" ngr="SU622233">
		<SetofValues parameter="Rainfall" qualifier="Tipping Bucket Raingauge" dataType="Total" period="15 min" units="mm" startDate="2016-02-12" startTime="13:00:00" endDate="2016-02-12" endTime="13:15:00">
			<Value date="2016-02-12" time="13:00:00">0.2</Value>
			<Value date="2016-02-12" time="13:15:00">0.2</Value>
		</SetofValues>
	</Station>
	<Station stationReference="E12160" region="Southern" stationName="BISHOPS WALTHAM RF" ngr="SU543161">
		<SetofValues parameter="Rainfall" qualifier="Tipping Bucket Raingauge" dataType="Total" period="15 min" units="mm" startDate="2016-02-12" startTime="09:30:00" endDate="2016-02-12" endTime="13:15:00">
			<Value date="2016-02-12" time="09:30:00">0.0</Value>
			<Value date="2016-02-12" time="09:45:00">0.0</Value>
			<Value date="2016-02-12" time="10:00:00">0.0</Value>
			<Value date="2016-02-12" time="10:15:00">0.0</Value>
			<Value date="2016-02-12" time="10:30:00">0.0</Value>
			<Value date="2016-02-12" time="10:45:00">0.0</Value>
			<Value date="2016-02-12" time="11:00:00">0.0</Value>
			<Value date="2016-02-12" time="11:15:00">0.0</Value>
			<Value date="2016-02-12" time="11:30:00">0.0</Value>
			<Value date="2016-02-12" time="11:45:00">0.0</Value>
			<Value date="2016-02-12" time="12:00:00">0.0</Value>
			<Value date="2016-02-12" time="12:15:00">0.2</Value>
			<Value date="2016-02-12" time="12:30:00">0.0</Value>
			<Value date="2016-02-12" time="12:45:00">0.0</Value>
			<Value date="2016-02-12" time="13:00:00">0.0</Value>
			<Value date="2016-02-12" time="13:15:00">0.0</Value>
		</SetofValues>
	</Station>
	<Station stationReference="E11480" region="Southern" stationName="PORTSWOOD RF" ngr="SU520507">
		<SetofValues parameter="Rainfall" qualifier="Tipping Bucket Raingauge" dataType="Total" period="15 min" units="mm" startDate="2016-02-12" startTime="12:30:00" endDate="2016-02-12" endTime="13:15:00">
			<Value date="2016-02-12" time="12:30:00">0.2</Value>
			<Value date="2016-02-12" time="12:45:00">0.0</Value>
			<Value date="2016-02-12" time="13:00:00">0.0</Value>
			<Value date="2016-02-12" time="13:15:00">0.0</Value>
		</SetofValues>
	</Station>
	<Station stationReference="E11470" region="Southern" stationName="HAVANT RF" ngr="SU711063">
		<SetofValues parameter="Rainfall" qualifier="Tipping Bucket Raingauge" dataType="Total" period="15 min" units="mm" startDate="2016-02-12" startTime="12:45:00" endDate="2016-02-12" endTime="13:15:00">
			<Value date="2016-02-12" time="12:45:00">0.0</Value>
			<Value date="2016-02-12" time="13:00:00">0.0</Value>
			<Value date="2016-02-12" time="13:15:00">0.0</Value>
		</SetofValues>
	</Station>
	<Station stationReference="E11461" region="Southern" stationName="WORLDS END" ngr="SU630118">
		<SetofValues parameter="Rainfall" qualifier="Tipping Bucket Raingauge" dataType="Total" period="15 min" units="mm" startDate="2016-02-12" startTime="13:15:00" endDate="2016-02-12" endTime="13:15:00">
			<Value date="2016-02-12" time="13:15:00">0.0</Value>
		</SetofValues>
	</Station>
	<Station stationReference="E11060" region="Southern" stationName="WESTERGATE RF" ngr="SU939068">
		<SetofValues parameter="Rainfall" qualifier="Tipping Bucket Raingauge" dataType="Total" period="15 min" units="mm" startDate="2016-02-12" startTime="12:30:00" endDate="2016-02-12" endTime="13:15:00">
			<Value date="2016-02-12" time="12:30:00">0.0</Value>
			<Value date="2016-02-12" time="12:45:00">0.0</Value>
			<Value date="2016-02-12" time="13:00:00">0.0</Value>
			<Value date="2016-02-12" time="13:15:00">0.0</Value>
		</SetofValues>
	</Station>
	<Station stationReference="E11050" region="Southern" stationName="SOUTH MUNDHAM RF" ngr="SU881005">
		<SetofValues parameter="Rainfall" qualifier="Tipping Bucket Raingauge" dataType="Total" period="15 min" units="mm" startDate="2016-02-12" startTime="12:30:00" endDate="2016-02-12" endTime="13:15:00">
			<Value date="2016-02-12" time="12:30:00">0.0</Value>
			<Value date="2016-02-12" time="12:45:00">0.0</Value>
			<Value date="2016-02-12" time="13:00:00">0.0</Value>
			<Value date="2016-02-12" time="13:15:00">0.0</Value>
		</SetofValues>
	</Station>
	<Station stationReference="E11040" region="Southern" stationName="WALDERTON RF" ngr="SU787105">
		<SetofValues parameter="Rainfall" qualifier="Tipping Bucket Raingauge" dataType="Total" period="15 min" units="mm" startDate="2016-02-12" startTime="12:30:00" endDate="2016-02-12" endTime="13:15:00">
			<Value date="2016-02-12" time="12:30:00">0.2</Value>
			<Value date="2016-02-12" time="12:45:00">0.0</Value>
			<Value date="2016-02-12" time="13:00:00">0.0</Value>
			<Value date="2016-02-12" time="13:15:00">0.0</Value>
		</SetofValues>
	</Station>
	<Station stationReference="E10389" region="Southern" stationName="IPING MILL GS" ngr="SU852229">
		<SetofValues parameter="Water Level" qualifier="Stage" dataType="Instantaneous" period="15 min" units="mASD" startDate="2016-02-12" startTime="12:30:00" endDate="2016-02-12" endTime="13:15:00">
			<Value date="2016-02-12" time="12:30:00">0.491</Value>
			<Value date="2016-02-12" time="12:45:00">0.492</Value>
			<Value date="2016-02-12" time="13:00:00">0.492</Value>
			<Value date="2016-02-12" time="13:15:00">0.494</Value>
		</SetofValues>
	</Station>
	<Station stationReference="E10370" region="Southern" stationName="IPING MILL RF" ngr="SU852229">
		<SetofValues parameter="Rainfall" qualifier="Tipping Bucket Raingauge" dataType="Total" period="15 min" units="mm" startDate="2016-02-12" startTime="12:30:00" endDate="2016-02-12" endTime="13:15:00">
			<Value date="2016-02-12" time="12:30:00">0.0</Value>
			<Value date="2016-02-12" time="12:45:00">0.2</Value>
			<Value date="2016-02-12" time="13:00:00">0.0</Value>
			<Value date="2016-02-12" time="13:15:00">0.2</Value>
		</SetofValues>
	</Station>
	<Station stationReference="E10140" region="Southern" stationName="KIRDFORD RF" ngr="TQ016259">
		<SetofValues parameter="Rainfall" qualifier="Tipping Bucket Raingauge" dataType="Total" period="15 min" units="mm" startDate="2016-02-12" startTime="11:30:00" endDate="2016-02-12" endTime="13:15:00">
			<Value date="2016-02-12" time="11:30:00">0.0</Value>
			<Value date="2016-02-12" time="11:45:00">0.0</Value>
			<Value date="2016-02-12" time="12:00:00">0.0</Value>
			<Value date="2016-02-12" time="12:15:00">0.0</Value>
			<Value date="2016-02-12" time="12:30:00">0.0</Value>
			<Value date="2016-02-12" time="12:45:00">0.2</Value>
			<Value date="2016-02-12" time="13:00:00">0.0</Value>
			<Value date="2016-02-12" time="13:15:00">0.0</Value>
		</SetofValues>
	</Station>
	<Station stationReference="E10000" region="Southern" stationName="HARDHAM RF" ngr="TQ034178">
		<SetofValues parameter="Rainfall" qualifier="Tipping Bucket Raingauge" dataType="Total" period="15 min" units="mm" startDate="2016-02-12" startTime="12:30:00" endDate="2016-02-12" endTime="13:15:00">
			<Value date="2016-02-12" time="12:30:00">0.0</Value>
			<Value date="2016-02-12" time="12:45:00">0.0</Value>
			<Value date="2016-02-12" time="13:00:00">0.0</Value>
			<Value date="2016-02-12" time="13:15:00">0.0</Value>
		</SetofValues>
	</Station>
	<Station stationReference="2321SO" region="Southern" stationName="Broadwater TBR" ngr="TQ1432905428">
		<SetofValues parameter="Rainfall" qualifier="Tipping Bucket Raingauge" dataType="Total" period="15 min" units="mm" startDate="2016-02-12" startTime="12:30:00" endDate="2016-02-12" endTime="13:15:00">
			<Value date="2016-02-12" time="12:30:00">0.0</Value>
			<Value date="2016-02-12" time="12:45:00">0.0</Value>
			<Value date="2016-02-12" time="13:00:00">0.2</Value>
			<Value date="2016-02-12" time="13:15:00">0.0</Value>
		</SetofValues>
	</Station>
</EATimeSeriesDataExchangeFormat>
