<?xml version="1.0" standalone="yes"?>
<EATimeSeriesDataExchangeFormat xmlns="http://www.environment-agency.gov.uk/XMLSchemas/EATimeSeriesDataExchangeFormat" xmlns:md="http://www.environment-agency.gov.uk/XMLSchemas/EAMetadataFormat" xmlns:xsi="http://www.w3.org/2001/XMLSchema-instance" xsi:schemaLocation="http://www.environment-agency.gov.uk/XMLSchemas/EATimeSeriesDataExchangeFormat EATimeSeriesDataExchangeFormat.xsd">
	<md:Publisher>Environment Agency</md:Publisher>
	<md:Source>EA South East Regional Telemetry System</md:Source>
	<md:Description>Automated telemetry data export process</md:Description>
	<md:Creator>SCX 6</md:Creator>
	<md:Date>2016-02-12</md:Date>
	<md:Time>13:02:06</md:Time>
	<md:Identifier>SEKMHSCXAS1</md:Identifier>
	<Station stationReference="E9660" region="Southern" stationName="STORRINGTON RF" ngr="TQ076155">
		<SetofValues parameter="Rainfall" qualifier="Tipping Bucket Raingauge" dataType="Total" period="15 min" units="mm" startDate="2016-02-12" startTime="12:15:00" endDate="2016-02-12" endTime="13:00:00">
			<Value date="2016-02-12" time="12:15:00">0.1</Value>
			<Value date="2016-02-12" time="12:30:00">0.0</Value>
			<Value date="2016-02-12" time="12:45:00">0.0</Value>
			<Value date="2016-02-12" time="13:00:00">0.0</Value>
		</SetofValues>
	</Station>
	<Station stationReference="E427" region="Southern" stationName="ALLINGTON LOCK RL" ngr="TQ743758">
		<SetofValues parameter="Water Level" qualifier="Stage" dataType="Instantaneous" period="15 min" units="mAOD" startDate="2016-02-12" startTime="12:15:00" endDate="2016-02-12" endTime="13:00:00">
			<Value date="2016-02-12" time="12:15:00">3.940</Value>
			<Value date="2016-02-12" time="12:30:00">3.936</Value>
			<Value date="2016-02-12" time="12:45:00">3.932</Value>
			<Value date="2016-02-12" time="13:00:00">3.928</Value>
		</SetofValues>
	</Station>
	<Station stationReference="E12660" region="Southern" stationName="WOOLSTON TL" ngr="SU4315010251">
		<SetofValues parameter="Water Level" qualifier="Tidal Level" dataType="Instantaneous" period="15 min" units="mAOD" startDate="2016-02-12" startTime="10:45:00" endDate="2016-02-12" endTime="13:00:00">
			<Value date="2016-02-12" time="10:45:00">-0.007</Value>
			<Value date="2016-02-12" time="11:00:00">0.074</Value>
			<Value date="2016-02-12" time="11:15:00">0.250</Value>
			<Value date="2016-02-12" time="11:30:00">0.488</Value>
			<Value date="2016-02-12" time="11:45:00">0.855</Value>
			<Value date="2016-02-12" time="12:00:00">1.218</Value>
			<Value date="2016-02-12" time="12:15:00">1.619</Value>
			<Value date="2016-02-12" time="12:30:00">1.949</Value>
			<Value date="2016-02-12" time="12:45:00">2.198</Value>
			<Value date="2016-02-12" time="13:00:00">2.314</Value>
		</SetofValues>
	</Station>
	<Station stationReference="E11461" region="Southern" stationName="WORLDS END" ngr="SU630118">
		<SetofValues parameter="Rainfall" qualifier="Tipping Bucket Raingauge" dataType="Total" period="15 min" units="mm" startDate="2016-02-12" startTime="12:30:00" endDate="2016-02-12" endTime="13:00:00">
			<Value date="2016-02-12" time="12:30:00">0.0</Value>
			<Value date="2016-02-12" time="12:45:00">0.0</Value>
			<Value date="2016-02-12" time="13:00:00">0.2</Value>
		</SetofValues>
	</Station>
</EATimeSeriesDataExchangeFormat>
