<?xml version="1.0" standalone="yes"?>
<EATimeSeriesDataExchangeFormat xmlns="http://www.environment-agency.gov.uk/XMLSchemas/EATimeSeriesDataExchangeFormat" xmlns:md="http://www.environment-agency.gov.uk/XMLSchemas/EAMetadataFormat" xmlns:xsi="http://www.w3.org/2001/XMLSchema-instance" xsi:schemaLocation="http://www.environment-agency.gov.uk/XMLSchemas/EATimeSeriesDataExchangeFormat EATimeSeriesDataExchangeFormat.xsd">
	<md:Publisher>Environment Agency</md:Publisher>
	<md:Source>EA South East Regional Telemetry System</md:Source>
	<md:Description>Automated telemetry data export process</md:Description>
	<md:Creator>SCX 6</md:Creator>
	<md:Date>2016-02-12</md:Date>
	<md:Time>15:46:57</md:Time>
	<md:Identifier>SEKMHSCXAS1</md:Identifier>
	<Station stationReference="E3403" region="Southern" stationName="LITTLEBOURNE USGS" ngr="TR211575">
		<SetofValues parameter="Flow" dataType="Instantaneous" period="15 min" units="m3/s" startDate="2016-02-12" startTime="10:45:00" endDate="2016-02-12" endTime="15:30:00">
			<Value date="2016-02-12" time="10:45:00">0.825</Value>
			<Value date="2016-02-12" time="11:00:00">0.828</Value>
			<Value date="2016-02-12" time="11:15:00">0.831</Value>
			<Value date="2016-02-12" time="11:30:00">0.833</Value>
			<Value date="2016-02-12" time="11:45:00">0.837</Value>
			<Value date="2016-02-12" time="12:00:00">0.839</Value>
			<Value date="2016-02-12" time="12:15:00">0.842</Value>
			<Value date="2016-02-12" time="12:30:00">0.845</Value>
			<Value date="2016-02-12" time="12:45:00">0.848</Value>
			<Value date="2016-02-12" time="13:00:00">0.850</Value>
			<Value date="2016-02-12" time="13:15:00">0.854</Value>
			<Value date="2016-02-12" time="13:30:00">0.853</Value>
			<Value date="2016-02-12" time="13:45:00">0.856</Value>
			<Value date="2016-02-12" time="14:00:00">0.857</Value>
			<Value date="2016-02-12" time="14:15:00">0.859</Value>
			<Value date="2016-02-12" time="14:30:00">0.862</Value>
			<Value date="2016-02-12" time="14:45:00">0.861</Value>
			<Value date="2016-02-12" time="15:00:00">0.862</Value>
			<Value date="2016-02-12" time="15:15:00">0.861</Value>
			<Value date="2016-02-12" time="15:30:00">0.864</Value>
		</SetofValues>
	</Station>
	<Station stationReference="E3401" region="Southern" stationName="LITTLEBOURNE USGS" ngr="TR211575">
		<SetofValues parameter="Water Level" qualifier="Stage" dataType="Instantaneous" period="15 min" units="mAOD" startDate="2016-02-12" startTime="10:45:00" endDate="2016-02-12" endTime="15:30:00">
			<Value date="2016-02-12" time="10:45:00">9.973</Value>
			<Value date="2016-02-12" time="11:00:00">9.973</Value>
			<Value date="2016-02-12" time="11:15:00">9.975</Value>
			<Value date="2016-02-12" time="11:30:00">9.976</Value>
			<Value date="2016-02-12" time="11:45:00">9.978</Value>
			<Value date="2016-02-12" time="12:00:00">9.978</Value>
			<Value date="2016-02-12" time="12:15:00">9.978</Value>
			<Value date="2016-02-12" time="12:30:00">9.978</Value>
			<Value date="2016-02-12" time="12:45:00">9.980</Value>
			<Value date="2016-02-12" time="13:00:00">9.981</Value>
			<Value date="2016-02-12" time="13:15:00">9.983</Value>
			<Value date="2016-02-12" time="13:30:00">9.984</Value>
			<Value date="2016-02-12" time="13:45:00">9.984</Value>
			<Value date="2016-02-12" time="14:00:00">9.985</Value>
			<Value date="2016-02-12" time="14:15:00">9.985</Value>
			<Value date="2016-02-12" time="14:30:00">9.985</Value>
			<Value date="2016-02-12" time="14:45:00">9.985</Value>
			<Value date="2016-02-12" time="15:00:00">9.986</Value>
			<Value date="2016-02-12" time="15:15:00">9.986</Value>
			<Value date="2016-02-12" time="15:30:00">9.985</Value>
		</SetofValues>
	</Station>
	<Station stationReference="E3400" region="Southern" stationName="LITTLEBOURNE USGS" ngr="TR211575">
		<SetofValues parameter="Water Level" qualifier="Stage" dataType="Instantaneous" period="15 min" units="mAOD" startDate="2016-02-12" startTime="10:45:00" endDate="2016-02-12" endTime="15:30:00">
			<Value date="2016-02-12" time="10:45:00">9.973</Value>
			<Value date="2016-02-12" time="11:00:00">9.973</Value>
			<Value date="2016-02-12" time="11:15:00">9.975</Value>
			<Value date="2016-02-12" time="11:30:00">9.976</Value>
			<Value date="2016-02-12" time="11:45:00">9.978</Value>
			<Value date="2016-02-12" time="12:00:00">9.978</Value>
			<Value date="2016-02-12" time="12:15:00">9.978</Value>
			<Value date="2016-02-12" time="12:30:00">9.978</Value>
			<Value date="2016-02-12" time="12:45:00">9.98</Value>
			<Value date="2016-02-12" time="13:00:00">9.981</Value>
			<Value date="2016-02-12" time="13:15:00">9.983</Value>
			<Value date="2016-02-12" time="13:30:00">9.984</Value>
			<Value date="2016-02-12" time="13:45:00">9.984</Value>
			<Value date="2016-02-12" time="14:00:00">9.985</Value>
			<Value date="2016-02-12" time="14:15:00">9.985</Value>
			<Value date="2016-02-12" time="14:30:00">9.985</Value>
			<Value date="2016-02-12" time="14:45:00">9.985</Value>
			<Value date="2016-02-12" time="15:00:00">9.986</Value>
			<Value date="2016-02-12" time="15:15:00">9.986</Value>
			<Value date="2016-02-12" time="15:30:00">9.985</Value>
		</SetofValues>
	</Station>
</EATimeSeriesDataExchangeFormat>
