<?xml version="1.0" standalone="yes"?>
<EATimeSeriesDataExchangeFormat xmlns="http://www.environment-agency.gov.uk/XMLSchemas/EATimeSeriesDataExchangeFormat" xmlns:md="http://www.environment-agency.gov.uk/XMLSchemas/EAMetadataFormat" xmlns:xsi="http://www.w3.org/2001/XMLSchema-instance" xsi:schemaLocation="http://www.environment-agency.gov.uk/XMLSchemas/EATimeSeriesDataExchangeFormat EATimeSeriesDataExchangeFormat.xsd">
	<md:Publisher>Environment Agency</md:Publisher>
	<md:Source>EA South East Regional Telemetry System</md:Source>
	<md:Description>Automated telemetry data export process</md:Description>
	<md:Creator>SCX 6</md:Creator>
	<md:Date>2016-02-12</md:Date>
	<md:Time>10:08:26</md:Time>
	<md:Identifier>SEKMHSCXAS1</md:Identifier>
	<Station stationReference="E4540" region="Southern" stationName="CHARING RF" ngr="TQ946485">
		<SetofValues parameter="Rainfall" qualifier="Tipping Bucket Raingauge" dataType="Total" period="15 min" units="mm" startDate="2016-02-12" startTime="09:30:00" endDate="2016-02-12" endTime="10:00:00">
			<Value date="2016-02-12" time="09:30:00">0.2</Value>
			<Value date="2016-02-12" time="09:45:00">0.0</Value>
			<Value date="2016-02-12" time="10:00:00">0.0</Value>
		</SetofValues>
	</Station>
	<Station stationReference="E3474" region="Southern" stationName="STOURMOUTH PS" ngr="TR250630">
		<SetofValues parameter="Rainfall" qualifier="Tipping Bucket Raingauge" dataType="Total" period="15 min" units="mm" startDate="2016-02-12" startTime="09:00:00" endDate="2016-02-12" endTime="10:00:00">
			<Value date="2016-02-12" time="09:00:00">0.0</Value>
			<Value date="2016-02-12" time="09:15:00">0.0</Value>
			<Value date="2016-02-12" time="09:30:00">0.0</Value>
			<Value date="2016-02-12" time="09:45:00">0.0</Value>
			<Value date="2016-02-12" time="10:00:00">0.2</Value>
		</SetofValues>
	</Station>
	<Station stationReference="E3471" region="Southern" stationName="STOURMOUTH PS" ngr="TR313597">
		<SetofValues parameter="Water Level" qualifier="Stage" dataType="Instantaneous" period="15 min" units="mAOD" startDate="2016-02-12" startTime="09:00:00" endDate="2016-02-12" endTime="10:00:00">
			<Value date="2016-02-12" time="09:00:00">0.074</Value>
			<Value date="2016-02-12" time="09:15:00">0.122</Value>
			<Value date="2016-02-12" time="09:30:00">0.164</Value>
			<Value date="2016-02-12" time="09:45:00">0.200</Value>
			<Value date="2016-02-12" time="10:00:00">0.233</Value>
		</SetofValues>
	</Station>
	<Station stationReference="E3470" region="Southern" stationName="STOURMOUTH PS" ngr="TR313597">
		<SetofValues parameter="Water Level" qualifier="Downstream Stage" dataType="Instantaneous" period="15 min" units="mAOD" startDate="2016-02-12" startTime="09:00:00" endDate="2016-02-12" endTime="10:00:00">
			<Value date="2016-02-12" time="09:00:00">2.005</Value>
			<Value date="2016-02-12" time="09:15:00">2.004</Value>
			<Value date="2016-02-12" time="09:30:00">2.014</Value>
			<Value date="2016-02-12" time="09:45:00">2.009</Value>
			<Value date="2016-02-12" time="10:00:00">2.002</Value>
		</SetofValues>
	</Station>
</EATimeSeriesDataExchangeFormat>
