<?xml version="1.0" standalone="yes"?>
<EATimeSeriesDataExchangeFormat xmlns="http://www.environment-agency.gov.uk/XMLSchemas/EATimeSeriesDataExchangeFormat" xmlns:md="http://www.environment-agency.gov.uk/XMLSchemas/EAMetadataFormat" xmlns:xsi="http://www.w3.org/2001/XMLSchema-instance" xsi:schemaLocation="http://www.environment-agency.gov.uk/XMLSchemas/EATimeSeriesDataExchangeFormat EATimeSeriesDataExchangeFormat.xsd">
	<md:Publisher>Environment Agency</md:Publisher>
	<md:Source>EA South East Regional Telemetry System</md:Source>
	<md:Description>Automated telemetry data export process</md:Description>
	<md:Creator>SCX 6</md:Creator>
	<md:Date>2016-02-12</md:Date>
	<md:Time>11:38:44</md:Time>
	<md:Identifier>SEKMHSCXAS1</md:Identifier>
	<Station stationReference="E10893" region="Southern" stationName="GRAYLINGWELL GS" ngr="SU8706106451">
		<SetofValues parameter="Water Level" qualifier="Stage" dataType="Instantaneous" period="15 min" units="mASD" startDate="2016-02-12" startTime="04:45:00" endDate="2016-02-12" endTime="11:30:00">
			<Value date="2016-02-12" time="04:45:00">0.484</Value>
			<Value date="2016-02-12" time="05:00:00">0.484</Value>
			<Value date="2016-02-12" time="05:15:00">0.484</Value>
			<Value date="2016-02-12" time="05:30:00">0.483</Value>
			<Value date="2016-02-12" time="05:45:00">0.483</Value>
			<Value date="2016-02-12" time="06:00:00">0.483</Value>
			<Value date="2016-02-12" time="06:15:00">0.483</Value>
			<Value date="2016-02-12" time="06:30:00">0.483</Value>
			<Value date="2016-02-12" time="06:45:00">0.482</Value>
			<Value date="2016-02-12" time="07:00:00">0.482</Value>
			<Value date="2016-02-12" time="07:15:00">0.482</Value>
			<Value date="2016-02-12" time="07:30:00">0.482</Value>
			<Value date="2016-02-12" time="07:45:00">0.482</Value>
			<Value date="2016-02-12" time="08:00:00">0.482</Value>
			<Value date="2016-02-12" time="08:15:00">0.482</Value>
			<Value date="2016-02-12" time="08:30:00">0.482</Value>
			<Value date="2016-02-12" time="08:45:00">0.482</Value>
			<Value date="2016-02-12" time="09:00:00">0.481</Value>
			<Value date="2016-02-12" time="09:15:00">0.481</Value>
			<Value date="2016-02-12" time="09:30:00">0.481</Value>
			<Value date="2016-02-12" time="09:45:00">0.481</Value>
			<Value date="2016-02-12" time="10:00:00">0.481</Value>
			<Value date="2016-02-12" time="10:15:00">0.481</Value>
			<Value date="2016-02-12" time="10:30:00">0.481</Value>
			<Value date="2016-02-12" time="10:45:00">0.480</Value>
			<Value date="2016-02-12" time="11:00:00">0.480</Value>
			<Value date="2016-02-12" time="11:15:00">0.480</Value>
			<Value date="2016-02-12" time="11:30:00">0.480</Value>
		</SetofValues>
	</Station>
</EATimeSeriesDataExchangeFormat>
