<?xml version="1.0" standalone="yes"?>
<EATimeSeriesDataExchangeFormat xmlns="http://www.environment-agency.gov.uk/XMLSchemas/EATimeSeriesDataExchangeFormat" xmlns:md="http://www.environment-agency.gov.uk/XMLSchemas/EAMetadataFormat" xmlns:xsi="http://www.w3.org/2001/XMLSchema-instance" xsi:schemaLocation="http://www.environment-agency.gov.uk/XMLSchemas/EATimeSeriesDataExchangeFormat EATimeSeriesDataExchangeFormat.xsd">
	<md:Publisher>Environment Agency</md:Publisher>
	<md:Source>EA South East Regional Telemetry System</md:Source>
	<md:Description>Automated telemetry data export process</md:Description>
	<md:Creator>SCX 6</md:Creator>
	<md:Date>2016-02-12</md:Date>
	<md:Time>10:44:38</md:Time>
	<md:Identifier>SEKMHSCXAS1</md:Identifier>
	<Station stationReference="E3966" region="Southern" stationName="VAUXHALL BRIDGE GS" ngr="TR166599">
		<SetofValues parameter="Water Level" qualifier="Stage" dataType="Instantaneous" period="15 min" units="mAOD" startDate="2016-02-12" startTime="04:45:00" endDate="2016-02-12" endTime="10:30:00">
			<Value date="2016-02-12" time="04:45:00">2.995</Value>
			<Value date="2016-02-12" time="05:00:00">2.992</Value>
			<Value date="2016-02-12" time="05:15:00">2.994</Value>
			<Value date="2016-02-12" time="05:30:00">2.995</Value>
			<Value date="2016-02-12" time="05:45:00">2.992</Value>
			<Value date="2016-02-12" time="06:00:00">2.992</Value>
			<Value date="2016-02-12" time="06:15:00">2.992</Value>
			<Value date="2016-02-12" time="06:30:00">2.991</Value>
			<Value date="2016-02-12" time="06:45:00">2.991</Value>
			<Value date="2016-02-12" time="07:00:00">2.992</Value>
			<Value date="2016-02-12" time="07:15:00">2.989</Value>
			<Value date="2016-02-12" time="07:30:00">2.991</Value>
			<Value date="2016-02-12" time="07:45:00">2.994</Value>
			<Value date="2016-02-12" time="08:00:00">2.992</Value>
			<Value date="2016-02-12" time="08:15:00">2.994</Value>
			<Value date="2016-02-12" time="08:30:00">2.996</Value>
			<Value date="2016-02-12" time="08:45:00">2.999</Value>
			<Value date="2016-02-12" time="09:00:00">3.001</Value>
			<Value date="2016-02-12" time="09:15:00">2.999</Value>
			<Value date="2016-02-12" time="09:30:00">3.001</Value>
			<Value date="2016-02-12" time="09:45:00">3.002</Value>
			<Value date="2016-02-12" time="10:00:00">3.001</Value>
			<Value date="2016-02-12" time="10:15:00">3.002</Value>
			<Value date="2016-02-12" time="10:30:00">2.999</Value>
		</SetofValues>
	</Station>
	<Station stationReference="E2900" region="Southern" stationName="QUEENBOROUGH GATE TL" ngr="TQ908721">
		<SetofValues parameter="Water Level" qualifier="Tidal Level" dataType="Instantaneous" period="15 min" units="mAOD" startDate="2016-02-12" startTime="04:45:00" endDate="2016-02-12" endTime="10:30:00">
			<Value date="2016-02-12" time="04:45:00">1.457</Value>
			<Value date="2016-02-12" time="05:00:00">1.103</Value>
			<Value date="2016-02-12" time="05:15:00">0.773</Value>
			<Value date="2016-02-12" time="05:30:00">0.419</Value>
			<Value date="2016-02-12" time="05:45:00">0.153</Value>
			<Value date="2016-02-12" time="06:00:00">0.167</Value>
			<Value date="2016-02-12" time="06:15:00">0.182</Value>
			<Value date="2016-02-12" time="06:30:00">0.167</Value>
			<Value date="2016-02-12" time="06:45:00">0.167</Value>
			<Value date="2016-02-12" time="07:00:00">0.158</Value>
			<Value date="2016-02-12" time="07:15:00">0.153</Value>
			<Value date="2016-02-12" time="07:30:00">0.172</Value>
			<Value date="2016-02-12" time="07:45:00">0.163</Value>
			<Value date="2016-02-12" time="08:00:00">0.148</Value>
			<Value date="2016-02-12" time="08:15:00">0.167</Value>
			<Value date="2016-02-12" time="08:30:00">0.143</Value>
			<Value date="2016-02-12" time="08:45:00">0.119</Value>
			<Value date="2016-02-12" time="09:00:00">0.100</Value>
			<Value date="2016-02-12" time="09:15:00">0.119</Value>
			<Value date="2016-02-12" time="09:30:00">0.119</Value>
			<Value date="2016-02-12" time="09:45:00">0.133</Value>
			<Value date="2016-02-12" time="10:00:00">0.143</Value>
			<Value date="2016-02-12" time="10:15:00">0.129</Value>
			<Value date="2016-02-12" time="10:30:00">0.129</Value>
		</SetofValues>
	</Station>
	<Station stationReference="E15230" region="Southern" stationName="WESTERHAM GS" ngr="TQ449540">
		<SetofValues parameter="Water Level" qualifier="Stage" dataType="Instantaneous" period="15 min" units="mAOD" startDate="2016-02-12" startTime="04:45:00" endDate="2016-02-12" endTime="10:30:00">
			<Value date="2016-02-12" time="04:45:00">102.799</Value>
			<Value date="2016-02-12" time="05:00:00">102.799</Value>
			<Value date="2016-02-12" time="05:15:00">102.799</Value>
			<Value date="2016-02-12" time="05:30:00">102.799</Value>
			<Value date="2016-02-12" time="05:45:00">102.799</Value>
			<Value date="2016-02-12" time="06:00:00">102.799</Value>
			<Value date="2016-02-12" time="06:15:00">102.799</Value>
			<Value date="2016-02-12" time="06:30:00">102.799</Value>
			<Value date="2016-02-12" time="06:45:00">102.799</Value>
			<Value date="2016-02-12" time="07:00:00">102.799</Value>
			<Value date="2016-02-12" time="07:15:00">102.799</Value>
			<Value date="2016-02-12" time="07:30:00">102.799</Value>
			<Value date="2016-02-12" time="07:45:00">102.799</Value>
			<Value date="2016-02-12" time="08:00:00">102.799</Value>
			<Value date="2016-02-12" time="08:15:00">102.799</Value>
			<Value date="2016-02-12" time="08:30:00">102.799</Value>
			<Value date="2016-02-12" time="08:45:00">102.799</Value>
			<Value date="2016-02-12" time="09:00:00">102.799</Value>
			<Value date="2016-02-12" time="09:15:00">102.799</Value>
			<Value date="2016-02-12" time="09:30:00">102.799</Value>
			<Value date="2016-02-12" time="09:45:00">102.799</Value>
			<Value date="2016-02-12" time="10:00:00">102.799</Value>
			<Value date="2016-02-12" time="10:15:00">102.799</Value>
			<Value date="2016-02-12" time="10:30:00">102.799</Value>
		</SetofValues>
	</Station>
</EATimeSeriesDataExchangeFormat>
