<?xml version="1.0" standalone="yes"?>
<EATimeSeriesDataExchangeFormat xmlns="http://www.environment-agency.gov.uk/XMLSchemas/EATimeSeriesDataExchangeFormat" xmlns:md="http://www.environment-agency.gov.uk/XMLSchemas/EAMetadataFormat" xmlns:xsi="http://www.w3.org/2001/XMLSchema-instance" xsi:schemaLocation="http://www.environment-agency.gov.uk/XMLSchemas/EATimeSeriesDataExchangeFormat EATimeSeriesDataExchangeFormat.xsd">
	<md:Publisher>Environment Agency</md:Publisher>
	<md:Source>EA South East Regional Telemetry System</md:Source>
	<md:Description>Automated telemetry data export process</md:Description>
	<md:Creator>SCX 6</md:Creator>
	<md:Date>2016-02-12</md:Date>
	<md:Time>14:17:29</md:Time>
	<md:Identifier>SEKMHSCXAS1</md:Identifier>
	<Station stationReference="E9520" region="Southern" stationName="ARUNDEL RL" ngr="TQ019070">
		<SetofValues parameter="Water Level" qualifier="Stage" dataType="Instantaneous" period="15 min" units="mAOD" startDate="2016-02-12" startTime="14:00:00" endDate="2016-02-12" endTime="14:15:00">
			<Value date="2016-02-12" time="14:00:00">2.868</Value>
			<Value date="2016-02-12" time="14:15:00">2.934</Value>
		</SetofValues>
	</Station>
	<Station stationReference="E2500" region="Southern" stationName="GROVE FERRY TL" ngr="TR235632">
		<SetofValues parameter="Water Level" qualifier="Tidal Level" dataType="Instantaneous" period="15 min" units="mAOD" startDate="2016-02-12" startTime="10:45:00" endDate="2016-02-12" endTime="14:15:00">
			<Value date="2016-02-12" time="10:45:00">1.621</Value>
			<Value date="2016-02-12" time="11:00:00">1.613</Value>
			<Value date="2016-02-12" time="11:15:00">1.604</Value>
			<Value date="2016-02-12" time="11:30:00">1.602</Value>
			<Value date="2016-02-12" time="11:45:00">1.596</Value>
			<Value date="2016-02-12" time="12:00:00">1.589</Value>
			<Value date="2016-02-12" time="12:15:00">1.583</Value>
			<Value date="2016-02-12" time="12:30:00">1.572</Value>
			<Value date="2016-02-12" time="12:45:00">1.572</Value>
			<Value date="2016-02-12" time="13:00:00">1.566</Value>
			<Value date="2016-02-12" time="13:15:00">1.560</Value>
			<Value date="2016-02-12" time="13:30:00">1.556</Value>
			<Value date="2016-02-12" time="13:45:00">1.604</Value>
			<Value date="2016-02-12" time="14:00:00">1.691</Value>
			<Value date="2016-02-12" time="14:15:00">1.748</Value>
		</SetofValues>
	</Station>
</EATimeSeriesDataExchangeFormat>
