<?xml version="1.0" standalone="yes"?>
<EATimeSeriesDataExchangeFormat xmlns="http://www.environment-agency.gov.uk/XMLSchemas/EATimeSeriesDataExchangeFormat" xmlns:md="http://www.environment-agency.gov.uk/XMLSchemas/EAMetadataFormat" xmlns:xsi="http://www.w3.org/2001/XMLSchema-instance" xsi:schemaLocation="http://www.environment-agency.gov.uk/XMLSchemas/EATimeSeriesDataExchangeFormat EATimeSeriesDataExchangeFormat.xsd">
	<md:Publisher>Environment Agency</md:Publisher>
	<md:Source>EA South East Regional Telemetry System</md:Source>
	<md:Description>Automated telemetry data export process</md:Description>
	<md:Creator>SCX 6</md:Creator>
	<md:Date>2016-02-12</md:Date>
	<md:Time>14:05:38</md:Time>
	<md:Identifier>SEKMHSCXAS1</md:Identifier>
	<Station stationReference="E9740" region="Southern" stationName="LITTLEHAMPTON TL" ngr="TQ027019">
		<SetofValues parameter="Water Level" qualifier="Stage" dataType="Instantaneous" period="15 min" units="mAOD" startDate="2016-02-12" startTime="13:45:00" endDate="2016-02-12" endTime="14:00:00">
			<Value date="2016-02-12" time="13:45:00">3.121</Value>
			<Value date="2016-02-12" time="14:00:00">3.091</Value>
		</SetofValues>
	</Station>
	<Station stationReference="E1681" region="Southern" stationName="REDGATE MILL RF" ngr="TQ553321">
		<SetofValues parameter="Rainfall" qualifier="Tipping Bucket Raingauge" dataType="Total" period="15 min" units="mm" startDate="2016-02-12" startTime="09:30:00" endDate="2016-02-12" endTime="14:00:00">
			<Value date="2016-02-12" time="09:30:00">0.0</Value>
			<Value date="2016-02-12" time="09:45:00">0.0</Value>
			<Value date="2016-02-12" time="10:00:00">0.0</Value>
			<Value date="2016-02-12" time="10:15:00">0.0</Value>
			<Value date="2016-02-12" time="10:30:00">0.0</Value>
			<Value date="2016-02-12" time="10:45:00">0.0</Value>
			<Value date="2016-02-12" time="11:00:00">0.0</Value>
			<Value date="2016-02-12" time="11:15:00">0.0</Value>
			<Value date="2016-02-12" time="11:30:00">0.0</Value>
			<Value date="2016-02-12" time="11:45:00">0.0</Value>
			<Value date="2016-02-12" time="12:00:00">0.0</Value>
			<Value date="2016-02-12" time="12:15:00">0.0</Value>
			<Value date="2016-02-12" time="12:30:00">0.0</Value>
			<Value date="2016-02-12" time="12:45:00">0.0</Value>
			<Value date="2016-02-12" time="13:00:00">0.0</Value>
			<Value date="2016-02-12" time="13:15:00">0.3</Value>
			<Value date="2016-02-12" time="13:30:00">0.1</Value>
			<Value date="2016-02-12" time="13:45:00">0.0</Value>
			<Value date="2016-02-12" time="14:00:00">0.0</Value>
		</SetofValues>
	</Station>
	<Station stationReference="E14270" region="Southern" stationName="BROCKENHURST GS" ngr="SU317019">
		<SetofValues parameter="Water Level" qualifier="Stage" dataType="Instantaneous" period="15 min" units="mAOD" startDate="2016-02-12" startTime="04:45:00" endDate="2016-02-12" endTime="14:00:00">
			<Value date="2016-02-12" time="04:45:00">6.291</Value>
			<Value date="2016-02-12" time="05:00:00">6.29</Value>
			<Value date="2016-02-12" time="05:15:00">6.29</Value>
			<Value date="2016-02-12" time="05:30:00">6.29</Value>
			<Value date="2016-02-12" time="05:45:00">6.289</Value>
			<Value date="2016-02-12" time="06:00:00">6.289</Value>
			<Value date="2016-02-12" time="06:15:00">6.289</Value>
			<Value date="2016-02-12" time="06:30:00">6.289</Value>
			<Value date="2016-02-12" time="06:45:00">6.288</Value>
			<Value date="2016-02-12" time="07:00:00">6.288</Value>
			<Value date="2016-02-12" time="07:15:00">6.288</Value>
			<Value date="2016-02-12" time="07:30:00">6.288</Value>
			<Value date="2016-02-12" time="07:45:00">6.288</Value>
			<Value date="2016-02-12" time="08:00:00">6.288</Value>
			<Value date="2016-02-12" time="08:15:00">6.288</Value>
			<Value date="2016-02-12" time="08:30:00">6.288</Value>
			<Value date="2016-02-12" time="08:45:00">6.288</Value>
			<Value date="2016-02-12" time="09:00:00">6.288</Value>
			<Value date="2016-02-12" time="09:15:00">6.288</Value>
			<Value date="2016-02-12" time="09:30:00">6.288</Value>
			<Value date="2016-02-12" time="09:45:00">6.288</Value>
			<Value date="2016-02-12" time="10:00:00">6.288</Value>
			<Value date="2016-02-12" time="10:15:00">6.289</Value>
			<Value date="2016-02-12" time="10:30:00">6.289</Value>
			<Value date="2016-02-12" time="10:45:00">6.289</Value>
			<Value date="2016-02-12" time="11:00:00">6.29</Value>
			<Value date="2016-02-12" time="11:15:00">6.29</Value>
			<Value date="2016-02-12" time="11:30:00">6.291</Value>
			<Value date="2016-02-12" time="11:45:00">6.291</Value>
			<Value date="2016-02-12" time="12:00:00">6.292</Value>
			<Value date="2016-02-12" time="12:15:00">6.293</Value>
			<Value date="2016-02-12" time="12:30:00">6.293</Value>
			<Value date="2016-02-12" time="12:45:00">6.294</Value>
			<Value date="2016-02-12" time="13:00:00">6.295</Value>
			<Value date="2016-02-12" time="13:15:00">6.295</Value>
			<Value date="2016-02-12" time="13:30:00">6.296</Value>
			<Value date="2016-02-12" time="13:45:00">6.297</Value>
			<Value date="2016-02-12" time="14:00:00">6.298</Value>
		</SetofValues>
	</Station>
</EATimeSeriesDataExchangeFormat>
