<?xml version="1.0" standalone="yes"?>
<EATimeSeriesDataExchangeFormat xmlns="http://www.environment-agency.gov.uk/XMLSchemas/EATimeSeriesDataExchangeFormat" xmlns:md="http://www.environment-agency.gov.uk/XMLSchemas/EAMetadataFormat" xmlns:xsi="http://www.w3.org/2001/XMLSchema-instance" xsi:schemaLocation="http://www.environment-agency.gov.uk/XMLSchemas/EATimeSeriesDataExchangeFormat EATimeSeriesDataExchangeFormat.xsd">
	<md:Publisher>Environment Agency</md:Publisher>
	<md:Source>EA South East Regional Telemetry System</md:Source>
	<md:Description>Automated telemetry data export process</md:Description>
	<md:Creator>SCX 6</md:Creator>
	<md:Date>2016-02-12</md:Date>
	<md:Time>14:57:46</md:Time>
	<md:Identifier>SEKMHSCXAS1</md:Identifier>
	<Station stationReference="E210" region="Southern" stationName="GRAVESEND TL" ngr="TQ628746">
		<SetofValues parameter="Water Level" qualifier="Stage" dataType="Instantaneous" period="15 min" units="mAOD" startDate="2016-02-12" startTime="10:45:00" endDate="2016-02-12" endTime="14:45:00">
			<Value date="2016-02-12" time="10:45:00">-2.357</Value>
			<Value date="2016-02-12" time="11:00:00">-2.118</Value>
			<Value date="2016-02-12" time="11:15:00">-1.869</Value>
			<Value date="2016-02-12" time="11:30:00">-1.555</Value>
			<Value date="2016-02-12" time="11:45:00">-1.200</Value>
			<Value date="2016-02-12" time="12:00:00">-0.793</Value>
			<Value date="2016-02-12" time="12:15:00">-0.453</Value>
			<Value date="2016-02-12" time="12:30:00">-0.056</Value>
			<Value date="2016-02-12" time="12:45:00">0.302</Value>
			<Value date="2016-02-12" time="13:00:00">0.705</Value>
			<Value date="2016-02-12" time="13:15:00">1.022</Value>
			<Value date="2016-02-12" time="13:30:00">1.366</Value>
			<Value date="2016-02-12" time="13:45:00">1.716</Value>
			<Value date="2016-02-12" time="14:00:00">2.068</Value>
			<Value date="2016-02-12" time="14:15:00">2.418</Value>
			<Value date="2016-02-12" time="14:30:00">2.804</Value>
			<Value date="2016-02-12" time="14:45:00">3.129</Value>
		</SetofValues>
	</Station>
	<Station stationReference="000075TP" region="Southern" stationName="Pease Pottage" ngr="TQ25183316">
		<SetofValues parameter="Rainfall" qualifier="Tipping Bucket Raingauge" dataType="Total" period="15 min" units="mm" startDate="2016-02-12" startTime="14:15:00" endDate="2016-02-12" endTime="14:45:00">
			<Value date="2016-02-12" time="14:15:00">0.0</Value>
			<Value date="2016-02-12" time="14:30:00">0.0</Value>
			<Value date="2016-02-12" time="14:45:00">0.0</Value>
		</SetofValues>
	</Station>
</EATimeSeriesDataExchangeFormat>
