<?xml version="1.0" standalone="yes"?>
<EATimeSeriesDataExchangeFormat xmlns="http://www.environment-agency.gov.uk/XMLSchemas/EATimeSeriesDataExchangeFormat" xmlns:md="http://www.environment-agency.gov.uk/XMLSchemas/EAMetadataFormat" xmlns:xsi="http://www.w3.org/2001/XMLSchema-instance" xsi:schemaLocation="http://www.environment-agency.gov.uk/XMLSchemas/EATimeSeriesDataExchangeFormat EATimeSeriesDataExchangeFormat.xsd">
	<md:Publisher>Environment Agency</md:Publisher>
	<md:Source>EA South East Regional Telemetry System</md:Source>
	<md:Description>Automated telemetry data export process</md:Description>
	<md:Creator>SCX 6</md:Creator>
	<md:Date>2016-02-12</md:Date>
	<md:Time>13:56:13</md:Time>
	<md:Identifier>SEKMHSCXAS1</md:Identifier>
	<Station stationReference="E9900" region="Southern" stationName="NEWBRIDGE RL" ngr="TQ069259">
		<SetofValues parameter="Water Level" qualifier="Stage" dataType="Instantaneous" period="15 min" units="mAOD" startDate="2016-02-08" startTime="07:45:00" endDate="2016-02-12" endTime="13:45:00">
			<Value date="2016-02-08" time="07:45:00">8.657</Value>
			<Value date="2016-02-08" time="08:00:00">5.846</Value>
			<Value date="2016-02-08" time="08:15:00">5.847</Value>
			<Value date="2016-02-08" time="08:30:00">5.848</Value>
			<Value date="2016-02-08" time="08:45:00">5.848</Value>
			<Value date="2016-02-08" time="09:00:00">5.848</Value>
			<Value date="2016-02-08" time="09:15:00">5.848</Value>
			<Value date="2016-02-08" time="09:30:00">5.848</Value>
			<Value date="2016-02-08" time="09:45:00">5.849</Value>
			<Value date="2016-02-08" time="10:00:00">5.849</Value>
			<Value date="2016-02-08" time="10:15:00">5.849</Value>
			<Value date="2016-02-08" time="10:30:00">5.849</Value>
			<Value date="2016-02-08" time="10:45:00">8.967</Value>
			<Value date="2016-02-08" time="11:00:00">8.990</Value>
			<Value date="2016-02-08" time="11:15:00">9.011</Value>
			<Value date="2016-02-08" time="11:30:00">9.033</Value>
			<Value date="2016-02-08" time="11:45:00">9.053</Value>
			<Value date="2016-02-08" time="12:00:00">9.075</Value>
			<Value date="2016-02-08" time="12:15:00">9.096</Value>
			<Value date="2016-02-08" time="12:30:00">9.117</Value>
			<Value date="2016-02-08" time="12:45:00">9.139</Value>
			<Value date="2016-02-08" time="13:00:00">9.161</Value>
			<Value date="2016-02-08" time="13:15:00">9.182</Value>
			<Value date="2016-02-08" time="13:30:00">9.203</Value>
			<Value date="2016-02-08" time="13:45:00">9.224</Value>
			<Value date="2016-02-08" time="14:00:00">9.247</Value>
			<Value date="2016-02-08" time="14:15:00">9.267</Value>
			<Value date="2016-02-08" time="14:30:00">9.288</Value>
			<Value date="2016-02-08" time="14:45:00">9.309</Value>
			<Value date="2016-02-08" time="15:00:00">9.330</Value>
			<Value date="2016-02-08" time="15:15:00">9.352</Value>
			<Value date="2016-02-08" time="15:30:00">9.375</Value>
			<Value date="2016-02-08" time="15:45:00">9.398</Value>
			<Value date="2016-02-08" time="16:00:00">9.420</Value>
			<Value date="2016-02-08" time="16:15:00">9.441</Value>
			<Value date="2016-02-08" time="16:30:00">9.462</Value>
			<Value date="2016-02-08" time="16:45:00">9.482</Value>
			<Value date="2016-02-08" time="17:00:00">9.500</Value>
			<Value date="2016-02-08" time="17:15:00">9.519</Value>
			<Value date="2016-02-08" time="17:30:00">9.537</Value>
			<Value date="2016-02-08" time="17:45:00">9.554</Value>
			<Value date="2016-02-08" time="18:00:00">9.571</Value>
			<Value date="2016-02-08" time="18:15:00">9.588</Value>
			<Value date="2016-02-08" time="18:30:00">9.607</Value>
			<Value date="2016-02-08" time="18:45:00">9.632</Value>
			<Value date="2016-02-08" time="19:00:00">9.653</Value>
			<Value date="2016-02-08" time="19:15:00">9.670</Value>
			<Value date="2016-02-08" time="19:30:00">9.684</Value>
			<Value date="2016-02-08" time="19:45:00">9.696</Value>
			<Value date="2016-02-08" time="20:00:00">9.704</Value>
			<Value date="2016-02-08" time="20:15:00">9.711</Value>
			<Value date="2016-02-08" time="20:30:00">9.715</Value>
			<Value date="2016-02-08" time="20:45:00">9.719</Value>
			<Value date="2016-02-08" time="21:00:00">9.722</Value>
			<Value date="2016-02-08" time="21:15:00">9.723</Value>
			<Value date="2016-02-08" time="21:30:00">9.725</Value>
			<Value date="2016-02-08" time="21:45:00">9.726</Value>
			<Value date="2016-02-08" time="22:00:00">9.726</Value>
			<Value date="2016-02-08" time="22:15:00">9.726</Value>
			<Value date="2016-02-08" time="22:30:00">9.726</Value>
			<Value date="2016-02-08" time="22:45:00">9.726</Value>
			<Value date="2016-02-08" time="23:00:00">9.725</Value>
			<Value date="2016-02-08" time="23:15:00">9.724</Value>
			<Value date="2016-02-08" time="23:30:00">9.723</Value>
			<Value date="2016-02-08" time="23:45:00">9.722</Value>
			<Value date="2016-02-09" time="00:00:00">9.720</Value>
			<Value date="2016-02-09" time="00:15:00">9.719</Value>
			<Value date="2016-02-09" time="00:30:00">9.717</Value>
			<Value date="2016-02-09" time="00:45:00">9.715</Value>
			<Value date="2016-02-09" time="01:00:00">9.713</Value>
			<Value date="2016-02-09" time="01:15:00">9.711</Value>
			<Value date="2016-02-09" time="01:30:00">9.708</Value>
			<Value date="2016-02-09" time="01:45:00">9.706</Value>
			<Value date="2016-02-09" time="02:00:00">9.704</Value>
			<Value date="2016-02-09" time="02:15:00">9.702</Value>
			<Value date="2016-02-09" time="02:30:00">9.699</Value>
			<Value date="2016-02-09" time="02:45:00">9.697</Value>
			<Value date="2016-02-09" time="03:00:00">9.694</Value>
			<Value date="2016-02-09" time="03:15:00">9.691</Value>
			<Value date="2016-02-09" time="03:30:00">9.688</Value>
			<Value date="2016-02-09" time="03:45:00">9.686</Value>
			<Value date="2016-02-09" time="04:00:00">9.683</Value>
			<Value date="2016-02-09" time="04:15:00">9.680</Value>
			<Value date="2016-02-09" time="04:30:00">9.677</Value>
			<Value date="2016-02-09" time="04:45:00">9.674</Value>
			<Value date="2016-02-09" time="05:00:00">9.670</Value>
			<Value date="2016-02-09" time="05:15:00">9.667</Value>
			<Value date="2016-02-09" time="05:30:00">9.664</Value>
			<Value date="2016-02-09" time="05:45:00">9.660</Value>
			<Value date="2016-02-09" time="06:00:00">9.657</Value>
			<Value date="2016-02-09" time="06:15:00">9.653</Value>
			<Value date="2016-02-09" time="06:30:00">9.650</Value>
			<Value date="2016-02-09" time="06:45:00">9.647</Value>
			<Value date="2016-02-09" time="07:00:00">9.643</Value>
			<Value date="2016-02-09" time="07:15:00">9.640</Value>
			<Value date="2016-02-09" time="07:30:00">9.637</Value>
			<Value date="2016-02-09" time="07:45:00">9.633</Value>
			<Value date="2016-02-09" time="08:00:00">9.629</Value>
			<Value date="2016-02-09" time="08:15:00">9.626</Value>
			<Value date="2016-02-09" time="08:30:00">9.622</Value>
			<Value date="2016-02-09" time="08:45:00">9.618</Value>
			<Value date="2016-02-09" time="09:00:00">9.614</Value>
			<Value date="2016-02-09" time="09:15:00">9.609</Value>
			<Value date="2016-02-09" time="09:30:00">9.605</Value>
			<Value date="2016-02-09" time="09:45:00">9.600</Value>
			<Value date="2016-02-09" time="10:00:00">9.595</Value>
			<Value date="2016-02-09" time="10:15:00">9.590</Value>
			<Value date="2016-02-09" time="10:30:00">9.585</Value>
			<Value date="2016-02-09" time="10:45:00">9.579</Value>
			<Value date="2016-02-09" time="11:00:00">9.574</Value>
			<Value date="2016-02-09" time="11:15:00">9.568</Value>
			<Value date="2016-02-09" time="11:30:00">9.562</Value>
			<Value date="2016-02-09" time="11:45:00">9.555</Value>
			<Value date="2016-02-09" time="12:00:00">9.548</Value>
			<Value date="2016-02-09" time="12:15:00">9.541</Value>
			<Value date="2016-02-09" time="12:30:00">9.534</Value>
			<Value date="2016-02-09" time="12:45:00">9.527</Value>
			<Value date="2016-02-09" time="13:00:00">9.519</Value>
			<Value date="2016-02-09" time="13:15:00">9.511</Value>
			<Value date="2016-02-09" time="13:30:00">9.503</Value>
			<Value date="2016-02-09" time="13:45:00">9.494</Value>
			<Value date="2016-02-09" time="14:00:00">9.485</Value>
			<Value date="2016-02-09" time="14:15:00">9.476</Value>
			<Value date="2016-02-09" time="14:30:00">9.466</Value>
			<Value date="2016-02-09" time="14:45:00">9.455</Value>
			<Value date="2016-02-09" time="15:00:00">9.445</Value>
			<Value date="2016-02-09" time="15:15:00">9.434</Value>
			<Value date="2016-02-09" time="15:30:00">9.423</Value>
			<Value date="2016-02-09" time="15:45:00">9.412</Value>
			<Value date="2016-02-09" time="16:00:00">9.402</Value>
			<Value date="2016-02-09" time="16:15:00">9.391</Value>
			<Value date="2016-02-09" time="16:30:00">9.380</Value>
			<Value date="2016-02-09" time="16:45:00">9.368</Value>
			<Value date="2016-02-09" time="17:00:00">9.356</Value>
			<Value date="2016-02-09" time="17:15:00">9.345</Value>
			<Value date="2016-02-09" time="17:30:00">9.333</Value>
			<Value date="2016-02-09" time="17:45:00">9.322</Value>
			<Value date="2016-02-09" time="18:00:00">9.310</Value>
			<Value date="2016-02-09" time="18:15:00">9.299</Value>
			<Value date="2016-02-09" time="18:30:00">9.289</Value>
			<Value date="2016-02-09" time="18:45:00">9.278</Value>
			<Value date="2016-02-09" time="19:00:00">9.268</Value>
			<Value date="2016-02-09" time="19:15:00">9.258</Value>
			<Value date="2016-02-09" time="19:30:00">9.247</Value>
			<Value date="2016-02-09" time="19:45:00">9.236</Value>
			<Value date="2016-02-09" time="20:00:00">9.225</Value>
			<Value date="2016-02-09" time="20:15:00">9.214</Value>
			<Value date="2016-02-09" time="20:30:00">9.203</Value>
			<Value date="2016-02-09" time="20:45:00">9.192</Value>
			<Value date="2016-02-09" time="21:00:00">9.182</Value>
			<Value date="2016-02-09" time="21:15:00">9.171</Value>
			<Value date="2016-02-09" time="21:30:00">9.159</Value>
			<Value date="2016-02-09" time="21:45:00">9.148</Value>
			<Value date="2016-02-09" time="22:00:00">9.136</Value>
			<Value date="2016-02-09" time="22:15:00">9.125</Value>
			<Value date="2016-02-09" time="22:30:00">9.113</Value>
			<Value date="2016-02-09" time="22:45:00">9.101</Value>
			<Value date="2016-02-09" time="23:00:00">9.089</Value>
			<Value date="2016-02-09" time="23:15:00">9.077</Value>
			<Value date="2016-02-09" time="23:30:00">9.065</Value>
			<Value date="2016-02-09" time="23:45:00">9.053</Value>
			<Value date="2016-02-10" time="00:00:00">9.040</Value>
			<Value date="2016-02-10" time="00:15:00">9.027</Value>
			<Value date="2016-02-10" time="00:30:00">9.015</Value>
			<Value date="2016-02-10" time="00:45:00">9.002</Value>
			<Value date="2016-02-10" time="01:00:00">8.989</Value>
			<Value date="2016-02-10" time="01:15:00">8.977</Value>
			<Value date="2016-02-10" time="01:30:00">8.964</Value>
			<Value date="2016-02-10" time="01:45:00">8.952</Value>
			<Value date="2016-02-10" time="02:00:00">8.939</Value>
			<Value date="2016-02-10" time="02:15:00">8.927</Value>
			<Value date="2016-02-10" time="02:30:00">8.913</Value>
			<Value date="2016-02-10" time="02:45:00">8.899</Value>
			<Value date="2016-02-10" time="03:00:00">8.884</Value>
			<Value date="2016-02-10" time="03:15:00">8.868</Value>
			<Value date="2016-02-10" time="03:30:00">8.854</Value>
			<Value date="2016-02-10" time="03:45:00">8.839</Value>
			<Value date="2016-02-10" time="04:00:00">8.824</Value>
			<Value date="2016-02-10" time="04:15:00">8.810</Value>
			<Value date="2016-02-10" time="04:30:00">8.796</Value>
			<Value date="2016-02-10" time="04:45:00">8.782</Value>
			<Value date="2016-02-10" time="05:00:00">8.768</Value>
			<Value date="2016-02-10" time="05:15:00">8.754</Value>
			<Value date="2016-02-10" time="05:30:00">8.741</Value>
			<Value date="2016-02-10" time="05:45:00">8.728</Value>
			<Value date="2016-02-10" time="06:00:00">8.715</Value>
			<Value date="2016-02-10" time="06:15:00">8.702</Value>
			<Value date="2016-02-10" time="06:30:00">8.689</Value>
			<Value date="2016-02-10" time="06:45:00">8.676</Value>
			<Value date="2016-02-10" time="07:00:00">8.663</Value>
			<Value date="2016-02-10" time="07:15:00">8.651</Value>
			<Value date="2016-02-10" time="07:30:00">8.639</Value>
			<Value date="2016-02-10" time="07:45:00">8.627</Value>
			<Value date="2016-02-10" time="08:00:00">8.615</Value>
			<Value date="2016-02-10" time="08:15:00">8.603</Value>
			<Value date="2016-02-10" time="08:30:00">8.592</Value>
			<Value date="2016-02-10" time="08:45:00">8.580</Value>
			<Value date="2016-02-10" time="09:00:00">8.569</Value>
			<Value date="2016-02-10" time="09:15:00">8.558</Value>
			<Value date="2016-02-10" time="09:30:00">8.548</Value>
			<Value date="2016-02-10" time="09:45:00">8.537</Value>
			<Value date="2016-02-10" time="10:00:00">8.526</Value>
			<Value date="2016-02-10" time="10:15:00">8.515</Value>
			<Value date="2016-02-10" time="10:30:00">8.505</Value>
			<Value date="2016-02-10" time="10:45:00">8.494</Value>
			<Value date="2016-02-10" time="11:00:00">8.485</Value>
			<Value date="2016-02-10" time="11:15:00">8.475</Value>
			<Value date="2016-02-10" time="11:30:00">8.466</Value>
			<Value date="2016-02-10" time="11:45:00">8.456</Value>
			<Value date="2016-02-10" time="12:00:00">8.446</Value>
			<Value date="2016-02-10" time="12:15:00">8.436</Value>
			<Value date="2016-02-10" time="12:30:00">8.427</Value>
			<Value date="2016-02-10" time="12:45:00">8.417</Value>
			<Value date="2016-02-10" time="13:00:00">8.407</Value>
			<Value date="2016-02-10" time="13:15:00">8.397</Value>
			<Value date="2016-02-10" time="13:30:00">8.389</Value>
			<Value date="2016-02-10" time="13:45:00">8.378</Value>
			<Value date="2016-02-10" time="14:00:00">8.369</Value>
			<Value date="2016-02-10" time="14:15:00">8.360</Value>
			<Value date="2016-02-10" time="14:30:00">8.351</Value>
			<Value date="2016-02-10" time="14:45:00">8.342</Value>
			<Value date="2016-02-10" time="15:00:00">8.333</Value>
			<Value date="2016-02-10" time="15:15:00">8.324</Value>
			<Value date="2016-02-10" time="15:30:00">8.316</Value>
			<Value date="2016-02-10" time="15:45:00">8.307</Value>
			<Value date="2016-02-10" time="16:00:00">8.299</Value>
			<Value date="2016-02-10" time="16:15:00">8.291</Value>
			<Value date="2016-02-10" time="16:30:00">8.283</Value>
			<Value date="2016-02-10" time="16:45:00">8.275</Value>
			<Value date="2016-02-10" time="17:00:00">8.267</Value>
			<Value date="2016-02-10" time="17:15:00">8.259</Value>
			<Value date="2016-02-10" time="17:30:00">8.251</Value>
			<Value date="2016-02-10" time="17:45:00">8.244</Value>
			<Value date="2016-02-10" time="18:00:00">8.236</Value>
			<Value date="2016-02-10" time="18:15:00">8.229</Value>
			<Value date="2016-02-10" time="18:30:00">8.222</Value>
			<Value date="2016-02-10" time="18:45:00">8.216</Value>
			<Value date="2016-02-10" time="19:00:00">8.208</Value>
			<Value date="2016-02-10" time="19:15:00">8.202</Value>
			<Value date="2016-02-10" time="19:30:00">8.196</Value>
			<Value date="2016-02-10" time="19:45:00">8.189</Value>
			<Value date="2016-02-10" time="20:00:00">8.183</Value>
			<Value date="2016-02-10" time="20:15:00">8.177</Value>
			<Value date="2016-02-10" time="20:30:00">8.171</Value>
			<Value date="2016-02-10" time="20:45:00">8.166</Value>
			<Value date="2016-02-10" time="21:00:00">8.160</Value>
			<Value date="2016-02-10" time="21:15:00">8.154</Value>
			<Value date="2016-02-10" time="21:30:00">8.148</Value>
			<Value date="2016-02-10" time="21:45:00">8.143</Value>
			<Value date="2016-02-10" time="22:00:00">8.137</Value>
			<Value date="2016-02-10" time="22:15:00">8.132</Value>
			<Value date="2016-02-10" time="22:30:00">8.127</Value>
			<Value date="2016-02-10" time="22:45:00">8.121</Value>
			<Value date="2016-02-10" time="23:00:00">8.116</Value>
			<Value date="2016-02-10" time="23:15:00">8.111</Value>
			<Value date="2016-02-10" time="23:30:00">8.106</Value>
			<Value date="2016-02-10" time="23:45:00">8.101</Value>
			<Value date="2016-02-11" time="00:00:00">8.095</Value>
			<Value date="2016-02-11" time="00:15:00">8.090</Value>
			<Value date="2016-02-11" time="00:30:00">8.086</Value>
			<Value date="2016-02-11" time="00:45:00">8.080</Value>
			<Value date="2016-02-11" time="01:00:00">8.076</Value>
			<Value date="2016-02-11" time="01:15:00">8.071</Value>
			<Value date="2016-02-11" time="01:30:00">8.065</Value>
			<Value date="2016-02-11" time="01:45:00">8.061</Value>
			<Value date="2016-02-11" time="02:00:00">8.056</Value>
			<Value date="2016-02-11" time="02:15:00">8.051</Value>
			<Value date="2016-02-11" time="02:30:00">8.046</Value>
			<Value date="2016-02-11" time="02:45:00">8.041</Value>
			<Value date="2016-02-11" time="03:00:00">8.037</Value>
			<Value date="2016-02-11" time="03:15:00">8.032</Value>
			<Value date="2016-02-11" time="03:30:00">8.027</Value>
			<Value date="2016-02-11" time="03:45:00">8.023</Value>
			<Value date="2016-02-11" time="04:00:00">8.018</Value>
			<Value date="2016-02-11" time="04:15:00">8.013</Value>
			<Value date="2016-02-11" time="04:30:00">8.009</Value>
			<Value date="2016-02-11" time="04:45:00">8.004</Value>
			<Value date="2016-02-11" time="05:00:00">8.000</Value>
			<Value date="2016-02-11" time="05:15:00">7.995</Value>
			<Value date="2016-02-11" time="05:30:00">7.991</Value>
			<Value date="2016-02-11" time="05:45:00">7.987</Value>
			<Value date="2016-02-11" time="06:00:00">7.982</Value>
			<Value date="2016-02-11" time="06:15:00">7.978</Value>
			<Value date="2016-02-11" time="06:30:00">7.974</Value>
			<Value date="2016-02-11" time="06:45:00">7.970</Value>
			<Value date="2016-02-11" time="07:00:00">7.966</Value>
			<Value date="2016-02-11" time="07:15:00">7.962</Value>
			<Value date="2016-02-11" time="07:30:00">7.957</Value>
			<Value date="2016-02-11" time="07:45:00">7.953</Value>
			<Value date="2016-02-11" time="08:00:00">7.949</Value>
			<Value date="2016-02-11" time="08:15:00">7.945</Value>
			<Value date="2016-02-11" time="08:30:00">7.941</Value>
			<Value date="2016-02-11" time="08:45:00">7.937</Value>
			<Value date="2016-02-11" time="09:00:00">7.933</Value>
			<Value date="2016-02-11" time="09:15:00">7.930</Value>
			<Value date="2016-02-11" time="09:30:00">7.926</Value>
			<Value date="2016-02-11" time="09:45:00">7.922</Value>
			<Value date="2016-02-11" time="10:00:00">7.918</Value>
			<Value date="2016-02-11" time="10:15:00">7.914</Value>
			<Value date="2016-02-11" time="10:30:00">7.910</Value>
			<Value date="2016-02-11" time="10:45:00">7.906</Value>
			<Value date="2016-02-11" time="11:00:00">7.903</Value>
			<Value date="2016-02-11" time="11:15:00">7.899</Value>
			<Value date="2016-02-11" time="11:30:00">7.895</Value>
			<Value date="2016-02-11" time="11:45:00">7.891</Value>
			<Value date="2016-02-11" time="12:00:00">7.887</Value>
			<Value date="2016-02-11" time="12:15:00">7.883</Value>
			<Value date="2016-02-11" time="12:30:00">7.879</Value>
			<Value date="2016-02-11" time="12:45:00">7.875</Value>
			<Value date="2016-02-11" time="13:00:00">7.871</Value>
			<Value date="2016-02-11" time="13:15:00">7.867</Value>
			<Value date="2016-02-11" time="13:30:00">7.862</Value>
			<Value date="2016-02-11" time="13:45:00">7.858</Value>
			<Value date="2016-02-11" time="14:00:00">7.854</Value>
			<Value date="2016-02-11" time="14:15:00">7.850</Value>
			<Value date="2016-02-11" time="14:30:00">7.847</Value>
			<Value date="2016-02-11" time="14:45:00">7.842</Value>
			<Value date="2016-02-11" time="15:00:00">7.838</Value>
			<Value date="2016-02-11" time="15:15:00">7.834</Value>
			<Value date="2016-02-11" time="15:30:00">7.830</Value>
			<Value date="2016-02-11" time="15:45:00">7.826</Value>
			<Value date="2016-02-11" time="16:00:00">7.823</Value>
			<Value date="2016-02-11" time="16:15:00">7.819</Value>
			<Value date="2016-02-11" time="16:30:00">7.815</Value>
			<Value date="2016-02-11" time="16:45:00">7.811</Value>
			<Value date="2016-02-11" time="17:00:00">7.808</Value>
			<Value date="2016-02-11" time="17:15:00">7.804</Value>
			<Value date="2016-02-11" time="17:30:00">7.800</Value>
			<Value date="2016-02-11" time="17:45:00">7.797</Value>
			<Value date="2016-02-11" time="18:00:00">7.793</Value>
			<Value date="2016-02-11" time="18:15:00">7.790</Value>
			<Value date="2016-02-11" time="18:30:00">7.786</Value>
			<Value date="2016-02-11" time="18:45:00">7.783</Value>
			<Value date="2016-02-11" time="19:00:00">7.780</Value>
			<Value date="2016-02-11" time="19:15:00">7.777</Value>
			<Value date="2016-02-11" time="19:30:00">7.774</Value>
			<Value date="2016-02-11" time="19:45:00">7.772</Value>
			<Value date="2016-02-11" time="20:00:00">7.769</Value>
			<Value date="2016-02-11" time="20:15:00">7.767</Value>
			<Value date="2016-02-11" time="20:30:00">7.764</Value>
			<Value date="2016-02-11" time="20:45:00">7.762</Value>
			<Value date="2016-02-11" time="21:00:00">7.760</Value>
			<Value date="2016-02-11" time="21:15:00">7.758</Value>
			<Value date="2016-02-11" time="21:30:00">7.755</Value>
			<Value date="2016-02-11" time="21:45:00">7.753</Value>
			<Value date="2016-02-11" time="22:00:00">7.751</Value>
			<Value date="2016-02-11" time="22:15:00">7.749</Value>
			<Value date="2016-02-11" time="22:30:00">7.747</Value>
			<Value date="2016-02-11" time="22:45:00">7.745</Value>
			<Value date="2016-02-11" time="23:00:00">7.743</Value>
			<Value date="2016-02-11" time="23:15:00">7.741</Value>
			<Value date="2016-02-11" time="23:30:00">7.739</Value>
			<Value date="2016-02-11" time="23:45:00">7.737</Value>
			<Value date="2016-02-12" time="00:00:00">7.735</Value>
			<Value date="2016-02-12" time="00:15:00">7.733</Value>
			<Value date="2016-02-12" time="00:30:00">7.731</Value>
			<Value date="2016-02-12" time="00:45:00">7.729</Value>
			<Value date="2016-02-12" time="01:00:00">7.726</Value>
			<Value date="2016-02-12" time="01:15:00">7.724</Value>
			<Value date="2016-02-12" time="01:30:00">7.722</Value>
			<Value date="2016-02-12" time="01:45:00">7.720</Value>
			<Value date="2016-02-12" time="02:00:00">7.718</Value>
			<Value date="2016-02-12" time="02:15:00">7.716</Value>
			<Value date="2016-02-12" time="02:30:00">7.714</Value>
			<Value date="2016-02-12" time="02:45:00">7.712</Value>
			<Value date="2016-02-12" time="03:00:00">7.710</Value>
			<Value date="2016-02-12" time="03:15:00">7.708</Value>
			<Value date="2016-02-12" time="03:30:00">7.706</Value>
			<Value date="2016-02-12" time="03:45:00">7.704</Value>
			<Value date="2016-02-12" time="04:00:00">7.702</Value>
			<Value date="2016-02-12" time="04:15:00">7.700</Value>
			<Value date="2016-02-12" time="04:30:00">7.698</Value>
			<Value date="2016-02-12" time="04:45:00">7.696</Value>
			<Value date="2016-02-12" time="05:00:00">7.694</Value>
			<Value date="2016-02-12" time="05:15:00">7.691</Value>
			<Value date="2016-02-12" time="05:30:00">7.689</Value>
			<Value date="2016-02-12" time="05:45:00">7.687</Value>
			<Value date="2016-02-12" time="06:00:00">7.685</Value>
			<Value date="2016-02-12" time="06:15:00">7.683</Value>
			<Value date="2016-02-12" time="06:30:00">7.681</Value>
			<Value date="2016-02-12" time="06:45:00">7.679</Value>
			<Value date="2016-02-12" time="07:00:00">7.677</Value>
			<Value date="2016-02-12" time="07:15:00">7.675</Value>
			<Value date="2016-02-12" time="07:30:00">7.674</Value>
			<Value date="2016-02-12" time="07:45:00">7.672</Value>
			<Value date="2016-02-12" time="08:00:00">7.670</Value>
			<Value date="2016-02-12" time="08:15:00">7.668</Value>
			<Value date="2016-02-12" time="08:30:00">7.666</Value>
			<Value date="2016-02-12" time="08:45:00">7.665</Value>
			<Value date="2016-02-12" time="09:00:00">7.663</Value>
			<Value date="2016-02-12" time="09:15:00">7.661</Value>
			<Value date="2016-02-12" time="09:30:00">7.660</Value>
			<Value date="2016-02-12" time="09:45:00">7.658</Value>
			<Value date="2016-02-12" time="10:00:00">7.657</Value>
			<Value date="2016-02-12" time="10:15:00">7.655</Value>
			<Value date="2016-02-12" time="10:30:00">7.654</Value>
			<Value date="2016-02-12" time="10:45:00">7.653</Value>
			<Value date="2016-02-12" time="11:00:00">7.651</Value>
			<Value date="2016-02-12" time="11:15:00">7.649</Value>
			<Value date="2016-02-12" time="11:30:00">7.648</Value>
			<Value date="2016-02-12" time="11:45:00">7.646</Value>
			<Value date="2016-02-12" time="12:00:00">7.645</Value>
			<Value date="2016-02-12" time="12:15:00">7.644</Value>
			<Value date="2016-02-12" time="12:30:00">7.642</Value>
			<Value date="2016-02-12" time="12:45:00">7.641</Value>
			<Value date="2016-02-12" time="13:00:00">7.639</Value>
			<Value date="2016-02-12" time="13:15:00">7.638</Value>
			<Value date="2016-02-12" time="13:30:00">7.637</Value>
			<Value date="2016-02-12" time="13:45:00">7.638</Value>
		</SetofValues>
	</Station>
	<Station stationReference="1480SO" region="Southern" stationName="Wolverton GWL" ngr="TR2652642726">
		<SetofValues parameter="Water Level" qualifier="Groundwater" dataType="Instantaneous" period="1 h" units="mAOD" startDate="2016-02-12" startTime="06:45:00" endDate="2016-02-12" endTime="13:45:00">
			<Value date="2016-02-12" time="06:45:00">45.008</Value>
			<Value date="2016-02-12" time="07:00:00">45.008</Value>
			<Value date="2016-02-12" time="07:15:00">45.007</Value>
			<Value date="2016-02-12" time="07:30:00">45.007</Value>
			<Value date="2016-02-12" time="07:45:00">45.008</Value>
			<Value date="2016-02-12" time="08:00:00">45.007</Value>
			<Value date="2016-02-12" time="08:15:00">45.007</Value>
			<Value date="2016-02-12" time="08:30:00">45.007</Value>
			<Value date="2016-02-12" time="08:45:00">45.006</Value>
			<Value date="2016-02-12" time="09:00:00">45.006</Value>
			<Value date="2016-02-12" time="09:15:00">45.006</Value>
			<Value date="2016-02-12" time="09:30:00">45.006</Value>
			<Value date="2016-02-12" time="09:45:00">45.006</Value>
			<Value date="2016-02-12" time="10:00:00">45.006</Value>
			<Value date="2016-02-12" time="10:15:00">45.005</Value>
			<Value date="2016-02-12" time="10:30:00">45.005</Value>
			<Value date="2016-02-12" time="10:45:00">45.004</Value>
			<Value date="2016-02-12" time="11:00:00">45.004</Value>
			<Value date="2016-02-12" time="11:15:00">45.004</Value>
			<Value date="2016-02-12" time="11:30:00">45.004</Value>
			<Value date="2016-02-12" time="11:45:00">45.004</Value>
			<Value date="2016-02-12" time="12:00:00">45.004</Value>
			<Value date="2016-02-12" time="12:15:00">45.004</Value>
			<Value date="2016-02-12" time="12:30:00">45.004</Value>
			<Value date="2016-02-12" time="12:45:00">45.004</Value>
			<Value date="2016-02-12" time="13:00:00">45.004</Value>
			<Value date="2016-02-12" time="13:15:00">45.004</Value>
			<Value date="2016-02-12" time="13:30:00">45.004</Value>
			<Value date="2016-02-12" time="13:45:00">45.004</Value>
		</SetofValues>
	</Station>
</EATimeSeriesDataExchangeFormat>
