<?xml version="1.0" standalone="yes"?>
<EATimeSeriesDataExchangeFormat xmlns="http://www.environment-agency.gov.uk/XMLSchemas/EATimeSeriesDataExchangeFormat" xmlns:md="http://www.environment-agency.gov.uk/XMLSchemas/EAMetadataFormat" xmlns:xsi="http://www.w3.org/2001/XMLSchema-instance" xsi:schemaLocation="http://www.environment-agency.gov.uk/XMLSchemas/EATimeSeriesDataExchangeFormat EATimeSeriesDataExchangeFormat.xsd">
	<md:Publisher>Environment Agency</md:Publisher>
	<md:Source>EA South East Regional Telemetry System</md:Source>
	<md:Description>Automated telemetry data export process</md:Description>
	<md:Creator>SCX 6</md:Creator>
	<md:Date>2016-02-12</md:Date>
	<md:Time>14:50:29</md:Time>
	<md:Identifier>SEKMHSCXAS1</md:Identifier>
	<Station stationReference="E10389" region="Southern" stationName="IPING MILL GS" ngr="SU852229">
		<SetofValues parameter="Water Level" qualifier="Stage" dataType="Instantaneous" period="15 min" units="mASD" startDate="2016-02-12" startTime="14:30:00" endDate="2016-02-12" endTime="14:45:00">
			<Value date="2016-02-12" time="14:30:00">0.497</Value>
			<Value date="2016-02-12" time="14:45:00">0.497</Value>
		</SetofValues>
	</Station>
	<Station stationReference="E10370" region="Southern" stationName="IPING MILL RF" ngr="SU852229">
		<SetofValues parameter="Rainfall" qualifier="Tipping Bucket Raingauge" dataType="Total" period="15 min" units="mm" startDate="2016-02-12" startTime="14:30:00" endDate="2016-02-12" endTime="14:45:00">
			<Value date="2016-02-12" time="14:30:00">0.0</Value>
			<Value date="2016-02-12" time="14:45:00">0.2</Value>
		</SetofValues>
	</Station>
</EATimeSeriesDataExchangeFormat>
