<?xml version="1.0" standalone="yes"?>
<EATimeSeriesDataExchangeFormat xmlns="http://www.environment-agency.gov.uk/XMLSchemas/EATimeSeriesDataExchangeFormat" xmlns:md="http://www.environment-agency.gov.uk/XMLSchemas/EAMetadataFormat" xmlns:xsi="http://www.w3.org/2001/XMLSchema-instance" xsi:schemaLocation="http://www.environment-agency.gov.uk/XMLSchemas/EATimeSeriesDataExchangeFormat EATimeSeriesDataExchangeFormat.xsd">
	<md:Publisher>Environment Agency</md:Publisher>
	<md:Source>EA South East Regional Telemetry System</md:Source>
	<md:Description>Automated telemetry data export process</md:Description>
	<md:Creator>SCX 6</md:Creator>
	<md:Date>2016-02-12</md:Date>
	<md:Time>12:56:27</md:Time>
	<md:Identifier>SEKMHSCXAS1</md:Identifier>
	<Station stationReference="E6415" region="Southern" stationName="RYE HARBOUR TL" ngr="TQ9437119104">
		<SetofValues parameter="Water Level" qualifier="Tidal Level" dataType="Instantaneous" period="15 min" units="mAOD" startDate="2016-02-12" startTime="10:45:00" endDate="2016-02-12" endTime="12:45:00">
			<Value date="2016-02-12" time="10:45:00">-0.328</Value>
			<Value date="2016-02-12" time="11:00:00">-0.589</Value>
			<Value date="2016-02-12" time="11:15:00">0.093</Value>
			<Value date="2016-02-12" time="11:30:00">0.751</Value>
			<Value date="2016-02-12" time="11:45:00">1.491</Value>
			<Value date="2016-02-12" time="12:00:00">2.145</Value>
			<Value date="2016-02-12" time="12:15:00">2.740</Value>
			<Value date="2016-02-12" time="12:30:00">3.272</Value>
			<Value date="2016-02-12" time="12:45:00">3.610</Value>
		</SetofValues>
	</Station>
</EATimeSeriesDataExchangeFormat>
