<?xml version="1.0" standalone="yes"?>
<EATimeSeriesDataExchangeFormat xmlns="http://www.environment-agency.gov.uk/XMLSchemas/EATimeSeriesDataExchangeFormat" xmlns:md="http://www.environment-agency.gov.uk/XMLSchemas/EAMetadataFormat" xmlns:xsi="http://www.w3.org/2001/XMLSchema-instance" xsi:schemaLocation="http://www.environment-agency.gov.uk/XMLSchemas/EATimeSeriesDataExchangeFormat EATimeSeriesDataExchangeFormat.xsd">
	<md:Publisher>Environment Agency</md:Publisher>
	<md:Source>EA South East Regional Telemetry System</md:Source>
	<md:Description>Automated telemetry data export process</md:Description>
	<md:Creator>SCX 6</md:Creator>
	<md:Date>2016-02-12</md:Date>
	<md:Time>13:53:30</md:Time>
	<md:Identifier>SEKMHSCXAS1</md:Identifier>
	<Station stationReference="E3474" region="Southern" stationName="STOURMOUTH PS" ngr="TR250630">
		<SetofValues parameter="Rainfall" qualifier="Tipping Bucket Raingauge" dataType="Total" period="15 min" units="mm" startDate="2016-02-12" startTime="13:30:00" endDate="2016-02-12" endTime="13:45:00">
			<Value date="2016-02-12" time="13:30:00">0.0</Value>
			<Value date="2016-02-12" time="13:45:00">0.0</Value>
		</SetofValues>
	</Station>
	<Station stationReference="E3471" region="Southern" stationName="STOURMOUTH PS" ngr="TR313597">
		<SetofValues parameter="Water Level" qualifier="Stage" dataType="Instantaneous" period="15 min" units="mAOD" startDate="2016-02-12" startTime="13:30:00" endDate="2016-02-12" endTime="13:45:00">
			<Value date="2016-02-12" time="13:30:00">0.591</Value>
			<Value date="2016-02-12" time="13:45:00">0.609</Value>
		</SetofValues>
	</Station>
	<Station stationReference="E3470" region="Southern" stationName="STOURMOUTH PS" ngr="TR313597">
		<SetofValues parameter="Water Level" qualifier="Downstream Stage" dataType="Instantaneous" period="15 min" units="mAOD" startDate="2016-02-12" startTime="13:30:00" endDate="2016-02-12" endTime="13:45:00">
			<Value date="2016-02-12" time="13:30:00">2.012</Value>
			<Value date="2016-02-12" time="13:45:00">2.137</Value>
		</SetofValues>
	</Station>
</EATimeSeriesDataExchangeFormat>
