<?xml version="1.0" standalone="yes"?>
<EATimeSeriesDataExchangeFormat xmlns="http://www.environment-agency.gov.uk/XMLSchemas/EATimeSeriesDataExchangeFormat" xmlns:md="http://www.environment-agency.gov.uk/XMLSchemas/EAMetadataFormat" xmlns:xsi="http://www.w3.org/2001/XMLSchema-instance" xsi:schemaLocation="http://www.environment-agency.gov.uk/XMLSchemas/EATimeSeriesDataExchangeFormat EATimeSeriesDataExchangeFormat.xsd">
	<md:Publisher>Environment Agency</md:Publisher>
	<md:Source>EA South East Regional Telemetry System</md:Source>
	<md:Description>Automated telemetry data export process</md:Description>
	<md:Creator>SCX 6</md:Creator>
	<md:Date>2016-02-12</md:Date>
	<md:Time>13:58:57</md:Time>
	<md:Identifier>SEKMHSCXAS1</md:Identifier>
	<Station stationReference="E4230" region="Southern" stationName="LITTLE BUCKET GWL" ngr="TR1225346964">
		<SetofValues parameter="Water Level" qualifier="Groundwater" dataType="Instantaneous" period="15 min" units="mAOD" startDate="2016-02-12" startTime="06:45:00" endDate="2016-02-12" endTime="13:45:00">
			<Value date="2016-02-12" time="06:45:00">77.990</Value>
			<Value date="2016-02-12" time="07:00:00">77.990</Value>
			<Value date="2016-02-12" time="07:15:00">77.990</Value>
			<Value date="2016-02-12" time="07:30:00">77.990</Value>
			<Value date="2016-02-12" time="07:45:00">77.990</Value>
			<Value date="2016-02-12" time="08:00:00">78.000</Value>
			<Value date="2016-02-12" time="08:15:00">78.000</Value>
			<Value date="2016-02-12" time="08:30:00">78.000</Value>
			<Value date="2016-02-12" time="08:45:00">78.000</Value>
			<Value date="2016-02-12" time="09:00:00">78.000</Value>
			<Value date="2016-02-12" time="09:15:00">78.000</Value>
			<Value date="2016-02-12" time="09:30:00">78.000</Value>
			<Value date="2016-02-12" time="09:45:00">78.000</Value>
			<Value date="2016-02-12" time="10:00:00">78.000</Value>
			<Value date="2016-02-12" time="10:15:00">78.000</Value>
			<Value date="2016-02-12" time="10:30:00">78.000</Value>
			<Value date="2016-02-12" time="10:45:00">78.000</Value>
			<Value date="2016-02-12" time="11:00:00">78.000</Value>
			<Value date="2016-02-12" time="11:15:00">78.010</Value>
			<Value date="2016-02-12" time="11:30:00">78.010</Value>
			<Value date="2016-02-12" time="11:45:00">78.010</Value>
			<Value date="2016-02-12" time="12:00:00">78.010</Value>
			<Value date="2016-02-12" time="12:15:00">78.010</Value>
			<Value date="2016-02-12" time="12:30:00">78.010</Value>
			<Value date="2016-02-12" time="12:45:00">78.010</Value>
			<Value date="2016-02-12" time="13:00:00">78.010</Value>
			<Value date="2016-02-12" time="13:15:00">78.010</Value>
			<Value date="2016-02-12" time="13:30:00">78.010</Value>
			<Value date="2016-02-12" time="13:45:00">78.010</Value>
		</SetofValues>
	</Station>
</EATimeSeriesDataExchangeFormat>
