<?xml version="1.0" standalone="yes"?>
<EATimeSeriesDataExchangeFormat xmlns="http://www.environment-agency.gov.uk/XMLSchemas/EATimeSeriesDataExchangeFormat" xmlns:md="http://www.environment-agency.gov.uk/XMLSchemas/EAMetadataFormat" xmlns:xsi="http://www.w3.org/2001/XMLSchema-instance" xsi:schemaLocation="http://www.environment-agency.gov.uk/XMLSchemas/EATimeSeriesDataExchangeFormat EATimeSeriesDataExchangeFormat.xsd">
	<md:Publisher>Environment Agency</md:Publisher>
	<md:Source>EA South East Regional Telemetry System</md:Source>
	<md:Description>Automated telemetry data export process</md:Description>
	<md:Creator>SCX 6</md:Creator>
	<md:Date>2016-02-12</md:Date>
	<md:Time>13:04:47</md:Time>
	<md:Identifier>SEKMHSCXAS1</md:Identifier>
	<Station stationReference="E14111" region="Southern" stationName="ELING TIDE MILL TL" ngr="SU365125">
		<SetofValues parameter="Water Level" qualifier="Tidal Level" dataType="Instantaneous" period="15 min" units="mAOD" startDate="2016-02-12" startTime="04:45:00" endDate="2016-02-12" endTime="13:00:00">
			<Value date="2016-02-12" time="04:45:00">1.115</Value>
			<Value date="2016-02-12" time="05:00:00">0.610</Value>
			<Value date="2016-02-12" time="05:15:00">0.026</Value>
			<Value date="2016-02-12" time="05:30:00">-0.567</Value>
			<Value date="2016-02-12" time="05:45:00">-1.022</Value>
			<Value date="2016-02-12" time="06:00:00">-1.073</Value>
			<Value date="2016-02-12" time="06:15:00">-1.109</Value>
			<Value date="2016-02-12" time="06:30:00">-1.096</Value>
			<Value date="2016-02-12" time="06:45:00">-1.141</Value>
			<Value date="2016-02-12" time="07:00:00">-0.957</Value>
			<Value date="2016-02-12" time="07:15:00">-1.176</Value>
			<Value date="2016-02-12" time="07:30:00">-1.123</Value>
			<Value date="2016-02-12" time="07:45:00">-1.121</Value>
			<Value date="2016-02-12" time="08:00:00">-1.199</Value>
			<Value date="2016-02-12" time="08:15:00">-1.283</Value>
			<Value date="2016-02-12" time="08:30:00">-0.967</Value>
			<Value date="2016-02-12" time="08:45:00">-0.695</Value>
			<Value date="2016-02-12" time="09:00:00">-0.565</Value>
			<Value date="2016-02-12" time="09:15:00">-0.443</Value>
			<Value date="2016-02-12" time="09:30:00">-0.317</Value>
			<Value date="2016-02-12" time="09:45:00">-0.422</Value>
			<Value date="2016-02-12" time="10:00:00">-0.316</Value>
			<Value date="2016-02-12" time="10:15:00">-0.346</Value>
			<Value date="2016-02-12" time="10:30:00">-0.372</Value>
			<Value date="2016-02-12" time="10:45:00">-0.307</Value>
			<Value date="2016-02-12" time="11:00:00">-0.307</Value>
			<Value date="2016-02-12" time="11:15:00">-0.073</Value>
			<Value date="2016-02-12" time="11:30:00">0.185</Value>
			<Value date="2016-02-12" time="11:45:00">0.559</Value>
			<Value date="2016-02-12" time="12:00:00">1.049</Value>
			<Value date="2016-02-12" time="12:15:00">1.482</Value>
			<Value date="2016-02-12" time="12:30:00">1.834</Value>
			<Value date="2016-02-12" time="12:45:00">2.096</Value>
			<Value date="2016-02-12" time="13:00:00">2.269</Value>
		</SetofValues>
	</Station>
	<Station stationReference="E14110" region="Southern" stationName="ELING RL" ngr="SU365125">
		<SetofValues parameter="Water Level" qualifier="Stage" dataType="Instantaneous" period="15 min" units="mAOD" startDate="2016-02-12" startTime="04:45:00" endDate="2016-02-12" endTime="13:00:00">
			<Value date="2016-02-12" time="04:45:00">1.121</Value>
			<Value date="2016-02-12" time="05:00:00">0.698</Value>
			<Value date="2016-02-12" time="05:15:00">0.195</Value>
			<Value date="2016-02-12" time="05:30:00">-0.140</Value>
			<Value date="2016-02-12" time="05:45:00">-0.276</Value>
			<Value date="2016-02-12" time="06:00:00">-0.342</Value>
			<Value date="2016-02-12" time="06:15:00">-0.407</Value>
			<Value date="2016-02-12" time="06:30:00">-0.417</Value>
			<Value date="2016-02-12" time="06:45:00">-0.449</Value>
			<Value date="2016-02-12" time="07:00:00">-0.300</Value>
			<Value date="2016-02-12" time="07:15:00">-0.470</Value>
			<Value date="2016-02-12" time="07:30:00">-0.449</Value>
			<Value date="2016-02-12" time="07:45:00">-0.424</Value>
			<Value date="2016-02-12" time="08:00:00">-0.487</Value>
			<Value date="2016-02-12" time="08:15:00">-0.552</Value>
			<Value date="2016-02-12" time="08:30:00">-0.571</Value>
			<Value date="2016-02-12" time="08:45:00">-0.537</Value>
			<Value date="2016-02-12" time="09:00:00">-0.504</Value>
			<Value date="2016-02-12" time="09:15:00">-0.483</Value>
			<Value date="2016-02-12" time="09:30:00">-0.470</Value>
			<Value date="2016-02-12" time="09:45:00">-0.552</Value>
			<Value date="2016-02-12" time="10:00:00">-0.510</Value>
			<Value date="2016-02-12" time="10:15:00">-0.514</Value>
			<Value date="2016-02-12" time="10:30:00">-0.521</Value>
			<Value date="2016-02-12" time="10:45:00">-0.481</Value>
			<Value date="2016-02-12" time="11:00:00">-0.512</Value>
			<Value date="2016-02-12" time="11:15:00">-0.314</Value>
			<Value date="2016-02-12" time="11:30:00">-0.079</Value>
			<Value date="2016-02-12" time="11:45:00">0.288</Value>
			<Value date="2016-02-12" time="12:00:00">0.759</Value>
			<Value date="2016-02-12" time="12:15:00">1.250</Value>
			<Value date="2016-02-12" time="12:30:00">1.696</Value>
			<Value date="2016-02-12" time="12:45:00">1.976</Value>
			<Value date="2016-02-12" time="13:00:00">2.187</Value>
		</SetofValues>
	</Station>
	<Station stationReference="E10500" region="Southern" stationName="PETERSFIELD RF" ngr="SU769229">
		<SetofValues parameter="Rainfall" qualifier="Tipping Bucket Raingauge" dataType="Total" period="15 min" units="mm" startDate="2016-02-12" startTime="12:15:00" endDate="2016-02-12" endTime="13:00:00">
			<Value date="2016-02-12" time="12:15:00">0.2</Value>
			<Value date="2016-02-12" time="12:30:00">0.0</Value>
			<Value date="2016-02-12" time="12:45:00">0.2</Value>
			<Value date="2016-02-12" time="13:00:00">0.2</Value>
		</SetofValues>
	</Station>
</EATimeSeriesDataExchangeFormat>
