<?xml version="1.0" standalone="yes"?>
<EATimeSeriesDataExchangeFormat xmlns="http://www.environment-agency.gov.uk/XMLSchemas/EATimeSeriesDataExchangeFormat" xmlns:md="http://www.environment-agency.gov.uk/XMLSchemas/EAMetadataFormat" xmlns:xsi="http://www.w3.org/2001/XMLSchema-instance" xsi:schemaLocation="http://www.environment-agency.gov.uk/XMLSchemas/EATimeSeriesDataExchangeFormat EATimeSeriesDataExchangeFormat.xsd">
	<md:Publisher>Environment Agency</md:Publisher>
	<md:Source>EA South East Regional Telemetry System</md:Source>
	<md:Description>Automated telemetry data export process</md:Description>
	<md:Creator>SCX 6</md:Creator>
	<md:Date>2016-02-12</md:Date>
	<md:Time>15:50:41</md:Time>
	<md:Identifier>SEKMHSCXAS1</md:Identifier>
	<Station stationReference="E16124" region="Southern" stationName="LUCIFER BRIDGE GS" ngr="TQ5765046503">
		<SetofValues parameter="Flow" dataType="Instantaneous" period="15 min" units="m3/s" startDate="2016-02-12" startTime="12:15:00" endDate="2016-02-12" endTime="15:45:00">
			<Value date="2016-02-12" time="12:15:00">6.890</Value>
			<Value date="2016-02-12" time="12:30:00">6.850</Value>
			<Value date="2016-02-12" time="12:45:00">6.900</Value>
			<Value date="2016-02-12" time="13:00:00">6.740</Value>
			<Value date="2016-02-12" time="13:15:00">6.490</Value>
			<Value date="2016-02-12" time="13:30:00">5.150</Value>
			<Value date="2016-02-12" time="13:45:00">4.600</Value>
			<Value date="2016-02-12" time="14:00:00">6.560</Value>
			<Value date="2016-02-12" time="14:15:00">5.900</Value>
			<Value date="2016-02-12" time="14:30:00">6.600</Value>
			<Value date="2016-02-12" time="14:45:00">6.270</Value>
			<Value date="2016-02-12" time="15:00:00">7.010</Value>
			<Value date="2016-02-12" time="15:15:00">6.420</Value>
			<Value date="2016-02-12" time="15:30:00">6.600</Value>
			<Value date="2016-02-12" time="15:45:00">6.530</Value>
		</SetofValues>
	</Station>
	<Station stationReference="E16120" region="Southern" stationName="LUCIFER BRIDGE GS" ngr="TQ5765046503">
		<SetofValues parameter="Water Level" dataType="Instantaneous" period="15 min" units="mASD" startDate="2016-02-12" startTime="12:15:00" endDate="2016-02-12" endTime="15:45:00">
			<Value date="2016-02-12" time="12:15:00">2.479</Value>
			<Value date="2016-02-12" time="12:30:00">2.476</Value>
			<Value date="2016-02-12" time="12:45:00">2.474</Value>
			<Value date="2016-02-12" time="13:00:00">2.471</Value>
			<Value date="2016-02-12" time="13:15:00">2.468</Value>
			<Value date="2016-02-12" time="13:30:00">2.434</Value>
			<Value date="2016-02-12" time="13:45:00">2.429</Value>
			<Value date="2016-02-12" time="14:00:00">2.452</Value>
			<Value date="2016-02-12" time="14:15:00">2.467</Value>
			<Value date="2016-02-12" time="14:30:00">2.475</Value>
			<Value date="2016-02-12" time="14:45:00">2.479</Value>
			<Value date="2016-02-12" time="15:00:00">2.478</Value>
			<Value date="2016-02-12" time="15:15:00">2.476</Value>
			<Value date="2016-02-12" time="15:30:00">2.474</Value>
			<Value date="2016-02-12" time="15:45:00">2.473</Value>
		</SetofValues>
	</Station>
</EATimeSeriesDataExchangeFormat>
