<?xml version="1.0" standalone="yes"?>
<EATimeSeriesDataExchangeFormat xmlns="http://www.environment-agency.gov.uk/XMLSchemas/EATimeSeriesDataExchangeFormat" xmlns:md="http://www.environment-agency.gov.uk/XMLSchemas/EAMetadataFormat" xmlns:xsi="http://www.w3.org/2001/XMLSchema-instance" xsi:schemaLocation="http://www.environment-agency.gov.uk/XMLSchemas/EATimeSeriesDataExchangeFormat EATimeSeriesDataExchangeFormat.xsd">
	<md:Publisher>Environment Agency</md:Publisher>
	<md:Source>EA South East Regional Telemetry System</md:Source>
	<md:Description>Automated telemetry data export process</md:Description>
	<md:Creator>SCX 6</md:Creator>
	<md:Date>2016-02-12</md:Date>
	<md:Time>14:41:13</md:Time>
	<md:Identifier>SEKMHSCXAS1</md:Identifier>
	<Station stationReference="E6642" region="Southern" stationName="BROWNS BRIDGE RL" ngr="TQ734231">
		<SetofValues parameter="Water Level" qualifier="Stage" dataType="Instantaneous" period="15 min" units="mAOD" startDate="2016-02-12" startTime="10:45:00" endDate="2016-02-12" endTime="14:30:00">
			<Value date="2016-02-12" time="10:45:00">10.924</Value>
			<Value date="2016-02-12" time="11:00:00">10.925</Value>
			<Value date="2016-02-12" time="11:15:00">10.926</Value>
			<Value date="2016-02-12" time="11:30:00">10.922</Value>
			<Value date="2016-02-12" time="11:45:00">10.927</Value>
			<Value date="2016-02-12" time="12:00:00">10.928</Value>
			<Value date="2016-02-12" time="12:15:00">10.926</Value>
			<Value date="2016-02-12" time="12:30:00">10.929</Value>
			<Value date="2016-02-12" time="12:45:00">10.921</Value>
			<Value date="2016-02-12" time="13:00:00">10.929</Value>
			<Value date="2016-02-12" time="13:15:00">10.934</Value>
			<Value date="2016-02-12" time="13:30:00">10.677</Value>
			<Value date="2016-02-12" time="13:45:00">10.708</Value>
			<Value date="2016-02-12" time="14:00:00">10.711</Value>
			<Value date="2016-02-12" time="14:15:00">10.574</Value>
			<Value date="2016-02-12" time="14:30:00">10.629</Value>
		</SetofValues>
	</Station>
</EATimeSeriesDataExchangeFormat>
