<?xml version="1.0" standalone="yes"?>
<EATimeSeriesDataExchangeFormat xmlns="http://www.environment-agency.gov.uk/XMLSchemas/EATimeSeriesDataExchangeFormat" xmlns:md="http://www.environment-agency.gov.uk/XMLSchemas/EAMetadataFormat" xmlns:xsi="http://www.w3.org/2001/XMLSchema-instance" xsi:schemaLocation="http://www.environment-agency.gov.uk/XMLSchemas/EATimeSeriesDataExchangeFormat EATimeSeriesDataExchangeFormat.xsd">
	<md:Publisher>Environment Agency</md:Publisher>
	<md:Source>EA South East Regional Telemetry System</md:Source>
	<md:Description>Automated telemetry data export process</md:Description>
	<md:Creator>SCX 6</md:Creator>
	<md:Date>2016-02-12</md:Date>
	<md:Time>13:16:46</md:Time>
	<md:Identifier>SEKMHSCXAS1</md:Identifier>
	<Station stationReference="E15040" region="Southern" stationName="COWES TL" ngr="SZ497962">
		<SetofValues parameter="Water Level" qualifier="Tidal Level" dataType="Instantaneous" period="15 min" units="mAOD" startDate="2016-02-12" startTime="10:45:00" endDate="2016-02-12" endTime="13:00:00">
			<Value date="2016-02-12" time="10:45:00">0.046</Value>
			<Value date="2016-02-12" time="11:00:00">0.202</Value>
			<Value date="2016-02-12" time="11:15:00">0.391</Value>
			<Value date="2016-02-12" time="11:30:00">0.625</Value>
			<Value date="2016-02-12" time="11:45:00">0.894</Value>
			<Value date="2016-02-12" time="12:00:00">1.175</Value>
			<Value date="2016-02-12" time="12:15:00">1.457</Value>
			<Value date="2016-02-12" time="12:30:00">1.736</Value>
			<Value date="2016-02-12" time="12:45:00">1.918</Value>
			<Value date="2016-02-12" time="13:00:00">2.028</Value>
		</SetofValues>
	</Station>
</EATimeSeriesDataExchangeFormat>
