<?xml version="1.0" standalone="yes"?>
<EATimeSeriesDataExchangeFormat xmlns="http://www.environment-agency.gov.uk/XMLSchemas/EATimeSeriesDataExchangeFormat" xmlns:md="http://www.environment-agency.gov.uk/XMLSchemas/EAMetadataFormat" xmlns:xsi="http://www.w3.org/2001/XMLSchema-instance" xsi:schemaLocation="http://www.environment-agency.gov.uk/XMLSchemas/EATimeSeriesDataExchangeFormat EATimeSeriesDataExchangeFormat.xsd">
	<md:Publisher>Environment Agency</md:Publisher>
	<md:Source>EA South East Regional Telemetry System</md:Source>
	<md:Description>Automated telemetry data export process</md:Description>
	<md:Creator>SCX 6</md:Creator>
	<md:Date>2016-02-12</md:Date>
	<md:Time>15:53:20</md:Time>
	<md:Identifier>SEKMHSCXAS1</md:Identifier>
	<Station stationReference="E10000" region="Southern" stationName="HARDHAM RF" ngr="TQ034178">
		<SetofValues parameter="Rainfall" qualifier="Tipping Bucket Raingauge" dataType="Total" period="15 min" units="mm" startDate="2016-02-12" startTime="13:30:00" endDate="2016-02-12" endTime="15:45:00">
			<Value date="2016-02-12" time="13:30:00">0.0</Value>
			<Value date="2016-02-12" time="13:45:00">0.0</Value>
			<Value date="2016-02-12" time="14:00:00">0.0</Value>
			<Value date="2016-02-12" time="14:15:00">0.2</Value>
			<Value date="2016-02-12" time="14:30:00">0.0</Value>
			<Value date="2016-02-12" time="14:45:00">0.0</Value>
			<Value date="2016-02-12" time="15:00:00">0.0</Value>
			<Value date="2016-02-12" time="15:15:00">0.0</Value>
			<Value date="2016-02-12" time="15:30:00">0.0</Value>
			<Value date="2016-02-12" time="15:45:00">0.0</Value>
		</SetofValues>
	</Station>
</EATimeSeriesDataExchangeFormat>
