<?xml version="1.0" standalone="yes"?>
<EATimeSeriesDataExchangeFormat xmlns="http://www.environment-agency.gov.uk/XMLSchemas/EATimeSeriesDataExchangeFormat" xmlns:md="http://www.environment-agency.gov.uk/XMLSchemas/EAMetadataFormat" xmlns:xsi="http://www.w3.org/2001/XMLSchema-instance" xsi:schemaLocation="http://www.environment-agency.gov.uk/XMLSchemas/EATimeSeriesDataExchangeFormat EATimeSeriesDataExchangeFormat.xsd">
	<md:Publisher>Environment Agency</md:Publisher>
	<md:Source>EA South East Regional Telemetry System</md:Source>
	<md:Description>Automated telemetry data export process</md:Description>
	<md:Creator>SCX 6</md:Creator>
	<md:Date>2016-02-12</md:Date>
	<md:Time>12:31:40</md:Time>
	<md:Identifier>SEKMHSCXAS1</md:Identifier>
	<Station stationReference="E11600" region="Southern" stationName="CHALTON GWL">
		<SetofValues parameter="Water Level" qualifier="Groundwater" dataType="Instantaneous" period="15 min" units="mAOD" startDate="2016-02-09" startTime="15:00:00" endDate="2016-02-12" endTime="00:00:00">
			<Value date="2016-02-09" time="15:00:00">100.000</Value>
			<Value date="2016-02-09" time="16:00:00">61.159</Value>
			<Value date="2016-02-09" time="17:00:00">61.144</Value>
			<Value date="2016-02-09" time="18:00:00">61.132</Value>
			<Value date="2016-02-09" time="19:00:00">61.119</Value>
			<Value date="2016-02-09" time="20:00:00">61.110</Value>
			<Value date="2016-02-09" time="21:00:00">61.101</Value>
			<Value date="2016-02-09" time="22:00:00">61.089</Value>
			<Value date="2016-02-09" time="23:00:00">61.080</Value>
			<Value date="2016-02-10" time="00:00:00">61.068</Value>
			<Value date="2016-02-10" time="01:00:00">61.055</Value>
			<Value date="2016-02-10" time="02:00:00">61.046</Value>
			<Value date="2016-02-10" time="03:00:00">61.034</Value>
			<Value date="2016-02-10" time="04:00:00">61.022</Value>
			<Value date="2016-02-10" time="05:00:00">61.013</Value>
			<Value date="2016-02-10" time="06:00:00">61.003</Value>
			<Value date="2016-02-10" time="07:00:00">60.973</Value>
			<Value date="2016-02-10" time="08:00:00">60.915</Value>
			<Value date="2016-02-10" time="09:00:00">60.903</Value>
			<Value date="2016-02-10" time="10:00:00">60.891</Value>
			<Value date="2016-02-10" time="11:00:00">60.881</Value>
			<Value date="2016-02-10" time="12:00:00">60.872</Value>
			<Value date="2016-02-10" time="13:00:00">60.860</Value>
			<Value date="2016-02-10" time="14:00:00">60.848</Value>
			<Value date="2016-02-10" time="15:00:00">60.839</Value>
			<Value date="2016-02-10" time="16:00:00">60.826</Value>
			<Value date="2016-02-10" time="17:00:00">60.817</Value>
			<Value date="2016-02-10" time="18:00:00">60.808</Value>
			<Value date="2016-02-10" time="19:00:00">60.796</Value>
			<Value date="2016-02-10" time="20:00:00">60.784</Value>
			<Value date="2016-02-10" time="21:00:00">60.775</Value>
			<Value date="2016-02-10" time="22:00:00">60.768</Value>
			<Value date="2016-02-10" time="23:00:00">60.756</Value>
			<Value date="2016-02-11" time="00:00:00">60.747</Value>
			<Value date="2016-02-11" time="01:00:00">60.738</Value>
			<Value date="2016-02-11" time="02:00:00">60.729</Value>
			<Value date="2016-02-11" time="03:00:00">60.717</Value>
			<Value date="2016-02-11" time="04:00:00">60.707</Value>
			<Value date="2016-02-11" time="05:00:00">60.695</Value>
			<Value date="2016-02-11" time="06:00:00">60.686</Value>
			<Value date="2016-02-11" time="07:00:00">60.652</Value>
			<Value date="2016-02-11" time="08:00:00">60.616</Value>
			<Value date="2016-02-11" time="09:00:00">60.607</Value>
			<Value date="2016-02-11" time="10:00:00">60.598</Value>
			<Value date="2016-02-11" time="11:00:00">60.591</Value>
			<Value date="2016-02-11" time="12:00:00">60.582</Value>
			<Value date="2016-02-11" time="13:00:00">60.576</Value>
			<Value date="2016-02-11" time="14:00:00">60.564</Value>
			<Value date="2016-02-11" time="15:00:00">60.561</Value>
			<Value date="2016-02-11" time="16:00:00">60.552</Value>
			<Value date="2016-02-11" time="17:00:00">60.543</Value>
			<Value date="2016-02-11" time="18:00:00">60.537</Value>
			<Value date="2016-02-11" time="19:00:00">60.527</Value>
			<Value date="2016-02-11" time="20:00:00">60.518</Value>
			<Value date="2016-02-11" time="21:00:00">60.509</Value>
			<Value date="2016-02-11" time="22:00:00">60.503</Value>
			<Value date="2016-02-11" time="23:00:00">60.491</Value>
			<Value date="2016-02-12" time="00:00:00">60.479</Value>
		</SetofValues>
	</Station>
</EATimeSeriesDataExchangeFormat>
