<?xml version="1.0" standalone="yes"?>
<EATimeSeriesDataExchangeFormat xmlns="http://www.environment-agency.gov.uk/XMLSchemas/EATimeSeriesDataExchangeFormat" xmlns:md="http://www.environment-agency.gov.uk/XMLSchemas/EAMetadataFormat" xmlns:xsi="http://www.w3.org/2001/XMLSchema-instance" xsi:schemaLocation="http://www.environment-agency.gov.uk/XMLSchemas/EATimeSeriesDataExchangeFormat EATimeSeriesDataExchangeFormat.xsd">
	<md:Publisher>Environment Agency</md:Publisher>
	<md:Source>EA South East Regional Telemetry System</md:Source>
	<md:Description>Automated telemetry data export process</md:Description>
	<md:Creator>SCX 6</md:Creator>
	<md:Date>2016-02-12</md:Date>
	<md:Time>12:23:32</md:Time>
	<md:Identifier>SEKMHSCXAS1</md:Identifier>
	<Station stationReference="E9740" region="Southern" stationName="LITTLEHAMPTON TL" ngr="TQ027019">
		<SetofValues parameter="Water Level" qualifier="Stage" dataType="Instantaneous" period="15 min" units="mAOD" startDate="2016-02-12" startTime="10:45:00" endDate="2016-02-12" endTime="12:15:00">
			<Value date="2016-02-12" time="10:45:00">0.101</Value>
			<Value date="2016-02-12" time="11:00:00">0.472</Value>
			<Value date="2016-02-12" time="11:15:00">0.837</Value>
			<Value date="2016-02-12" time="11:30:00">1.212</Value>
			<Value date="2016-02-12" time="11:45:00">1.534</Value>
			<Value date="2016-02-12" time="12:00:00">1.810</Value>
			<Value date="2016-02-12" time="12:15:00">2.111</Value>
		</SetofValues>
	</Station>
	<Station stationReference="E8743" region="Southern" stationName="Ditchling Road TBR" ngr="TQ3148607647">
		<SetofValues parameter="Rainfall" qualifier="Tipping Bucket Raingauge" dataType="Total" period="15 min" units="mm" startDate="2016-02-12" startTime="09:30:00" endDate="2016-02-12" endTime="12:15:00">
			<Value date="2016-02-12" time="09:30:00">0.0</Value>
			<Value date="2016-02-12" time="09:45:00">0.0</Value>
			<Value date="2016-02-12" time="10:00:00">0.0</Value>
			<Value date="2016-02-12" time="10:15:00">0.0</Value>
			<Value date="2016-02-12" time="10:30:00">0.0</Value>
			<Value date="2016-02-12" time="10:45:00">0.0</Value>
			<Value date="2016-02-12" time="11:00:00">0.0</Value>
			<Value date="2016-02-12" time="11:15:00">0.0</Value>
			<Value date="2016-02-12" time="11:30:00">0.0</Value>
			<Value date="2016-02-12" time="11:45:00">0.2</Value>
			<Value date="2016-02-12" time="12:00:00">0.0</Value>
			<Value date="2016-02-12" time="12:15:00">0.0</Value>
		</SetofValues>
	</Station>
	<Station stationReference="E7780" region="Southern" stationName="POVERTY BOTTOM" ngr="TQ467023">
		<SetofValues parameter="Rainfall" qualifier="Tipping Bucket Raingauge" dataType="Total" period="15 min" units="mm" startDate="2016-02-12" startTime="09:30:00" endDate="2016-02-12" endTime="12:15:00">
			<Value date="2016-02-12" time="09:30:00">0.0</Value>
			<Value date="2016-02-12" time="09:45:00">0.0</Value>
			<Value date="2016-02-12" time="10:00:00">0.0</Value>
			<Value date="2016-02-12" time="10:15:00">0.0</Value>
			<Value date="2016-02-12" time="10:30:00">0.0</Value>
			<Value date="2016-02-12" time="10:45:00">0.0</Value>
			<Value date="2016-02-12" time="11:00:00">0.0</Value>
			<Value date="2016-02-12" time="11:15:00">0.0</Value>
			<Value date="2016-02-12" time="11:30:00">0.2</Value>
			<Value date="2016-02-12" time="11:45:00">0.0</Value>
			<Value date="2016-02-12" time="12:00:00">0.0</Value>
			<Value date="2016-02-12" time="12:15:00">0.0</Value>
		</SetofValues>
	</Station>
	<Station stationReference="E14893" region="Southern" stationName="BROADFIELD COWES" ngr="SZ491952">
		<SetofValues parameter="Rainfall" qualifier="Tipping Bucket Raingauge" dataType="Total" period="15 min" units="mm" startDate="2016-02-12" startTime="09:30:00" endDate="2016-02-12" endTime="12:15:00">
			<Value date="2016-02-12" time="09:30:00">0.0</Value>
			<Value date="2016-02-12" time="09:45:00">0.0</Value>
			<Value date="2016-02-12" time="10:00:00">0.0</Value>
			<Value date="2016-02-12" time="10:15:00">0.0</Value>
			<Value date="2016-02-12" time="10:30:00">0.0</Value>
			<Value date="2016-02-12" time="10:45:00">0.0</Value>
			<Value date="2016-02-12" time="11:00:00">0.0</Value>
			<Value date="2016-02-12" time="11:15:00">0.1</Value>
			<Value date="2016-02-12" time="11:30:00">0.0</Value>
			<Value date="2016-02-12" time="11:45:00">0.0</Value>
			<Value date="2016-02-12" time="12:00:00">0.0</Value>
			<Value date="2016-02-12" time="12:15:00">0.0</Value>
		</SetofValues>
	</Station>
	<Station stationReference="E14430" region="Southern" stationName="STEM LANE RF" ngr="SZ233957">
		<SetofValues parameter="Rainfall" qualifier="Tipping Bucket Raingauge" dataType="Total" period="15 min" units="mm" startDate="2016-02-12" startTime="10:30:00" endDate="2016-02-12" endTime="12:15:00">
			<Value date="2016-02-12" time="10:30:00">0.0</Value>
			<Value date="2016-02-12" time="10:45:00">0.0</Value>
			<Value date="2016-02-12" time="11:00:00">0.0</Value>
			<Value date="2016-02-12" time="11:15:00">0.1</Value>
			<Value date="2016-02-12" time="11:30:00">0.1</Value>
			<Value date="2016-02-12" time="11:45:00">0.0</Value>
			<Value date="2016-02-12" time="12:00:00">0.0</Value>
			<Value date="2016-02-12" time="12:15:00">0.0</Value>
		</SetofValues>
	</Station>
	<Station stationReference="E13600" region="Southern" stationName="LYNDHURST RF" ngr="SU311090">
		<SetofValues parameter="Rainfall" qualifier="Tipping Bucket Raingauge" dataType="Total" period="15 min" units="mm" startDate="2016-02-12" startTime="11:30:00" endDate="2016-02-12" endTime="12:15:00">
			<Value date="2016-02-12" time="11:30:00">0.2</Value>
			<Value date="2016-02-12" time="11:45:00">0.0</Value>
			<Value date="2016-02-12" time="12:00:00">0.0</Value>
			<Value date="2016-02-12" time="12:15:00">0.0</Value>
		</SetofValues>
	</Station>
	<Station stationReference="E13590" region="Southern" stationName="TESTWOOD RF" ngr="SU328172">
		<SetofValues parameter="Rainfall" qualifier="Tipping Bucket Raingauge" dataType="Total" period="15 min" units="mm" startDate="2016-02-12" startTime="09:30:00" endDate="2016-02-12" endTime="12:15:00">
			<Value date="2016-02-12" time="09:30:00">0.0</Value>
			<Value date="2016-02-12" time="09:45:00">0.0</Value>
			<Value date="2016-02-12" time="10:00:00">0.0</Value>
			<Value date="2016-02-12" time="10:15:00">0.0</Value>
			<Value date="2016-02-12" time="10:30:00">0.0</Value>
			<Value date="2016-02-12" time="10:45:00">0.0</Value>
			<Value date="2016-02-12" time="11:00:00">0.0</Value>
			<Value date="2016-02-12" time="11:15:00">0.0</Value>
			<Value date="2016-02-12" time="11:30:00">0.0</Value>
			<Value date="2016-02-12" time="11:45:00">0.2</Value>
			<Value date="2016-02-12" time="12:00:00">0.0</Value>
			<Value date="2016-02-12" time="12:15:00">0.2</Value>
		</SetofValues>
	</Station>
	<Station stationReference="E11820" region="Southern" stationName="PEEL COMMON RF" ngr="SU567035">
		<SetofValues parameter="Rainfall" qualifier="Tipping Bucket Raingauge" dataType="Total" period="15 min" units="mm" startDate="2016-02-12" startTime="11:30:00" endDate="2016-02-12" endTime="12:15:00">
			<Value date="2016-02-12" time="11:30:00">0.2</Value>
			<Value date="2016-02-12" time="11:45:00">0.0</Value>
			<Value date="2016-02-12" time="12:00:00">0.0</Value>
			<Value date="2016-02-12" time="12:15:00">0.0</Value>
		</SetofValues>
	</Station>
	<Station stationReference="E11480" region="Southern" stationName="PORTSWOOD RF" ngr="SU520507">
		<SetofValues parameter="Rainfall" qualifier="Tipping Bucket Raingauge" dataType="Total" period="15 min" units="mm" startDate="2016-02-12" startTime="10:30:00" endDate="2016-02-12" endTime="12:15:00">
			<Value date="2016-02-12" time="10:30:00">0.0</Value>
			<Value date="2016-02-12" time="10:45:00">0.0</Value>
			<Value date="2016-02-12" time="11:00:00">0.0</Value>
			<Value date="2016-02-12" time="11:15:00">0.0</Value>
			<Value date="2016-02-12" time="11:30:00">0.2</Value>
			<Value date="2016-02-12" time="11:45:00">0.0</Value>
			<Value date="2016-02-12" time="12:00:00">0.0</Value>
			<Value date="2016-02-12" time="12:15:00">0.2</Value>
		</SetofValues>
	</Station>
	<Station stationReference="E11461" region="Southern" stationName="WORLDS END" ngr="SU630118">
		<SetofValues parameter="Rainfall" qualifier="Tipping Bucket Raingauge" dataType="Total" period="15 min" units="mm" startDate="2016-02-12" startTime="12:15:00" endDate="2016-02-12" endTime="12:15:00">
			<Value date="2016-02-12" time="12:15:00">0.0</Value>
		</SetofValues>
	</Station>
	<Station stationReference="E11060" region="Southern" stationName="WESTERGATE RF" ngr="SU939068">
		<SetofValues parameter="Rainfall" qualifier="Tipping Bucket Raingauge" dataType="Total" period="15 min" units="mm" startDate="2016-02-12" startTime="09:30:00" endDate="2016-02-12" endTime="12:15:00">
			<Value date="2016-02-12" time="09:30:00">0.0</Value>
			<Value date="2016-02-12" time="09:45:00">0.0</Value>
			<Value date="2016-02-12" time="10:00:00">0.0</Value>
			<Value date="2016-02-12" time="10:15:00">0.0</Value>
			<Value date="2016-02-12" time="10:30:00">0.0</Value>
			<Value date="2016-02-12" time="10:45:00">0.0</Value>
			<Value date="2016-02-12" time="11:00:00">0.0</Value>
			<Value date="2016-02-12" time="11:15:00">0.1</Value>
			<Value date="2016-02-12" time="11:30:00">0.2</Value>
			<Value date="2016-02-12" time="11:45:00">0.4</Value>
			<Value date="2016-02-12" time="12:00:00">0.2</Value>
			<Value date="2016-02-12" time="12:15:00">0.3</Value>
		</SetofValues>
	</Station>
	<Station stationReference="E11050" region="Southern" stationName="SOUTH MUNDHAM RF" ngr="SU881005">
		<SetofValues parameter="Rainfall" qualifier="Tipping Bucket Raingauge" dataType="Total" period="15 min" units="mm" startDate="2016-02-12" startTime="09:30:00" endDate="2016-02-12" endTime="12:15:00">
			<Value date="2016-02-12" time="09:30:00">0.0</Value>
			<Value date="2016-02-12" time="09:45:00">0.0</Value>
			<Value date="2016-02-12" time="10:00:00">0.0</Value>
			<Value date="2016-02-12" time="10:15:00">0.0</Value>
			<Value date="2016-02-12" time="10:30:00">0.0</Value>
			<Value date="2016-02-12" time="10:45:00">0.0</Value>
			<Value date="2016-02-12" time="11:00:00">0.0</Value>
			<Value date="2016-02-12" time="11:15:00">0.2</Value>
			<Value date="2016-02-12" time="11:30:00">0.0</Value>
			<Value date="2016-02-12" time="11:45:00">0.0</Value>
			<Value date="2016-02-12" time="12:00:00">0.0</Value>
			<Value date="2016-02-12" time="12:15:00">0.2</Value>
		</SetofValues>
	</Station>
	<Station stationReference="E11040" region="Southern" stationName="WALDERTON RF" ngr="SU787105">
		<SetofValues parameter="Rainfall" qualifier="Tipping Bucket Raingauge" dataType="Total" period="15 min" units="mm" startDate="2016-02-12" startTime="09:30:00" endDate="2016-02-12" endTime="12:15:00">
			<Value date="2016-02-12" time="09:30:00">0.0</Value>
			<Value date="2016-02-12" time="09:45:00">0.0</Value>
			<Value date="2016-02-12" time="10:00:00">0.0</Value>
			<Value date="2016-02-12" time="10:15:00">0.0</Value>
			<Value date="2016-02-12" time="10:30:00">0.0</Value>
			<Value date="2016-02-12" time="10:45:00">0.0</Value>
			<Value date="2016-02-12" time="11:00:00">0.0</Value>
			<Value date="2016-02-12" time="11:15:00">0.0</Value>
			<Value date="2016-02-12" time="11:30:00">0.0</Value>
			<Value date="2016-02-12" time="11:45:00">0.4</Value>
			<Value date="2016-02-12" time="12:00:00">0.8</Value>
			<Value date="2016-02-12" time="12:15:00">0.2</Value>
		</SetofValues>
	</Station>
	<Station stationReference="E10389" region="Southern" stationName="IPING MILL GS" ngr="SU852229">
		<SetofValues parameter="Water Level" qualifier="Stage" dataType="Instantaneous" period="15 min" units="mASD" startDate="2016-02-12" startTime="11:30:00" endDate="2016-02-12" endTime="12:15:00">
			<Value date="2016-02-12" time="11:30:00">0.491</Value>
			<Value date="2016-02-12" time="11:45:00">0.491</Value>
			<Value date="2016-02-12" time="12:00:00">0.491</Value>
			<Value date="2016-02-12" time="12:15:00">0.491</Value>
		</SetofValues>
	</Station>
	<Station stationReference="E10370" region="Southern" stationName="IPING MILL RF" ngr="SU852229">
		<SetofValues parameter="Rainfall" qualifier="Tipping Bucket Raingauge" dataType="Total" period="15 min" units="mm" startDate="2016-02-12" startTime="11:30:00" endDate="2016-02-12" endTime="12:15:00">
			<Value date="2016-02-12" time="11:30:00">0.6</Value>
			<Value date="2016-02-12" time="11:45:00">0.2</Value>
			<Value date="2016-02-12" time="12:00:00">0.2</Value>
			<Value date="2016-02-12" time="12:15:00">0.0</Value>
		</SetofValues>
	</Station>
	<Station stationReference="E10000" region="Southern" stationName="HARDHAM RF" ngr="TQ034178">
		<SetofValues parameter="Rainfall" qualifier="Tipping Bucket Raingauge" dataType="Total" period="15 min" units="mm" startDate="2016-02-12" startTime="12:00:00" endDate="2016-02-12" endTime="12:15:00">
			<Value date="2016-02-12" time="12:00:00">0.0</Value>
			<Value date="2016-02-12" time="12:15:00">0.2</Value>
		</SetofValues>
	</Station>
	<Station stationReference="2321SO" region="Southern" stationName="Broadwater TBR" ngr="TQ1432905428">
		<SetofValues parameter="Rainfall" qualifier="Tipping Bucket Raingauge" dataType="Total" period="15 min" units="mm" startDate="2016-02-12" startTime="09:30:00" endDate="2016-02-12" endTime="12:15:00">
			<Value date="2016-02-12" time="09:30:00">0.0</Value>
			<Value date="2016-02-12" time="09:45:00">0.0</Value>
			<Value date="2016-02-12" time="10:00:00">0.0</Value>
			<Value date="2016-02-12" time="10:15:00">0.0</Value>
			<Value date="2016-02-12" time="10:30:00">0.0</Value>
			<Value date="2016-02-12" time="10:45:00">0.0</Value>
			<Value date="2016-02-12" time="11:00:00">0.0</Value>
			<Value date="2016-02-12" time="11:15:00">0.0</Value>
			<Value date="2016-02-12" time="11:30:00">0.2</Value>
			<Value date="2016-02-12" time="11:45:00">0.0</Value>
			<Value date="2016-02-12" time="12:00:00">0.0</Value>
			<Value date="2016-02-12" time="12:15:00">0.0</Value>
		</SetofValues>
	</Station>
	<Station stationReference="2202SO" region="Southern" stationName="DITCHLING ROAD GWL" ngr="TQ3149507640">
		<SetofValues parameter="Water Level" qualifier="Groundwater" dataType="Instantaneous" period="1 h" units="mAOD" startDate="2016-02-12" startTime="09:30:00" endDate="2016-02-12" endTime="12:15:00">
			<Value date="2016-02-12" time="09:30:00">62.740</Value>
			<Value date="2016-02-12" time="09:45:00">62.740</Value>
			<Value date="2016-02-12" time="10:00:00">62.740</Value>
			<Value date="2016-02-12" time="10:15:00">62.740</Value>
			<Value date="2016-02-12" time="10:30:00">62.740</Value>
			<Value date="2016-02-12" time="10:45:00">62.740</Value>
			<Value date="2016-02-12" time="11:00:00">62.740</Value>
			<Value date="2016-02-12" time="11:15:00">62.740</Value>
			<Value date="2016-02-12" time="11:30:00">62.740</Value>
			<Value date="2016-02-12" time="11:45:00">62.740</Value>
			<Value date="2016-02-12" time="12:00:00">62.740</Value>
			<Value date="2016-02-12" time="12:15:00">62.740</Value>
		</SetofValues>
	</Station>
</EATimeSeriesDataExchangeFormat>
