<?xml version="1.0" standalone="yes"?>
<EATimeSeriesDataExchangeFormat xmlns="http://www.environment-agency.gov.uk/XMLSchemas/EATimeSeriesDataExchangeFormat" xmlns:md="http://www.environment-agency.gov.uk/XMLSchemas/EAMetadataFormat" xmlns:xsi="http://www.w3.org/2001/XMLSchema-instance" xsi:schemaLocation="http://www.environment-agency.gov.uk/XMLSchemas/EATimeSeriesDataExchangeFormat EATimeSeriesDataExchangeFormat.xsd">
	<md:Publisher>Environment Agency</md:Publisher>
	<md:Source>EA South East Regional Telemetry System</md:Source>
	<md:Description>Automated telemetry data export process</md:Description>
	<md:Creator>SCX 6</md:Creator>
	<md:Date>2016-02-12</md:Date>
	<md:Time>13:28:41</md:Time>
	<md:Identifier>SEKMHSCXAS1</md:Identifier>
	<Station stationReference="E15110" region="Southern" stationName="NEWPORT RL" ngr="SZ502897">
		<SetofValues parameter="Water Level" qualifier="Tidal Level" dataType="Instantaneous" period="15 min" units="mAOD" startDate="2016-02-12" startTime="13:15:00" endDate="2016-02-12" endTime="13:15:00">
			<Value date="2016-02-12" time="13:15:00">2.188</Value>
		</SetofValues>
	</Station>
	<Station stationReference="E12412" region="Southern" stationName="RIVERSIDE PARK GS" ngr="SU445154">
		<SetofValues parameter="Water Level" qualifier="Stage" dataType="Instantaneous" period="15 min" units="mASD" startDate="2016-02-12" startTime="10:45:00" endDate="2016-02-12" endTime="13:15:00">
			<Value date="2016-02-12" time="10:45:00">1.730</Value>
			<Value date="2016-02-12" time="11:00:00">1.732</Value>
			<Value date="2016-02-12" time="11:15:00">1.736</Value>
			<Value date="2016-02-12" time="11:30:00">1.739</Value>
			<Value date="2016-02-12" time="11:45:00">1.744</Value>
			<Value date="2016-02-12" time="12:00:00">1.742</Value>
			<Value date="2016-02-12" time="12:15:00">1.750</Value>
			<Value date="2016-02-12" time="12:30:00">1.760</Value>
			<Value date="2016-02-12" time="12:45:00">1.783</Value>
			<Value date="2016-02-12" time="13:00:00">1.815</Value>
			<Value date="2016-02-12" time="13:15:00">1.862</Value>
		</SetofValues>
	</Station>
	<Station stationReference="E12411" region="Southern" stationName="RIVERSIDE PARK GS" ngr="SU445154">
		<SetofValues parameter="Flow" dataType="Instantaneous" period="15 min" units="m3/s" startDate="2016-02-12" startTime="10:45:00" endDate="2016-02-12" endTime="13:15:00">
			<Value date="2016-02-12" time="10:45:00">9.858</Value>
			<Value date="2016-02-12" time="11:00:00">9.868</Value>
			<Value date="2016-02-12" time="11:15:00">9.90</Value>
			<Value date="2016-02-12" time="11:30:00">9.941</Value>
			<Value date="2016-02-12" time="11:45:00">9.931</Value>
			<Value date="2016-02-12" time="12:00:00">10.117</Value>
			<Value date="2016-02-12" time="12:15:00">9.889</Value>
			<Value date="2016-02-12" time="12:30:00">9.755</Value>
			<Value date="2016-02-12" time="12:45:00">9.403</Value>
			<Value date="2016-02-12" time="13:00:00">8.906</Value>
			<Value date="2016-02-12" time="13:15:00">8.213</Value>
		</SetofValues>
	</Station>
	<Station stationReference="E11191" region="Southern" stationName="CHILGROVE HOUSE" ngr="SU835144">
		<SetofValues parameter="Rainfall" qualifier="Tipping Bucket Raingauge" dataType="Total" period="15 min" units="mm" startDate="2016-02-12" startTime="09:30:00" endDate="2016-02-12" endTime="13:15:00">
			<Value date="2016-02-12" time="09:30:00">0.0</Value>
			<Value date="2016-02-12" time="09:45:00">0.2</Value>
			<Value date="2016-02-12" time="10:00:00">0.0</Value>
			<Value date="2016-02-12" time="10:15:00">0.0</Value>
			<Value date="2016-02-12" time="10:30:00">0.0</Value>
			<Value date="2016-02-12" time="10:45:00">0.0</Value>
			<Value date="2016-02-12" time="11:00:00">0.0</Value>
			<Value date="2016-02-12" time="11:15:00">0.2</Value>
			<Value date="2016-02-12" time="11:30:00">0.0</Value>
			<Value date="2016-02-12" time="11:45:00">0.4</Value>
			<Value date="2016-02-12" time="12:00:00">0.4</Value>
			<Value date="2016-02-12" time="12:15:00">0.2</Value>
			<Value date="2016-02-12" time="12:30:00">0.4</Value>
			<Value date="2016-02-12" time="12:45:00">0.2</Value>
			<Value date="2016-02-12" time="13:00:00">0.0</Value>
			<Value date="2016-02-12" time="13:15:00">0.0</Value>
		</SetofValues>
	</Station>
	<Station stationReference="E11070" region="Southern" stationName="COMPTON GWL" ngr="SU7755114895">
		<SetofValues parameter="Water Level" qualifier="Groundwater" dataType="Instantaneous" period="15 min" units="mAOD" startDate="2016-02-12" startTime="07:00:00" endDate="2016-02-12" endTime="13:00:00">
			<Value date="2016-02-12" time="07:00:00">61.973</Value>
			<Value date="2016-02-12" time="08:00:00">62.003</Value>
			<Value date="2016-02-12" time="09:00:00">61.953</Value>
			<Value date="2016-02-12" time="10:00:00">61.973</Value>
			<Value date="2016-02-12" time="11:00:00">61.953</Value>
			<Value date="2016-02-12" time="12:00:00">61.943</Value>
			<Value date="2016-02-12" time="13:00:00">61.953</Value>
		</SetofValues>
	</Station>
</EATimeSeriesDataExchangeFormat>
