<?xml version="1.0" standalone="yes"?>
<EATimeSeriesDataExchangeFormat xmlns="http://www.environment-agency.gov.uk/XMLSchemas/EATimeSeriesDataExchangeFormat" xmlns:md="http://www.environment-agency.gov.uk/XMLSchemas/EAMetadataFormat" xmlns:xsi="http://www.w3.org/2001/XMLSchema-instance" xsi:schemaLocation="http://www.environment-agency.gov.uk/XMLSchemas/EATimeSeriesDataExchangeFormat EATimeSeriesDataExchangeFormat.xsd">
	<md:Publisher>Environment Agency</md:Publisher>
	<md:Source>EA South East Regional Telemetry System</md:Source>
	<md:Description>Automated telemetry data export process</md:Description>
	<md:Creator>SCX 6</md:Creator>
	<md:Date>2016-02-12</md:Date>
	<md:Time>13:37:55</md:Time>
	<md:Identifier>SEKMHSCXAS1</md:Identifier>
	<Station stationReference="E14331" region="Southern" stationName="BEAULIEU GATES RL" ngr="SU387023">
		<SetofValues parameter="Water Level" qualifier="Stage" dataType="Instantaneous" period="15 min" units="mAOD" startDate="2016-02-12" startTime="10:45:00" endDate="2016-02-12" endTime="13:30:00">
			<Value date="2016-02-12" time="10:45:00">0.112</Value>
			<Value date="2016-02-12" time="11:00:00">0.177</Value>
			<Value date="2016-02-12" time="11:15:00">0.357</Value>
			<Value date="2016-02-12" time="11:30:00">0.544</Value>
			<Value date="2016-02-12" time="11:45:00">0.722</Value>
			<Value date="2016-02-12" time="12:00:00">0.904</Value>
			<Value date="2016-02-12" time="12:15:00">1.102</Value>
			<Value date="2016-02-12" time="12:30:00">1.347</Value>
			<Value date="2016-02-12" time="12:45:00">1.597</Value>
			<Value date="2016-02-12" time="13:00:00">1.771</Value>
			<Value date="2016-02-12" time="13:15:00">1.956</Value>
			<Value date="2016-02-12" time="13:30:00">2.083</Value>
		</SetofValues>
	</Station>
	<Station stationReference="E14330" region="Southern" stationName="BEAULIEU GATES RL" ngr="SU387023">
		<SetofValues parameter="Water Level" qualifier="Downstream Stage" dataType="Instantaneous" period="15 min" units="mAOD" startDate="2016-02-12" startTime="10:45:00" endDate="2016-02-12" endTime="13:30:00">
			<Value date="2016-02-12" time="10:45:00">0.035</Value>
			<Value date="2016-02-12" time="11:00:00">0.158</Value>
			<Value date="2016-02-12" time="11:15:00">0.348</Value>
			<Value date="2016-02-12" time="11:30:00">0.548</Value>
			<Value date="2016-02-12" time="11:45:00">0.744</Value>
			<Value date="2016-02-12" time="12:00:00">0.963</Value>
			<Value date="2016-02-12" time="12:15:00">1.182</Value>
			<Value date="2016-02-12" time="12:30:00">1.442</Value>
			<Value date="2016-02-12" time="12:45:00">1.731</Value>
			<Value date="2016-02-12" time="13:00:00">1.979</Value>
			<Value date="2016-02-12" time="13:15:00">2.143</Value>
			<Value date="2016-02-12" time="13:30:00">2.190</Value>
		</SetofValues>
	</Station>
</EATimeSeriesDataExchangeFormat>
