<?xml version="1.0" standalone="yes"?>
<EATimeSeriesDataExchangeFormat xmlns="http://www.environment-agency.gov.uk/XMLSchemas/EATimeSeriesDataExchangeFormat" xmlns:md="http://www.environment-agency.gov.uk/XMLSchemas/EAMetadataFormat" xmlns:xsi="http://www.w3.org/2001/XMLSchema-instance" xsi:schemaLocation="http://www.environment-agency.gov.uk/XMLSchemas/EATimeSeriesDataExchangeFormat EATimeSeriesDataExchangeFormat.xsd">
	<md:Publisher>Environment Agency</md:Publisher>
	<md:Source>EA South East Regional Telemetry System</md:Source>
	<md:Description>Automated telemetry data export process</md:Description>
	<md:Creator>SCX 6</md:Creator>
	<md:Date>2016-02-12</md:Date>
	<md:Time>12:07:46</md:Time>
	<md:Identifier>SEKMHSCXAS1</md:Identifier>
	<Station stationReference="E6770" region="Southern" stationName="DARWELL RF" ngr="TQ723213">
		<SetofValues parameter="Rainfall" qualifier="Tipping Bucket Raingauge" dataType="Total" period="15 min" units="mm" startDate="2016-02-12" startTime="11:15:00" endDate="2016-02-12" endTime="12:00:00">
			<Value date="2016-02-12" time="11:15:00">0.0</Value>
			<Value date="2016-02-12" time="11:30:00">0.2</Value>
			<Value date="2016-02-12" time="11:45:00">0.0</Value>
			<Value date="2016-02-12" time="12:00:00">0.0</Value>
		</SetofValues>
	</Station>
	<Station stationReference="E16124" region="Southern" stationName="LUCIFER BRIDGE GS" ngr="TQ5765046503">
		<SetofValues parameter="Flow" dataType="Instantaneous" period="15 min" units="m3/s" startDate="2016-02-12" startTime="10:30:00" endDate="2016-02-12" endTime="12:00:00">
			<Value date="2016-02-12" time="10:30:00">6.580</Value>
			<Value date="2016-02-12" time="10:45:00">4.720</Value>
			<Value date="2016-02-12" time="11:00:00">1.530</Value>
			<Value date="2016-02-12" time="11:15:00">6.270</Value>
			<Value date="2016-02-12" time="11:30:00">6.080</Value>
			<Value date="2016-02-12" time="11:45:00">6.170</Value>
			<Value date="2016-02-12" time="12:00:00">6.750</Value>
		</SetofValues>
	</Station>
	<Station stationReference="E16120" region="Southern" stationName="LUCIFER BRIDGE GS" ngr="TQ5765046503">
		<SetofValues parameter="Water Level" dataType="Instantaneous" period="15 min" units="mASD" startDate="2016-02-12" startTime="10:30:00" endDate="2016-02-12" endTime="12:00:00">
			<Value date="2016-02-12" time="10:30:00">2.457</Value>
			<Value date="2016-02-12" time="10:45:00">2.433</Value>
			<Value date="2016-02-12" time="11:00:00">2.398</Value>
			<Value date="2016-02-12" time="11:15:00">2.434</Value>
			<Value date="2016-02-12" time="11:30:00">2.455</Value>
			<Value date="2016-02-12" time="11:45:00">2.477</Value>
			<Value date="2016-02-12" time="12:00:00">2.483</Value>
		</SetofValues>
	</Station>
	<Station stationReference="E12821" region="Southern" stationName="BISHOPS SUTTON" ngr="SU605321">
		<SetofValues parameter="Rainfall" qualifier="Tipping Bucket Raingauge" dataType="Total" period="15 min" units="mm" startDate="2016-02-12" startTime="09:30:00" endDate="2016-02-12" endTime="12:00:00">
			<Value date="2016-02-12" time="09:30:00">0.0</Value>
			<Value date="2016-02-12" time="09:45:00">0.0</Value>
			<Value date="2016-02-12" time="10:00:00">0.0</Value>
			<Value date="2016-02-12" time="10:15:00">0.0</Value>
			<Value date="2016-02-12" time="10:30:00">0.0</Value>
			<Value date="2016-02-12" time="10:45:00">0.0</Value>
			<Value date="2016-02-12" time="11:00:00">0.0</Value>
			<Value date="2016-02-12" time="11:15:00">0.2</Value>
			<Value date="2016-02-12" time="11:30:00">0.0</Value>
			<Value date="2016-02-12" time="11:45:00">0.2</Value>
			<Value date="2016-02-12" time="12:00:00">0.0</Value>
		</SetofValues>
	</Station>
</EATimeSeriesDataExchangeFormat>
