<?xml version="1.0" standalone="yes"?>
<EATimeSeriesDataExchangeFormat xmlns="http://www.environment-agency.gov.uk/XMLSchemas/EATimeSeriesDataExchangeFormat" xmlns:md="http://www.environment-agency.gov.uk/XMLSchemas/EAMetadataFormat" xmlns:xsi="http://www.w3.org/2001/XMLSchema-instance" xsi:schemaLocation="http://www.environment-agency.gov.uk/XMLSchemas/EATimeSeriesDataExchangeFormat EATimeSeriesDataExchangeFormat.xsd">
	<md:Publisher>Environment Agency</md:Publisher>
	<md:Source>EA South East Regional Telemetry System</md:Source>
	<md:Description>Automated telemetry data export process</md:Description>
	<md:Creator>SCX 6</md:Creator>
	<md:Date>2016-02-12</md:Date>
	<md:Time>12:02:18</md:Time>
	<md:Identifier>SEKMHSCXAS1</md:Identifier>
	<Station stationReference="E9660" region="Southern" stationName="STORRINGTON RF" ngr="TQ076155">
		<SetofValues parameter="Rainfall" qualifier="Tipping Bucket Raingauge" dataType="Total" period="15 min" units="mm" startDate="2016-02-12" startTime="11:15:00" endDate="2016-02-12" endTime="12:00:00">
			<Value date="2016-02-12" time="11:15:00">0.0</Value>
			<Value date="2016-02-12" time="11:30:00">0.4</Value>
			<Value date="2016-02-12" time="11:45:00">0.3</Value>
			<Value date="2016-02-12" time="12:00:00">0.0</Value>
		</SetofValues>
	</Station>
	<Station stationReference="E8510" region="Southern" stationName="PLUMPTON RF" ngr="TQ356136">
		<SetofValues parameter="Rainfall" qualifier="Tipping Bucket Raingauge" dataType="Total" period="15 min" units="mm" startDate="2016-02-12" startTime="09:30:00" endDate="2016-02-12" endTime="12:00:00">
			<Value date="2016-02-12" time="09:30:00">0.0</Value>
			<Value date="2016-02-12" time="09:45:00">0.0</Value>
			<Value date="2016-02-12" time="10:00:00">0.0</Value>
			<Value date="2016-02-12" time="10:15:00">0.0</Value>
			<Value date="2016-02-12" time="10:30:00">0.0</Value>
			<Value date="2016-02-12" time="10:45:00">0.0</Value>
			<Value date="2016-02-12" time="11:00:00">0.0</Value>
			<Value date="2016-02-12" time="11:15:00">0.0</Value>
			<Value date="2016-02-12" time="11:30:00">0.0</Value>
			<Value date="2016-02-12" time="11:45:00">0.0</Value>
			<Value date="2016-02-12" time="12:00:00">0.2</Value>
		</SetofValues>
	</Station>
	<Station stationReference="E427" region="Southern" stationName="ALLINGTON LOCK RL" ngr="TQ743758">
		<SetofValues parameter="Water Level" qualifier="Stage" dataType="Instantaneous" period="15 min" units="mAOD" startDate="2016-02-12" startTime="11:15:00" endDate="2016-02-12" endTime="12:00:00">
			<Value date="2016-02-12" time="11:15:00">3.936</Value>
			<Value date="2016-02-12" time="11:30:00">3.937</Value>
			<Value date="2016-02-12" time="11:45:00">3.938</Value>
			<Value date="2016-02-12" time="12:00:00">3.935</Value>
		</SetofValues>
	</Station>
	<Station stationReference="E2040" region="Southern" stationName="HORSMONDEN RF" ngr="TQ721405">
		<SetofValues parameter="Rainfall" qualifier="Tipping Bucket Raingauge" dataType="Total" period="15 min" units="mm" startDate="2016-02-12" startTime="11:15:00" endDate="2016-02-12" endTime="12:00:00">
			<Value date="2016-02-12" time="11:15:00">0.2</Value>
			<Value date="2016-02-12" time="11:30:00">0.0</Value>
			<Value date="2016-02-12" time="11:45:00">0.0</Value>
			<Value date="2016-02-12" time="12:00:00">0.0</Value>
		</SetofValues>
	</Station>
	<Station stationReference="E14420" region="Southern" stationName="BROCKENHURST WWTW" ngr="SU311028">
		<SetofValues parameter="Rainfall" qualifier="Tipping Bucket Raingauge" dataType="Total" period="15 min" units="mm" startDate="2016-02-12" startTime="11:15:00" endDate="2016-02-12" endTime="12:00:00">
			<Value date="2016-02-12" time="11:15:00">0.2</Value>
			<Value date="2016-02-12" time="11:30:00">0.0</Value>
			<Value date="2016-02-12" time="11:45:00">0.0</Value>
			<Value date="2016-02-12" time="12:00:00">0.0</Value>
		</SetofValues>
	</Station>
	<Station stationReference="E13580" region="Southern" stationName="BROUGR RAINGAUGE" ngr="SU307338">
		<SetofValues parameter="Rainfall" qualifier="Tipping Bucket Raingauge" dataType="Total" period="15 min" units="mm" startDate="2016-02-12" startTime="10:15:00" endDate="2016-02-12" endTime="12:00:00">
			<Value date="2016-02-12" time="10:15:00">0.0</Value>
			<Value date="2016-02-12" time="10:30:00">0.0</Value>
			<Value date="2016-02-12" time="10:45:00">0.0</Value>
			<Value date="2016-02-12" time="11:00:00">0.0</Value>
			<Value date="2016-02-12" time="11:15:00">0.0</Value>
			<Value date="2016-02-12" time="11:30:00">0.2</Value>
			<Value date="2016-02-12" time="11:45:00">0.0</Value>
			<Value date="2016-02-12" time="12:00:00">0.0</Value>
		</SetofValues>
	</Station>
	<Station stationReference="E12570" region="Southern" stationName="OTTERBOURNE RF" ngr="SU467234">
		<SetofValues parameter="Rainfall" qualifier="Tipping Bucket Raingauge" dataType="Total" period="15 min" units="mm" startDate="2016-02-12" startTime="11:15:00" endDate="2016-02-12" endTime="12:00:00">
			<Value date="2016-02-12" time="11:15:00">0.2</Value>
			<Value date="2016-02-12" time="11:30:00">0.2</Value>
			<Value date="2016-02-12" time="11:45:00">0.0</Value>
			<Value date="2016-02-12" time="12:00:00">0.0</Value>
		</SetofValues>
	</Station>
	<Station stationReference="E11461" region="Southern" stationName="WORLDS END" ngr="SU630118">
		<SetofValues parameter="Rainfall" qualifier="Tipping Bucket Raingauge" dataType="Total" period="15 min" units="mm" startDate="2016-02-12" startTime="09:30:00" endDate="2016-02-12" endTime="12:00:00">
			<Value date="2016-02-12" time="09:30:00">0.0</Value>
			<Value date="2016-02-12" time="09:45:00">0.0</Value>
			<Value date="2016-02-12" time="10:00:00">0.0</Value>
			<Value date="2016-02-12" time="10:15:00">0.0</Value>
			<Value date="2016-02-12" time="10:30:00">0.0</Value>
			<Value date="2016-02-12" time="10:45:00">0.0</Value>
			<Value date="2016-02-12" time="11:00:00">0.0</Value>
			<Value date="2016-02-12" time="11:15:00">0.0</Value>
			<Value date="2016-02-12" time="11:30:00">0.0</Value>
			<Value date="2016-02-12" time="11:45:00">0.0</Value>
			<Value date="2016-02-12" time="12:00:00">0.2</Value>
		</SetofValues>
	</Station>
	<Station stationReference="E10500" region="Southern" stationName="PETERSFIELD RF" ngr="SU769229">
		<SetofValues parameter="Rainfall" qualifier="Tipping Bucket Raingauge" dataType="Total" period="15 min" units="mm" startDate="2016-02-12" startTime="11:15:00" endDate="2016-02-12" endTime="12:00:00">
			<Value date="2016-02-12" time="11:15:00">0.2</Value>
			<Value date="2016-02-12" time="11:30:00">0.2</Value>
			<Value date="2016-02-12" time="11:45:00">0.2</Value>
			<Value date="2016-02-12" time="12:00:00">0.0</Value>
		</SetofValues>
	</Station>
</EATimeSeriesDataExchangeFormat>
