<?xml version="1.0" standalone="yes"?>
<EATimeSeriesDataExchangeFormat xmlns="http://www.environment-agency.gov.uk/XMLSchemas/EATimeSeriesDataExchangeFormat" xmlns:md="http://www.environment-agency.gov.uk/XMLSchemas/EAMetadataFormat" xmlns:xsi="http://www.w3.org/2001/XMLSchema-instance" xsi:schemaLocation="http://www.environment-agency.gov.uk/XMLSchemas/EATimeSeriesDataExchangeFormat EATimeSeriesDataExchangeFormat.xsd">
	<md:Publisher>Environment Agency</md:Publisher>
	<md:Source>EA South East Regional Telemetry System</md:Source>
	<md:Description>Automated telemetry data export process</md:Description>
	<md:Creator>SCX 6</md:Creator>
	<md:Date>2016-02-12</md:Date>
	<md:Time>10:23:38</md:Time>
	<md:Identifier>SEKMHSCXAS1</md:Identifier>
	<Station stationReference="E16124" region="Southern" stationName="LUCIFER BRIDGE GS" ngr="TQ5765046503">
		<SetofValues parameter="Flow" dataType="Instantaneous" period="15 min" units="m3/s" startDate="2016-02-12" startTime="09:30:00" endDate="2016-02-12" endTime="10:15:00">
			<Value date="2016-02-12" time="09:30:00">6.490</Value>
			<Value date="2016-02-12" time="09:45:00">6.950</Value>
			<Value date="2016-02-12" time="10:00:00">6.210</Value>
			<Value date="2016-02-12" time="10:15:00">6.700</Value>
		</SetofValues>
	</Station>
	<Station stationReference="E16120" region="Southern" stationName="LUCIFER BRIDGE GS" ngr="TQ5765046503">
		<SetofValues parameter="Water Level" dataType="Instantaneous" period="15 min" units="mASD" startDate="2016-02-12" startTime="09:30:00" endDate="2016-02-12" endTime="10:15:00">
			<Value date="2016-02-12" time="09:30:00">2.458</Value>
			<Value date="2016-02-12" time="09:45:00">2.458</Value>
			<Value date="2016-02-12" time="10:00:00">2.458</Value>
			<Value date="2016-02-12" time="10:15:00">2.457</Value>
		</SetofValues>
	</Station>
	<Station stationReference="E14900" region="Southern" stationName="AFTON RF" ngr="SZ350865">
		<SetofValues parameter="Rainfall" qualifier="Tipping Bucket Raingauge" dataType="Total" period="15 min" units="mm" startDate="2016-02-12" startTime="09:30:00" endDate="2016-02-12" endTime="10:15:00">
			<Value date="2016-02-12" time="09:30:00">0.3</Value>
			<Value date="2016-02-12" time="09:45:00">0.0</Value>
			<Value date="2016-02-12" time="10:00:00">0.0</Value>
			<Value date="2016-02-12" time="10:15:00">0.0</Value>
		</SetofValues>
	</Station>
	<Station stationReference="E14880" region="Southern" stationName="CALBOURNE RF" ngr="SZ425859">
		<SetofValues parameter="Rainfall" qualifier="Tipping Bucket Raingauge" dataType="Total" period="15 min" units="mm" startDate="2016-02-12" startTime="09:30:00" endDate="2016-02-12" endTime="10:15:00">
			<Value date="2016-02-12" time="09:30:00">0.0</Value>
			<Value date="2016-02-12" time="09:45:00">0.0</Value>
			<Value date="2016-02-12" time="10:00:00">0.0</Value>
			<Value date="2016-02-12" time="10:15:00">0.0</Value>
		</SetofValues>
	</Station>
	<Station stationReference="E14430" region="Southern" stationName="STEM LANE RF" ngr="SZ233957">
		<SetofValues parameter="Rainfall" qualifier="Tipping Bucket Raingauge" dataType="Total" period="15 min" units="mm" startDate="2016-02-12" startTime="09:30:00" endDate="2016-02-12" endTime="10:15:00">
			<Value date="2016-02-12" time="09:30:00">0.0</Value>
			<Value date="2016-02-12" time="09:45:00">0.0</Value>
			<Value date="2016-02-12" time="10:00:00">0.2</Value>
			<Value date="2016-02-12" time="10:15:00">0.0</Value>
		</SetofValues>
	</Station>
	<Station stationReference="E13560" region="Southern" stationName="ROMSEY DEPOT RF" ngr="SU357216">
		<SetofValues parameter="Rainfall" qualifier="Tipping Bucket Raingauge" dataType="Total" period="15 min" units="mm" startDate="2016-02-12" startTime="09:30:00" endDate="2016-02-12" endTime="10:15:00">
			<Value date="2016-02-12" time="09:30:00">0.4</Value>
			<Value date="2016-02-12" time="09:45:00">0.4</Value>
			<Value date="2016-02-12" time="10:00:00">0.0</Value>
			<Value date="2016-02-12" time="10:15:00">0.0</Value>
		</SetofValues>
	</Station>
	<Station stationReference="E12560" region="Southern" stationName="WARNFORD RF" ngr="SU622233">
		<SetofValues parameter="Rainfall" qualifier="Tipping Bucket Raingauge" dataType="Total" period="15 min" units="mm" startDate="2016-02-12" startTime="09:30:00" endDate="2016-02-12" endTime="10:15:00">
			<Value date="2016-02-12" time="09:30:00">0.2</Value>
			<Value date="2016-02-12" time="09:45:00">0.0</Value>
			<Value date="2016-02-12" time="10:00:00">0.0</Value>
			<Value date="2016-02-12" time="10:15:00">0.0</Value>
		</SetofValues>
	</Station>
	<Station stationReference="E11480" region="Southern" stationName="PORTSWOOD RF" ngr="SU520507">
		<SetofValues parameter="Rainfall" qualifier="Tipping Bucket Raingauge" dataType="Total" period="15 min" units="mm" startDate="2016-02-12" startTime="09:30:00" endDate="2016-02-12" endTime="10:15:00">
			<Value date="2016-02-12" time="09:30:00">0.4</Value>
			<Value date="2016-02-12" time="09:45:00">0.0</Value>
			<Value date="2016-02-12" time="10:00:00">0.0</Value>
			<Value date="2016-02-12" time="10:15:00">0.0</Value>
		</SetofValues>
	</Station>
	<Station stationReference="E10389" region="Southern" stationName="IPING MILL GS" ngr="SU852229">
		<SetofValues parameter="Water Level" qualifier="Stage" dataType="Instantaneous" period="15 min" units="mASD" startDate="2016-02-12" startTime="04:45:00" endDate="2016-02-12" endTime="10:15:00">
			<Value date="2016-02-12" time="04:45:00">0.489</Value>
			<Value date="2016-02-12" time="05:00:00">0.489</Value>
			<Value date="2016-02-12" time="05:15:00">0.490</Value>
			<Value date="2016-02-12" time="05:30:00">0.491</Value>
			<Value date="2016-02-12" time="05:45:00">0.491</Value>
			<Value date="2016-02-12" time="06:00:00">0.491</Value>
			<Value date="2016-02-12" time="06:15:00">0.491</Value>
			<Value date="2016-02-12" time="06:30:00">0.491</Value>
			<Value date="2016-02-12" time="06:45:00">0.491</Value>
			<Value date="2016-02-12" time="07:00:00">0.491</Value>
			<Value date="2016-02-12" time="07:15:00">0.491</Value>
			<Value date="2016-02-12" time="07:30:00">0.491</Value>
			<Value date="2016-02-12" time="07:45:00">0.491</Value>
			<Value date="2016-02-12" time="08:00:00">0.491</Value>
			<Value date="2016-02-12" time="08:15:00">0.491</Value>
			<Value date="2016-02-12" time="08:30:00">0.491</Value>
			<Value date="2016-02-12" time="08:45:00">0.491</Value>
			<Value date="2016-02-12" time="09:00:00">0.491</Value>
			<Value date="2016-02-12" time="09:15:00">0.491</Value>
			<Value date="2016-02-12" time="09:30:00">0.491</Value>
			<Value date="2016-02-12" time="09:45:00">0.491</Value>
			<Value date="2016-02-12" time="10:00:00">0.491</Value>
			<Value date="2016-02-12" time="10:15:00">0.491</Value>
		</SetofValues>
	</Station>
	<Station stationReference="E10370" region="Southern" stationName="IPING MILL RF" ngr="SU852229">
		<SetofValues parameter="Rainfall" qualifier="Tipping Bucket Raingauge" dataType="Total" period="15 min" units="mm" startDate="2016-02-12" startTime="04:45:00" endDate="2016-02-12" endTime="10:15:00">
			<Value date="2016-02-12" time="04:45:00">0.0</Value>
			<Value date="2016-02-12" time="05:00:00">0.0</Value>
			<Value date="2016-02-12" time="05:15:00">0.0</Value>
			<Value date="2016-02-12" time="05:30:00">0.0</Value>
			<Value date="2016-02-12" time="05:45:00">0.0</Value>
			<Value date="2016-02-12" time="06:00:00">0.0</Value>
			<Value date="2016-02-12" time="06:15:00">0.0</Value>
			<Value date="2016-02-12" time="06:30:00">0.0</Value>
			<Value date="2016-02-12" time="06:45:00">0.0</Value>
			<Value date="2016-02-12" time="07:00:00">0.0</Value>
			<Value date="2016-02-12" time="07:15:00">0.0</Value>
			<Value date="2016-02-12" time="07:30:00">0.0</Value>
			<Value date="2016-02-12" time="07:45:00">0.0</Value>
			<Value date="2016-02-12" time="08:00:00">0.0</Value>
			<Value date="2016-02-12" time="08:15:00">0.0</Value>
			<Value date="2016-02-12" time="08:30:00">0.0</Value>
			<Value date="2016-02-12" time="08:45:00">0.0</Value>
			<Value date="2016-02-12" time="09:00:00">0.0</Value>
			<Value date="2016-02-12" time="09:15:00">0.4</Value>
			<Value date="2016-02-12" time="09:30:00">0.0</Value>
			<Value date="2016-02-12" time="09:45:00">0.0</Value>
			<Value date="2016-02-12" time="10:00:00">0.0</Value>
			<Value date="2016-02-12" time="10:15:00">0.0</Value>
		</SetofValues>
	</Station>
	<Station stationReference="E10140" region="Southern" stationName="KIRDFORD RF" ngr="TQ016259">
		<SetofValues parameter="Rainfall" qualifier="Tipping Bucket Raingauge" dataType="Total" period="15 min" units="mm" startDate="2016-02-12" startTime="09:30:00" endDate="2016-02-12" endTime="10:15:00">
			<Value date="2016-02-12" time="09:30:00">0.0</Value>
			<Value date="2016-02-12" time="09:45:00">0.0</Value>
			<Value date="2016-02-12" time="10:00:00">0.4</Value>
			<Value date="2016-02-12" time="10:15:00">0.0</Value>
		</SetofValues>
	</Station>
</EATimeSeriesDataExchangeFormat>
