<?xml version="1.0"?>
<EATimeSeriesDataExchangeFormat xmlns="http://www.environment-agency.gov.uk/XMLSchemas/EATimeSeriesDataExchangeFormat" 
	xmlns:md="http://www.environment-agency.gov.uk/XMLSchemas/EAMetadataFormat"
	xmlns:xsi="http://www.w3.org/2001/XMLSchema-instance" 
  	xsi:schemaLocation="http://www.environment-agency.gov.uk/XMLSchemas/EATimeSeriesDataExchangeFormat EATimeSeriesDataExchangeFormat.xsd">
	<md:Publisher>Environment Agency</md:Publisher>
	<md:Source>South West Telemetry</md:Source>
	<md:Description>Telemetry Data</md:Description>
        <md:Creator>X-Tel 1.74</md:Creator>
 	<md:Date>2016-02-12</md:Date>
 	<md:Time>12:37:04</md:Time>
 	<md:Identifier>South West Interface Server</md:Identifier><Station
		stationReference="52232"
		stationName="LONG LOAD"
		region="South West"
		ngr="ST4685023774">
 		<SetofValues
			parameter="Water Level"
			qualifier="Stage"
			dataType="Instantaneous"
			period="15 min"
			characteristic="Measured"
			units="m"
			startDate="2016-02-12" 
			startTime="12:30:00" 
			endDate="2016-02-12" 
			endTime="12:30:00"><Value date="2016-02-12" time="12:30:00">8.483</Value></SetofValues>
	</Station><Station
		stationReference="52156"
		stationName="LONG LOAD"
		region="South West"
		ngr="ST4680023700">
 		<SetofValues
			parameter="Water Level"
			qualifier="1"
			dataType="Instantaneous"
			period="15 min"
			characteristic="Measured"
			units="m"
			startDate="2016-02-12" 
			startTime="12:30:00" 
			endDate="2016-02-12" 
			endTime="12:30:00"><Value date="2016-02-12" time="12:30:00">8.879</Value></SetofValues>
	</Station></EATimeSeriesDataExchangeFormat>