<?xml version="1.0"?>
<EATimeSeriesDataExchangeFormat xmlns="http://www.environment-agency.gov.uk/XMLSchemas/EATimeSeriesDataExchangeFormat" 
	xmlns:md="http://www.environment-agency.gov.uk/XMLSchemas/EAMetadataFormat"
	xmlns:xsi="http://www.w3.org/2001/XMLSchema-instance" 
  	xsi:schemaLocation="http://www.environment-agency.gov.uk/XMLSchemas/EATimeSeriesDataExchangeFormat EATimeSeriesDataExchangeFormat.xsd">
	<md:Publisher>Environment Agency</md:Publisher>
	<md:Source>South West Telemetry</md:Source>
	<md:Description>Telemetry Data</md:Description>
        <md:Creator>X-Tel 1.74</md:Creator>
 	<md:Date>2016-02-12</md:Date>
 	<md:Time>13:04:06</md:Time>
 	<md:Identifier>South West Interface Server</md:Identifier><Station
		stationReference="44104"
		stationName="FRIAR WADDON"
		region="South West"
		ngr="SS1234512375">
 		<SetofValues
			parameter="Rainfall"
			qualifier="Tipping Bucket Raingauge"
			dataType="Total"
			period="15 min"
			characteristic="Measured"
			units="mm"
			startDate="2016-02-12" 
			startTime="09:15:00" 
			endDate="2016-02-12" 
			endTime="13:00:00"><Value date="2016-02-12" time="09:15:00">0.000</Value><Value date="2016-02-12" time="09:30:00">0.000</Value><Value date="2016-02-12" time="09:45:00">0.000</Value><Value date="2016-02-12" time="10:00:00">0.000</Value><Value date="2016-02-12" time="10:15:00">0.000</Value><Value date="2016-02-12" time="10:30:00">0.000</Value><Value date="2016-02-12" time="10:45:00">0.000</Value><Value date="2016-02-12" time="11:00:00">0.000</Value><Value date="2016-02-12" time="11:15:00">0.000</Value><Value date="2016-02-12" time="11:30:00">0.000</Value><Value date="2016-02-12" time="11:45:00">0.000</Value><Value date="2016-02-12" time="12:00:00">0.000</Value><Value date="2016-02-12" time="12:15:00">0.000</Value><Value date="2016-02-12" time="12:30:00">0.200</Value><Value date="2016-02-12" time="12:45:00">0.000</Value><Value date="2016-02-12" time="13:00:00">0.000</Value></SetofValues>
	</Station><Station
		stationReference="48157"
		stationName="HELIGAN RG"
		region="South West"
		ngr="SX0009946637">
 		<SetofValues
			parameter="Rainfall"
			qualifier="Tipping Bucket Raingauge"
			dataType="Total"
			period="15 min"
			characteristic="Measured"
			units="mm"
			startDate="2016-02-12" 
			startTime="12:15:00" 
			endDate="2016-02-12" 
			endTime="13:00:00"><Value date="2016-02-12" time="12:15:00">0.200</Value><Value date="2016-02-12" time="12:30:00">0.000</Value><Value date="2016-02-12" time="12:45:00">0.000</Value><Value date="2016-02-12" time="13:00:00">0.000</Value></SetofValues>
	</Station></EATimeSeriesDataExchangeFormat>