<?xml version="1.0"?>
<EATimeSeriesDataExchangeFormat xmlns="http://www.environment-agency.gov.uk/XMLSchemas/EATimeSeriesDataExchangeFormat" 
	xmlns:md="http://www.environment-agency.gov.uk/XMLSchemas/EAMetadataFormat"
	xmlns:xsi="http://www.w3.org/2001/XMLSchema-instance" 
  	xsi:schemaLocation="http://www.environment-agency.gov.uk/XMLSchemas/EATimeSeriesDataExchangeFormat EATimeSeriesDataExchangeFormat.xsd">
	<md:Publisher>Environment Agency</md:Publisher>
	<md:Source>South West Telemetry</md:Source>
	<md:Description>Telemetry Data</md:Description>
        <md:Creator>X-Tel 1.74</md:Creator>
 	<md:Date>2016-02-12</md:Date>
 	<md:Time>11:49:12</md:Time>
 	<md:Identifier>South West Interface Server</md:Identifier><Station
		stationReference="52118"
		stationName="CURRYMOOR"
		region="South West"
		ngr="ST3450028800">
 		<SetofValues
			parameter="Water Level"
			qualifier="Stage"
			dataType="Instantaneous"
			period="15 min"
			characteristic="Measured"
			units="mAOD"
			startDate="2016-02-12" 
			startTime="11:15:00" 
			endDate="2016-02-12" 
			endTime="11:45:00"><Value date="2016-02-12" time="11:15:00">7.458</Value><Value date="2016-02-12" time="11:30:00">7.439</Value><Value date="2016-02-12" time="11:45:00">7.419</Value></SetofValues>
	</Station><Station
		stationReference="52127"
		stationName="CURRYMOOR"
		region="South West"
		ngr="ST3450028800">
 		<SetofValues
			parameter="Water Level"
			qualifier="Stage"
			dataType="Instantaneous"
			period="15 min"
			characteristic="Measured"
			units="mAOD"
			startDate="2016-02-12" 
			startTime="11:15:00" 
			endDate="2016-02-12" 
			endTime="11:45:00"><Value date="2016-02-12" time="11:15:00">6.493</Value><Value date="2016-02-12" time="11:30:00">6.489</Value><Value date="2016-02-12" time="11:45:00">6.490</Value></SetofValues>
	</Station><Station
		stationReference="52236"
		stationName="NORTHMOOR"
		region="South West"
		ngr="ST3250030900">
 		<SetofValues
			parameter="Water Level"
			qualifier="Stage"
			dataType="Instantaneous"
			period="15 min"
			characteristic="Measured"
			units="m"
			startDate="2016-02-12" 
			startTime="11:30:00" 
			endDate="2016-02-12" 
			endTime="11:45:00"><Value date="2016-02-12" time="11:30:00">7.175</Value><Value date="2016-02-12" time="11:45:00">7.123</Value></SetofValues>
	</Station><Station
		stationReference="52145"
		stationName="NORTHMOOR"
		region="South West"
		ngr="ST3250030900">
 		<SetofValues
			parameter="Water Level"
			qualifier="Sump Level"
			dataType="Instantaneous"
			period="15 min"
			characteristic="Measured"
			units="mAOD"
			startDate="2016-02-12" 
			startTime="11:30:00" 
			endDate="2016-02-12" 
			endTime="11:45:00"><Value date="2016-02-12" time="11:30:00">3.080</Value><Value date="2016-02-12" time="11:45:00">3.013</Value></SetofValues>
	</Station></EATimeSeriesDataExchangeFormat>