<?xml version="1.0"?>
<EATimeSeriesDataExchangeFormat xmlns="http://www.environment-agency.gov.uk/XMLSchemas/EATimeSeriesDataExchangeFormat" 
	xmlns:md="http://www.environment-agency.gov.uk/XMLSchemas/EAMetadataFormat"
	xmlns:xsi="http://www.w3.org/2001/XMLSchema-instance" 
  	xsi:schemaLocation="http://www.environment-agency.gov.uk/XMLSchemas/EATimeSeriesDataExchangeFormat EATimeSeriesDataExchangeFormat.xsd">
	<md:Publisher>Environment Agency</md:Publisher>
	<md:Source>South West Telemetry</md:Source>
	<md:Description>Telemetry Data</md:Description>
        <md:Creator>X-Tel 1.74</md:Creator>
 	<md:Date>2016-02-12</md:Date>
 	<md:Time>13:16:10</md:Time>
 	<md:Identifier>South West Interface Server</md:Identifier><Station
		stationReference="46114"
		stationName="HOLBEAM"
		region="South West"
		ngr="SX8260071700">
 		<SetofValues
			parameter="Water Level"
			qualifier="1"
			dataType="Instantaneous"
			period="15 min"
			characteristic="Measured"
			units="m"
			startDate="2016-02-12" 
			startTime="13:15:00" 
			endDate="2016-02-12" 
			endTime="13:15:00"><Value date="2016-02-12" time="13:15:00">0.621</Value></SetofValues>
	</Station></EATimeSeriesDataExchangeFormat>