<?xml version="1.0"?>
<EATimeSeriesDataExchangeFormat xmlns="http://www.environment-agency.gov.uk/XMLSchemas/EATimeSeriesDataExchangeFormat" 
	xmlns:md="http://www.environment-agency.gov.uk/XMLSchemas/EAMetadataFormat"
	xmlns:xsi="http://www.w3.org/2001/XMLSchema-instance" 
  	xsi:schemaLocation="http://www.environment-agency.gov.uk/XMLSchemas/EATimeSeriesDataExchangeFormat EATimeSeriesDataExchangeFormat.xsd">
	<md:Publisher>Environment Agency</md:Publisher>
	<md:Source>South West Telemetry</md:Source>
	<md:Description>Telemetry Data</md:Description>
        <md:Creator>X-Tel 1.74</md:Creator>
 	<md:Date>2016-02-12</md:Date>
 	<md:Time>12:19:03</md:Time>
 	<md:Identifier>South West Interface Server</md:Identifier><Station
		stationReference="52245"
		stationName="WESTONZOYLAND"
		region="South West"
		ngr="ST3400032800">
 		<SetofValues
			parameter="Water Level"
			qualifier="Stage"
			dataType="Instantaneous"
			period="15 min"
			characteristic="Measured"
			units="m"
			startDate="2016-02-12" 
			startTime="12:00:00" 
			endDate="2016-02-12" 
			endTime="12:15:00"><Value date="2016-02-12" time="12:00:00">2.633</Value><Value date="2016-02-12" time="12:15:00">2.646</Value></SetofValues>
	</Station><Station
		stationReference="44202"
		stationName="WAREHAM BOATHOUSE"
		region="South West"
		ngr="SZ0060090100">
 		<SetofValues
			parameter="Water Level"
			qualifier="Tidal Level"
			dataType="Instantaneous"
			period="15 min"
			characteristic="Measured"
			units="mAOD"
			startDate="2016-02-12" 
			startTime="04:15:00" 
			endDate="2016-02-12" 
			endTime="12:15:00"><Value date="2016-02-12" time="04:15:00">1.025</Value><Value date="2016-02-12" time="04:30:00">0.965</Value><Value date="2016-02-12" time="04:45:00">0.886</Value><Value date="2016-02-12" time="05:00:00">0.803</Value><Value date="2016-02-12" time="05:15:00">0.709</Value><Value date="2016-02-12" time="05:30:00">0.624</Value><Value date="2016-02-12" time="05:45:00">0.553</Value><Value date="2016-02-12" time="06:00:00">0.488</Value><Value date="2016-02-12" time="06:15:00">0.436</Value><Value date="2016-02-12" time="06:30:00">0.385</Value><Value date="2016-02-12" time="06:45:00">0.342</Value><Value date="2016-02-12" time="07:00:00">0.300</Value><Value date="2016-02-12" time="07:15:00">0.263</Value><Value date="2016-02-12" time="07:30:00">0.235</Value><Value date="2016-02-12" time="07:45:00">0.210</Value><Value date="2016-02-12" time="08:00:00">0.188</Value><Value date="2016-02-12" time="08:15:00">0.193</Value><Value date="2016-02-12" time="08:30:00">0.256</Value><Value date="2016-02-12" time="08:45:00">0.356</Value><Value date="2016-02-12" time="09:00:00">0.586</Value><Value date="2016-02-12" time="09:15:00">0.823</Value><Value date="2016-02-12" time="09:30:00">0.987</Value><Value date="2016-02-12" time="09:45:00">1.085</Value><Value date="2016-02-12" time="10:00:00">1.156</Value><Value date="2016-02-12" time="10:15:00">1.210</Value><Value date="2016-02-12" time="10:30:00">1.244</Value><Value date="2016-02-12" time="10:45:00">1.275</Value><Value date="2016-02-12" time="11:00:00">1.309</Value><Value date="2016-02-12" time="11:15:00">1.336</Value><Value date="2016-02-12" time="11:30:00">1.372</Value><Value date="2016-02-12" time="11:45:00">1.392</Value><Value date="2016-02-12" time="12:00:00">1.398</Value><Value date="2016-02-12" time="12:15:00">1.396</Value></SetofValues>
	</Station></EATimeSeriesDataExchangeFormat>