<?xml version="1.0"?>
<EATimeSeriesDataExchangeFormat xmlns="http://www.environment-agency.gov.uk/XMLSchemas/EATimeSeriesDataExchangeFormat" 
	xmlns:md="http://www.environment-agency.gov.uk/XMLSchemas/EAMetadataFormat"
	xmlns:xsi="http://www.w3.org/2001/XMLSchema-instance" 
  	xsi:schemaLocation="http://www.environment-agency.gov.uk/XMLSchemas/EATimeSeriesDataExchangeFormat EATimeSeriesDataExchangeFormat.xsd">
	<md:Publisher>Environment Agency</md:Publisher>
	<md:Source>South West Telemetry</md:Source>
	<md:Description>Telemetry Data</md:Description>
        <md:Creator>X-Tel 1.74</md:Creator>
 	<md:Date>2016-02-12</md:Date>
 	<md:Time>12:07:13</md:Time>
 	<md:Identifier>South West Interface Server</md:Identifier><Station
		stationReference="52213"
		stationName="NORTH DRAIN"
		region="South West"
		ngr="ST3980044800">
 		<SetofValues
			parameter="Water Level"
			qualifier="Stage"
			dataType="Instantaneous"
			period="15 min"
			characteristic="Measured"
			units="mAOD"
			startDate="2016-02-12" 
			startTime="10:00:00" 
			endDate="2016-02-12" 
			endTime="12:00:00"><Value date="2016-02-12" time="10:00:00">1.786</Value><Value date="2016-02-12" time="10:15:00">1.774</Value><Value date="2016-02-12" time="10:30:00">1.763</Value><Value date="2016-02-12" time="10:45:00">1.753</Value><Value date="2016-02-12" time="11:00:00">1.740</Value><Value date="2016-02-12" time="11:15:00">1.733</Value><Value date="2016-02-12" time="11:30:00">1.723</Value><Value date="2016-02-12" time="11:45:00">1.715</Value><Value date="2016-02-12" time="12:00:00">1.705</Value></SetofValues>
	</Station><Station
		stationReference="45166"
		stationName="ElementNotMappedToAnOutstation"
		region="South West"
		ngr="ST1281507480">
 		<SetofValues
			parameter="Rainfall"
			qualifier="Tipping Bucket Raingauge"
			dataType="Total"
			period="1 h"
			characteristic="Measured"
			units="mm"
			startDate="2016-02-12" 
			startTime="12:00:00" 
			endDate="2016-02-12" 
			endTime="12:00:00"><Value date="2016-02-12" time="12:00:00">0.000</Value></SetofValues>
	</Station><Station
		stationReference="52150"
		stationName="YEOVILTON RG"
		region="South West"
		ngr="ST5510023200">
 		<SetofValues
			parameter="Rainfall"
			qualifier="Tipping Bucket Raingauge"
			dataType="Total"
			period="1 h"
			characteristic="Measured"
			units="mm"
			startDate="2016-02-12" 
			startTime="12:00:00" 
			endDate="2016-02-12" 
			endTime="12:00:00"><Value date="2016-02-12" time="12:00:00">0.000</Value></SetofValues>
	</Station></EATimeSeriesDataExchangeFormat>