<?xml version="1.0"?>
<EATimeSeriesDataExchangeFormat xmlns="http://www.environment-agency.gov.uk/XMLSchemas/EATimeSeriesDataExchangeFormat" 
	xmlns:md="http://www.environment-agency.gov.uk/XMLSchemas/EAMetadataFormat"
	xmlns:xsi="http://www.w3.org/2001/XMLSchema-instance" 
  	xsi:schemaLocation="http://www.environment-agency.gov.uk/XMLSchemas/EATimeSeriesDataExchangeFormat EATimeSeriesDataExchangeFormat.xsd">
	<md:Publisher>Environment Agency</md:Publisher>
	<md:Source>South West Telemetry</md:Source>
	<md:Description>Telemetry Data</md:Description>
        <md:Creator>X-Tel 1.74</md:Creator>
 	<md:Date>2016-02-12</md:Date>
 	<md:Time>10:01:04</md:Time>
 	<md:Identifier>South West Interface Server</md:Identifier><Station
		stationReference="52118"
		stationName="CURRYMOOR"
		region="South West"
		ngr="ST3450028800">
 		<SetofValues
			parameter="Water Level"
			qualifier="Stage"
			dataType="Instantaneous"
			period="15 min"
			characteristic="Measured"
			units="mAOD"
			startDate="2016-02-12" 
			startTime="09:45:00" 
			endDate="2016-02-12" 
			endTime="09:45:00"><Value date="2016-02-12" time="09:45:00">7.451</Value></SetofValues>
	</Station><Station
		stationReference="48128"
		stationName="TRURO"
		region="South West"
		ngr="SW8198045030">
 		<SetofValues
			parameter="Water Level"
			qualifier="Stage"
			dataType="Instantaneous"
			period="15 min"
			characteristic="Measured"
			units="m"
			startDate="2016-02-12" 
			startTime="07:15:00" 
			endDate="2016-02-12" 
			endTime="09:45:00"><Value date="2016-02-12" time="07:15:00">0.675</Value><Value date="2016-02-12" time="07:30:00">0.686</Value><Value date="2016-02-12" time="07:45:00">0.694</Value><Value date="2016-02-12" time="08:00:00">0.698</Value><Value date="2016-02-12" time="08:15:00">0.697</Value><Value date="2016-02-12" time="08:30:00">0.689</Value><Value date="2016-02-12" time="08:45:00">0.676</Value><Value date="2016-02-12" time="09:00:00">0.660</Value><Value date="2016-02-12" time="09:15:00">0.642</Value><Value date="2016-02-12" time="09:30:00">0.622</Value><Value date="2016-02-12" time="09:45:00">0.607</Value></SetofValues>
	</Station><Station
		stationReference="45131"
		stationName="ASHCLYST"
		region="South West"
		ngr="SY0111098330">
 		<SetofValues
			parameter="Water Level"
			qualifier="Stage"
			dataType="Instantaneous"
			period="15 min"
			characteristic="Measured"
			units="m"
			startDate="2016-02-12" 
			startTime="10:00:00" 
			endDate="2016-02-12" 
			endTime="10:00:00"><Value date="2016-02-12" time="10:00:00">0.860</Value></SetofValues>
	</Station><Station
		stationReference="52236"
		stationName="NORTHMOOR"
		region="South West"
		ngr="ST3250030900">
 		<SetofValues
			parameter="Water Level"
			qualifier="Stage"
			dataType="Instantaneous"
			period="15 min"
			characteristic="Measured"
			units="m"
			startDate="2016-02-12" 
			startTime="09:30:00" 
			endDate="2016-02-12" 
			endTime="10:00:00"><Value date="2016-02-12" time="09:30:00">7.372</Value><Value date="2016-02-12" time="09:45:00">7.486</Value><Value date="2016-02-12" time="10:00:00">7.530</Value></SetofValues>
	</Station><Station
		stationReference="52145"
		stationName="NORTHMOOR"
		region="South West"
		ngr="ST3250030900">
 		<SetofValues
			parameter="Water Level"
			qualifier="Sump Level"
			dataType="Instantaneous"
			period="15 min"
			characteristic="Measured"
			units="mAOD"
			startDate="2016-02-12" 
			startTime="09:30:00" 
			endDate="2016-02-12" 
			endTime="10:00:00"><Value date="2016-02-12" time="09:30:00">3.035</Value><Value date="2016-02-12" time="09:45:00">3.036</Value><Value date="2016-02-12" time="10:00:00">3.080</Value></SetofValues>
	</Station></EATimeSeriesDataExchangeFormat>