<?xml version="1.0"?>
<EATimeSeriesDataExchangeFormat xmlns="http://www.environment-agency.gov.uk/XMLSchemas/EATimeSeriesDataExchangeFormat" 
	xmlns:md="http://www.environment-agency.gov.uk/XMLSchemas/EAMetadataFormat"
	xmlns:xsi="http://www.w3.org/2001/XMLSchema-instance" 
  	xsi:schemaLocation="http://www.environment-agency.gov.uk/XMLSchemas/EATimeSeriesDataExchangeFormat EATimeSeriesDataExchangeFormat.xsd">
	<md:Publisher>Environment Agency</md:Publisher>
	<md:Source>South West Telemetry</md:Source>
	<md:Description>Telemetry Data</md:Description>
        <md:Creator>X-Tel 1.74</md:Creator>
 	<md:Date>2016-02-12</md:Date>
 	<md:Time>12:34:03</md:Time>
 	<md:Identifier>South West Interface Server</md:Identifier><Station
		stationReference="43106"
		stationName="CHRISTCHURCH TL"
		region="South West"
		ngr="SZ1600092400">
 		<SetofValues
			parameter="Water Level"
			qualifier="Tidal Level"
			dataType="Instantaneous"
			period="15 min"
			characteristic="Measured"
			units="mAOD"
			startDate="2016-02-12" 
			startTime="12:30:00" 
			endDate="2016-02-12" 
			endTime="12:30:00"><Value date="2016-02-12" time="12:30:00">1.308</Value></SetofValues>
	</Station><Station
		stationReference="46129"
		stationName="BICKINGTON"
		region="South West"
		ngr="SX7950072500">
 		<SetofValues
			parameter="Water Level"
			qualifier="Stage"
			dataType="Instantaneous"
			period="15 min"
			characteristic="Measured"
			units="m"
			startDate="2016-02-12" 
			startTime="04:15:00" 
			endDate="2016-02-12" 
			endTime="12:30:00"><Value date="2016-02-12" time="04:15:00">0.634</Value><Value date="2016-02-12" time="04:30:00">0.635</Value><Value date="2016-02-12" time="04:45:00">0.633</Value><Value date="2016-02-12" time="05:00:00">0.631</Value><Value date="2016-02-12" time="05:15:00">0.631</Value><Value date="2016-02-12" time="05:30:00">0.628</Value><Value date="2016-02-12" time="05:45:00">0.634</Value><Value date="2016-02-12" time="06:00:00">0.628</Value><Value date="2016-02-12" time="06:15:00">0.631</Value><Value date="2016-02-12" time="06:30:00">0.630</Value><Value date="2016-02-12" time="06:45:00">0.629</Value><Value date="2016-02-12" time="07:00:00">0.629</Value><Value date="2016-02-12" time="07:15:00">0.629</Value><Value date="2016-02-12" time="07:30:00">0.628</Value><Value date="2016-02-12" time="07:45:00">0.628</Value><Value date="2016-02-12" time="08:00:00">0.633</Value><Value date="2016-02-12" time="08:15:00">0.630</Value><Value date="2016-02-12" time="08:30:00">0.628</Value><Value date="2016-02-12" time="08:45:00">0.629</Value><Value date="2016-02-12" time="09:00:00">0.629</Value><Value date="2016-02-12" time="09:15:00">0.629</Value><Value date="2016-02-12" time="09:30:00">0.629</Value><Value date="2016-02-12" time="09:45:00">0.635</Value><Value date="2016-02-12" time="10:00:00">0.634</Value><Value date="2016-02-12" time="10:15:00">0.633</Value><Value date="2016-02-12" time="10:30:00">0.632</Value><Value date="2016-02-12" time="10:45:00">0.637</Value><Value date="2016-02-12" time="11:00:00">0.632</Value><Value date="2016-02-12" time="11:15:00">0.637</Value><Value date="2016-02-12" time="11:30:00">0.634</Value><Value date="2016-02-12" time="11:45:00">0.632</Value><Value date="2016-02-12" time="12:00:00">0.635</Value><Value date="2016-02-12" time="12:15:00">0.631</Value><Value date="2016-02-12" time="12:30:00">0.635</Value></SetofValues>
	</Station></EATimeSeriesDataExchangeFormat>