<?xml version="1.0"?>
<EATimeSeriesDataExchangeFormat xmlns="http://www.environment-agency.gov.uk/XMLSchemas/EATimeSeriesDataExchangeFormat" 
	xmlns:md="http://www.environment-agency.gov.uk/XMLSchemas/EAMetadataFormat"
	xmlns:xsi="http://www.w3.org/2001/XMLSchema-instance" 
  	xsi:schemaLocation="http://www.environment-agency.gov.uk/XMLSchemas/EATimeSeriesDataExchangeFormat EATimeSeriesDataExchangeFormat.xsd">
	<md:Publisher>Environment Agency</md:Publisher>
	<md:Source>South West Telemetry</md:Source>
	<md:Description>Telemetry Data</md:Description>
        <md:Creator>X-Tel 1.74</md:Creator>
 	<md:Date>2016-02-12</md:Date>
 	<md:Time>10:04:07</md:Time>
 	<md:Identifier>South West Interface Server</md:Identifier><Station
		stationReference="48140"
		stationName="LUXULYAN"
		region="South West"
		ngr="SX0448058000">
 		<SetofValues
			parameter="Water Level"
			qualifier="Stage"
			dataType="Instantaneous"
			period="15 min"
			characteristic="Measured"
			units="m"
			startDate="2016-02-12" 
			startTime="09:15:00" 
			endDate="2016-02-12" 
			endTime="10:00:00"><Value date="2016-02-12" time="09:15:00">0.714</Value><Value date="2016-02-12" time="09:30:00">0.708</Value><Value date="2016-02-12" time="09:45:00">0.710</Value><Value date="2016-02-12" time="10:00:00">0.711</Value></SetofValues>
	</Station><Station
		stationReference="45137"
		stationName="YEOFORD"
		region="South West"
		ngr="SX7894098740">
 		<SetofValues
			parameter="Water Level"
			qualifier="Stage"
			dataType="Instantaneous"
			period="15 min"
			characteristic="Measured"
			units="m"
			startDate="2016-02-12" 
			startTime="09:15:00" 
			endDate="2016-02-12" 
			endTime="10:00:00"><Value date="2016-02-12" time="09:15:00">0.627</Value><Value date="2016-02-12" time="09:30:00">0.627</Value><Value date="2016-02-12" time="09:45:00">0.625</Value><Value date="2016-02-12" time="10:00:00">0.625</Value></SetofValues>
	</Station><Station
		stationReference="47132"
		stationName="CORNWOOD"
		region="South West"
		ngr="SX6090059600">
 		<SetofValues
			parameter="Water Level"
			qualifier="Stage"
			dataType="Instantaneous"
			period="15 min"
			characteristic="Measured"
			units="m"
			startDate="2016-02-12" 
			startTime="09:15:00" 
			endDate="2016-02-12" 
			endTime="10:00:00"><Value date="2016-02-12" time="09:15:00">0.266</Value><Value date="2016-02-12" time="09:30:00">0.268</Value><Value date="2016-02-12" time="09:45:00">0.264</Value><Value date="2016-02-12" time="10:00:00">0.269</Value></SetofValues>
	</Station><Station
		stationReference="52124"
		stationName="WEST QUAY"
		region="South West"
		ngr="ST2990037400">
 		<SetofValues
			parameter="Water Level"
			qualifier="Tidal Level"
			dataType="Instantaneous"
			period="15 min"
			characteristic="Measured"
			units="mAOD"
			startDate="2016-02-12" 
			startTime="09:15:00" 
			endDate="2016-02-12" 
			endTime="10:00:00"><Value date="2016-02-12" time="09:15:00">7.066</Value><Value date="2016-02-12" time="09:30:00">7.121</Value><Value date="2016-02-12" time="09:45:00">7.148</Value><Value date="2016-02-12" time="10:00:00">7.014</Value></SetofValues>
	</Station><Station
		stationReference="53115"
		stationName="DOWNHEAD RG"
		region="South West"
		ngr="ST6870045700">
 		<SetofValues
			parameter="Rainfall"
			qualifier="Tipping Bucket Raingauge"
			dataType="Total"
			period="15 min"
			characteristic="Measured"
			units="mm"
			startDate="2016-02-12" 
			startTime="09:15:00" 
			endDate="2016-02-12" 
			endTime="10:00:00"><Value date="2016-02-12" time="09:15:00">0.000</Value><Value date="2016-02-12" time="09:30:00">0.200</Value><Value date="2016-02-12" time="09:45:00">0.000</Value><Value date="2016-02-12" time="10:00:00">0.000</Value></SetofValues>
	</Station><Station
		stationReference="47113"
		stationName="CORNWOOD"
		region="South West"
		ngr="SX6090059600">
 		<SetofValues
			parameter="Rainfall"
			qualifier="Tipping Bucket Raingauge"
			dataType="Total"
			period="15 min"
			characteristic="Measured"
			units="mm"
			startDate="2016-02-12" 
			startTime="09:15:00" 
			endDate="2016-02-12" 
			endTime="10:00:00"><Value date="2016-02-12" time="09:15:00">0.000</Value><Value date="2016-02-12" time="09:30:00">0.000</Value><Value date="2016-02-12" time="09:45:00">0.000</Value><Value date="2016-02-12" time="10:00:00">0.000</Value></SetofValues>
	</Station><Station
		stationReference="45113"
		stationName="YEOFORD"
		region="South West"
		ngr="SX7894098740">
 		<SetofValues
			parameter="Rainfall"
			qualifier="Tipping Bucket Raingauge"
			dataType="Total"
			period="15 min"
			characteristic="Measured"
			units="mm"
			startDate="2016-02-12" 
			startTime="09:15:00" 
			endDate="2016-02-12" 
			endTime="10:00:00"><Value date="2016-02-12" time="09:15:00">0.200</Value><Value date="2016-02-12" time="09:30:00">0.000</Value><Value date="2016-02-12" time="09:45:00">0.000</Value><Value date="2016-02-12" time="10:00:00">0.000</Value></SetofValues>
	</Station><Station
		stationReference="48106"
		stationName="LUXULYAN"
		region="South West"
		ngr="SX0448058000">
 		<SetofValues
			parameter="Rainfall"
			qualifier="Tipping Bucket Raingauge"
			dataType="Total"
			period="15 min"
			characteristic="Measured"
			units="mm"
			startDate="2016-02-12" 
			startTime="09:15:00" 
			endDate="2016-02-12" 
			endTime="10:00:00"><Value date="2016-02-12" time="09:15:00">0.000</Value><Value date="2016-02-12" time="09:30:00">0.000</Value><Value date="2016-02-12" time="09:45:00">0.100</Value><Value date="2016-02-12" time="10:00:00">0.100</Value></SetofValues>
	</Station><Station
		stationReference="48157"
		stationName="HELIGAN RG"
		region="South West"
		ngr="SX0009946637">
 		<SetofValues
			parameter="Rainfall"
			qualifier="Tipping Bucket Raingauge"
			dataType="Total"
			period="15 min"
			characteristic="Measured"
			units="mm"
			startDate="2016-02-12" 
			startTime="09:15:00" 
			endDate="2016-02-12" 
			endTime="10:00:00"><Value date="2016-02-12" time="09:15:00">0.200</Value><Value date="2016-02-12" time="09:30:00">0.601</Value><Value date="2016-02-12" time="09:45:00">0.199</Value><Value date="2016-02-12" time="10:00:00">0.000</Value></SetofValues>
	</Station><Station
		stationReference="44133"
		stationName="GEORGE STREET"
		region="South West"
		ngr="SY4634590570">
 		<SetofValues
			parameter="Water Level"
			qualifier="Downstream Stage"
			dataType="Instantaneous"
			period="15 min"
			characteristic="Measured"
			units="mAOD"
			startDate="2016-02-12" 
			startTime="10:00:00" 
			endDate="2016-02-12" 
			endTime="10:00:00"><Value date="2016-02-12" time="10:00:00">2.427</Value></SetofValues>
	</Station></EATimeSeriesDataExchangeFormat>