<?xml version="1.0"?>
<EATimeSeriesDataExchangeFormat xmlns="http://www.environment-agency.gov.uk/XMLSchemas/EATimeSeriesDataExchangeFormat" 
	xmlns:md="http://www.environment-agency.gov.uk/XMLSchemas/EAMetadataFormat"
	xmlns:xsi="http://www.w3.org/2001/XMLSchema-instance" 
  	xsi:schemaLocation="http://www.environment-agency.gov.uk/XMLSchemas/EATimeSeriesDataExchangeFormat EATimeSeriesDataExchangeFormat.xsd">
	<md:Publisher>Environment Agency</md:Publisher>
	<md:Source>South West Telemetry</md:Source>
	<md:Description>Telemetry Data</md:Description>
        <md:Creator>X-Tel 1.74</md:Creator>
 	<md:Date>2016-02-12</md:Date>
 	<md:Time>10:07:29</md:Time>
 	<md:Identifier>South West Interface Server</md:Identifier><Station
		stationReference="48100"
		stationName="TRENGWAINTON"
		region="South West"
		ngr="SW4500031300">
 		<SetofValues
			parameter="Rainfall"
			qualifier="Tipping Bucket Raingauge"
			dataType="Total"
			period="15 min"
			characteristic="Measured"
			units="mm"
			startDate="2016-02-12" 
			startTime="09:15:00" 
			endDate="2016-02-12" 
			endTime="10:00:00"><Value date="2016-02-12" time="09:15:00">0.000</Value><Value date="2016-02-12" time="09:30:00">0.000</Value><Value date="2016-02-12" time="09:45:00">1.000</Value><Value date="2016-02-12" time="10:00:00">0.200</Value></SetofValues>
	</Station><Station
		stationReference="47106"
		stationName="BASTREET RG"
		region="South West"
		ngr="SX2443076420">
 		<SetofValues
			parameter="Rainfall"
			qualifier="Tipping Bucket Raingauge"
			dataType="Total"
			period="15 min"
			characteristic="Measured"
			units="mm"
			startDate="2016-02-12" 
			startTime="09:15:00" 
			endDate="2016-02-12" 
			endTime="10:00:00"><Value date="2016-02-12" time="09:15:00">0.199</Value><Value date="2016-02-12" time="09:30:00">0.000</Value><Value date="2016-02-12" time="09:45:00">0.000</Value><Value date="2016-02-12" time="10:00:00">0.000</Value></SetofValues>
	</Station><Station
		stationReference="45166"
		stationName="ElementNotMappedToAnOutstation"
		region="South West"
		ngr="ST1281507480">
 		<SetofValues
			parameter="Rainfall"
			qualifier="Tipping Bucket Raingauge"
			dataType="Total"
			period="1 h"
			characteristic="Measured"
			units="mm"
			startDate="2016-02-12" 
			startTime="10:00:00" 
			endDate="2016-02-12" 
			endTime="10:00:00"><Value date="2016-02-12" time="10:00:00">0.000</Value></SetofValues>
	</Station><Station
		stationReference="52150"
		stationName="YEOVILTON RG"
		region="South West"
		ngr="ST5510023200">
 		<SetofValues
			parameter="Rainfall"
			qualifier="Tipping Bucket Raingauge"
			dataType="Total"
			period="1 h"
			characteristic="Measured"
			units="mm"
			startDate="2016-02-12" 
			startTime="10:00:00" 
			endDate="2016-02-12" 
			endTime="10:00:00"><Value date="2016-02-12" time="10:00:00">0.000</Value></SetofValues>
	</Station></EATimeSeriesDataExchangeFormat>