<?xml version="1.0"?>
<EATimeSeriesDataExchangeFormat xmlns="http://www.environment-agency.gov.uk/XMLSchemas/EATimeSeriesDataExchangeFormat" 
	xmlns:md="http://www.environment-agency.gov.uk/XMLSchemas/EAMetadataFormat"
	xmlns:xsi="http://www.w3.org/2001/XMLSchema-instance" 
  	xsi:schemaLocation="http://www.environment-agency.gov.uk/XMLSchemas/EATimeSeriesDataExchangeFormat EATimeSeriesDataExchangeFormat.xsd">
	<md:Publisher>Environment Agency</md:Publisher>
	<md:Source>South West Telemetry</md:Source>
	<md:Description>Telemetry Data</md:Description>
        <md:Creator>X-Tel 1.74</md:Creator>
 	<md:Date>2016-02-12</md:Date>
 	<md:Time>12:22:04</md:Time>
 	<md:Identifier>South West Interface Server</md:Identifier><Station
		stationReference="43106"
		stationName="CHRISTCHURCH TL"
		region="South West"
		ngr="SZ1600092400">
 		<SetofValues
			parameter="Water Level"
			qualifier="Tidal Level"
			dataType="Instantaneous"
			period="15 min"
			characteristic="Measured"
			units="mAOD"
			startDate="2016-02-12" 
			startTime="12:15:00" 
			endDate="2016-02-12" 
			endTime="12:15:00"><Value date="2016-02-12" time="12:15:00">1.330</Value></SetofValues>
	</Station><Station
		stationReference="45180"
		stationName="TOPSHAM TIDAL"
		region="South West"
		ngr="SX9662287762">
 		<SetofValues
			parameter="Water Level"
			qualifier="Stage"
			dataType="Instantaneous"
			period="15 min"
			characteristic="Measured"
			units="m"
			startDate="2016-02-11" 
			startTime="06:15:00" 
			endDate="2016-02-12" 
			endTime="06:00:00"><Value date="2016-02-11" time="06:15:00">0.924</Value><Value date="2016-02-11" time="06:30:00">0.953</Value><Value date="2016-02-11" time="06:45:00">1.249</Value><Value date="2016-02-11" time="07:00:00">1.557</Value><Value date="2016-02-11" time="07:15:00">1.841</Value><Value date="2016-02-11" time="07:30:00">2.091</Value><Value date="2016-02-11" time="07:45:00">2.309</Value><Value date="2016-02-11" time="08:00:00">2.503</Value><Value date="2016-02-11" time="08:15:00">2.648</Value><Value date="2016-02-11" time="08:30:00">2.741</Value><Value date="2016-02-11" time="08:45:00">2.766</Value><Value date="2016-02-11" time="09:00:00">2.730</Value><Value date="2016-02-11" time="09:15:00">2.627</Value><Value date="2016-02-11" time="09:30:00">2.494</Value><Value date="2016-02-11" time="09:45:00">2.380</Value><Value date="2016-02-11" time="10:00:00">2.280</Value><Value date="2016-02-11" time="10:15:00">2.146</Value><Value date="2016-02-11" time="10:30:00">2.001</Value><Value date="2016-02-11" time="10:45:00">1.829</Value><Value date="2016-02-11" time="11:00:00">1.646</Value><Value date="2016-02-11" time="11:15:00">1.476</Value><Value date="2016-02-11" time="11:30:00">1.295</Value><Value date="2016-02-11" time="11:45:00">1.120</Value><Value date="2016-02-11" time="12:00:00">0.958</Value><Value date="2016-02-11" time="12:15:00">0.919</Value><Value date="2016-02-11" time="12:30:00">0.918</Value><Value date="2016-02-11" time="12:45:00">0.918</Value><Value date="2016-02-11" time="13:00:00">0.916</Value><Value date="2016-02-11" time="13:15:00">0.916</Value><Value date="2016-02-11" time="13:30:00">0.923</Value><Value date="2016-02-11" time="13:45:00">0.923</Value><Value date="2016-02-11" time="14:00:00">0.924</Value><Value date="2016-02-11" time="14:15:00">0.924</Value><Value date="2016-02-11" time="14:30:00">0.923</Value><Value date="2016-02-11" time="14:45:00">0.924</Value><Value date="2016-02-11" time="15:00:00">0.924</Value><Value date="2016-02-11" time="15:15:00">0.925</Value><Value date="2016-02-11" time="15:30:00">0.923</Value><Value date="2016-02-11" time="15:45:00">0.923</Value><Value date="2016-02-11" time="16:00:00">0.923</Value><Value date="2016-02-11" time="16:15:00">0.925</Value><Value date="2016-02-11" time="16:30:00">0.925</Value><Value date="2016-02-11" time="16:45:00">0.925</Value><Value date="2016-02-11" time="17:00:00">0.926</Value><Value date="2016-02-11" time="17:15:00">0.926</Value><Value date="2016-02-11" time="17:30:00">0.926</Value><Value date="2016-02-11" time="17:45:00">0.925</Value><Value date="2016-02-11" time="18:00:00">0.926</Value><Value date="2016-02-11" time="18:15:00">0.926</Value><Value date="2016-02-11" time="18:30:00">0.925</Value><Value date="2016-02-11" time="18:45:00">0.926</Value><Value date="2016-02-11" time="19:00:00">0.925</Value><Value date="2016-02-11" time="19:15:00">1.094</Value><Value date="2016-02-11" time="19:30:00">1.386</Value><Value date="2016-02-11" time="19:45:00">1.678</Value><Value date="2016-02-11" time="20:00:00">1.944</Value><Value date="2016-02-11" time="20:15:00">2.132</Value><Value date="2016-02-11" time="20:30:00">2.282</Value><Value date="2016-02-11" time="20:45:00">2.405</Value><Value date="2016-02-11" time="21:00:00">2.491</Value><Value date="2016-02-11" time="21:15:00">2.505</Value><Value date="2016-02-11" time="21:30:00">2.462</Value><Value date="2016-02-11" time="21:45:00">2.339</Value><Value date="2016-02-11" time="22:00:00">2.203</Value><Value date="2016-02-11" time="22:15:00">2.077</Value><Value date="2016-02-11" time="22:30:00">1.980</Value><Value date="2016-02-11" time="22:45:00">1.877</Value><Value date="2016-02-11" time="23:00:00">1.718</Value><Value date="2016-02-11" time="23:15:00">1.551</Value><Value date="2016-02-11" time="23:30:00">1.369</Value><Value date="2016-02-11" time="23:45:00">1.205</Value><Value date="2016-02-12" time="00:00:00">1.059</Value><Value date="2016-02-12" time="00:15:00">0.921</Value><Value date="2016-02-12" time="00:30:00">0.914</Value><Value date="2016-02-12" time="00:45:00">0.914</Value><Value date="2016-02-12" time="01:00:00">0.914</Value><Value date="2016-02-12" time="01:15:00">0.912</Value><Value date="2016-02-12" time="01:30:00">0.923</Value><Value date="2016-02-12" time="01:45:00">0.923</Value><Value date="2016-02-12" time="02:00:00">0.923</Value><Value date="2016-02-12" time="02:15:00">0.923</Value><Value date="2016-02-12" time="02:30:00">0.924</Value><Value date="2016-02-12" time="02:45:00">0.924</Value><Value date="2016-02-12" time="03:00:00">0.925</Value><Value date="2016-02-12" time="03:15:00">0.924</Value><Value date="2016-02-12" time="03:30:00">0.925</Value><Value date="2016-02-12" time="03:45:00">0.925</Value><Value date="2016-02-12" time="04:00:00">0.924</Value><Value date="2016-02-12" time="04:15:00">0.926</Value><Value date="2016-02-12" time="04:30:00">0.925</Value><Value date="2016-02-12" time="04:45:00">0.925</Value><Value date="2016-02-12" time="05:00:00">0.925</Value><Value date="2016-02-12" time="05:15:00">0.925</Value><Value date="2016-02-12" time="05:30:00">0.925</Value><Value date="2016-02-12" time="05:45:00">0.925</Value><Value date="2016-02-12" time="06:00:00">0.926</Value></SetofValues>
	</Station><Station
		stationReference="52234"
		stationName="MONKS LEAZE WQ"
		region="South West"
		ngr="ST4094127592">
 		<SetofValues
			parameter="Water Level"
			qualifier="Downstream Stage"
			dataType="Instantaneous"
			period="15 min"
			characteristic="Measured"
			units="mAOD"
			startDate="2016-02-12" 
			startTime="11:30:00" 
			endDate="2016-02-12" 
			endTime="12:15:00"><Value date="2016-02-12" time="11:30:00">4.587</Value><Value date="2016-02-12" time="11:45:00">4.548</Value><Value date="2016-02-12" time="12:00:00">4.524</Value><Value date="2016-02-12" time="12:15:00">4.507</Value></SetofValues>
	</Station><Station
		stationReference="52233"
		stationName="MONKS LEAZE WQ"
		region="South West"
		ngr="ST4094127592">
 		<SetofValues
			parameter="Water Level"
			qualifier="Stage"
			dataType="Instantaneous"
			period="15 min"
			characteristic="Measured"
			units="mAOD"
			startDate="2016-02-12" 
			startTime="11:30:00" 
			endDate="2016-02-12" 
			endTime="12:15:00"><Value date="2016-02-12" time="11:30:00">7.808</Value><Value date="2016-02-12" time="11:45:00">7.814</Value><Value date="2016-02-12" time="12:00:00">7.818</Value><Value date="2016-02-12" time="12:15:00">7.821</Value></SetofValues>
	</Station></EATimeSeriesDataExchangeFormat>