<?xml version="1.0"?>
<EATimeSeriesDataExchangeFormat xmlns="http://www.environment-agency.gov.uk/XMLSchemas/EATimeSeriesDataExchangeFormat" 
	xmlns:md="http://www.environment-agency.gov.uk/XMLSchemas/EAMetadataFormat"
	xmlns:xsi="http://www.w3.org/2001/XMLSchema-instance" 
  	xsi:schemaLocation="http://www.environment-agency.gov.uk/XMLSchemas/EATimeSeriesDataExchangeFormat EATimeSeriesDataExchangeFormat.xsd">
	<md:Publisher>Environment Agency</md:Publisher>
	<md:Source>South West Telemetry</md:Source>
	<md:Description>Telemetry Data</md:Description>
        <md:Creator>X-Tel 1.74</md:Creator>
 	<md:Date>2016-02-12</md:Date>
 	<md:Time>13:10:08</md:Time>
 	<md:Identifier>South West Interface Server</md:Identifier><Station
		stationReference="46148"
		stationName="HOLBEAM"
		region="South West"
		ngr="SX8260071700">
 		<SetofValues
			parameter="Water Level"
			qualifier="Stage"
			dataType="Instantaneous"
			period="15 min"
			characteristic="Measured"
			units="m"
			startDate="2016-02-12" 
			startTime="07:15:00" 
			endDate="2016-02-12" 
			endTime="13:00:00"><Value date="2016-02-12" time="07:15:00">0.584</Value><Value date="2016-02-12" time="07:30:00">0.585</Value><Value date="2016-02-12" time="07:45:00">0.584</Value><Value date="2016-02-12" time="08:00:00">0.584</Value><Value date="2016-02-12" time="08:15:00">0.584</Value><Value date="2016-02-12" time="08:30:00">0.589</Value><Value date="2016-02-12" time="08:45:00">0.589</Value><Value date="2016-02-12" time="09:00:00">0.589</Value><Value date="2016-02-12" time="09:15:00">0.584</Value><Value date="2016-02-12" time="09:30:00">0.589</Value><Value date="2016-02-12" time="09:45:00">0.584</Value><Value date="2016-02-12" time="10:00:00">0.589</Value><Value date="2016-02-12" time="10:15:00">0.593</Value><Value date="2016-02-12" time="10:30:00">0.589</Value><Value date="2016-02-12" time="10:45:00">0.589</Value><Value date="2016-02-12" time="11:00:00">0.589</Value><Value date="2016-02-12" time="11:15:00">0.589</Value><Value date="2016-02-12" time="11:30:00">0.589</Value><Value date="2016-02-12" time="11:45:00">0.589</Value><Value date="2016-02-12" time="12:00:00">0.589</Value><Value date="2016-02-12" time="12:15:00">0.585</Value><Value date="2016-02-12" time="12:30:00">0.589</Value><Value date="2016-02-12" time="12:45:00">0.584</Value><Value date="2016-02-12" time="13:00:00">0.580</Value></SetofValues>
	</Station><Station
		stationReference="46114"
		stationName="HOLBEAM"
		region="South West"
		ngr="SX8260071700">
 		<SetofValues
			parameter="Water Level"
			qualifier="1"
			dataType="Instantaneous"
			period="15 min"
			characteristic="Measured"
			units="m"
			startDate="2016-02-12" 
			startTime="07:15:00" 
			endDate="2016-02-12" 
			endTime="13:00:00"><Value date="2016-02-12" time="07:15:00">0.666</Value><Value date="2016-02-12" time="07:30:00">0.662</Value><Value date="2016-02-12" time="07:45:00">0.661</Value><Value date="2016-02-12" time="08:00:00">0.658</Value><Value date="2016-02-12" time="08:15:00">0.661</Value><Value date="2016-02-12" time="08:30:00">0.660</Value><Value date="2016-02-12" time="08:45:00">0.672</Value><Value date="2016-02-12" time="09:00:00">0.667</Value><Value date="2016-02-12" time="09:15:00">0.671</Value><Value date="2016-02-12" time="09:30:00">0.664</Value><Value date="2016-02-12" time="09:45:00">0.666</Value><Value date="2016-02-12" time="10:00:00">0.669</Value><Value date="2016-02-12" time="10:15:00">0.663</Value><Value date="2016-02-12" time="10:30:00">0.669</Value><Value date="2016-02-12" time="10:45:00">0.671</Value><Value date="2016-02-12" time="11:00:00">0.671</Value><Value date="2016-02-12" time="11:15:00">0.673</Value><Value date="2016-02-12" time="11:30:00">0.666</Value><Value date="2016-02-12" time="11:45:00">0.670</Value><Value date="2016-02-12" time="12:00:00">0.668</Value><Value date="2016-02-12" time="12:15:00">0.666</Value><Value date="2016-02-12" time="12:30:00">0.666</Value><Value date="2016-02-12" time="12:45:00">0.671</Value><Value date="2016-02-12" time="13:00:00">0.669</Value></SetofValues>
	</Station></EATimeSeriesDataExchangeFormat>