<?xml version="1.0"?>
<EATimeSeriesDataExchangeFormat xmlns="http://www.environment-agency.gov.uk/XMLSchemas/EATimeSeriesDataExchangeFormat" 
	xmlns:md="http://www.environment-agency.gov.uk/XMLSchemas/EAMetadataFormat"
	xmlns:xsi="http://www.w3.org/2001/XMLSchema-instance" 
  	xsi:schemaLocation="http://www.environment-agency.gov.uk/XMLSchemas/EATimeSeriesDataExchangeFormat EATimeSeriesDataExchangeFormat.xsd">
	<md:Publisher>Environment Agency</md:Publisher>
	<md:Source>South West Telemetry</md:Source>
	<md:Description>Telemetry Data</md:Description>
        <md:Creator>X-Tel 1.74</md:Creator>
 	<md:Date>2016-02-12</md:Date>
 	<md:Time>12:43:04</md:Time>
 	<md:Identifier>South West Interface Server</md:Identifier><Station
		stationReference="46131"
		stationName="COOMBE CELLARS"
		region="South West"
		ngr="SX9020072300">
 		<SetofValues
			parameter="Wind"
			qualifier="Speed"
			dataType="Instantaneous"
			period="15 min"
			characteristic="Measured"
			units="Knots"
			startDate="2016-02-12" 
			startTime="06:45:00" 
			endDate="2016-02-12" 
			endTime="12:30:00"><Value date="2016-02-12" time="06:45:00">5.500</Value><Value date="2016-02-12" time="07:00:00">6.700</Value><Value date="2016-02-12" time="07:15:00">6.800</Value><Value date="2016-02-12" time="07:30:00">7.000</Value><Value date="2016-02-12" time="07:45:00">4.900</Value><Value date="2016-02-12" time="08:00:00">10.500</Value><Value date="2016-02-12" time="08:15:00">11.000</Value><Value date="2016-02-12" time="08:30:00">6.700</Value><Value date="2016-02-12" time="08:45:00">10.000</Value><Value date="2016-02-12" time="09:00:00">9.400</Value><Value date="2016-02-12" time="09:15:00">9.600</Value><Value date="2016-02-12" time="09:30:00">11.600</Value><Value date="2016-02-12" time="09:45:00">9.100</Value><Value date="2016-02-12" time="10:00:00">9.400</Value><Value date="2016-02-12" time="10:15:00">8.800</Value><Value date="2016-02-12" time="10:30:00">12.100</Value><Value date="2016-02-12" time="10:45:00">11.100</Value><Value date="2016-02-12" time="11:00:00">12.200</Value><Value date="2016-02-12" time="11:15:00">11.700</Value><Value date="2016-02-12" time="11:30:00">11.900</Value><Value date="2016-02-12" time="11:45:00">11.100</Value><Value date="2016-02-12" time="12:00:00">12.200</Value><Value date="2016-02-12" time="12:15:00">11.700</Value><Value date="2016-02-12" time="12:30:00">12.900</Value></SetofValues>
	</Station><Station
		stationReference="46132"
		stationName="COOMBE CELLARS"
		region="South West"
		ngr="SX9020072300">
 		<SetofValues
			parameter="Wind"
			qualifier="Direction"
			dataType="Instantaneous"
			period="15 min"
			characteristic="Measured"
			units="deg"
			startDate="2016-02-12" 
			startTime="06:45:00" 
			endDate="2016-02-12" 
			endTime="12:30:00"><Value date="2016-02-12" time="06:45:00">42.000</Value><Value date="2016-02-12" time="07:00:00">64.000</Value><Value date="2016-02-12" time="07:15:00">115.000</Value><Value date="2016-02-12" time="07:30:00">71.000</Value><Value date="2016-02-12" time="07:45:00">67.000</Value><Value date="2016-02-12" time="08:00:00">125.000</Value><Value date="2016-02-12" time="08:15:00">49.000</Value><Value date="2016-02-12" time="08:30:00">94.000</Value><Value date="2016-02-12" time="08:45:00">61.000</Value><Value date="2016-02-12" time="09:00:00">78.000</Value><Value date="2016-02-12" time="09:15:00">108.000</Value><Value date="2016-02-12" time="09:30:00">124.000</Value><Value date="2016-02-12" time="09:45:00">95.000</Value><Value date="2016-02-12" time="10:00:00">91.000</Value><Value date="2016-02-12" time="10:15:00">112.000</Value><Value date="2016-02-12" time="10:30:00">128.000</Value><Value date="2016-02-12" time="10:45:00">97.000</Value><Value date="2016-02-12" time="11:00:00">113.000</Value><Value date="2016-02-12" time="11:15:00">104.000</Value><Value date="2016-02-12" time="11:30:00">129.000</Value><Value date="2016-02-12" time="11:45:00">112.000</Value><Value date="2016-02-12" time="12:00:00">86.000</Value><Value date="2016-02-12" time="12:15:00">89.000</Value><Value date="2016-02-12" time="12:30:00">136.000</Value></SetofValues>
	</Station><Station
		stationReference="46110"
		stationName="COOMBE CELLARS"
		region="South West"
		ngr="SX9020072300">
 		<SetofValues
			parameter="Water Level"
			qualifier="Tidal Level"
			dataType="Instantaneous"
			period="15 min"
			characteristic="Measured"
			units="m"
			startDate="2016-02-12" 
			startTime="06:45:00" 
			endDate="2016-02-12" 
			endTime="12:30:00"><Value date="2016-02-12" time="06:45:00">0.988</Value><Value date="2016-02-12" time="07:00:00">1.231</Value><Value date="2016-02-12" time="07:15:00">1.518</Value><Value date="2016-02-12" time="07:30:00">1.804</Value><Value date="2016-02-12" time="07:45:00">2.071</Value><Value date="2016-02-12" time="08:00:00">2.316</Value><Value date="2016-02-12" time="08:15:00">2.532</Value><Value date="2016-02-12" time="08:30:00">2.662</Value><Value date="2016-02-12" time="08:45:00">2.745</Value><Value date="2016-02-12" time="09:00:00">2.732</Value><Value date="2016-02-12" time="09:15:00">2.747</Value><Value date="2016-02-12" time="09:30:00">2.716</Value><Value date="2016-02-12" time="09:45:00">2.703</Value><Value date="2016-02-12" time="10:00:00">2.614</Value><Value date="2016-02-12" time="10:15:00">2.482</Value><Value date="2016-02-12" time="10:30:00">2.381</Value><Value date="2016-02-12" time="10:45:00">2.284</Value><Value date="2016-02-12" time="11:00:00">2.119</Value><Value date="2016-02-12" time="11:15:00">1.910</Value><Value date="2016-02-12" time="11:30:00">1.691</Value><Value date="2016-02-12" time="11:45:00">1.513</Value><Value date="2016-02-12" time="12:00:00">1.273</Value><Value date="2016-02-12" time="12:15:00">1.020</Value><Value date="2016-02-12" time="12:30:00">0.821</Value></SetofValues>
	</Station></EATimeSeriesDataExchangeFormat>