<?xml version="1.0"?>
<EATimeSeriesDataExchangeFormat xmlns="http://www.environment-agency.gov.uk/XMLSchemas/EATimeSeriesDataExchangeFormat" 
	xmlns:md="http://www.environment-agency.gov.uk/XMLSchemas/EAMetadataFormat"
	xmlns:xsi="http://www.w3.org/2001/XMLSchema-instance" 
  	xsi:schemaLocation="http://www.environment-agency.gov.uk/XMLSchemas/EATimeSeriesDataExchangeFormat EATimeSeriesDataExchangeFormat.xsd">
	<md:Publisher>Environment Agency</md:Publisher>
	<md:Source>South West Telemetry</md:Source>
	<md:Description>Telemetry Data</md:Description>
        <md:Creator>X-Tel 1.74</md:Creator>
 	<md:Date>2016-02-12</md:Date>
 	<md:Time>13:19:03</md:Time>
 	<md:Identifier>South West Interface Server</md:Identifier><Station
		stationReference="43106"
		stationName="CHRISTCHURCH TL"
		region="South West"
		ngr="SZ1600092400">
 		<SetofValues
			parameter="Water Level"
			qualifier="Tidal Level"
			dataType="Instantaneous"
			period="15 min"
			characteristic="Measured"
			units="mAOD"
			startDate="2016-02-12" 
			startTime="13:15:00" 
			endDate="2016-02-12" 
			endTime="13:15:00"><Value date="2016-02-12" time="13:15:00">1.194</Value></SetofValues>
	</Station><Station
		stationReference="46155"
		stationName="TOTNES TIDAL"
		region="South West"
		ngr="SX8067060142">
 		<SetofValues
			parameter="Water Level"
			qualifier="Stage"
			dataType="Instantaneous"
			period="15 min"
			characteristic="Measured"
			units="mAOD"
			startDate="2016-02-12" 
			startTime="05:15:00" 
			endDate="2016-02-12" 
			endTime="13:15:00"><Value date="2016-02-12" time="05:15:00">0.185</Value><Value date="2016-02-12" time="05:30:00">0.347</Value><Value date="2016-02-12" time="05:45:00">0.561</Value><Value date="2016-02-12" time="06:00:00">0.815</Value><Value date="2016-02-12" time="06:15:00">1.055</Value><Value date="2016-02-12" time="06:30:00">1.237</Value><Value date="2016-02-12" time="06:45:00">1.498</Value><Value date="2016-02-12" time="07:00:00">1.762</Value><Value date="2016-02-12" time="07:15:00">1.941</Value><Value date="2016-02-12" time="07:30:00">2.165</Value><Value date="2016-02-12" time="07:45:00">2.385</Value><Value date="2016-02-12" time="08:00:00">2.567</Value><Value date="2016-02-12" time="08:15:00">2.747</Value><Value date="2016-02-12" time="08:30:00">2.878</Value><Value date="2016-02-12" time="08:45:00">2.892</Value><Value date="2016-02-12" time="09:00:00">2.889</Value><Value date="2016-02-12" time="09:15:00">2.873</Value><Value date="2016-02-12" time="09:30:00">2.795</Value><Value date="2016-02-12" time="09:45:00">2.749</Value><Value date="2016-02-12" time="10:00:00">2.677</Value><Value date="2016-02-12" time="10:15:00">2.543</Value><Value date="2016-02-12" time="10:30:00">2.441</Value><Value date="2016-02-12" time="10:45:00">2.305</Value><Value date="2016-02-12" time="11:00:00">2.132</Value><Value date="2016-02-12" time="11:15:00">1.935</Value><Value date="2016-02-12" time="11:30:00">1.704</Value><Value date="2016-02-12" time="11:45:00">1.452</Value><Value date="2016-02-12" time="12:00:00">1.196</Value><Value date="2016-02-12" time="12:15:00">0.934</Value><Value date="2016-02-12" time="12:30:00">0.675</Value><Value date="2016-02-12" time="12:45:00">0.422</Value><Value date="2016-02-12" time="13:00:00">0.190</Value><Value date="2016-02-12" time="13:15:00">-0.027</Value></SetofValues>
	</Station></EATimeSeriesDataExchangeFormat>