<?xml version="1.0"?>
<EATimeSeriesDataExchangeFormat xmlns="http://www.environment-agency.gov.uk/XMLSchemas/EATimeSeriesDataExchangeFormat" 
	xmlns:md="http://www.environment-agency.gov.uk/XMLSchemas/EAMetadataFormat"
	xmlns:xsi="http://www.w3.org/2001/XMLSchema-instance" 
  	xsi:schemaLocation="http://www.environment-agency.gov.uk/XMLSchemas/EATimeSeriesDataExchangeFormat EATimeSeriesDataExchangeFormat.xsd">
	<md:Publisher>Environment Agency</md:Publisher>
	<md:Source>South West Telemetry</md:Source>
	<md:Description>Telemetry Data</md:Description>
        <md:Creator>X-Tel 1.74</md:Creator>
 	<md:Date>2016-02-12</md:Date>
 	<md:Time>12:28:07</md:Time>
 	<md:Identifier>South West Interface Server</md:Identifier><Station
		stationReference="52248"
		stationName="WESTOVER"
		region="South West"
		ngr="ST4162026500">
 		<SetofValues
			parameter="Water Level"
			qualifier="Stage"
			dataType="Instantaneous"
			period="15 min"
			characteristic="Measured"
			units="m"
			startDate="2016-02-12" 
			startTime="09:45:00" 
			endDate="2016-02-12" 
			endTime="12:15:00"><Value date="2016-02-12" time="09:45:00">7.740</Value><Value date="2016-02-12" time="10:00:00">7.741</Value><Value date="2016-02-12" time="10:15:00">7.746</Value><Value date="2016-02-12" time="10:30:00">7.754</Value><Value date="2016-02-12" time="10:45:00">7.764</Value><Value date="2016-02-12" time="11:00:00">7.781</Value><Value date="2016-02-12" time="11:15:00">7.788</Value><Value date="2016-02-12" time="11:30:00">7.800</Value><Value date="2016-02-12" time="11:45:00">7.805</Value><Value date="2016-02-12" time="12:00:00">7.807</Value><Value date="2016-02-12" time="12:15:00">7.816</Value></SetofValues>
	</Station><Station
		stationReference="52125"
		stationName="WEST SEDGEMOOR"
		region="South West"
		ngr="ST3760028600">
 		<SetofValues
			parameter="Water Level"
			qualifier="Stage"
			dataType="Instantaneous"
			period="15 min"
			characteristic="Measured"
			units="mAOD"
			startDate="2016-02-12" 
			startTime="11:15:00" 
			endDate="2016-02-12" 
			endTime="12:15:00"><Value date="2016-02-12" time="11:15:00">7.705</Value><Value date="2016-02-12" time="11:30:00">7.710</Value><Value date="2016-02-12" time="11:45:00">7.710</Value><Value date="2016-02-12" time="12:00:00">7.716</Value><Value date="2016-02-12" time="12:15:00">7.711</Value></SetofValues>
	</Station><Station
		stationReference="52153"
		stationName="MIDELNEY"
		region="South West"
		ngr="ST4171223517">
 		<SetofValues
			parameter="Water Level"
			qualifier="Stage"
			dataType="Instantaneous"
			period="15 min"
			characteristic="Measured"
			units="mAOD"
			startDate="2016-02-12" 
			startTime="09:45:00" 
			endDate="2016-02-12" 
			endTime="12:15:00"><Value date="2016-02-12" time="09:45:00">7.870</Value><Value date="2016-02-12" time="10:00:00">7.870</Value><Value date="2016-02-12" time="10:15:00">7.872</Value><Value date="2016-02-12" time="10:30:00">7.876</Value><Value date="2016-02-12" time="10:45:00">7.880</Value><Value date="2016-02-12" time="11:00:00">7.888</Value><Value date="2016-02-12" time="11:15:00">7.892</Value><Value date="2016-02-12" time="11:30:00">7.902</Value><Value date="2016-02-12" time="11:45:00">7.915</Value><Value date="2016-02-12" time="12:00:00">7.918</Value><Value date="2016-02-12" time="12:15:00">7.925</Value></SetofValues>
	</Station><Station
		stationReference="52120"
		stationName="HUISH EPISCOPI"
		region="South West"
		ngr="ST4407226109">
 		<SetofValues
			parameter="Water Level"
			qualifier="Stage"
			dataType="Instantaneous"
			period="15 min"
			characteristic="Measured"
			units="mAOD"
			startDate="2016-02-12" 
			startTime="09:45:00" 
			endDate="2016-02-12" 
			endTime="12:15:00"><Value date="2016-02-12" time="09:45:00">7.999</Value><Value date="2016-02-12" time="10:00:00">8.003</Value><Value date="2016-02-12" time="10:15:00">7.998</Value><Value date="2016-02-12" time="10:30:00">8.009</Value><Value date="2016-02-12" time="10:45:00">8.009</Value><Value date="2016-02-12" time="11:00:00">7.997</Value><Value date="2016-02-12" time="11:15:00">8.018</Value><Value date="2016-02-12" time="11:30:00">8.025</Value><Value date="2016-02-12" time="11:45:00">8.035</Value><Value date="2016-02-12" time="12:00:00">8.041</Value><Value date="2016-02-12" time="12:15:00">8.036</Value></SetofValues>
	</Station><Station
		stationReference="52118"
		stationName="CURRYMOOR"
		region="South West"
		ngr="ST3450028800">
 		<SetofValues
			parameter="Water Level"
			qualifier="Stage"
			dataType="Instantaneous"
			period="15 min"
			characteristic="Measured"
			units="mAOD"
			startDate="2016-02-12" 
			startTime="12:00:00" 
			endDate="2016-02-12" 
			endTime="12:15:00"><Value date="2016-02-12" time="12:00:00">7.402</Value><Value date="2016-02-12" time="12:15:00">7.386</Value></SetofValues>
	</Station><Station
		stationReference="52126"
		stationName="WESTOVER"
		region="South West"
		ngr="ST4160026500">
 		<SetofValues
			parameter="Water Level"
			qualifier="Stage"
			dataType="Instantaneous"
			period="15 min"
			characteristic="Measured"
			units="mAOD"
			startDate="2016-02-12" 
			startTime="09:45:00" 
			endDate="2016-02-12" 
			endTime="12:15:00"><Value date="2016-02-12" time="09:45:00">7.100</Value><Value date="2016-02-12" time="10:00:00">7.100</Value><Value date="2016-02-12" time="10:15:00">7.099</Value><Value date="2016-02-12" time="10:30:00">7.098</Value><Value date="2016-02-12" time="10:45:00">7.099</Value><Value date="2016-02-12" time="11:00:00">7.098</Value><Value date="2016-02-12" time="11:15:00">7.098</Value><Value date="2016-02-12" time="11:30:00">7.098</Value><Value date="2016-02-12" time="11:45:00">7.097</Value><Value date="2016-02-12" time="12:00:00">7.097</Value><Value date="2016-02-12" time="12:15:00">7.098</Value></SetofValues>
	</Station><Station
		stationReference="52155"
		stationName="WEST SEDGEMOOR"
		region="South West"
		ngr="ST3761528599">
 		<SetofValues
			parameter="Water Level"
			qualifier="Sump Level"
			dataType="Instantaneous"
			period="15 min"
			characteristic="Measured"
			units="m"
			startDate="2016-02-12" 
			startTime="11:15:00" 
			endDate="2016-02-12" 
			endTime="12:15:00"><Value date="2016-02-12" time="11:15:00">5.103</Value><Value date="2016-02-12" time="11:30:00">5.103</Value><Value date="2016-02-12" time="11:45:00">5.103</Value><Value date="2016-02-12" time="12:00:00">5.103</Value><Value date="2016-02-12" time="12:15:00">5.104</Value></SetofValues>
	</Station><Station
		stationReference="45130"
		stationName="CLYST HONITON"
		region="South West"
		ngr="SX9870093700">
 		<SetofValues
			parameter="Water Level"
			qualifier="Stage"
			dataType="Instantaneous"
			period="15 min"
			characteristic="Measured"
			units="m"
			startDate="2016-02-12" 
			startTime="10:00:00" 
			endDate="2016-02-12" 
			endTime="12:15:00"><Value date="2016-02-12" time="10:00:00">1.612</Value><Value date="2016-02-12" time="10:15:00">1.684</Value><Value date="2016-02-12" time="10:30:00">1.725</Value><Value date="2016-02-12" time="10:45:00">1.794</Value><Value date="2016-02-12" time="11:00:00">1.824</Value><Value date="2016-02-12" time="11:15:00">1.869</Value><Value date="2016-02-12" time="11:30:00">1.858</Value><Value date="2016-02-12" time="11:45:00">1.879</Value><Value date="2016-02-12" time="12:00:00">1.879</Value><Value date="2016-02-12" time="12:15:00">1.899</Value></SetofValues>
	</Station><Station
		stationReference="52127"
		stationName="CURRYMOOR"
		region="South West"
		ngr="ST3450028800">
 		<SetofValues
			parameter="Water Level"
			qualifier="Stage"
			dataType="Instantaneous"
			period="15 min"
			characteristic="Measured"
			units="mAOD"
			startDate="2016-02-12" 
			startTime="12:00:00" 
			endDate="2016-02-12" 
			endTime="12:15:00"><Value date="2016-02-12" time="12:00:00">6.489</Value><Value date="2016-02-12" time="12:15:00">6.489</Value></SetofValues>
	</Station><Station
		stationReference="52152"
		stationName="HUISH EPISCOPI"
		region="South West"
		ngr="ST4407226109">
 		<SetofValues
			parameter="Water Level"
			qualifier="Stage"
			dataType="Instantaneous"
			period="15 min"
			characteristic="Measured"
			units="mAOD"
			startDate="2016-02-12" 
			startTime="09:45:00" 
			endDate="2016-02-12" 
			endTime="12:15:00"><Value date="2016-02-12" time="09:45:00">7.362</Value><Value date="2016-02-12" time="10:00:00">7.363</Value><Value date="2016-02-12" time="10:15:00">7.363</Value><Value date="2016-02-12" time="10:30:00">7.363</Value><Value date="2016-02-12" time="10:45:00">7.361</Value><Value date="2016-02-12" time="11:00:00">7.357</Value><Value date="2016-02-12" time="11:15:00">7.364</Value><Value date="2016-02-12" time="11:30:00">7.366</Value><Value date="2016-02-12" time="11:45:00">7.360</Value><Value date="2016-02-12" time="12:00:00">7.359</Value><Value date="2016-02-12" time="12:15:00">7.357</Value></SetofValues>
	</Station><Station
		stationReference="52154"
		stationName="MIDELNEY"
		region="South West"
		ngr="ST4171223517">
 		<SetofValues
			parameter="Water Level"
			qualifier="Stage"
			dataType="Instantaneous"
			period="15 min"
			characteristic="Measured"
			units="mAOD"
			startDate="2016-02-12" 
			startTime="09:45:00" 
			endDate="2016-02-12" 
			endTime="12:15:00"><Value date="2016-02-12" time="09:45:00">7.555</Value><Value date="2016-02-12" time="10:00:00">7.551</Value><Value date="2016-02-12" time="10:15:00">7.550</Value><Value date="2016-02-12" time="10:30:00">7.550</Value><Value date="2016-02-12" time="10:45:00">7.550</Value><Value date="2016-02-12" time="11:00:00">7.550</Value><Value date="2016-02-12" time="11:15:00">7.550</Value><Value date="2016-02-12" time="11:30:00">7.550</Value><Value date="2016-02-12" time="11:45:00">7.550</Value><Value date="2016-02-12" time="12:00:00">7.546</Value><Value date="2016-02-12" time="12:15:00">7.545</Value></SetofValues>
	</Station><Station
		stationReference="52236"
		stationName="NORTHMOOR"
		region="South West"
		ngr="ST3250030900">
 		<SetofValues
			parameter="Water Level"
			qualifier="Stage"
			dataType="Instantaneous"
			period="15 min"
			characteristic="Measured"
			units="m"
			startDate="2016-02-12" 
			startTime="12:00:00" 
			endDate="2016-02-12" 
			endTime="12:15:00"><Value date="2016-02-12" time="12:00:00">7.075</Value><Value date="2016-02-12" time="12:15:00">7.036</Value></SetofValues>
	</Station><Station
		stationReference="52145"
		stationName="NORTHMOOR"
		region="South West"
		ngr="ST3250030900">
 		<SetofValues
			parameter="Water Level"
			qualifier="Sump Level"
			dataType="Instantaneous"
			period="15 min"
			characteristic="Measured"
			units="mAOD"
			startDate="2016-02-12" 
			startTime="12:00:00" 
			endDate="2016-02-12" 
			endTime="12:15:00"><Value date="2016-02-12" time="12:00:00">2.981</Value><Value date="2016-02-12" time="12:15:00">2.950</Value></SetofValues>
	</Station><Station
		stationReference="52157"
		stationName="BEERWALL"
		region="South West"
		ngr="ST3919431522">
 		<SetofValues
			parameter="Water Level"
			qualifier="Stage"
			dataType="Instantaneous"
			period="15 min"
			characteristic="Measured"
			units="m"
			startDate="2016-02-12" 
			startTime="11:30:00" 
			endDate="2016-02-12" 
			endTime="12:15:00"><Value date="2016-02-12" time="11:30:00">4.178</Value><Value date="2016-02-12" time="11:45:00">4.212</Value><Value date="2016-02-12" time="12:00:00">4.209</Value><Value date="2016-02-12" time="12:15:00">4.205</Value></SetofValues>
	</Station></EATimeSeriesDataExchangeFormat>