<?xml version="1.0"?>
<EATimeSeriesDataExchangeFormat xmlns="http://www.environment-agency.gov.uk/XMLSchemas/EATimeSeriesDataExchangeFormat" 
	xmlns:md="http://www.environment-agency.gov.uk/XMLSchemas/EAMetadataFormat"
	xmlns:xsi="http://www.w3.org/2001/XMLSchema-instance" 
  	xsi:schemaLocation="http://www.environment-agency.gov.uk/XMLSchemas/EATimeSeriesDataExchangeFormat EATimeSeriesDataExchangeFormat.xsd">
	<md:Publisher>Environment Agency</md:Publisher>
	<md:Source>South West Telemetry</md:Source>
	<md:Description>Telemetry Data</md:Description>
        <md:Creator>X-Tel 1.74</md:Creator>
 	<md:Date>2016-02-12</md:Date>
 	<md:Time>12:04:09</md:Time>
 	<md:Identifier>South West Interface Server</md:Identifier><Station
		stationReference="52240"
		stationName="SALTMOOR"
		region="South West"
		ngr="ST3540030800">
 		<SetofValues
			parameter="Water Level"
			qualifier="Stage"
			dataType="Instantaneous"
			period="15 min"
			characteristic="Measured"
			units="m"
			startDate="2016-02-12" 
			startTime="09:45:00" 
			endDate="2016-02-12" 
			endTime="12:00:00"><Value date="2016-02-12" time="09:45:00">7.414</Value><Value date="2016-02-12" time="10:00:00">7.474</Value><Value date="2016-02-12" time="10:15:00">7.501</Value><Value date="2016-02-12" time="10:30:00">7.468</Value><Value date="2016-02-12" time="10:45:00">7.435</Value><Value date="2016-02-12" time="11:00:00">7.386</Value><Value date="2016-02-12" time="11:15:00">7.328</Value><Value date="2016-02-12" time="11:30:00">7.281</Value><Value date="2016-02-12" time="11:45:00">7.248</Value><Value date="2016-02-12" time="12:00:00">7.216</Value></SetofValues>
	</Station><Station
		stationReference="52239"
		stationName="SALTMOOR"
		region="South West"
		ngr="ST3540030800">
 		<SetofValues
			parameter="Water Level"
			qualifier="Stage"
			dataType="Instantaneous"
			period="15 min"
			characteristic="Measured"
			units="m"
			startDate="2016-02-12" 
			startTime="09:45:00" 
			endDate="2016-02-12" 
			endTime="12:00:00"><Value date="2016-02-12" time="09:45:00">3.408</Value><Value date="2016-02-12" time="10:00:00">3.414</Value><Value date="2016-02-12" time="10:15:00">3.418</Value><Value date="2016-02-12" time="10:30:00">3.423</Value><Value date="2016-02-12" time="10:45:00">3.428</Value><Value date="2016-02-12" time="11:00:00">3.432</Value><Value date="2016-02-12" time="11:15:00">3.436</Value><Value date="2016-02-12" time="11:30:00">3.439</Value><Value date="2016-02-12" time="11:45:00">3.445</Value><Value date="2016-02-12" time="12:00:00">3.448</Value></SetofValues>
	</Station><Station
		stationReference="48100"
		stationName="TRENGWAINTON"
		region="South West"
		ngr="SW4500031300">
 		<SetofValues
			parameter="Rainfall"
			qualifier="Tipping Bucket Raingauge"
			dataType="Total"
			period="15 min"
			characteristic="Measured"
			units="mm"
			startDate="2016-02-12" 
			startTime="11:45:00" 
			endDate="2016-02-12" 
			endTime="12:00:00"><Value date="2016-02-12" time="11:45:00">2.200</Value><Value date="2016-02-12" time="12:00:00">0.200</Value></SetofValues>
	</Station><Station
		stationReference="48157"
		stationName="HELIGAN RG"
		region="South West"
		ngr="SX0009946637">
 		<SetofValues
			parameter="Rainfall"
			qualifier="Tipping Bucket Raingauge"
			dataType="Total"
			period="15 min"
			characteristic="Measured"
			units="mm"
			startDate="2016-02-12" 
			startTime="11:15:00" 
			endDate="2016-02-12" 
			endTime="12:00:00"><Value date="2016-02-12" time="11:15:00">0.000</Value><Value date="2016-02-12" time="11:30:00">0.000</Value><Value date="2016-02-12" time="11:45:00">0.000</Value><Value date="2016-02-12" time="12:00:00">0.200</Value></SetofValues>
	</Station></EATimeSeriesDataExchangeFormat>